[1739816965.604188] [cmi002:88300:0]       ib_verbs.h:86   UCX  ERROR ibv_exp_query_device(mlx5_0) returned 38: Success
[1739816965.608463] [cmi002:88300:0]       ib_verbs.h:86   UCX  ERROR ibv_exp_query_device(mlx5_1) returned 38: Invalid argument

Read the scfout file (h2o.scfout)
***
The file format of the SCFOUT file:  3
And it supports the following functions:
- jx
- polB
- kSpin
- Z2FH
- calB
***
atomnum=6
Catomnum=0
Latomnum=0
Ratomnum=0


Kohn-Sham Hamiltonian spin=0
global index=1  local index=0 (global=1, Rn=0)
 -0.5006943834555567   0.0520387637006543  -0.1341425917358151  -0.1341425916930279  -0.1147604430134587
  0.0520387637006544   0.3794975642152636   0.0401767763740084   0.0401767764521613   0.0230253135910275
 -0.1341425916667822   0.0401767764811850  -0.0788557113782831  -0.1435012597804773  -0.1210371284324061
 -0.1341425916930279   0.0401767764521613  -0.1435012597804773  -0.0788557113564946  -0.1210371284207485
 -0.1147604430134587   0.0230253135910275  -0.1210371284324061  -0.1210371284207485  -0.0523236381569473
global index=1  local index=1 (global=2, Rn=0)
 -0.3138823842370300   0.1120409577323348   0.2504673200810292   0.2504673200844545  -0.0909745914102726
  0.1187390838306126   0.0821357802579268   0.0506815717185603   0.0506815717082114   0.0768711629965326
 -0.2557003125775942  -0.0590804344552724   0.0365718234403705   0.1053614114922780  -0.0972804727739196
 -0.2557003125740514  -0.0590804344596743   0.1053614114777684   0.0365718234500610  -0.0972804727686691
 -0.0904695067495584   0.0735496991932525   0.0906755547537752   0.0906755547590270  -0.1275730098657262
global index=1  local index=2 (global=3, Rn=0)
 -0.0977347245799195   0.1168312782926851   0.1328582350770162  -0.0830083907788267   0.1321027362456416
  0.0725479739191215   0.0120450995564412   0.0060705211837167   0.0360695776689245  -0.0002737718426425
 -0.1060423525990862   0.0341919761533888   0.0370617324955650  -0.0720329925165053   0.0757277838551496
 -0.0011879617662932   0.0679668200452069   0.0478829324842709  -0.0716538452728595   0.0491029018160441
 -0.0989250093781088   0.0245220229598839   0.0642448139752878  -0.0630504555001441   0.0312304129373465
global index=1  local index=3 (global=4, Rn=0)
 -0.0977347245770401   0.1168312782954802  -0.0830083907774726   0.1328582350789118   0.1321027362464635
  0.0725479739104925   0.0120450995536121   0.0360695776681334   0.0060705211824633  -0.0002737718399628
 -0.0011879617678272   0.0679668200431327  -0.0716538452727617   0.0478829324836130   0.0491029018133695
 -0.1060423525884698   0.0341919761541210  -0.0720329925121065   0.0370617324950636   0.0757277838491660
 -0.0989250093688857   0.0245220229626338  -0.0630504554999086   0.0642448139751505   0.0312304129338631
global index=1  local index=4 (global=5, Rn=0)
 -0.1462205830680504  -0.0114404466116621  -0.1542174713015643  -0.0724858548857893  -0.0724858548901051  -0.0657921135948903   0.0853832392518837   0.0853832392561285   0.0764073648851171
  0.1640815422076083   0.0986394137350035  -0.0329093263506916   0.0014913652609951   0.0014913652622380   0.0006425731297971   0.0756841026710668   0.0756841026720388   0.0714874579866884
  0.1849781758367219   0.0709926741400775  -0.0391856899252687  -0.0121947058785848   0.0468968793388679   0.0426009253686497   0.0316263518938575   0.0684296949692918   0.0632038766394202
  0.1849781758299045   0.0709926741449395  -0.0391856899258186   0.0468968793280646  -0.0121947058813300   0.0426009253611389   0.0684296949716740   0.0316263518965779   0.0632038766414997
  0.1699797743536095   0.0656088159518038  -0.0295413963708554   0.0438705786769002   0.0438705786792842  -0.0195394351607065   0.0594129200537406   0.0594129200536377   0.0193515672721825
global index=1  local index=5 (global=6, Rn=0)
 -0.5917269217890029  -0.0337533890031899  -0.0808426871255079   0.1743955503687470   0.1743955503825181   0.2379361930556416  -0.0006594268809522  -0.0006594268781252  -0.0080060312115571
  0.0666982424975021   0.0527737226079814   0.0190115531729583   0.1669671205968914   0.1669671205927427   0.1328465795594966  -0.0232350079818892  -0.0232350079726158  -0.0124538664425965
 -0.3381154432406647  -0.0642490755979400   0.0014670230939015  -0.1707269233544744   0.0350826210014686   0.1037012022924148  -0.0391587095421595   0.0370582207100707   0.0350748692575063
 -0.3381154432357353  -0.0642490756042476   0.0014670230918548   0.0350826209881627  -0.1707269233442994   0.1037012022925007   0.0370582207140669  -0.0391587095604587   0.0350748692512996
 -0.3205780684295489  -0.1103969915160567  -0.0017626648763425   0.0508297484398004   0.0508297484541554  -0.1220315788660555   0.0438219306528377   0.0438219306423440  -0.0343377025020649
global index=2  local index=0 (global=2, Rn=0)
 -0.5185304221336827   0.0193413516683344   0.1500407732688225   0.1500407733288327  -0.1369721082850545
  0.0193413516683344   0.3881913059619691  -0.0716385608942189  -0.0716385608284777   0.0590090596993572
  0.1500407733378554  -0.0716385607870423  -0.0489995479058250  -0.0989084980514665   0.0832158772804460
  0.1500407733288327  -0.0716385608284777  -0.0989084980514666  -0.0489995479160695   0.0832158772868627
 -0.1369721082850545   0.0590090596993572   0.0832158772804460   0.0832158772868627  -0.0310713369022396
global index=2  local index=1 (global=1, Rn=0)
 -0.3138823842370300   0.1187390838306126  -0.2557003125775942  -0.2557003125740514  -0.0904695067495584
  0.1120409577323348   0.0821357802579268  -0.0590804344552724  -0.0590804344596743   0.0735496991932525
  0.2504673200810292   0.0506815717185603   0.0365718234403704   0.1053614114777684   0.0906755547537752
  0.2504673200844545   0.0506815717082114   0.1053614114922780   0.0365718234500610   0.0906755547590270
 -0.0909745914102726   0.0768711629965326  -0.0972804727739196  -0.0972804727686691  -0.1275730098657262
global index=2  local index=2 (global=3, Rn=0)
 -0.0992765479029283   0.1202517511480085   0.0823106857945960  -0.1378532378637900   0.1352771452343352
  0.0727319368091558   0.0123804003422881  -0.0325779691826482  -0.0040079787381442   0.0007760488718396
 -0.0010205596419016  -0.0639340622483009  -0.0722820307957625   0.0438754369085455  -0.0452440270871386
  0.1060367045732561  -0.0336710141258467  -0.0685912074027855   0.0386805724663606  -0.0761600252650867
 -0.1005826376716971   0.0274718495097483   0.0614621501655833  -0.0698779674790784   0.0327750461921421
global index=2  local index=3 (global=4, Rn=0)
 -0.0992765478983789   0.1202517511484001  -0.1378532378611319   0.0823106857955217   0.1352771452315890
  0.0727319367995472   0.0123804003407226  -0.0040079787428420  -0.0325779691854372   0.0007760488767869
  0.1060367045616662  -0.0336710141244640   0.0386805724583558  -0.0685912074036517  -0.0761600252564106
 -0.0010205596361208  -0.0639340622529267   0.0438754369153443  -0.0722820307954466  -0.0452440270937309
 -0.1005826376606623   0.0274718495115444  -0.0698779674729849   0.0614621501672801   0.0327750461876290
global index=2  local index=4 (global=5, Rn=0)
 -0.0149429282754469  -0.0235109370705055  -0.0960558195393121  -0.0170207532709658  -0.0170207532715574  -0.0098825896837249   0.0459894336791232   0.0459894336797867   0.0296528128831687
  0.0338882393951502  -0.0115732560999170   0.0330419123484780   0.0217606125333199   0.0217606125350523   0.0130284823637376  -0.0209989987549103  -0.0209989987566382  -0.0217326052622303
  0.0334494765258874  -0.0027770717406806   0.0645059506720226   0.0209154187271168   0.0296398833058561   0.0172658769774455  -0.0306995225476161  -0.0458878666210118  -0.0360214012230060
  0.0334494765252941  -0.0027770717392258   0.0645059506723904   0.0296398833036846   0.0209154187281438   0.0172658769769877  -0.0458878666183799  -0.0306995225482766  -0.0360214012222463
  0.0137162539712577  -0.0207054868453528  -0.0239319612697732   0.0086325535164237   0.0086325535169670  -0.0047796036981727   0.0002816592698758   0.0002816592694235   0.0157685440613669
global index=2  local index=5 (global=6, Rn=0)
 -0.5983788305808687  -0.0183035542913032  -0.0721752699585080  -0.1838718331128298  -0.1838718330982085   0.2418680724683990   0.0041074321502961   0.0041074321435462  -0.0077376060681853
  0.0613094072685431   0.0502623093104235   0.0037924926901918  -0.1686123258063438  -0.1686123258129938   0.1398446178648797   0.0278157736385390   0.0278157736518151  -0.0229356399659455
  0.3362043274625942   0.0815320266997958   0.0203981188310541  -0.1681090066313161   0.0418272314126149  -0.1048237393644673  -0.0422846700421949   0.0263690650121237  -0.0265909086080153
  0.3362043274692219   0.0815320266820389   0.0203981188384478   0.0418272314271155  -0.1681090066359974  -0.1048237393662147   0.0263690649983190  -0.0422846700494538  -0.0265909086070144
 -0.3238167712944718  -0.1173757565483222  -0.0249904827229916  -0.0583813073295684  -0.0583813073157597  -0.1221443400696065  -0.0308450488056620  -0.0308450488194656  -0.0380778207059561
global index=3  local index=0 (global=3, Rn=0)
 -0.2750991929211201   0.0504258557640053   0.0270561346638355  -0.0323683861561684   0.0329259503588492
  0.0504258557640053   0.5126121284537066  -0.0460730040197380   0.0522333812735816  -0.0520661566279226
  0.0270561347328685  -0.0460730039125614   0.1190686308952438   0.0435469676188305  -0.0446291328943231
 -0.0323683861561684   0.0522333812735816   0.0435469676188305   0.1168738779020371   0.0472228134904838
  0.0329259503588492  -0.0520661566279226  -0.0446291328943231   0.0472228134904838   0.1156900805820107
global index=3  local index=1 (global=1, Rn=0)
 -0.0977347245799195   0.0725479739191215  -0.1060423525990861  -0.0011879617662932  -0.0989250093781087
  0.1168312782926851   0.0120450995564412   0.0341919761533888   0.0679668200452069   0.0245220229598839
  0.1328582350770163   0.0060705211837167   0.0370617324955650   0.0478829324842710   0.0642448139752878
 -0.0830083907788267   0.0360695776689245  -0.0720329925165053  -0.0716538452728595  -0.0630504555001441
  0.1321027362456417  -0.0002737718426425   0.0757277838551496   0.0491029018160441   0.0312304129373465
global index=3  local index=2 (global=2, Rn=0)
 -0.0992765479029283   0.0727319368091558  -0.0010205596419016   0.1060367045732561  -0.1005826376716971
  0.1202517511480085   0.0123804003422881  -0.0639340622483009  -0.0336710141258467   0.0274718495097482
  0.0823106857945960  -0.0325779691826482  -0.0722820307957625  -0.0685912074027855   0.0614621501655833
 -0.1378532378637900  -0.0040079787381441   0.0438754369085455   0.0386805724663606  -0.0698779674790784
  0.1352771452343352   0.0007760488718396  -0.0452440270871386  -0.0761600252650866   0.0327750461921421
global index=3  local index=3 (global=4, Rn=0)
 -0.0307666127204809   0.0454310066346698  -0.0486930101094120   0.0481348824038205   0.0145251019346651
  0.0454310066317789  -0.0309052084057578   0.0362909870522066  -0.0349626500697580  -0.0326341007210083
  0.0481348824015140  -0.0349626500706755   0.0343903375816937  -0.0527162570169976  -0.0308451326242618
 -0.0486930101071800   0.0362909870544259  -0.0549293443669365   0.0343903375828036   0.0311471085778777
  0.0145251019346647  -0.0326341007214169   0.0311471085781965  -0.0308451326245799  -0.0393772306913469
global index=3  local index=4 (global=5, Rn=0)
 -0.0041153241786031  -0.0084789314184493  -0.0356825466116493  -0.0062891217056391  -0.0022600546749644  -0.0058837498418362   0.0174609894000005   0.0076907011228044   0.0162541406716508
  0.0104082237482741  -0.0023620026873998   0.0362212361888985   0.0119772907792404   0.0049562717042971   0.0111497471869116  -0.0237632678498975  -0.0154813697190676  -0.0217493675371054
  0.0104477406877440  -0.0019589400865788   0.0402489724168223   0.0112371824386699   0.0053658863438921   0.0132677981630397  -0.0233863273206632  -0.0170551868240803  -0.0291541500486089
  0.0012862654628771  -0.0107783218239291  -0.0193380264010976   0.0002782206657456  -0.0037492224362208   0.0003035684667232   0.0044959238226331   0.0125902843144437   0.0041195767590602
  0.0099462777440482  -0.0010673308872907   0.0401130689637325   0.0136116849614407   0.0051894175204805   0.0097590125145755  -0.0305115046144773  -0.0165569721892516  -0.0200725586723727
global index=3  local index=5 (global=6, Rn=0)
 -0.1629055291947492   0.0276151901933877  -0.1012202115245732  -0.0731022274019593   0.0712109976022219  -0.0539345639311892   0.0655201344913167  -0.0627661652485537   0.0550038496037510
  0.2045819088072012   0.0553487982421223  -0.0338527718410839   0.0075790174456614  -0.0038923857240080  -0.0219028359073234   0.0681828301156523  -0.0731134602710715   0.0719942587869504
  0.2187708115435912   0.0689712943149461   0.0083640850523208  -0.0171325662162831  -0.0627337209193770   0.0315265647843806   0.0275826558883527  -0.0485194086506801   0.0481063010704325
 -0.2204795731206881  -0.0665610667684638  -0.0137314983058064  -0.0668144954273576  -0.0189493150464985  -0.0320567003658596  -0.0426452272205762   0.0269507123887848  -0.0459877888381656
  0.2116215976199449   0.0512224590655791   0.0128024785276473   0.0596575379240166  -0.0564499457727162  -0.0469200167751231   0.0375122402785769  -0.0407741012993663   0.0207413737997191
global index=4  local index=0 (global=4, Rn=0)
 -0.2750991928464063   0.0504258558041031  -0.0323683862133603   0.0270561347199469   0.0329259503622215
  0.0504258558041031   0.5126121285249170   0.0522333812039718  -0.0460730039523205  -0.0520661566311086
 -0.0323683861443273   0.0522333813111484   0.1168738779458102   0.0435469676171697   0.0472228134806314
  0.0270561347199469  -0.0460730039523205   0.0435469676171697   0.1190686309205082  -0.0446291328944059
  0.0329259503622215  -0.0520661566311086   0.0472228134806314  -0.0446291328944059   0.1156900806165566
global index=4  local index=1 (global=1, Rn=0)
 -0.0977347245770401   0.0725479739104925  -0.0011879617678272  -0.1060423525884698  -0.0989250093688857
  0.1168312782954802   0.0120450995536121   0.0679668200431327   0.0341919761541210   0.0245220229626338
 -0.0830083907774726   0.0360695776681334  -0.0716538452727617  -0.0720329925121065  -0.0630504554999086
  0.1328582350789118   0.0060705211824633   0.0478829324836130   0.0370617324950636   0.0642448139751505
  0.1321027362464635  -0.0002737718399629   0.0491029018133696   0.0757277838491661   0.0312304129338631
global index=4  local index=2 (global=2, Rn=0)
 -0.0992765478983789   0.0727319367995472   0.1060367045616662  -0.0010205596361208  -0.1005826376606623
  0.1202517511484001   0.0123804003407226  -0.0336710141244640  -0.0639340622529267   0.0274718495115444
 -0.1378532378611319  -0.0040079787428420   0.0386805724583558   0.0438754369153443  -0.0698779674729848
  0.0823106857955217  -0.0325779691854373  -0.0685912074036517  -0.0722820307954465   0.0614621501672802
  0.1352771452315890   0.0007760488767868  -0.0761600252564106  -0.0452440270937309   0.0327750461876290
global index=4  local index=3 (global=3, Rn=0)
 -0.0307666127204809   0.0454310066317789   0.0481348824015140  -0.0486930101071800   0.0145251019346647
  0.0454310066346698  -0.0309052084057578  -0.0349626500706755   0.0362909870544259  -0.0326341007214169
 -0.0486930101094120   0.0362909870522066   0.0343903375816937  -0.0549293443669365   0.0311471085781965
  0.0481348824038205  -0.0349626500697580  -0.0527162570169976   0.0343903375828036  -0.0308451326245799
  0.0145251019346651  -0.0326341007210083  -0.0308451326242618   0.0311471085778777  -0.0393772306913469
global index=4  local index=4 (global=5, Rn=0)
 -0.0041153241788028  -0.0084789314179909  -0.0356825466115121  -0.0022600546749590  -0.0062891217059730  -0.0058837498420321   0.0076907011227872   0.0174609894007156   0.0162541406719742
  0.0104082237488502  -0.0023620026880287   0.0362212361898223   0.0049562717043039   0.0119772907802505   0.0111497471875221  -0.0154813697190737  -0.0237632678518080  -0.0217493675379338
  0.0012862654630571  -0.0107783218241648  -0.0193380264008325  -0.0037492224361947   0.0002782206660435   0.0003035684669259   0.0125902843143074   0.0044959238219740   0.0041195767587085
  0.0104477406882604  -0.0019589400872160   0.0402489724173508   0.0053658863438845   0.0112371824395221   0.0132677981636158  -0.0170551868240374  -0.0233863273221609  -0.0291541500494076
  0.0099462777446482  -0.0010673308879716   0.0401130689649234   0.0051894175204984   0.0136116849625439   0.0097590125152058  -0.0165569721892665  -0.0305115046169355  -0.0200725586734751
global index=4  local index=5 (global=6, Rn=0)
 -0.1629055291915272   0.0276151901839781  -0.1012202115079844   0.0712109975943850  -0.0731022273922624  -0.0539345639265341  -0.0627661652330436   0.0655201344702896   0.0550038495872435
  0.2045819088086560   0.0553487982369749  -0.0338527718374889  -0.0038923857205555   0.0075790174404162  -0.0219028359055558  -0.0731134602636460   0.0681828301149024   0.0719942587797091
 -0.2204795731191872  -0.0665610667794273  -0.0137314983101305  -0.0189493150541444  -0.0668144954179765  -0.0320567003648859   0.0269507123874274  -0.0426452272305880  -0.0459877888392704
  0.2187708115442182   0.0689712943146567   0.0083640850576870  -0.0627337209139361  -0.0171325662224197   0.0315265647848716  -0.0485194086485173   0.0275826558845924   0.0481063010694018
  0.2116215976191709   0.0512224590743320   0.0128024785290075  -0.0564499457671739   0.0596575379163268  -0.0469200167762984  -0.0407741013011580   0.0375122402893890   0.0207413737996937
global index=5  local index=0 (global=5, Rn=0)
 -0.7662662477819661   0.0218629539521083  -0.0097660360963794  -0.0118935931583579  -0.0118935931005242  -0.0101025558302460   0.0042411008931241   0.0042411008873183   0.0036170891850474
  0.0218629539521083   0.8432985688887117   0.2943908423996224   0.0072037031078998   0.0072037031624114   0.0061273149795655  -0.0165721106377742  -0.0165721105937502  -0.0140975263318250
 -0.0097660360963794   0.2943908423996224   0.4997819942744828  -0.0082659456228576  -0.0082659456175284  -0.0070476849205286   0.0386868098908186   0.0386868099000315   0.0329455731112851
 -0.0118935931103622   0.0072037030040664  -0.0082659457593973  -0.2251347738480181  -0.0037578659092635  -0.0031725271263274   0.0420891654278279   0.0082523212261750   0.0071814098066419
 -0.0118935931005242   0.0072037031624114  -0.0082659456175284  -0.0037578659092635  -0.2251347739687870  -0.0031725272019578   0.0082523212261746   0.0420891653935593   0.0071814097848338
 -0.0101025558302460   0.0061273149795655  -0.0070476849205286  -0.0031725271263274  -0.0031725272019578  -0.2239499937562743   0.0071814095195096   0.0071814094977024   0.0403671495553896
  0.0042411008900263  -0.0165721106787719   0.0386868098408410   0.0420891654278279   0.0082523212261746   0.0071814095195096   0.3127300961475069  -0.0285962685234237  -0.0247734772218882
  0.0042411008873183  -0.0165721105937502   0.0386868099000315   0.0082523212261750   0.0420891653935592   0.0071814094977024  -0.0285962685234237   0.3127300961047993  -0.0247734772472212
  0.0036170891850474  -0.0140975263318250   0.0329455731112851   0.0071814098066419   0.0071814097848338   0.0403671495553896  -0.0247734772218882  -0.0247734772472212   0.3192618645137441
global index=5  local index=1 (global=1, Rn=0)
 -0.1462205830680504   0.1640815422076083   0.1849781758367220   0.1849781758299046   0.1699797743536095
 -0.0114404466116621   0.0986394137350035   0.0709926741400775   0.0709926741449395   0.0656088159518039
 -0.1542174713015643  -0.0329093263506916  -0.0391856899252687  -0.0391856899258186  -0.0295413963708554
 -0.0724858548857893   0.0014913652609951  -0.0121947058785847   0.0468968793280646   0.0438705786769002
 -0.0724858548901051   0.0014913652622380   0.0468968793388679  -0.0121947058813300   0.0438705786792842
 -0.0657921135948903   0.0006425731297971   0.0426009253686497   0.0426009253611389  -0.0195394351607065
  0.0853832392518838   0.0756841026710668   0.0316263518938574   0.0684296949716740   0.0594129200537406
  0.0853832392561285   0.0756841026720388   0.0684296949692918   0.0316263518965779   0.0594129200536377
  0.0764073648851172   0.0714874579866884   0.0632038766394202   0.0632038766414997   0.0193515672721825
global index=5  local index=2 (global=2, Rn=0)
 -0.0149429282754469   0.0338882393951502   0.0334494765258874   0.0334494765252941   0.0137162539712577
 -0.0235109370705055  -0.0115732560999170  -0.0027770717406806  -0.0027770717392258  -0.0207054868453528
 -0.0960558195393121   0.0330419123484780   0.0645059506720226   0.0645059506723904  -0.0239319612697732
 -0.0170207532709658   0.0217606125333199   0.0209154187271168   0.0296398833036846   0.0086325535164237
 -0.0170207532715574   0.0217606125350524   0.0296398833058561   0.0209154187281438   0.0086325535169670
 -0.0098825896837249   0.0130284823637376   0.0172658769774455   0.0172658769769877  -0.0047796036981727
  0.0459894336791232  -0.0209989987549103  -0.0306995225476161  -0.0458878666183799   0.0002816592698758
  0.0459894336797867  -0.0209989987566382  -0.0458878666210118  -0.0306995225482766   0.0002816592694235
  0.0296528128831687  -0.0217326052622303  -0.0360214012230060  -0.0360214012222463   0.0157685440613669
global index=5  local index=3 (global=3, Rn=0)
 -0.0041153241786031   0.0104082237482741   0.0104477406877440   0.0012862654628771   0.0099462777440482
 -0.0084789314184493  -0.0023620026873997  -0.0019589400865788  -0.0107783218239291  -0.0010673308872907
 -0.0356825466116493   0.0362212361888985   0.0402489724168223  -0.0193380264010976   0.0401130689637325
 -0.0062891217056391   0.0119772907792404   0.0112371824386699   0.0002782206657456   0.0136116849614407
 -0.0022600546749644   0.0049562717042971   0.0053658863438921  -0.0037492224362208   0.0051894175204805
 -0.0058837498418362   0.0111497471869116   0.0132677981630397   0.0003035684667232   0.0097590125145755
  0.0174609894000005  -0.0237632678498975  -0.0233863273206632   0.0044959238226331  -0.0305115046144773
  0.0076907011228044  -0.0154813697190676  -0.0170551868240803   0.0125902843144436  -0.0165569721892516
  0.0162541406716508  -0.0217493675371054  -0.0291541500486089   0.0041195767590602  -0.0200725586723728
global index=5  local index=4 (global=4, Rn=0)
 -0.0041153241788028   0.0104082237488502   0.0012862654630571   0.0104477406882604   0.0099462777446482
 -0.0084789314179909  -0.0023620026880287  -0.0107783218241648  -0.0019589400872160  -0.0010673308879716
 -0.0356825466115121   0.0362212361898223  -0.0193380264008325   0.0402489724173508   0.0401130689649234
 -0.0022600546749590   0.0049562717043039  -0.0037492224361947   0.0053658863438845   0.0051894175204984
 -0.0062891217059730   0.0119772907802505   0.0002782206660435   0.0112371824395221   0.0136116849625439
 -0.0058837498420321   0.0111497471875221   0.0003035684669259   0.0132677981636158   0.0097590125152058
  0.0076907011227872  -0.0154813697190737   0.0125902843143074  -0.0170551868240374  -0.0165569721892665
  0.0174609894007156  -0.0237632678518080   0.0044959238219740  -0.0233863273221609  -0.0305115046169355
  0.0162541406719742  -0.0217493675379338   0.0041195767587085  -0.0291541500494076  -0.0200725586734751
global index=5  local index=5 (global=6, Rn=0)
 -0.0129243592879078  -0.0283133723375442  -0.1259972619851673   0.0186209543051142   0.0186209543048252   0.0184227373666120  -0.0610653233269164  -0.0610653233249574  -0.0595765593699046
 -0.0392003101082436  -0.0538338536236769  -0.0282327993687225  -0.0094237851343716  -0.0094237851326576  -0.0016618292267188   0.0044405978708400   0.0044405978685260   0.0031450625622755
 -0.1625520417707401   0.0066439398694253  -0.0170231469277175   0.0434147495476883   0.0434147495505768   0.0596424148255822   0.0070758841063839   0.0070758841090056  -0.0006319140060446
 -0.0217165852418939   0.0121857750105559  -0.0290943316391557   0.0100671461231407   0.0178593441016509   0.0186784753382219  -0.0132713245585192  -0.0297031309310896  -0.0297053065593191
 -0.0217165852421712   0.0121857750097415  -0.0290943316433833   0.0178593441024020   0.0100671461237147   0.0186784753388525  -0.0297031309364197  -0.0132713245600863  -0.0297053065625523
 -0.0205497001981034   0.0112463354663312  -0.0271792846333385   0.0170271277356956   0.0170271277355994   0.0097893864733919  -0.0280363975873864  -0.0280363975854623  -0.0114686729149878
  0.0804851189479058  -0.0240200908953348  -0.0134998233581756  -0.0246343708556123  -0.0438338093963248  -0.0480230293390551  -0.0172882015090421  -0.0122626185710797  -0.0080500238907410
  0.0804851189484758  -0.0240200908974589  -0.0134998233558142  -0.0438338093963170  -0.0246343708572968  -0.0480230293399713  -0.0122626185653662  -0.0172882015096144  -0.0080500238880589
  0.0759890004776501  -0.0206093449382007  -0.0159329367211955  -0.0413135728643976  -0.0413135728653227  -0.0253116570506597  -0.0142425554895696  -0.0142425554924163  -0.0157968383639440
global index=6  local index=0 (global=6, Rn=0)
 -0.9747970495621114   0.0518455456882267  -0.0101151690863040  -0.0059179890033320  -0.0059179889469170   0.1285554174520813  -0.0000004652857519  -0.0000004652953210   0.0160106818108507
  0.0518455456882267   0.6408195575225605   0.3082765508412076   0.0025658375870888   0.0025658376347319  -0.0252672778109627  -0.0085576349576909  -0.0085576349093887   0.0554695645139698
 -0.0101151690863040   0.3082765508412076   0.3981760308339659   0.0005114307962269   0.0005114308004342  -0.0083343345628239  -0.0012762254603895  -0.0012762254477776   0.0110528784106095
 -0.0059179889553364   0.0025658374832554   0.0005114306596872  -0.4314566540445340  -0.0517819675495671   0.0012016193060237   0.0488766295885261  -0.0013956902372884   0.0003058736599852
 -0.0059179889469170   0.0025658376347319   0.0005114308004342  -0.0517819675495671  -0.4314566540519381   0.0012016193096082  -0.0013956902372884   0.0488766295768856   0.0003058736558280
  0.1285554174520813  -0.0252672778109627  -0.0083343345628239   0.0012016193060237   0.0012016193096082  -0.4351020146341431   0.0003058736945731   0.0003058736904159   0.0495772159422335
 -0.0000004652888497  -0.0085576349986885  -0.0012762255103671   0.0488766295885261  -0.0013956902372884   0.0003058736945731   0.1569648025156419   0.0078299769209117  -0.0020236917596780
 -0.0000004652953210  -0.0085576349093887  -0.0012762254477776  -0.0013956902372884   0.0488766295768856   0.0003058736904159   0.0078299769209117   0.1569648025330147  -0.0020236917489366
  0.0160106818108507   0.0554695645139698   0.0110528784106095   0.0003058736599852   0.0003058736558280   0.0495772159422335  -0.0020236917596780  -0.0020236917489366   0.1606304064270730
global index=6  local index=1 (global=1, Rn=0)
 -0.5917269217890029   0.0666982424975021  -0.3381154432406647  -0.3381154432357353  -0.3205780684295488
 -0.0337533890031899   0.0527737226079813  -0.0642490755979400  -0.0642490756042476  -0.1103969915160566
 -0.0808426871255079   0.0190115531729583   0.0014670230939015   0.0014670230918548  -0.0017626648763426
  0.1743955503687470   0.1669671205968914  -0.1707269233544744   0.0350826209881628   0.0508297484398003
  0.1743955503825182   0.1669671205927428   0.0350826210014687  -0.1707269233442993   0.0508297484541555
  0.2379361930556416   0.1328465795594967   0.1037012022924148   0.1037012022925007  -0.1220315788660556
 -0.0006594268809522  -0.0232350079818892  -0.0391587095421595   0.0370582207140669   0.0438219306528377
 -0.0006594268781253  -0.0232350079726158   0.0370582207100707  -0.0391587095604587   0.0438219306423440
 -0.0080060312115571  -0.0124538664425965   0.0350748692575063   0.0350748692512996  -0.0343377025020649
global index=6  local index=2 (global=2, Rn=0)
 -0.5983788305808688   0.0613094072685431   0.3362043274625943   0.3362043274692219  -0.3238167712944715
 -0.0183035542913032   0.0502623093104235   0.0815320266997958   0.0815320266820389  -0.1173757565483222
 -0.0721752699585080   0.0037924926901918   0.0203981188310541   0.0203981188384478  -0.0249904827229916
 -0.1838718331128300  -0.1686123258063437  -0.1681090066313160   0.0418272314271156  -0.0583813073295684
 -0.1838718330982086  -0.1686123258129938   0.0418272314126150  -0.1681090066359974  -0.0583813073157597
  0.2418680724683990   0.1398446178648796  -0.1048237393644674  -0.1048237393662147  -0.1221443400696066
  0.0041074321502961   0.0278157736385389  -0.0422846700421949   0.0263690649983190  -0.0308450488056620
  0.0041074321435462   0.0278157736518151   0.0263690650121237  -0.0422846700494538  -0.0308450488194656
 -0.0077376060681854  -0.0229356399659455  -0.0265909086080153  -0.0265909086070144  -0.0380778207059561
global index=6  local index=3 (global=3, Rn=0)
 -0.1629055291947492   0.2045819088072011   0.2187708115435912  -0.2204795731206882   0.2116215976199449
  0.0276151901933877   0.0553487982421223   0.0689712943149462  -0.0665610667684639   0.0512224590655791
 -0.1012202115245732  -0.0338527718410839   0.0083640850523208  -0.0137314983058064   0.0128024785276473
 -0.0731022274019593   0.0075790174456614  -0.0171325662162831  -0.0668144954273576   0.0596575379240166
  0.0712109976022219  -0.0038923857240080  -0.0627337209193770  -0.0189493150464984  -0.0564499457727162
 -0.0539345639311892  -0.0219028359073234   0.0315265647843806  -0.0320567003658596  -0.0469200167751231
  0.0655201344913167   0.0681828301156523   0.0275826558883527  -0.0426452272205762   0.0375122402785769
 -0.0627661652485538  -0.0731134602710715  -0.0485194086506801   0.0269507123887847  -0.0407741012993663
  0.0550038496037510   0.0719942587869504   0.0481063010704325  -0.0459877888381656   0.0207413737997191
global index=6  local index=4 (global=4, Rn=0)
 -0.1629055291915272   0.2045819088086560  -0.2204795731191872   0.2187708115442182   0.2116215976191709
  0.0276151901839782   0.0553487982369749  -0.0665610667794273   0.0689712943146567   0.0512224590743320
 -0.1012202115079843  -0.0338527718374889  -0.0137314983101305   0.0083640850576870   0.0128024785290076
  0.0712109975943850  -0.0038923857205555  -0.0189493150541444  -0.0627337209139361  -0.0564499457671739
 -0.0731022273922624   0.0075790174404162  -0.0668144954179766  -0.0171325662224196   0.0596575379163268
 -0.0539345639265341  -0.0219028359055558  -0.0320567003648859   0.0315265647848716  -0.0469200167762984
 -0.0627661652330436  -0.0731134602636460   0.0269507123874274  -0.0485194086485173  -0.0407741013011580
  0.0655201344702897   0.0681828301149024  -0.0426452272305880   0.0275826558845924   0.0375122402893890
  0.0550038495872436   0.0719942587797091  -0.0459877888392705   0.0481063010694018   0.0207413737996937
global index=6  local index=5 (global=5, Rn=0)
 -0.0129243592879078  -0.0392003101082436  -0.1625520417707401  -0.0217165852418939  -0.0217165852421712  -0.0205497001981034   0.0804851189479058   0.0804851189484758   0.0759890004776501
 -0.0283133723375442  -0.0538338536236769   0.0066439398694253   0.0121857750105559   0.0121857750097415   0.0112463354663312  -0.0240200908953348  -0.0240200908974589  -0.0206093449382007
 -0.1259972619851673  -0.0282327993687225  -0.0170231469277175  -0.0290943316391557  -0.0290943316433833  -0.0271792846333385  -0.0134998233581757  -0.0134998233558142  -0.0159329367211955
  0.0186209543051142  -0.0094237851343716   0.0434147495476883   0.0100671461231407   0.0178593441024020   0.0170271277356956  -0.0246343708556123  -0.0438338093963170  -0.0413135728643976
  0.0186209543048252  -0.0094237851326576   0.0434147495505769   0.0178593441016509   0.0100671461237147   0.0170271277355994  -0.0438338093963248  -0.0246343708572968  -0.0413135728653228
  0.0184227373666120  -0.0016618292267188   0.0596424148255822   0.0186784753382219   0.0186784753388525   0.0097893864733919  -0.0480230293390551  -0.0480230293399713  -0.0253116570506597
 -0.0610653233269164   0.0044405978708400   0.0070758841063839  -0.0132713245585192  -0.0297031309364197  -0.0280363975873864  -0.0172882015090421  -0.0122626185653661  -0.0142425554895696
 -0.0610653233249574   0.0044405978685260   0.0070758841090055  -0.0297031309310896  -0.0132713245600863  -0.0280363975854623  -0.0122626185710797  -0.0172882015096144  -0.0142425554924163
 -0.0595765593699046   0.0031450625622755  -0.0006319140060446  -0.0297053065593191  -0.0297053065625523  -0.0114686729149878  -0.0080500238907410  -0.0080500238880589  -0.0157968383639440


Overlap matrix
global index=1  local index=0 (global=1, Rn=0)
  0.9999998445411460  -0.0000000376319037  -0.0000000000471750   0.0000000000000298   0.0000000000000412
 -0.0000000376319233   0.9999999532766689  -0.0000000000228520  -0.0000000000000222   0.0000000000000054
  0.0000000000472011   0.0000000000228802   0.9999997677526393   0.0000000000000217  -0.0000000000000358
  0.0000000000000129   0.0000000000000452   0.0000000000000107   0.9999997677525774  -0.0000000000000257
 -0.0000000000000135   0.0000000000000416  -0.0000000000000363   0.0000000000000304   0.9999997677525917
global index=1  local index=1 (global=2, Rn=0)
  0.3708797304026353  -0.3301272531802261  -0.3871112022391299  -0.3871112022390408  -0.0000000000000282
 -0.3301272531801878   0.2419852746639773   0.0792903504838234   0.0792903504837917   0.0000000000000138
  0.3871112022390932  -0.0792903504838328   0.1804513470410092  -0.3256347306348862   0.0000000000000391
  0.3871112022390900  -0.0792903504837850  -0.3256347306348979   0.1804513470409677   0.0000000000000307
  0.0000000000000473   0.0000000000000027   0.0000000000000419  -0.0000000000000431   0.5060860776759036
global index=1  local index=2 (global=3, Rn=0)
  0.1443057975759109  -0.2100190271806374  -0.2210963305344489   0.0748823648990816  -0.2139546322053309
 -0.2100190271806111   0.1867179538092259   0.1717070122106502  -0.0581548645018743   0.1661606529417018
  0.2210963305343918  -0.1717070122106630  -0.0893427836015160   0.1040489631906151  -0.2972897247676317
 -0.0748823648990181   0.0581548645018466   0.1040489631906058   0.1826303333114103   0.1006880466852293
  0.2139546322054100  -0.1661606529417415  -0.2972897247676392   0.1006880466853185  -0.0698165578566450
global index=1  local index=3 (global=4, Rn=0)
  0.1443057975759304  -0.2100190271806175   0.0748823648990890  -0.2210963305344041  -0.2139546322053845
 -0.2100190271805772   0.1867179538092361  -0.0581548645018760   0.1717070122107362   0.1661606529417784
 -0.0748823648990821   0.0581548645018550   0.1826303333114160   0.1040489631906048   0.1006880466853112
  0.2210963305343909  -0.1717070122106795   0.1040489631905830  -0.0893427836014611  -0.2972897247676431
  0.2139546322054091  -0.1661606529416998   0.1006880466853068  -0.2972897247676146  -0.0698165578566470
global index=1  local index=4 (global=5, Rn=0)
  0.1599917054488044  -0.1458729450808727   0.3716209330632640   0.1205272059360214   0.1205272059359441   0.1103951884027402  -0.2798038778373731  -0.2798038778373940  -0.2562824017182554
 -0.2179215328552099   0.0951144597838138  -0.3061994250907210  -0.0596900210726816  -0.0596900210727037  -0.0546722299825259   0.0882292626232736   0.0882292626233016   0.0808123443523854
 -0.2297022951977009   0.2253238021266814  -0.0557901946821691   0.0294196021305090  -0.1456126510017864  -0.1333718467654681  -0.1580099196147784   0.2078037998816806   0.1903349493633298
 -0.2297022951976271   0.2253238021267182  -0.0557901946821740  -0.1456126510018320   0.0294196021304940  -0.1333718467654465   0.2078037998816758  -0.1580099196147836   0.1903349493634083
 -0.2103925662091087   0.2063821474514902  -0.0511002391960872  -0.1333718467654806  -0.1333718467654897   0.0528721977577250   0.1903349493633187   0.1903349493633655  -0.1914791165209914
global index=1  local index=5 (global=6, Rn=0)
  0.5181119681471541  -0.3627316741561322   0.2981963893143966  -0.2313838796830129  -0.2313838796829819  -0.2481549212732074   0.2201243481025872   0.2201243481025206   0.2360792823965619
 -0.1701575738308923   0.1196912883429265  -0.5159007141860260  -0.1145429000227606  -0.1145429000227350  -0.1228451367332862  -0.0750303163908274  -0.0750303163908092  -0.0804686233223728
  0.3274723264293599  -0.1316345438417066  -0.0639962934988226   0.3340120902957634  -0.1190398786120628  -0.1276680628997393  -0.5604888550300909   0.0579642975028844   0.0621656344564172
  0.3274723264294442  -0.1316345438417831  -0.0639962934987409  -0.1190398786121371   0.3340120902957793  -0.1276680628997595   0.0579642975028952  -0.5604888550301362   0.0621656344564251
  0.3512079989995889  -0.1411756078626648  -0.0686348383333031  -0.1276680628997074  -0.1276680628997167   0.3161303383198439   0.0621656344564477   0.0621656344564024  -0.5517816620835188
global index=2  local index=0 (global=2, Rn=0)
  0.9999998445411460  -0.0000000376319037  -0.0000000000471750   0.0000000000000298   0.0000000000000412
 -0.0000000376319233   0.9999999532766689  -0.0000000000228520  -0.0000000000000222   0.0000000000000054
  0.0000000000472011   0.0000000000228802   0.9999997677526393   0.0000000000000217  -0.0000000000000358
  0.0000000000000129   0.0000000000000452   0.0000000000000107   0.9999997677525774  -0.0000000000000257
 -0.0000000000000135   0.0000000000000416  -0.0000000000000363   0.0000000000000304   0.9999997677525917
global index=2  local index=1 (global=1, Rn=0)
  0.3708797304026353  -0.3301272531802261   0.3871112022390517   0.3871112022391406  -0.0000000000000282
 -0.3301272531801878   0.2419852746639773  -0.0792903504838009  -0.0792903504838325   0.0000000000000138
 -0.3871112022390883   0.0792903504837914   0.1804513470410092  -0.3256347306348862   0.0000000000000392
 -0.3871112022390913   0.0792903504838392  -0.3256347306348979   0.1804513470409677   0.0000000000000308
  0.0000000000000473   0.0000000000000027   0.0000000000000419  -0.0000000000000430   0.5060860776759036
global index=2  local index=2 (global=3, Rn=0)
  0.1443057975759109  -0.2100190271806374  -0.0748823648990960   0.2210963305344344  -0.2139546322053309
 -0.2100190271806111   0.1867179538092259   0.0581548645018220  -0.1717070122107024   0.1661606529417018
  0.0748823648990390  -0.0581548645018349   0.1826303333113946   0.1040489631906151  -0.1006880466852741
 -0.2210963305343709   0.1717070122106748   0.1040489631906058  -0.0893427836015003   0.2972897247675869
  0.2139546322054100  -0.1661606529417415  -0.1006880466852816   0.2972897247676761  -0.0698165578566450
global index=2  local index=3 (global=4, Rn=0)
  0.1443057975759304  -0.2100190271806175   0.2210963305344419  -0.0748823648990513  -0.2139546322053845
 -0.2100190271805772   0.1867179538092361  -0.1717070122107042   0.0581548645019081   0.1661606529417784
 -0.2210963305344349   0.1717070122106832  -0.0893427836014945   0.1040489631906049   0.2972897247676687
  0.0748823648990382  -0.0581548645018514   0.1040489631905832   0.1826303333114494  -0.1006880466852856
  0.2139546322054091  -0.1661606529416998   0.2972897247676644  -0.1006880466852571  -0.0698165578566470
global index=2  local index=4 (global=5, Rn=0)
  0.0146270292497490   0.0307384433921204   0.1449027760153805   0.0231528580612757   0.0231528580611984   0.0106672521742187  -0.0727653457711186  -0.0727653457711395  -0.0335252905204604
 -0.0369419993093130   0.0083881356306258  -0.1794617796875518  -0.0456477631229901  -0.0456477631230122  -0.0210313646433213   0.1188426824724456   0.1188426824724736   0.0547545732642110
 -0.0349143094272015   0.0081226270646071  -0.1766058403284897  -0.0355070607643881  -0.0536188165631691  -0.0247038804474299   0.0915379327553634   0.1515156644142605   0.0698080468670326
 -0.0349143094271278   0.0081226270646440  -0.1766058403284947  -0.0536188165632147  -0.0355070607644031  -0.0247038804474083   0.1515156644142557   0.0915379327553583   0.0698080468671111
 -0.0160861238885880   0.0037423505550301  -0.0813678824979065  -0.0247038804474423  -0.0247038804474515   0.0067298986770787   0.0698080468670214   0.0698080468670683  -0.0278149620453416
global index=2  local index=5 (global=6, Rn=0)
  0.5181119681471541  -0.3627316741561323   0.2981963893143968   0.2313838796830443   0.2313838796830753  -0.2481549212732073  -0.2201243481025355  -0.2201243481026020   0.2360792823965620
 -0.1701575738308925   0.1196912883429264  -0.5159007141860260   0.1145429000227015   0.1145429000227271  -0.1228451367332861   0.0750303163908421   0.0750303163908603  -0.0804686233223728
 -0.3274723264294284   0.1316345438417847   0.0639962934987334   0.3340120902957633  -0.1190398786120629   0.1276680628997581  -0.5604888550300908   0.0579642975028844  -0.0621656344564267
 -0.3274723264293442   0.1316345438417083   0.0639962934988151  -0.1190398786121371   0.3340120902957793   0.1276680628997379   0.0579642975028952  -0.5604888550301361  -0.0621656344564189
  0.3512079989995887  -0.1411756078626649  -0.0686348383333031   0.1276680628997900   0.1276680628997807   0.3161303383198440  -0.0621656344563963  -0.0621656344564415  -0.5517816620835188
global index=3  local index=0 (global=3, Rn=0)
  0.9999998445411197  -0.0000000376318553  -0.0000000000471786   0.0000000000000129  -0.0000000000000465
 -0.0000000376318683   0.9999999532767186  -0.0000000000228363   0.0000000000000373   0.0000000000000331
  0.0000000000472513   0.0000000000229272   0.9999997677525921   0.0000000000000330   0.0000000000000389
  0.0000000000000244   0.0000000000000167  -0.0000000000000423   0.9999997677526408  -0.0000000000000252
  0.0000000000000403  -0.0000000000000003   0.0000000000000129  -0.0000000000000271   0.9999997677526461
global index=3  local index=1 (global=1, Rn=0)
  0.1443057975758900  -0.2100190271806131   0.2210963305343912  -0.0748823648991078   0.2139546322053832
 -0.2100190271806236   0.1867179538092846  -0.1717070122106971   0.0581548645019172  -0.1661606529417675
 -0.2210963305344134   0.1717070122106953  -0.0893427836015084   0.1040489631905727  -0.2972897247675982
  0.0748823648990871  -0.0581548645018607   0.1040489631905825   0.1826303333113574   0.1006880466852599
 -0.2139546322054085   0.1661606529417899  -0.2972897247676231   0.1006880466853087  -0.0698165578567147
global index=3  local index=2 (global=2, Rn=0)
  0.1443057975759258  -0.2100190271805977   0.0748823648990634  -0.2210963305344376   0.2139546322053911
 -0.2100190271806277   0.1867179538092817  -0.0581548645019159   0.1717070122106896  -0.1661606529417259
 -0.0748823648990478   0.0581548645018384   0.1826303333114302   0.1040489631905719  -0.1006880466852512
  0.2210963305344318  -0.1717070122106872   0.1040489631905593  -0.0893427836014614   0.2972897247676515
 -0.2139546322053851   0.1661606529417582  -0.1006880466852600   0.2972897247676087  -0.0698165578566848
global index=3  local index=3 (global=4, Rn=0)
  0.0490458871983857  -0.0921545587252751   0.0942816031667883  -0.0942816031667319  -0.0000000000000406
 -0.0921545587252900   0.1303727208427751  -0.1365583356282341   0.1365583356282511   0.0000000000000167
 -0.0942816031667716   0.1365583356282246  -0.1132651929400255   0.1874332043680185  -0.0000000000000168
  0.0942816031667781  -0.1365583356282727   0.1874332043679545  -0.1132651929399823   0.0000000000000458
 -0.0000000000000212   0.0000000000000484   0.0000000000000419   0.0000000000000265   0.0741680114280298
global index=3  local index=4 (global=5, Rn=0)
  0.0038951129514581   0.0184244983695765   0.0655912273886326   0.0090382507444380   0.0017902597711748   0.0085587151624643  -0.0315122795794171  -0.0062418235589303  -0.0298403565762650
 -0.0103114895863093  -0.0202610906567300  -0.1210836582336110  -0.0210801415417944  -0.0041754682890476  -0.0199617085365438   0.0719655749553412   0.0142546469877683   0.0681473522875408
 -0.0102394832291186  -0.0225940908902929  -0.1248135212830517  -0.0189589429489741  -0.0048047192718223  -0.0229699758359936   0.0647942101022537   0.0168737524178771   0.0806685392783762
 -0.0020281949926721  -0.0044753451890277  -0.0247225522244060  -0.0048047192717988   0.0043463167073717  -0.0045497989429802   0.0168737524179342  -0.0170518165282458   0.0159784945948077
 -0.0096962147706481  -0.0213953334282058  -0.1181913854006279  -0.0229699758360207  -0.0045497989429481  -0.0164532594673500   0.0806685392784273   0.0159784945948273   0.0559944696149689
global index=3  local index=5 (global=6, Rn=0)
  0.1599917054487896  -0.1458729450808549   0.3716209330632349   0.1205272059359902  -0.1205272059360034   0.1103951884026672  -0.2798038778374299   0.2798038778373480  -0.2562824017182526
 -0.2179215328552017   0.0951144597837641  -0.3061994250907186  -0.0596900210727172   0.0596900210726690  -0.0546722299824512   0.0882292626233043  -0.0882292626233194   0.0808123443524096
 -0.2297022951976416   0.2253238021267570  -0.0557901946822467   0.0294196021305538   0.1456126510018008  -0.1333718467654805  -0.1580099196147775  -0.2078037998816602   0.1903349493633139
  0.2297022951976666  -0.2253238021267062   0.0557901946822233   0.1456126510017940   0.0294196021305437   0.1333718467654689  -0.2078037998816230  -0.1580099196147136  -0.1903349493633840
 -0.2103925662091033   0.2063821474514659  -0.0511002391961130  -0.1333718467654065   0.1333718467654388   0.0528721977577416   0.1903349493633248  -0.1903349493633268  -0.1914791165209369
global index=4  local index=0 (global=4, Rn=0)
  0.9999998445411460  -0.0000000376319037  -0.0000000000471750   0.0000000000000298   0.0000000000000412
 -0.0000000376319233   0.9999999532766689  -0.0000000000228520  -0.0000000000000222   0.0000000000000054
  0.0000000000472011   0.0000000000228802   0.9999997677526393   0.0000000000000217  -0.0000000000000358
  0.0000000000000129   0.0000000000000452   0.0000000000000107   0.9999997677525774  -0.0000000000000257
 -0.0000000000000135   0.0000000000000416  -0.0000000000000363   0.0000000000000304   0.9999997677525917
global index=4  local index=1 (global=1, Rn=0)
  0.1443057975758984  -0.2100190271806330  -0.0748823648991044   0.2210963305344680   0.2139546322053417
 -0.2100190271805946   0.1867179538093034   0.0581548645018813  -0.1717070122107186  -0.1661606529417317
  0.0748823648990676  -0.0581548645018907   0.1826303333114341   0.1040489631905791   0.1006880466853145
 -0.2210963305344186   0.1717070122107253   0.1040489631905674  -0.0893427836015182  -0.2972897247676022
 -0.2139546322053225   0.1661606529417481   0.1006880466853172  -0.2972897247676760  -0.0698165578566431
global index=4  local index=2 (global=2, Rn=0)
  0.1443057975759109  -0.2100190271806374  -0.2210963305344489   0.0748823648990816   0.2139546322054089
 -0.2100190271806111   0.1867179538092259   0.1717070122106502  -0.0581548645018743  -0.1661606529417892
  0.2210963305343918  -0.1717070122106630  -0.0893427836015159   0.1040489631906151   0.2972897247676342
 -0.0748823648990181   0.0581548645018467   0.1040489631906059   0.1826303333114102  -0.1006880466853214
 -0.2139546322053296   0.1661606529417494   0.2972897247676267  -0.1006880466852322  -0.0698165578566450
global index=4  local index=3 (global=3, Rn=0)
  0.0490458871984490  -0.0921545587252727  -0.0942816031667267   0.0942816031667645  -0.0000000000000146
 -0.0921545587252324   0.1303727208427556   0.1365583356282357  -0.1365583356282037   0.0000000000000329
  0.0942816031667335  -0.1365583356282566  -0.1132651929399670   0.1874332043680015   0.0000000000000359
 -0.0942816031667776   0.1365583356282604   0.1874332043679797  -0.1132651929399335  -0.0000000000000101
  0.0000000000000393   0.0000000000000456   0.0000000000000315   0.0000000000000184   0.0741680114280510
global index=4  local index=4 (global=5, Rn=0)
  0.0038951129514942   0.0184244983695295   0.0655912273886892   0.0017902597711725   0.0090382507443753   0.0085587151624608  -0.0062418235588865  -0.0315122795794601  -0.0298403565762824
 -0.0103114895863360  -0.0202610906566811  -0.1210836582336707  -0.0041754682890903  -0.0210801415418627  -0.0199617085365749   0.0142546469877797   0.0719655749553392   0.0681473522875550
 -0.0020281949927044  -0.0044753451890647  -0.0247225522243761   0.0043463167073376  -0.0048047192718076  -0.0045497989429612  -0.0170518165283241   0.0168737524179204   0.0159784945947619
 -0.0102394832291144  -0.0225940908903282  -0.1248135212829763  -0.0048047192718532  -0.0189589429489648  -0.0229699758359844   0.0168737524179156   0.0647942101022473   0.0806685392784387
 -0.0096962147706841  -0.0213953334281589  -0.1181913854006322  -0.0045497989429736  -0.0229699758360276  -0.0164532594672889   0.0159784945947508   0.0806685392783958   0.0559944696149369
global index=4  local index=5 (global=6, Rn=0)
  0.1599917054487801  -0.1458729450808145   0.3716209330632423  -0.1205272059359636   0.1205272059360260   0.1103951884027160   0.2798038778374131  -0.2798038778374279  -0.2562824017183039
 -0.2179215328551860   0.0951144597837431  -0.3061994250907447   0.0596900210726468  -0.0596900210726802  -0.0546722299824627  -0.0882292626232886   0.0882292626233215   0.0808123443523489
  0.2297022951976334  -0.2253238021266796   0.0557901946821730   0.0294196021304712   0.1456126510018536   0.1333718467654643  -0.1580099196147358  -0.2078037998816434  -0.1903349493633681
 -0.2297022951976178   0.2253238021266812  -0.0557901946821806   0.1456126510017793   0.0294196021304870  -0.1333718467654658  -0.2078037998816326  -0.1580099196147809   0.1903349493633665
 -0.2103925662090985   0.2063821474515139  -0.0511002391961485   0.1333718467654962  -0.1333718467654230   0.0528721977576877  -0.1903349493633376   0.1903349493633438  -0.1914791165209097
global index=5  local index=0 (global=5, Rn=0)
  0.9999999976585150   0.0000000615538267  -0.0000001543650218  -0.0000000000604325  -0.0000000000000465   0.0000000000000248   0.0000000000050909   0.0000000000000425   0.0000000000000373
  0.0000000615538220   0.9999990177651495  -0.0000016072424476  -0.0000000000310569   0.0000000000000484   0.0000000000000167  -0.0000000000497228  -0.0000000000000336   0.0000000000000330
 -0.0000001543650077  -0.0000016072425143   0.9999884651157448   0.0000000000241669   0.0000000000000129  -0.0000000000000271   0.0000000000003671  -0.0000000000000183  -0.0000000000000171
  0.0000000000604186   0.0000000000310696  -0.0000000000241450   0.9999999596205429  -0.0000000000000387  -0.0000000000000029   0.0000001115758511  -0.0000000000000155   0.0000000000000098
 -0.0000000000000426   0.0000000000000151  -0.0000000000000220   0.0000000000000093   0.9999999596205654  -0.0000000000000049   0.0000000000000333   0.0000001115758742   0.0000000000000175
  0.0000000000000133   0.0000000000000011   0.0000000000000046  -0.0000000000000164   0.0000000000000348   0.9999999596205146  -0.0000000000000017  -0.0000000000000018   0.0000001115758813
 -0.0000000000050364   0.0000000000496766  -0.0000000000003297   0.0000001115758692   0.0000000000000109   0.0000000000000127   1.0000004255551413  -0.0000000000000243   0.0000000000000032
 -0.0000000000000317  -0.0000000000000086   0.0000000000000138   0.0000000000000231   0.0000001115758836   0.0000000000000240  -0.0000000000000412   1.0000004255551020   0.0000000000000377
  0.0000000000000122   0.0000000000000196  -0.0000000000000153  -0.0000000000000298   0.0000000000000421   0.0000001115759192   0.0000000000000186  -0.0000000000000406   1.0000004255550874
global index=5  local index=1 (global=1, Rn=0)
  0.1599917054487923  -0.2179215328551804  -0.2297022951976585  -0.2297022951976512  -0.2103925662090902
 -0.1458729450808167   0.0951144597837640   0.2253238021267017   0.2253238021266877   0.2063821474515127
  0.3716209330631694  -0.3061994250906689  -0.0557901946822344  -0.0557901946822487  -0.0511002391961120
  0.1205272059360251  -0.0596900210726563   0.0294196021305092  -0.1456126510017839  -0.1333718467654107
  0.1205272059360212  -0.0596900210727141  -0.1456126510017697   0.0294196021305569  -0.1333718467654847
  0.1103951884027286  -0.0546722299824761  -0.1333718467654257  -0.1333718467654502   0.0528721977576815
 -0.2798038778373465   0.0882292626232957  -0.1580099196147638   0.2078037998816878   0.1903349493633626
 -0.2798038778373461   0.0882292626233035   0.2078037998816477  -0.1580099196147062   0.1903349493633630
 -0.2562824017182299   0.0808123443523600   0.1903349493633425   0.1903349493633315  -0.1914791165209405
global index=5  local index=2 (global=2, Rn=0)
  0.0146270292497735  -0.0369419993093272  -0.0349143094271582  -0.0349143094271693  -0.0160861238885145
  0.0307384433921713   0.0083881356305650   0.0081226270646167   0.0081226270646443   0.0037423505549661
  0.1449027760152992  -0.1794617796875465  -0.1766058403285557  -0.1766058403284950  -0.0813678824978842
  0.0231528580612459  -0.0456477631229852  -0.0355070607643605  -0.0536188165631832  -0.0247038804474408
  0.0231528580612673  -0.0456477631230013  -0.0536188165632290  -0.0355070607644191  -0.0247038804474559
  0.0106672521742124  -0.0210313646433006  -0.0247038804474020  -0.0247038804474304   0.0067298986770343
 -0.0727653457711495   0.1188426824725114   0.0915379327554167   0.1515156644142573   0.0698080468670649
 -0.0727653457711735   0.1188426824724763   0.1515156644141969   0.0915379327554391   0.0698080468670787
 -0.0335252905204797   0.0547545732641960   0.0698080468670680   0.0698080468670370  -0.0278149620453034
global index=5  local index=3 (global=3, Rn=0)
  0.0038951129514886  -0.0103114895862811  -0.0102394832291656  -0.0020281949926970  -0.0096962147706619
  0.0184244983695808  -0.0202610906566959  -0.0225940908902793  -0.0044753451890435  -0.0213953334281452
  0.0655912273886078  -0.1210836582336604  -0.1248135212830693  -0.0247225522243961  -0.1181913854006233
  0.0090382507443899  -0.0210801415418133  -0.0189589429488894  -0.0048047192718118  -0.0229699758360218
  0.0017902597710920  -0.0041754682891301  -0.0048047192718352   0.0043463167073858  -0.0045497989429886
  0.0085587151624592  -0.0199617085365487  -0.0229699758360329  -0.0045497989429597  -0.0164532594673319
 -0.0315122795794375   0.0719655749552886   0.0647942101023179   0.0168737524179103   0.0806685392783879
 -0.0062418235588697   0.0142546469877574   0.0168737524178530  -0.0170518165282777   0.0159784945948033
 -0.0298403565763312   0.0681473522875591   0.0806685392783966   0.0159784945948050   0.0559944696149555
global index=5  local index=4 (global=4, Rn=0)
  0.0038951129514764  -0.0103114895862752  -0.0020281949926737  -0.0102394832291881  -0.0096962147706335
  0.0184244983695605  -0.0202610906566978  -0.0044753451890177  -0.0225940908903544  -0.0213953334281519
  0.0655912273886012  -0.1210836582336916  -0.0247225522243821  -0.1248135212830528  -0.1181913854006525
  0.0017902597711031  -0.0041754682890993   0.0043463167073808  -0.0048047192718167  -0.0045497989429944
  0.0090382507444432  -0.0210801415417975  -0.0048047192718569  -0.0189589429489102  -0.0229699758359803
  0.0085587151624018  -0.0199617085365592  -0.0045497989429144  -0.0229699758360121  -0.0164532594673400
 -0.0062418235589308   0.0142546469878195  -0.0170518165283166   0.0168737524178812   0.0159784945947770
 -0.0315122795794420   0.0719655749553617   0.0168737524178844   0.0647942101022630   0.0806685392783822
 -0.0298403565763334   0.0681473522875853   0.0159784945947988   0.0806685392783591   0.0559944696149748
global index=5  local index=5 (global=6, Rn=0)
  0.0095922934194733   0.0428707609704851   0.1543265364255568  -0.0181038211287013  -0.0181038211286581  -0.0175190442181547   0.0701934608355463   0.0701934608355366   0.0679261209808253
  0.0428707609705157  -0.0235464081330949  -0.0852066825326646   0.0100488318795372   0.0100488318795706   0.0097242415723331  -0.0783220316673383  -0.0783220316673072  -0.0757921284286180
  0.1543265364255829  -0.0852066825326826   0.2992956000150570  -0.0819670219355215  -0.0819670219354858  -0.0793193807820539   0.1504074879446536   0.1504074879446011   0.1455491309436649
  0.0181038211286381  -0.0100488318795441   0.0819670219354578  -0.0113006827111481  -0.0239244146513932  -0.0231516250183364   0.0332696283495149   0.0757170940291134   0.0732713336557870
  0.0181038211287004  -0.0100488318795360   0.0819670219354582  -0.0239244146514406  -0.0113006827111401  -0.0231516250183555   0.0757170940291452   0.0332696283495093   0.0732713336558388
  0.0175190442180995  -0.0097242415723757   0.0793193807820646  -0.0231516250183343  -0.0231516250183569  -0.0097800655528426   0.0732713336558617   0.0732713336557904   0.0284571088360332
 -0.0701934608355107   0.0783220316673655  -0.1504074879445931   0.0332696283494758   0.0757170940291501   0.0732713336558652  -0.0384963688074935  -0.1622480206409006  -0.1570071990718784
 -0.0701934608354944   0.0783220316673848  -0.1504074879446306   0.0757170940291748   0.0332696283495078   0.0732713336558307  -0.1622480206409243  -0.0384963688074499  -0.1570071990718598
 -0.0679261209807786   0.0757921284286031  -0.1455491309436682   0.0732713336558370   0.0732713336558708   0.0284571088360873  -0.1570071990718578  -0.1570071990719110  -0.0281840110055432
global index=6  local index=0 (global=6, Rn=0)
  0.9999999976585413   0.0000000615537784  -0.0000001543650183  -0.0000000000604156   0.0000000000000412  -0.0000000000000302   0.0000000000050411   0.0000000000000268  -0.0000000000000222
  0.0000000615537943   0.9999990177650994  -0.0000016072424590  -0.0000000000311108   0.0000000000000013   0.0000000000000452  -0.0000000000496809   0.0000000000000136   0.0000000000000217
 -0.0000001543650825  -0.0000016072424613   0.9999884651156814   0.0000000000241664  -0.0000000000000363   0.0000000000000304   0.0000000000003127  -0.0000000000000099  -0.0000000000000370
  0.0000000000604063   0.0000000000310986  -0.0000000000242125   0.9999999596205204   0.0000000000000473  -0.0000000000000207   0.0000001115758861   0.0000000000000308   0.0000000000000419
  0.0000000000000499   0.0000000000000339   0.0000000000000138   0.0000000000000271   0.9999999596205237   0.0000000000000270  -0.0000000000000430   0.0000001115759457   0.0000000000000026
 -0.0000000000000282   0.0000000000000113   0.0000000000000024  -0.0000000000000100   0.0000000000000392   0.9999999596204995  -0.0000000000000414  -0.0000000000000308   0.0000001115759171
 -0.0000000000050186   0.0000000000496745  -0.0000000000003732   0.0000001115759358  -0.0000000000000233   0.0000000000000040   1.0000004255551198   0.0000000000000432   0.0000000000000431
 -0.0000000000000151  -0.0000000000000042   0.0000000000000471  -0.0000000000000125   0.0000001115759268   0.0000000000000013   0.0000000000000221   1.0000004255551045   0.0000000000000239
 -0.0000000000000436  -0.0000000000000437   0.0000000000000402   0.0000000000000168   0.0000000000000032   0.0000001115758547   0.0000000000000140  -0.0000000000000146   1.0000004255551451
global index=6  local index=1 (global=1, Rn=0)
  0.5181119681471467  -0.1701575738309004   0.3274723264294323   0.3274723264294271   0.3512079989996016
 -0.3627316741561891   0.1196912883430080  -0.1316345438417607  -0.1316345438417270  -0.1411756078626691
  0.2981963893143823  -0.5159007141859674  -0.0639962934987421  -0.0639962934987841  -0.0686348383332179
 -0.2313838796830387  -0.1145429000226899   0.3340120902958579  -0.1190398786120631  -0.1276680628997839
 -0.2313838796829970  -0.1145429000227328  -0.1190398786120670   0.3340120902958271  -0.1276680628997555
 -0.2481549212732028  -0.1228451367333466  -0.1276680628997368  -0.1276680628997706   0.3161303383198865
  0.2201243481025419  -0.0750303163908660  -0.5604888550301045   0.0579642975028434   0.0621656344564627
  0.2201243481025558  -0.0750303163908571   0.0579642975028367  -0.5604888550301336   0.0621656344564215
  0.2360792823965710  -0.0804686233223223   0.0621656344564480   0.0621656344564704  -0.5517816620835244
global index=6  local index=2 (global=2, Rn=0)
  0.5181119681471985  -0.1701575738309062  -0.3274723264293692  -0.3274723264294074   0.3512079989995980
 -0.3627316741561888   0.1196912883429770   0.1316345438417202   0.1316345438417110  -0.1411756078626916
  0.2981963893143361  -0.5159007141859537   0.0639962934987444   0.0639962934988025  -0.0686348383333029
  0.2313838796830734   0.1145429000226985   0.3340120902958362  -0.1190398786120895   0.1276680628997955
  0.2313838796829837   0.1145429000227049  -0.1190398786120912   0.3340120902958389   0.1276680628997081
 -0.2481549212732191  -0.1228451367332883   0.1276680628997122   0.1276680628997507   0.3161303383198157
 -0.2201243481026042   0.0750303163908667  -0.5604888550301410   0.0579642975028422  -0.0621656344563720
 -0.2201243481025908   0.0750303163908421   0.0579642975028468  -0.5604888550300572  -0.0621656344564594
  0.2360792823965946  -0.0804686233223024  -0.0621656344563722  -0.0621656344564666  -0.5517816620835309
global index=6  local index=3 (global=3, Rn=0)
  0.1599917054487633  -0.2179215328552376  -0.2297022951976256   0.2297022951976772  -0.2103925662091011
 -0.1458729450808780   0.0951144597837744   0.2253238021267601  -0.2253238021266868   0.2063821474514502
  0.3716209330632243  -0.3061994250906938  -0.0557901946822223   0.0557901946822363  -0.0511002391961457
  0.1205272059359824  -0.0596900210726270   0.0294196021305455   0.1456126510018242  -0.1333718467655015
 -0.1205272059359535   0.0596900210726839   0.1456126510018362   0.0294196021305541   0.1333718467654976
  0.1103951884026825  -0.0546722299824569  -0.1333718467654177   0.1333718467654881   0.0528721977577497
 -0.2798038778373627   0.0882292626233126  -0.1580099196147080  -0.2078037998816124   0.1903349493633211
  0.2798038778374273  -0.0882292626232962  -0.2078037998816363  -0.1580099196147663  -0.1903349493633504
 -0.2562824017182189   0.0808123443523601   0.1903349493633363  -0.1903349493633433  -0.1914791165209773
global index=6  local index=4 (global=4, Rn=0)
  0.1599917054487890  -0.2179215328552149   0.2297022951976252  -0.2297022951976545  -0.2103925662090967
 -0.1458729450808291   0.0951144597837863  -0.2253238021266715   0.2253238021266967   0.2063821474514688
  0.3716209330632410  -0.3061994250907403   0.0557901946822148  -0.0557901946822084  -0.0511002391960613
 -0.1205272059359841   0.0596900210726697   0.0294196021305306   0.1456126510018446   0.1333718467654283
  0.1205272059359629  -0.0596900210727259   0.1456126510018289   0.0294196021305190  -0.1333718467654568
  0.1103951884027368  -0.0546722299825102   0.1333718467654355  -0.1333718467654338   0.0528721977576700
  0.2798038778373991  -0.0882292626232763  -0.1580099196147563  -0.2078037998816828  -0.1903349493633524
 -0.2798038778374329   0.0882292626233132  -0.2078037998816386  -0.1580099196147179   0.1903349493633462
 -0.2562824017182759   0.0808123443524074  -0.1903349493633393   0.1903349493633336  -0.1914791165209167
global index=6  local index=5 (global=5, Rn=0)
  0.0095922934195403   0.0428707609705124   0.1543265364255443   0.0181038211286851   0.0181038211286406   0.0175190442181068  -0.0701934608354936  -0.0701934608355127  -0.0679261209808240
  0.0428707609704582  -0.0235464081331397  -0.0852066825326768  -0.0100488318795467  -0.0100488318795394  -0.0097242415724036   0.0783220316673692   0.0783220316673204   0.0757921284286128
  0.1543265364255376  -0.0852066825326360   0.2992956000150173   0.0819670219355404   0.0819670219354908   0.0793193807820529  -0.1504074879446422  -0.1504074879445899  -0.1455491309436697
 -0.0181038211286553   0.0100488318795746  -0.0819670219354634  -0.0113006827111539  -0.0239244146513794  -0.0231516250183674   0.0332696283494427   0.0757170940291222   0.0732713336558578
 -0.0181038211286619   0.0100488318795444  -0.0819670219354660  -0.0239244146514290  -0.0113006827110838  -0.0231516250183312   0.0757170940291440   0.0332696283494727   0.0732713336558561
 -0.0175190442181686   0.0097242415724099  -0.0793193807820479  -0.0231516250183348  -0.0231516250183724  -0.0097800655528163   0.0732713336558209   0.0732713336558004   0.0284571088360118
  0.0701934608355498  -0.0783220316673313   0.1504074879446582   0.0332696283494763   0.0757170940291070   0.0732713336557851  -0.0384963688074441  -0.1622480206409385  -0.1570071990719039
  0.0701934608355541  -0.0783220316673423   0.1504074879446035   0.0757170940291309   0.0332696283494588   0.0732713336558645  -0.1622480206409486  -0.0384963688074600  -0.1570071990718764
  0.0679261209807472  -0.0757921284285960   0.1455491309436837   0.0732713336558622   0.0732713336558335   0.0284571088360774  -0.1570071990719115  -0.1570071990719222  -0.0281840110055963


Overlap matrix with position operator x
global index=1  local index=0 (global=1, Rn=0 0 0 0)
 -0.0000000559074417  -0.0000000399693550   1.0204010885735588   0.0000000130576654   0.0000000113671175
 -0.0000000399693550  -0.0000001086728512  -1.1501897509705112   0.0000000464947392   0.0000000363944810
  1.0204010885735588  -1.1501897509705115  -0.0000000497949567  -0.0000000005523931  -0.0000000004321520
  0.0000000130576654   0.0000000464947392  -0.0000000005523931  -0.0000000006238631   0.0000000030584606
  0.0000000113671175   0.0000000363944810  -0.0000000004321520   0.0000000030584606  -0.0000000017193175
global index=1  local index=1 (global=2, Rn=0 0 0 0)
  0.3879509518397433  -0.0914349672170680   0.1853226763772820  -0.3260029822004902   0.0000000291748996
 -0.5992105199021827   0.2531239627048942  -0.4842649580698663   0.3371200119108956   0.0000000097714929
  0.9951816327958317  -0.6501449253879361   0.1887573011878642  -0.8700036287354995   0.0000000278495453
  0.4838559206693439   0.1712400118870655   0.1887578335939144   0.1887578332459991   0.0000000342907895
  0.0000000059749640  -0.0000000505859507   0.0000000069160460   0.0000000127379106   0.5293809332851951
global index=1  local index=2 (global=3, Rn=0 0 0 0)
  0.2282551372671364  -0.1783278485209493  -0.0804077487625609   0.1034264431218171  -0.2955108524112734
 -0.4860659055749320   0.2953409683628976   0.0356418675043721  -0.1649814690942042   0.4713864035927368
  0.6190283002996598  -0.5075513871556664  -0.1413169298671948   0.2812953784036886  -0.8037195566075099
 -0.1334631535856280   0.0189908038300873   0.0478617898244465   0.2888754145879868   0.1592625304561113
  0.3813324034218036  -0.0542611086384704  -0.1367512221887387   0.1592626723407831  -0.1104308059610832
global index=1  local index=3 (global=4, Rn=0 0 0 0)
 -0.0773069686855824   0.0603972710593236   0.1899383179723954   0.1034264563453342   0.1000856033942400
  0.1646240820986508  -0.1000282200964582  -0.3956028767243012  -0.1649816352707074  -0.1596523777681919
  0.2701696676801393  -0.4579118245079614  -0.0978381045921055  -0.4003566927802827  -0.3874246463956790
 -0.1334631535865208   0.0189908038569148   0.2888754145287978   0.0478617898225617   0.1592625305109652
 -0.1291521928621008   0.0183775466423932   0.2795443269839737   0.1592626569072885   0.0374014767265554
global index=1  local index=4 (global=5, Rn=0 0 0 0)
 -0.2272973149521993   0.2338172145355943  -0.0642070273681682   0.0326184902051746  -0.1420377203187868  -0.1300974344320439  -0.1655859896793308   0.2089157660694866   0.1913534297913118
  0.4095326851889979  -0.3146766046501912   0.2063578573819321  -0.1606347394519941   0.1519642162613562   0.1391894465365482   0.3589147170774640  -0.2830168094990451  -0.2592252016195716
  0.5125881935722638  -0.2828653981557617   0.8404189503329320  -0.1448039193907967   0.3359989881446025   0.3077535018000337   0.0808226796785824  -0.5970941307171741  -0.5468998808207961
  0.3526532575716257  -0.2191830343089495  -0.1657545080323090  -0.0346250330238229  -0.0346250329475350   0.1884780147550082   0.1775022802156520   0.1775022801403898  -0.1478833790763392
  0.3230077557490497  -0.2007575635797486  -0.1518204003087290  -0.0317143155255359   0.1884780239685465  -0.0677677066252968   0.1625807286704309  -0.1478833886509642   0.2035066779287796
global index=1  local index=5 (global=6, Rn=0 0 0 0)
  0.3363944687642542  -0.1156162916564083  -0.0548605454098350   0.3329333151896253  -0.1309240132133371  -0.1404136179296918  -0.5681030803555414   0.0484112397043947   0.0519201342173888
 -0.2784627791221996   0.3561438793796757  -0.0760316220846738  -0.4487223187364740  -0.0016824821622128  -0.0018044104628163   0.8969949861404880  -0.1398407797035817  -0.1499766295217034
  0.6493465896365614  -0.4947428890352710   1.1443323907676428   0.3791890601712938  -0.2439139911965766  -0.2615932582657274  -0.0773009706941215   0.4109502163710813   0.4407364570854314
  0.2417228204691449  -0.0004812642479514  -0.1072238024918872   0.2299913880528031   0.2299913879061023  -0.0874717582255955  -0.2359696265195247  -0.2359696264195128   0.0087471712786189
  0.2592433919074447  -0.0005161910722254  -0.1149959869125404   0.2466615118887635  -0.0874717216888453   0.2177397339734206  -0.2530730548773793   0.0087471973594112  -0.2347444932205659
global index=2  local index=0 (global=2, Rn=0 0 0 0)
  0.0000000771168227   0.0000000864235888   1.0204010795025464  -0.0000000065554442   0.0000000040269769
  0.0000000864235888   0.0000000632771192  -1.1501897365725482  -0.0000000151418422  -0.0000000218294137
  1.0204010795025464  -1.1501897365725482   0.0000000571168199  -0.0000000030696202   0.0000000020538318
 -0.0000000065554442  -0.0000000151418422  -0.0000000030696202  -0.0000000031784167  -0.0000000013339701
  0.0000000040269769  -0.0000000218294137   0.0000000020538318  -0.0000000013339701  -0.0000000030887911
global index=2  local index=1 (global=1, Rn=0 0 0 0)
 -0.3879509544165423   0.0914350472880821   0.1853227074810432  -0.3260030046454517   0.0000000157408822
  0.5992106749414389  -0.2531240774094662  -0.4842648137113795   0.3371201235636205  -0.0000000653233078
  0.9951816313673085  -0.6501451910578460  -0.1887581611094736   0.8700038333997870  -0.0000000250723551
  0.4838559727895675   0.1712397789229231  -0.1887576289296515  -0.1887576290513422  -0.0000000192504905
  0.0000000185093205  -0.0000000483561652   0.0000000069351363   0.0000000133763805  -0.5293809079680472
global index=2  local index=2 (global=3, Rn=0 0 0 0)
  0.0773069715128455  -0.0603973170716877   0.1899382945715153   0.1034264053847164  -0.1000856004254336
 -0.1646240355227382   0.1000281733561364  -0.3956028205793634  -0.1649814337245995   0.1596523254667703
  0.2701696360126869  -0.4579117277919526   0.0978381552671976   0.4003566189475650  -0.3874246091165940
 -0.1334632143306929   0.0189909171810220  -0.2888754020306079  -0.0478619260047520   0.1592625223892975
  0.1291521819670359  -0.0183775196763979   0.2795443241595026   0.1592625196862901  -0.0374014161650758
global index=2  local index=3 (global=4, Rn=0 0 0 0)
 -0.2282552134763208   0.1783280021299500  -0.0804077378655721   0.1034264181295125   0.2955109952340663
  0.4860660119514836  -0.2953413464041612   0.0356421514284553  -0.1649814049353109  -0.4713868216357589
  0.6190283545871907  -0.5075516922969698   0.1413157964589464  -0.2812954461690173  -0.8037200316931599
 -0.1334632144048208   0.0189909171090875  -0.0478619259229283  -0.2888754020065489   0.1592625224224681
 -0.3813324878493850   0.0542612793692090  -0.1367515843450720   0.1592625600153072   0.1104308971365988
global index=2  local index=4 (global=5, Rn=0 0 0 0)
 -0.0417172013233314   0.0107789512708923  -0.1822856814579070  -0.0377075424254732  -0.0583917230489879  -0.0269028591043819   0.0902403971260885   0.1551148644123072   0.0714662588744701
  0.1143375542095949  -0.0868262369819009   0.3330996491358330   0.0903977666334962   0.1436838949340052   0.0661994826405525  -0.1655579390870279  -0.3235491094338964  -0.1490690618186125
  0.1146154597604129  -0.0404665562121756   0.4738615241116677   0.0826868560485400   0.1715882181152814   0.0790559847155621  -0.1770610816569120  -0.4341748889480535  -0.2000379713083940
  0.0988330034400797  -0.1351582622705885   0.1563478363225133   0.0953455444499096   0.0953455444544845   0.0644084289276742  -0.1816961625591831  -0.1816961625856566  -0.1429432989084209
  0.0455355177860012  -0.0622717036414300   0.0720348520575457   0.0439287103744483   0.0644085597635066  -0.0147757231200448  -0.0837131727370085  -0.1429434152362278   0.0626986062408090
global index=2  local index=5 (global=6, Rn=0 0 0 0)
 -0.3363944414458256   0.1156162024208652   0.0548606369496883   0.3329333142945641  -0.1309240558090535   0.1404136313188382  -0.5681030727697451   0.0484112365902566  -0.0519201564256747
  0.2784629228186159  -0.3561438602233134   0.0760312470455759  -0.4487223983461390  -0.0016824775728418   0.0018044318295482   0.8969949642344679  -0.1398408179850537   0.1499767589650625
  0.6493467068940739  -0.4947426535674776   1.1443334518222985  -0.3791890149463861   0.2439140295720065  -0.2615932888285199   0.0773011348869640  -0.4109502200877236   0.4407364823974584
  0.2417229092648936  -0.0004810681248201  -0.1072241394135707  -0.2299913852346797  -0.2299913853837083  -0.0874717513559451   0.2359695931342816   0.2359695931777312   0.0087472749215549
 -0.2592434140415442   0.0005163569950392   0.1149959972084290   0.2466614874356138  -0.0874717461956002  -0.2177397350013901  -0.2530730567270820   0.0087472418196421   0.2347444324245432
global index=3  local index=0 (global=3, Rn=0 0 0 0)
  0.0000000333127983   0.0000000228601723   1.0204010914915065   0.0000000035069784  -0.0000000002214975
  0.0000000228601722   0.0000000273136785  -1.1501896463566648   0.0000000108076650  -0.0000000013097898
  1.0204010914915065  -1.1501896463566648   0.0000000340213923   0.0000000045804001  -0.0000000003342567
  0.0000000035069783   0.0000000108076650   0.0000000045804002   0.0000000044887993  -0.0000000001460955
 -0.0000000002214975  -0.0000000013097898  -0.0000000003342567  -0.0000000001460955  -0.0000000008538076
global index=3  local index=1 (global=1, Rn=0 0 0 0)
 -0.2282552446511550   0.1783281537299989  -0.0804076578240677   0.1034264656850853  -0.2955110244889042
  0.4860660719634179  -0.2953415753609220   0.0356420471827598  -0.1649815548271686   0.4713868600752933
  0.6190284710477590  -0.5075521698506001   0.1413153698744966  -0.2812956140963832   0.8037203373839936
 -0.1334632201977556   0.0189909075374771  -0.0478619834693295  -0.2888754902075308  -0.1592624598133857
  0.3813325464360930  -0.0542613839433259   0.1367516880226566  -0.1592625358833754   0.1104308678753820
global index=3  local index=2 (global=2, Rn=0 0 0 0)
 -0.0773069735556534   0.0603972909147589   0.1899383036995883   0.1034264344577066  -0.1000855752569055
  0.1646240379520280  -0.1000280661013144  -0.3956027254932618  -0.1649815208765197   0.1596523073027063
  0.2701696370623273  -0.4579118015968917  -0.0978383239909560  -0.4003565844985251   0.3874244833802906
 -0.1334632080252705   0.0189909773408426   0.2888754688965296   0.0478618981653682  -0.1592624675548973
  0.1291522251978006  -0.0183776238109084  -0.2795444438613521  -0.1592625749851552   0.0374014622852710
global index=3  local index=3 (global=4, Rn=0 0 0 0)
 -0.1038535077500891   0.1401978276137623  -0.1134183004183963   0.1935780527849810   0.0000000016750455
  0.2500716486193600  -0.2760614363635725   0.2135915813602194  -0.4023719698865459  -0.0000000037114578
  0.2858584462608717  -0.3647238855707411   0.2398327671577037  -0.5539322283718822  -0.0000000040430914
 -0.2056987520787476   0.1759434965673104  -0.2398333188476819   0.2398330558671698   0.0000000022840392
  0.0000000014110916  -0.0000000028636266   0.0000000004765190  -0.0000000023085105  -0.1570492712608356
global index=3  local index=4 (global=5, Rn=0 0 0 0)
 -0.0129354977358088  -0.0185154858942000  -0.1306761030815168  -0.0217634949304539  -0.0055591835059968  -0.0265766522388955   0.0685820886719782   0.0182486762257529   0.0872418371232036
  0.0357919609105032   0.0082783620551096   0.2833081188111178   0.0560172641332995   0.0144542674595430   0.0691014931811475  -0.1682073003047189  -0.0459405586252348  -0.2196291578446477
  0.0372863519192228   0.0347277684855268   0.3468513893523112   0.0554223305913840   0.0169795510259147   0.0811736837099720  -0.1703163984268988  -0.0561828558868654  -0.2685945364845985
  0.0065138904681065  -0.0035396776548069   0.0409012484821422   0.0114373195945214  -0.0122897928435567   0.0136720748727167  -0.0348498058687191   0.0475374245157940  -0.0436290119708995
  0.0311410468850430  -0.0169226020626658   0.1955363997282684   0.0546784977088726   0.0136721981826061   0.0502125831763927  -0.1666069011101197  -0.0436289165699294  -0.1519142210389103
global index=3  local index=5 (global=6, Rn=0 0 0 0)
 -0.2272971889343712   0.2338173577905773  -0.0642069400739277   0.0326184680916411   0.1420376994206050  -0.1300974249806027  -0.1655860063617452  -0.2089157666311026   0.1913534215587144
  0.4095324920998878  -0.3146768404112155   0.2063578258038229  -0.1606347176010293  -0.1519641748089317   0.1391894945693208   0.3589146842951566   0.2830168163585836  -0.2592252045619912
  0.5125879913027970  -0.2828655874659529   0.8404180536586633  -0.1448039620638114  -0.3359989775640961   0.3077535207486785   0.0808227224883552   0.5970942148920092  -0.5468999959266305
 -0.3526530100309525   0.2191828403652603   0.1657536079977656   0.0346249905546405  -0.0346249856468316  -0.1884780140785638  -0.1775022489418532   0.1775021978199365   0.1478834540095628
  0.3230075134810382  -0.2007577175236290  -0.1518198408212877  -0.0317142804276766  -0.1884779907327219  -0.0677676716743809   0.1625806692638410   0.1478834572250892   0.2035066636788584
global index=4  local index=0 (global=4, Rn=0 0 0 0)
 -0.0000000937429331  -0.0000000657053023   1.0204010690048992   0.0000000036995914  -0.0000000001928159
 -0.0000000657053023  -0.0000001626684031  -1.1501898274679436   0.0000000109344926   0.0000000005970654
  1.0204010690048992  -1.1501898274679434  -0.0000000613416096   0.0000000042209795  -0.0000000000951514
  0.0000000036995914   0.0000000109344925   0.0000000042209795   0.0000000048812386  -0.0000000001268787
 -0.0000000001928159   0.0000000005970654  -0.0000000000951514  -0.0000000001268787   0.0000000001131316
global index=4  local index=1 (global=1, Rn=0 0 0 0)
  0.0773069813351550  -0.0603972842233838   0.1899383274848855   0.1034264343733943   0.1000856078098240
 -0.1646240482460520   0.1000280434865758  -0.3956028514959963  -0.1649815346373016  -0.1596523777192337
  0.2701696730864120  -0.4579118558239717   0.0978383861442682   0.4003566029384534   0.3874245216386634
 -0.1334632202443246   0.0189909074571305  -0.2888754901296091  -0.0478619833868917  -0.1592624598637199
 -0.1291521874343261   0.0183774852309847  -0.2795444740315430  -0.1592624795932312  -0.0374014130928488
global index=4  local index=2 (global=2, Rn=0 0 0 0)
  0.2282551538200700  -0.1783279295910725  -0.0804077831376159   0.1034263815931666   0.2955108117775746
 -0.4860660238157583   0.2953411260868902   0.0356420360103691  -0.1649815280196374  -0.4713864018146440
  0.6190282954015610  -0.5075514971824893  -0.1413166537482876   0.2812953226931603   0.8037195927802193
 -0.1334632079190172   0.0189909773590246   0.0478618981605524   0.2888754688985932  -0.1592624675173474
 -0.3813325063474254   0.0542612206446908   0.1367514706096292  -0.1592625229273999  -0.1104307431317964
global index=4  local index=3 (global=3, Rn=0 0 0 0)
  0.1038533736757965  -0.1401975305203331  -0.1134183586388587   0.1935776458945984   0.0000000000162108
 -0.2500713515259351   0.2760607953360298   0.2135915809878901  -0.4023711344677920   0.0000000000445585
  0.2858580975549487  -0.3647230496748836  -0.2398336076158201   0.5539307840993904   0.0000000008473183
 -0.2056987521147501   0.1759434966720926   0.2398330560343918  -0.2398333189063553   0.0000000020605128
  0.0000000002801647  -0.0000000008032727   0.0000000003259319   0.0000000026548384   0.1570492519223471
global index=4  local index=4 (global=5, Rn=0 0 0 0)
 -0.0025622103031300  -0.0036675756740236  -0.0258838592230796   0.0052010365708672  -0.0055591438594269  -0.0052641943900335  -0.0199331081272994   0.0182486979136803   0.0172804954113662
  0.0070895384531901   0.0016397330771672   0.0561166933734690  -0.0140927437270111   0.0144542427795749   0.0136873434271394   0.0546275513067855  -0.0459406816596887  -0.0435032438563275
  0.0056907324337725   0.0518970863960559   0.1484593010395547  -0.0028937948057235   0.0156897401198415   0.0148573003266924   0.0105302243194746  -0.0601642361814180  -0.0569721503816478
  0.0065138904662132  -0.0035396776430681   0.0409012484584271  -0.0122897928402884   0.0114373195898205   0.0136720748659217   0.0475374245138839  -0.0348498058440350  -0.0436290119374783
  0.0061682887800236  -0.0033518960768612   0.0387312531489024  -0.0116377426436558   0.0136720810923390   0.0099458928285251   0.0450152686515287  -0.0436289953757065  -0.0300905398569655
global index=4  local index=5 (global=6, Rn=0 0 0 0)
  0.2272971557576868  -0.2338172863682265   0.0642067556383995   0.0326184354629543   0.1420376886744694   0.1300974041522765  -0.1655858893846082  -0.2089157460601871  -0.1913534052932821
 -0.4095324598868347   0.3146768361942555  -0.2063581990444807  -0.1606346586292544  -0.1519642096754187  -0.1391894754731982   0.3589146081247792   0.2830168877211128   0.2592251709264824
  0.5125878739987102  -0.2828664162495942   0.8404165499057173   0.1448039090581706   0.3359989484883407   0.3077534780770075  -0.0808223731681628  -0.5970940872732984  -0.5468998290148117
 -0.3526530099187924   0.2191828404398291   0.1657536078908422  -0.0346249855602849   0.0346249905947026  -0.1884780141690484   0.1775021977204359  -0.1775022490643658   0.1478834542356746
 -0.3230074729691989   0.2007579010009213   0.1518192377200713  -0.0317142702588860  -0.1884780127899408   0.0677676925141048   0.1625806824063135   0.1478834470136703  -0.2035066884369869
global index=5  local index=0 (global=5, Rn=0 0 0 0)
  0.0000001443742449   0.0000001294812285   0.0000000261434486   0.6789360571068290   0.0000000014059910   0.0000000225628220  -0.1575848501616313   0.0000000040895813   0.0000000097451149
  0.0000001294812285  -0.0000000794951479  -0.0000005994473828  -0.3478248849810640  -0.0000000467522869  -0.0000000819755726   0.7313687782173097   0.0000001263123807   0.0000002815260078
  0.0000000261434486  -0.0000005994473828   0.0000014402257444   0.3262113228403631  -0.0000000289364125  -0.0000000887403559  -1.5243144746389228  -0.0000000330349767  -0.0000000836313598
  0.6789360571068291  -0.3478248849810640   0.3262113228403631  -0.0000000235253367  -0.0000000059764415  -0.0000000157297316   0.0000000220967603   0.0000000083174428   0.0000000135189726
  0.0000000014059910  -0.0000000467522869  -0.0000000289364125  -0.0000000059764415  -0.0000000056917668  -0.0000000054336961   0.0000000084654751   0.0000000085079680  -0.0000000059154477
  0.0000000225628220  -0.0000000819755726  -0.0000000887403559  -0.0000000157297316  -0.0000000054336961  -0.0000000090190414   0.0000000131829415  -0.0000000058223617  -0.0000000002007407
 -0.1575848501616313   0.7313687782173098  -1.5243144746389230   0.0000000220967602   0.0000000084654751   0.0000000131829415   0.0000000293864529   0.0000000133334914   0.0000000280840094
  0.0000000040895813   0.0000001263123807  -0.0000000330349768   0.0000000083174428   0.0000000085079680  -0.0000000058223617   0.0000000133334914   0.0000000134289151  -0.0000000144898840
  0.0000000097451149   0.0000002815260078  -0.0000000836313598   0.0000000135189726  -0.0000000059154477  -0.0000000002007407   0.0000000280840094  -0.0000000144898840  -0.0000000018465598
global index=5  local index=1 (global=1, Rn=0 0 0 0)
  0.1114788951486358  -0.0519077672712290   0.0262024789400316  -0.1337324570605878  -0.1224903560201763
 -0.0750620354796824  -0.1132776158295900   0.1942490860840676   0.2579314499308827   0.2362484574700472
  0.7226880666957677  -0.4420131274931775   0.7222859206641832  -0.2838875377010731  -0.2600224332590357
  0.2878300456821368  -0.2870260320065225  -0.0825087807896955  -0.3429539155469304  -0.3141237927023449
  0.1131738351581712   0.0255729237068272   0.0276701056215033   0.0276701056535823  -0.0939314532082658
  0.1036599744803904   0.0234231544266175   0.0253440351531008  -0.0939314518919201   0.0441873504604495
 -0.7580593720721210   0.5457362834620941  -0.2537578775657122   0.6175181337825592   0.5656070063834313
 -0.3835576163233048  -0.0961952431144125  -0.1570782771502715  -0.1570782771038934   0.2551428890620320
 -0.3513141828948522  -0.0881086462204889  -0.1438735970465539   0.2551429046979034  -0.2019435067880765
global index=5  local index=2 (global=2, Rn=0 0 0 0)
  0.0198562439182432  -0.0411717532658929  -0.0323584966158647  -0.0481409529361976  -0.0221800612390796
  0.1401760942231942  -0.0515188271222578  -0.0062730283491868  -0.1009647344076020  -0.0465184042156389
  0.4276960170694564  -0.4223594193011215  -0.2695642337095739  -0.5870779214987160  -0.2704850399454276
  0.0597549849288112  -0.1017570886706630  -0.0667795094359038  -0.1303634946996866  -0.0600625924543042
  0.0390708043052942  -0.0484709603701519  -0.0541208210343144  -0.0541208210299559  -0.0395827430652446
  0.0180011421857959  -0.0223320861046469  -0.0249351598024500  -0.0395827155903393   0.0135549672685064
 -0.2160670199328085   0.3347129519049715   0.2082688997965540   0.4561125452304446   0.2101454701841999
 -0.1511925526465856   0.1767217815581078   0.2036338188415799   0.2036338188678078   0.1509152276849785
 -0.0696591563184055   0.0814212443547366   0.0938205066922101   0.1509151790921782  -0.0543904925015369
global index=5  local index=3 (global=3, Rn=0 0 0 0)
  0.0076353792034147  -0.0186643394082992  -0.0167902926258496  -0.0041973886665531  -0.0200664765133726
  0.0787874857386498  -0.0987213015661463  -0.0845923592672187  -0.0271746747851002  -0.1299115890292536
  0.2157216016906394  -0.3561378771227363  -0.3122908090317849  -0.0896592974724080  -0.4286338642072269
  0.0259680750264643  -0.0553070447629902  -0.0446999030114737  -0.0139365974353942  -0.0666267009996043
  0.0038953304530320  -0.0075964213792050  -0.0083944832731558   0.0106637783304091  -0.0103555569313597
  0.0186225010121682  -0.0363164556288919  -0.0401316268304867  -0.0103555913631751  -0.0366771251394052
 -0.0978331673688856   0.2118397878470125   0.1718584272218782   0.0542598709156576   0.2594007265023618
 -0.0147141559194501   0.0293374924333201   0.0329267852628407  -0.0425137555770444   0.0407528545563814
 -0.0703441606685176   0.1402542986899900   0.1574134155172132   0.0407528571881272   0.1437896368163683
global index=5  local index=4 (global=4, Rn=0 0 0 0)
  0.0015123849346646  -0.0036969429691852   0.0035690860362116  -0.0041973902920283  -0.0039746881866314
  0.0156057993021547  -0.0195543230209219   0.0472155627528542  -0.0271741209266864  -0.0257322928668228
  0.0427291825260723  -0.0705421562981672   0.1225984016543697  -0.0896589445027317  -0.0849018419553324
  0.0070737480584204  -0.0184604540583656   0.0016527547688104  -0.0173157778590171  -0.0163970621831937
  0.0038953304546009  -0.0075964213812069   0.0106637783293089  -0.0083944832759910  -0.0103555569338662
  0.0036886691720427  -0.0071934130650858   0.0100979983917611  -0.0103555853115061  -0.0072648655053523
 -0.0264622512104981   0.0695383200241262  -0.0073067454241167   0.0651878980713752   0.0617292650360160
 -0.0147141559191356   0.0293374924354589  -0.0425137555655562   0.0329267852658594   0.0407528545504003
 -0.0139334950296988   0.0277810004901591  -0.0402581345792397   0.0407529022423417   0.0284812718637696
global index=5  local index=5 (global=6, Rn=0 0 0 0)
  0.0151725860969288  -0.0103043843905942   0.0742566024460510  -0.0106908539579937  -0.0216225678351795  -0.0209241298217305   0.0314295709156679   0.0697203629099485   0.0674683086798403
  0.1459266842994086  -0.0372448166241523   0.0040126997158582   0.0402642445586445  -0.0266460133219830  -0.0257855647879996  -0.1288048335910930  -0.0383558581182053  -0.0371167977551094
  0.4139561313504959  -0.2735618086391234   0.4734218337098485  -0.0232585886505519  -0.2440642951433900  -0.2361807464498332  -0.0630721947951574   0.4338205682044378   0.4198074295160679
  0.0465804900965706   0.0084746253071110   0.2360402888288007  -0.0178746640439896  -0.0578098407657292  -0.0559425109476229   0.0552608338418593   0.1609288643393807   0.1557306496177438
  0.0356487789057352  -0.0584356089341685   0.0152346350138887  -0.0178746801358957  -0.0178746801232582  -0.0366199018048293   0.0266464964737996   0.0266464964738540   0.0769131833685505
  0.0344972765396170  -0.0565480554532126   0.0147422373318659  -0.0172973031726468  -0.0366198971508951  -0.0154694383063938   0.0257857739485896   0.0769131808573861   0.0215947891268544
 -0.1906267484230559   0.1189673185297219  -0.5388828142591624   0.0499869369641067   0.2128836507246017   0.2060072466630045  -0.0608912460382466  -0.4523785079246044  -0.4377661005947402
 -0.1523359751834435   0.2094158656243069  -0.0419911929142366   0.0786013338390531   0.0786013339322175   0.1548798587972516  -0.0608912801208500  -0.0608912800827892  -0.2483453119367099
 -0.1474153284759923   0.2026516790814375  -0.0406343058417221   0.0760624064407556   0.1548798423980593   0.0684286499121535  -0.0589243542929087  -0.2483452479310760  -0.0445797793626002
global index=6  local index=0 (global=6, Rn=0 0 0 0)
 -0.0000005125239366  -0.0000003696884743   0.0000001206804855   0.6789352678574033   0.0000000008040239  -0.0000000109354862  -0.1575852782126241  -0.0000000046163832   0.0000000048971791
 -0.0000003696884743  -0.0000002821553000   0.0000002296808260  -0.3478255807442158   0.0000000609171291   0.0000000090937408   0.7313696284181925  -0.0000000989581816  -0.0000000235844566
  0.0000001206804855   0.0000002296808260   0.0000003435132612   0.3262117199257936   0.0000000778440732  -0.0000000671193310  -1.5243152982980590  -0.0000001184189868   0.0000000561067226
  0.6789352678574033  -0.3478255807442158   0.3262117199257936   0.0000000517513075  -0.0000000039947421   0.0000000101561356   0.0000000271954085   0.0000000003604360  -0.0000000017276932
  0.0000000008040239   0.0000000609171291   0.0000000778440732  -0.0000000039947421  -0.0000000041252779  -0.0000000078057395   0.0000000001170383   0.0000000001376184   0.0000000051277760
 -0.0000000109354862   0.0000000090937408  -0.0000000671193310   0.0000000101561356  -0.0000000078057395   0.0000000231062078  -0.0000000015329631   0.0000000051890722   0.0000000117530178
 -0.1575852782126241   0.7313696284181925  -1.5243152982980590   0.0000000271954086   0.0000000001170383  -0.0000000015329631   0.0000000117329203   0.0000000332259687  -0.0000000138947867
 -0.0000000046163832  -0.0000000989581816  -0.0000001184189867   0.0000000003604360   0.0000000001376184   0.0000000051890722   0.0000000332259687   0.0000000331441929   0.0000000152108497
  0.0000000048971791  -0.0000000235844566   0.0000000561067226  -0.0000000017276932   0.0000000051277760   0.0000000117530178  -0.0000000138947867   0.0000000152108497  -0.0000000003337312
global index=6  local index=1 (global=1, Rn=0 0 0 0)
 -0.2055654666969761  -0.1004730918884785   0.3068012515950917  -0.1008225175723005  -0.1081303052882441
  0.2638113745282110   0.2309436987113591  -0.3570492828071283   0.1372123419801846   0.1471575819723954
 -0.3667829796812713   0.4636164563178292   1.2112743460199449  -0.0402818472396025  -0.0432016398557757
  0.5749674711498639  -0.3289071727959695   0.0298027792726275   0.3545104863777142   0.3802059500155763
  0.1111101427468998   0.1181326637782889  -0.1193948928716633  -0.1193948929925639   0.0460727164379660
  0.1191635558986816   0.1266951073024417  -0.1280487967313421   0.0460727033087921  -0.1129417570965436
 -0.7983594889781357   0.9754788182390191   0.5089865826033416  -0.2966019160090286  -0.3181000453095844
 -0.1818451689181722  -0.0613569476050152   0.3503179268815711   0.3503179268779599  -0.0562797930727887
 -0.1950255862143633  -0.0658041785093284   0.3757094768651849  -0.0562798089416306   0.3424350679016528
global index=6  local index=2 (global=2, Rn=0 0 0 0)
  0.2055653831713711   0.1004731438889910   0.3068013628810137  -0.1008224347481639   0.1081301661300832
 -0.2638115407603542  -0.2309436494118033  -0.3570490857255916   0.1372124997170671  -0.1471574267828510
  0.3667832833464812  -0.4636168958754180   1.2112754986100283  -0.0402820926258615   0.0432015261368274
  0.5749675067232646  -0.3289072441866114  -0.0298027245378289  -0.3545105096707278   0.3802059273415415
  0.1111101366196478   0.1181326765866671   0.1193949051359490   0.1193949050248375   0.0460726937103263
 -0.1191635843446773  -0.1266951119997211  -0.1280488313943904   0.0460727060781874   0.1129417520926760
 -0.7983594726260816   0.9754787710547216  -0.5089864164562043   0.2966018550799773  -0.3181000707133333
 -0.1818451632660610  -0.0613570111647835  -0.3503179581420388  -0.3503179581654212  -0.0562797721666000
  0.1950255500185636   0.0658042899038920   0.3757094727179188  -0.0562797347579886  -0.3424351379639967
global index=6  local index=3 (global=3, Rn=0 0 0 0)
  0.1114788921180784  -0.0519077162166387   0.0262025000746095   0.1337324176455918  -0.1224903146564568
 -0.0750621464280932  -0.1132773188967140   0.1942493144711199  -0.2579318156540262   0.2362487477940095
  0.7226873737465208  -0.4420120337996037   0.7222853057500871   0.2838861019887023  -0.2600216283239861
  0.2878300191299422  -0.2870259649390067  -0.0825088382507596   0.3429538329770878  -0.3141237210784460
 -0.1131738623267430  -0.0255729623252824  -0.0276701332374011   0.0276701060421044   0.0939314278253519
  0.1036599911298100   0.0234231591177248   0.0253440563130357   0.0939314265459417   0.0441873595357623
 -0.7580593576308379   0.5457363390248869  -0.2537578907685039  -0.6175181050754786   0.5656069766128563
  0.3835576052846429   0.0961952329660748   0.1570783641886775  -0.1570782311957901  -0.2551428604325941
 -0.3513141494175741  -0.0881085929480639  -0.1438737079003362  -0.2551428488817367  -0.2019435070663150
global index=6  local index=4 (global=4, Rn=0 0 0 0)
 -0.1114789252947560   0.0519077484296939   0.0262024463221669   0.1337324813094010   0.1224903551682895
  0.0750622178504430   0.1132773146797605   0.1942482397696915  -0.2579320614972421  -0.2362485643167157
 -0.7226875581820619   0.4420116605589344   0.7222840559147856   0.2838863557994197   0.2600210252227652
  0.2878299972103026  -0.2870258711128987   0.0825088173692333  -0.3429538298869834  -0.3141236888169658
 -0.1131738623638320  -0.0255729623374399   0.0276701060658890  -0.0276701332183512   0.0939314278608242
 -0.1036600119581304  -0.0234231400216032   0.0253440374525095   0.0939314502666013  -0.0441873386960371
 -0.7580592613003367   0.5457361915172865   0.2537580558475830   0.6175180484237703   0.5656070000639977
  0.3835576052088934   0.0961952329913767  -0.1570782311396772   0.1570783641924928  -0.2551428603353439
  0.3513141656830120   0.0881085593125586  -0.1438735261235069  -0.2551428337906128   0.2019434823081976
global index=6  local index=5 (global=5, Rn=0 0 0 0)
 -0.0151725660484517   0.0103042780209629  -0.0742562487105262  -0.0106908397181028  -0.0216225509089378  -0.0209241170014463   0.0314296003067872   0.0697203735464011   0.0674683194856537
 -0.1459260447383554   0.0372460840160888  -0.0040112051818449   0.0402654327321761  -0.0266448015091068  -0.0257840836345024  -0.1288039001592060  -0.0383553530646158  -0.0371160087312285
 -0.4139573639171220   0.2735630134766973  -0.4734168018248644  -0.0232615854683020  -0.2440672392832067  -0.2361831208715243  -0.0630730707507656   0.4338185505941624   0.4198044608581993
  0.0465804625270380   0.0084747206695130   0.2360401307294775   0.0178746884868229   0.0578098330266066   0.0559425020475578  -0.0552609114233897  -0.1609288313516050  -0.1557306251497156
  0.0356487486498526  -0.0584355372111149   0.0152344242366431   0.0178746723967740   0.0178746724075522   0.0366199080693080  -0.0266465144660573  -0.0266465144552768  -0.0769131891924147
  0.0344972496969368  -0.0565480224626842   0.0147423726973988   0.0172972988843234   0.0366199080271155   0.0154694432894924  -0.0257857997933811  -0.0769131876591341  -0.0215947662892348
 -0.1906267134509145   0.1189672798680153  -0.5388837918548370  -0.0499868989498613  -0.2128836041545051  -0.2060072482682929   0.0608912740552327   0.4523784678214214   0.4377662500765619
 -0.1523359214566323   0.2094162553409074  -0.0419910288552435  -0.0786012362889266  -0.0786012363178563  -0.1548798413594964   0.0608912400176630   0.0608912400106896   0.2483453564383961
 -0.1474152620451790   0.2026517617492553  -0.0406346628159614  -0.0760623204860988  -0.1548797867352923  -0.0684286489290191   0.0589244324199326   0.2483452210779646   0.0445798033881103


Overlap matrix with position operator y
global index=1  local index=0 (global=1, Rn=0 0 0 0)
 -0.0000000559074397  -0.0000000399693620   0.0000000130576654   1.0204010885735446   0.0000000113671175
 -0.0000000399693620  -0.0000001086728499   0.0000000464947391  -1.1501897509704988   0.0000000363944810
  0.0000000130576655   0.0000000464947391  -0.0000000006238553  -0.0000000005523931   0.0000000030584606
  1.0204010885735446  -1.1501897509704990  -0.0000000005523932  -0.0000000497949573  -0.0000000004321520
  0.0000000113671175   0.0000000363944810   0.0000000030584606  -0.0000000004321520  -0.0000000017193168
global index=1  local index=1 (global=2, Rn=0 0 0 0)
  0.3879509518397394  -0.0914349672170700  -0.3260029822004885   0.1853226763772817   0.0000000291748996
 -0.5992105199021939   0.2531239627049043   0.3371200119109066  -0.4842649580698662   0.0000000097714929
  0.4838559206693528   0.1712400118870638   0.1887578332459978   0.1887578335939172   0.0000000342907895
  0.9951816327958375  -0.6501449253879359  -0.8700036287355046   0.1887573011878602   0.0000000278495453
  0.0000000059749640  -0.0000000505859507   0.0000000127379106   0.0000000069160460   0.5293809332851988
global index=1  local index=2 (global=3, Rn=0 0 0 0)
 -0.0773069686855826   0.0603972710593256   0.1034264563453347   0.1899383179723944   0.1000856033942386
  0.1646240820986495  -0.1000282200964578  -0.1649816352707073  -0.3956028767243007  -0.1596523777681848
 -0.1334631535865203   0.0189908038569147   0.0478617898225611   0.2888754145288052   0.1592625305109587
  0.2701696676801392  -0.4579118245079618  -0.4003566927802800  -0.0978381045921004  -0.3874246463956866
 -0.1291521928621050   0.0183775466423949   0.1592626569072939   0.2795443269839731   0.0374014767265544
global index=1  local index=3 (global=4, Rn=0 0 0 0)
  0.2282551372671377  -0.1783278485209477   0.1034264431218164  -0.0804077487625619  -0.2955108524112711
 -0.4860659055749325   0.2953409683628963  -0.1649814690942032   0.0356418675043735   0.4713864035927404
 -0.1334631535856243   0.0189908038300871   0.2888754145879823   0.0478617898244469   0.1592625304561115
  0.6190283002996542  -0.5075513871556705   0.2812953784036906  -0.1413169298671982  -0.8037195566075228
  0.3813324034218019  -0.0542611086384711   0.1592626723407788  -0.1367512221887383  -0.1104308059610816
global index=1  local index=4 (global=5, Rn=0 0 0 0)
 -0.2272973149521955   0.2338172145355910  -0.0642070273681688  -0.1420377203187857   0.0326184902051802  -0.1300974344320435   0.2089157660694811  -0.1655859896793286   0.1913534297913097
  0.4095326851889969  -0.3146766046501918   0.2063578573819276   0.1519642162613566  -0.1606347394519993   0.1391894465365486  -0.2830168094990471   0.3589147170774614  -0.2592252016195760
  0.3526532575716247  -0.2191830343089526  -0.1657545080323092  -0.0346250329475327  -0.0346250330238231   0.1884780147550065   0.1775022801403919   0.1775022802156556  -0.1478833790763367
  0.5125881935722549  -0.2828653981557669   0.8404189503329401   0.3359989881446114  -0.1448039193908075   0.3077535018000250  -0.5970941307171695   0.0808226796785778  -0.5468998808207981
  0.3230077557490474  -0.2007575635797492  -0.1518204003087305   0.1884780239685467  -0.0317143155255327  -0.0677677066252954  -0.1478833886509672   0.1625807286704308   0.2035066779287810
global index=1  local index=5 (global=6, Rn=0 0 0 0)
  0.3363944687642534  -0.1156162916564070  -0.0548605454098378  -0.1309240132133336   0.3329333151896319  -0.1404136179296911   0.0484112397043942  -0.5681030803555378   0.0519201342173901
 -0.2784627791221975   0.3561438793796823  -0.0760316220846784  -0.0016824821622127  -0.4487223187364670  -0.0018044104628163  -0.1398407797035778   0.8969949861404819  -0.1499766295217047
  0.2417228204691499  -0.0004812642479534  -0.1072238024918869   0.2299913879060972   0.2299913880528030  -0.0874717582255964  -0.2359696264195142  -0.2359696265195227   0.0087471712786191
  0.6493465896365495  -0.4947428890352603   1.1443323907676386  -0.2439139911965702   0.3791890601712953  -0.2615932582657288   0.4109502163710717  -0.0773009706941216   0.4407364570854346
  0.2592433919074495  -0.0005161910722207  -0.1149959869125430  -0.0874717216888467   0.2466615118887680   0.2177397339734174   0.0087471973594105  -0.2530730548773815  -0.2347444932205636
global index=2  local index=0 (global=2, Rn=0 0 0 0)
  0.0000000771168211   0.0000000864235821  -0.0000000065554444   1.0204010795025167   0.0000000040269769
  0.0000000864235821   0.0000000632771199  -0.0000000151418422  -1.1501897365725364  -0.0000000218294137
 -0.0000000065554444  -0.0000000151418422  -0.0000000031784078  -0.0000000030696172  -0.0000000013339701
  1.0204010795025167  -1.1501897365725364  -0.0000000030696172   0.0000000571168238   0.0000000020538318
  0.0000000040269769  -0.0000000218294137  -0.0000000013339701   0.0000000020538318  -0.0000000030887894
global index=2  local index=1 (global=1, Rn=0 0 0 0)
 -0.3879509544165493   0.0914350472880836  -0.3260030046454455   0.1853227074810449   0.0000000157408822
  0.5992106749414267  -0.2531240774094615   0.3371201235636179  -0.4842648137113900  -0.0000000653233078
  0.4838559727895558   0.1712397789229234  -0.1887576290513382  -0.1887576289296485  -0.0000000192504905
  0.9951816313673035  -0.6501451910578393   0.8700038333997624  -0.1887581611094769  -0.0000000250723551
  0.0000000185093205  -0.0000000483561652   0.0000000133763805   0.0000000069351363  -0.5293809079680428
global index=2  local index=2 (global=3, Rn=0 0 0 0)
 -0.2282552134763203   0.1783280021299438   0.1034264181295155  -0.0804077378655729   0.2955109952340662
  0.4860660119514934  -0.2953413464041641  -0.1649814049353112   0.0356421514284556  -0.4713868216357516
 -0.1334632144048197   0.0189909171090859  -0.2888754020065485  -0.0478619259229306   0.1592625224224665
  0.6190283545871842  -0.5075516922969605  -0.2812954461690148   0.1413157964589478  -0.8037200316931673
 -0.3813324878493831   0.0542612793692104   0.1592625600153091  -0.1367515843450711   0.1104308971366001
global index=2  local index=3 (global=4, Rn=0 0 0 0)
  0.0773069715128452  -0.0603973170716885   0.1034264053847175   0.1899382945715156  -0.1000856004254334
 -0.1646240355227369   0.1000281733561365  -0.1649814337246047  -0.3956028205793618   0.1596523254667706
 -0.1334632143306929   0.0189909171810210  -0.0478619260047512  -0.2888754020306099   0.1592625223892958
  0.2701696360126813  -0.4579117277919524   0.4003566189475687   0.0978381552671986  -0.3874246091165927
  0.1291521819670356  -0.0183775196763967   0.1592625196862895   0.2795443241595009  -0.0374014161650760
global index=2  local index=4 (global=5, Rn=0 0 0 0)
 -0.0417172013233306   0.0107789512708928  -0.1822856814579056  -0.0583917230489894  -0.0377075424254719  -0.0269028591043816   0.1551148644123087   0.0902403971260886   0.0714662588744699
  0.1143375542095931  -0.0868262369819005   0.3330996491358257   0.1436838949340065   0.0903977666334937   0.0661994826405531  -0.3235491094338911  -0.1655579390870269  -0.1490690618186110
  0.0988330034400806  -0.1351582622705905   0.1563478363225127   0.0953455444544854   0.0953455444499074   0.0644084289276745  -0.1816961625856564  -0.1816961625591841  -0.1429432989084196
  0.1146154597604113  -0.0404665562121764   0.4738615241116611   0.1715882181152815   0.0826868560485349   0.0790559847155631  -0.4341748889480488  -0.1770610816569115  -0.2000379713083902
  0.0455355177860011  -0.0622717036414300   0.0720348520575470   0.0644085597635059   0.0439287103744483  -0.0147757231200443  -0.1429434152362270  -0.0837131727370080   0.0626986062408085
global index=2  local index=5 (global=6, Rn=0 0 0 0)
 -0.3363944414458282   0.1156162024208642   0.0548606369496868  -0.1309240558090556   0.3329333142945644   0.1404136313188374   0.0484112365902594  -0.5681030727697427  -0.0519201564256771
  0.2784629228186139  -0.3561438602233184   0.0760312470455698  -0.0016824775728415  -0.4487223983461248   0.0018044318295477  -0.1398408179850558   0.8969949642344612   0.1499767589650622
  0.2417229092648959  -0.0004810681248214  -0.1072241394135694  -0.2299913853837091  -0.2299913852346785  -0.0874717513559479   0.2359695931777352   0.2359695931342767   0.0087472749215549
  0.6493467068940657  -0.4947426535674941   1.1443334518223072   0.2439140295720019  -0.3791890149463833  -0.2615932888285272  -0.4109502200877196   0.0773011348869496   0.4407364823974637
 -0.2592434140415403   0.0005163569950390   0.1149959972084276  -0.0874717461955970   0.2466614874356112  -0.2177397350013845   0.0087472418196425  -0.2530730567270845   0.2347444324245531
global index=3  local index=0 (global=3, Rn=0 0 0 0)
 -0.0000000937429327  -0.0000000657053055   0.0000000036995914   1.0204010690048833  -0.0000000001928159
 -0.0000000657053055  -0.0000001626683957   0.0000000109344926  -1.1501898274679370   0.0000000005970654
  0.0000000036995914   0.0000000109344926   0.0000000048812384   0.0000000042209778  -0.0000000001268787
  1.0204010690048833  -1.1501898274679370   0.0000000042209778  -0.0000000613416324  -0.0000000000951514
 -0.0000000001928159   0.0000000005970654  -0.0000000001268787  -0.0000000000951514   0.0000000001131358
global index=3  local index=1 (global=1, Rn=0 0 0 0)
  0.0773069813351557  -0.0603972842233850   0.1034264343733939   0.1899383274848837   0.1000856078098235
 -0.1646240482460523   0.1000280434865769  -0.1649815346373018  -0.3956028514959994  -0.1596523777192325
 -0.1334632202443234   0.0189909074571319  -0.0478619833868935  -0.2888754901296112  -0.1592624598637222
  0.2701696730864132  -0.4579118558239733   0.4003566029384452   0.0978383861442667   0.3874245216386642
 -0.1291521874343238   0.0183774852309859  -0.1592624795932282  -0.2795444740315458  -0.0374014130928485
global index=3  local index=2 (global=2, Rn=0 0 0 0)
  0.2282551538200745  -0.1783279295910728   0.1034263815931662  -0.0804077831376148   0.2955108117775709
 -0.4860660238157585   0.2953411260868893  -0.1649815280196382   0.0356420360103700  -0.4713864018146304
 -0.1334632079190151   0.0189909773590248   0.2888754688985938   0.0478618981605514  -0.1592624675173495
  0.6190282954015628  -0.5075514971824931   0.2812953226931603  -0.1413166537482894   0.8037195927801973
 -0.3813325063474237   0.0542612206446898  -0.1592625229273985   0.1367514706096303  -0.1104307431317968
global index=3  local index=3 (global=4, Rn=0 0 0 0)
  0.1038533736757947  -0.1401975305203338   0.1935776458945997  -0.1134183586388589   0.0000000000162108
 -0.2500713515259294   0.2760607953360310  -0.4023711344678003   0.2135915809878880   0.0000000000445585
 -0.2056987521147481   0.1759434966720915  -0.2398333189063546   0.2398330560343937   0.0000000020605128
  0.2858580975549553  -0.3647230496748858   0.5539307840993833  -0.2398336076158233   0.0000000008473183
  0.0000000002801647  -0.0000000008032727   0.0000000026548384   0.0000000003259319   0.1570492519223483
global index=3  local index=4 (global=5, Rn=0 0 0 0)
 -0.0025622103031300  -0.0036675756740237  -0.0258838592230790  -0.0055591438594269   0.0052010365708676  -0.0052641943900335   0.0182486979136802  -0.0199331081272993   0.0172804954113661
  0.0070895384531901   0.0016397330771671   0.0561166933734696   0.0144542427795747  -0.0140927437270122   0.0136873434271394  -0.0459406816596894   0.0546275513067847  -0.0435032438563271
  0.0065138904662133  -0.0035396776430677   0.0409012484584276   0.0114373195898205  -0.0122897928402894   0.0136720748659219  -0.0348498058440347   0.0475374245138844  -0.0436290119374785
  0.0056907324337726   0.0518970863960563   0.1484593010395532   0.0156897401198416  -0.0028937948057238   0.0148573003266924  -0.0601642361814179   0.0105302243194739  -0.0569721503816477
  0.0061682887800236  -0.0033518960768611   0.0387312531489032   0.0136720810923389  -0.0116377426436567   0.0099458928285250  -0.0436289953757071   0.0450152686515280  -0.0300905398569648
global index=3  local index=5 (global=6, Rn=0 0 0 0)
  0.2272971557576911  -0.2338172863682232   0.0642067556383994   0.1420376886744700   0.0326184354629532   0.1300974041522751  -0.2089157460601865  -0.1655858893846063  -0.1913534052932790
 -0.4095324598868383   0.3146768361942539  -0.2063581990444824  -0.1519642096754197  -0.1606346586292536  -0.1391894754731981   0.2830168877211121   0.3589146081247762   0.2592251709264796
 -0.3526530099187895   0.2191828404398312   0.1657536078908425   0.0346249905947027  -0.0346249855602857  -0.1884780141690477  -0.1775022490643625   0.1775021977204385   0.1478834542356734
  0.5125878739986981  -0.2828664162495867   0.8404165499057186   0.3359989484883394   0.1448039090581697   0.3077534780770059  -0.5970940872733084  -0.0808223731681641  -0.5468998290148045
 -0.3230074729691988   0.2007579010009213   0.1518192377200736  -0.1884780127899394  -0.0317142702588865   0.0677676925141054   0.1478834470136686   0.1625806824063117  -0.2035066884369885
global index=4  local index=0 (global=4, Rn=0 0 0 0)
  0.0000000333128000   0.0000000228601755   0.0000000035069782   1.0204010914914929  -0.0000000002214975
  0.0000000228601755   0.0000000273136781   0.0000000108076651  -1.1501896463566619  -0.0000000013097898
  0.0000000035069782   0.0000000108076651   0.0000000044888077   0.0000000045803947  -0.0000000001460955
  1.0204010914914929  -1.1501896463566619   0.0000000045803947   0.0000000340213774  -0.0000000003342567
 -0.0000000002214975  -0.0000000013097898  -0.0000000001460955  -0.0000000003342567  -0.0000000008538105
global index=4  local index=1 (global=1, Rn=0 0 0 0)
 -0.2282552446511586   0.1783281537299962   0.1034264656850853  -0.0804076578240697  -0.2955110244888951
  0.4860660719634275  -0.2953415753609218  -0.1649815548271656   0.0356420471827607   0.4713868600752881
 -0.1334632201977537   0.0189909075374787  -0.2888754902075363  -0.0478619834693308  -0.1592624598133835
  0.6190284710477510  -0.5075521698506069  -0.2812956140963784   0.1413153698744969   0.8037203373840025
  0.3813325464360985  -0.0542613839433285  -0.1592625358833808   0.1367516880226542   0.1104308678753832
global index=4  local index=2 (global=2, Rn=0 0 0 0)
 -0.0773069735556535   0.0603972909147620   0.1034264344577050   0.1899383036995901  -0.1000855752569047
  0.1646240379520214  -0.1000280661013148  -0.1649815208765227  -0.3956027254932626   0.1596523073027024
 -0.1334632080252691   0.0189909773408432   0.0478618981653675   0.2888754688965230  -0.1592624675548954
  0.2701696370623299  -0.4579118015968888  -0.4003565844985313  -0.0978383239909582   0.3874244833802878
  0.1291522251977987  -0.0183776238109079  -0.1592625749851571  -0.2795444438613555   0.0374014622852716
global index=4  local index=3 (global=3, Rn=0 0 0 0)
 -0.1038535077500899   0.1401978276137636   0.1935780527849827  -0.1134183004183954   0.0000000016750455
  0.2500716486193619  -0.2760614363635763  -0.4023719698865471   0.2135915813602204  -0.0000000037114578
 -0.2056987520787424   0.1759434965673098   0.2398330558671679  -0.2398333188476799   0.0000000022840392
  0.2858584462608712  -0.3647238855707403  -0.5539322283718847   0.2398327671577039  -0.0000000040430914
  0.0000000014110916  -0.0000000028636266  -0.0000000023085105   0.0000000004765190  -0.1570492712608353
global index=4  local index=4 (global=5, Rn=0 0 0 0)
 -0.0129354977358088  -0.0185154858942004  -0.1306761030815179  -0.0055591835059978  -0.0217634949304536  -0.0265766522388945   0.0182486762257528   0.0685820886719777   0.0872418371232040
  0.0357919609105033   0.0082783620551097   0.2833081188111208   0.0144542674595457   0.0560172641332986   0.0691014931811476  -0.0459405586252347  -0.1682073003047202  -0.2196291578446516
  0.0065138904681064  -0.0035396776548068   0.0409012484821411  -0.0122897928435557   0.0114373195945216   0.0136720748727168   0.0475374245157936  -0.0348498058687185  -0.0436290119708996
  0.0372863519192227   0.0347277684855271   0.3468513893523112   0.0169795510259181   0.0554223305913840   0.0811736837099725  -0.0561828558868653  -0.1703163984268994  -0.2685945364846015
  0.0311410468850428  -0.0169226020626659   0.1955363997282719   0.0136721981826087   0.0546784977088711   0.0502125831763923  -0.0436289165699296  -0.1666069011101202  -0.1519142210389100
global index=4  local index=5 (global=6, Rn=0 0 0 0)
 -0.2272971889343705   0.2338173577905767  -0.0642069400739312   0.1420376994206098   0.0326184680916411  -0.1300974249806024  -0.2089157666311063  -0.1655860063617436   0.1913534215587163
  0.4095324920998857  -0.3146768404112159   0.2063578258038132  -0.1519641748089292  -0.1606347176010289   0.1391894945693201   0.2830168163585774   0.3589146842951473  -0.2592252045619926
 -0.3526530100309561   0.2191828403652577   0.1657536079977675  -0.0346249856468324   0.0346249905546406  -0.1884780140785594   0.1775021978199371  -0.1775022489418553   0.1478834540095618
  0.5125879913028075  -0.2828655874659493   0.8404180536586545  -0.3359989775640971  -0.1448039620638131   0.3077535207486841   0.5970942148920104   0.0808227224883549  -0.5468999959266364
  0.3230075134810360  -0.2007577175236266  -0.1518198408212875  -0.1884779907327200  -0.0317142804276749  -0.0677676716743813   0.1478834572250906   0.1625806692638387   0.2035066636788584
global index=5  local index=0 (global=5, Rn=0 0 0 0)
  0.0000001443742468   0.0000001294812280   0.0000000261434495   0.0000000014059922   0.6789360571068204   0.0000000225628220   0.0000000040895813  -0.1575848501616336   0.0000000097451149
  0.0000001294812280  -0.0000000794951493  -0.0000005994473854  -0.0000000467522917  -0.3478248849810582  -0.0000000819755726   0.0000001263123809   0.7313687782172879   0.0000002815260078
  0.0000000261434495  -0.0000005994473854   0.0000014402257413  -0.0000000289364094   0.3262113228403667  -0.0000000887403559  -0.0000000330349768  -1.5243144746389323  -0.0000000836313598
  0.0000000014059922  -0.0000000467522917  -0.0000000289364094  -0.0000000056917696  -0.0000000059764402  -0.0000000054336936   0.0000000085079687   0.0000000084654703  -0.0000000059154546
  0.6789360571068204  -0.3478248849810582   0.3262113228403667  -0.0000000059764402  -0.0000000235253295  -0.0000000157297317   0.0000000083174412   0.0000000220967571   0.0000000135189726
  0.0000000225628220  -0.0000000819755726  -0.0000000887403559  -0.0000000054336936  -0.0000000157297317  -0.0000000090190433  -0.0000000058223617   0.0000000131829415  -0.0000000002007411
  0.0000000040895813   0.0000001263123809  -0.0000000330349768   0.0000000085079687   0.0000000083174412  -0.0000000058223617   0.0000000134289171   0.0000000133334964  -0.0000000144898840
 -0.1575848501616336   0.7313687782172879  -1.5243144746389325   0.0000000084654703   0.0000000220967571   0.0000000131829415   0.0000000133334964   0.0000000293864771   0.0000000280840094
  0.0000000097451149   0.0000002815260078  -0.0000000836313598  -0.0000000059154546   0.0000000135189726  -0.0000000002007411  -0.0000000144898840   0.0000000280840094  -0.0000000018465666
global index=5  local index=1 (global=1, Rn=0 0 0 0)
  0.1114788951486340  -0.0519077672712276  -0.1337324570605873   0.0262024789400315  -0.1224903560201786
 -0.0750620354796809  -0.1132776158295887   0.2579314499308833   0.1942490860840657   0.2362484574700461
  0.7226880666957687  -0.4420131274931743  -0.2838875377010859   0.7222859206641800  -0.2600224332590376
  0.1131738351581764   0.0255729237068235   0.0276701056535715   0.0276701056215020  -0.0939314532082637
  0.2878300456821415  -0.2870260320065187  -0.3429539155469293  -0.0825087807896931  -0.3141237927023411
  0.1036599744803915   0.0234231544266173  -0.0939314518919180   0.0253440351531007   0.0441873504604492
 -0.3835576163233066  -0.0961952431144104  -0.1570782771038965  -0.1570782771502706   0.2551428890620307
 -0.7580593720721145   0.5457362834620856   0.6175181337825534  -0.2537578775657064   0.5656070063834374
 -0.3513141828948516  -0.0881086462204894   0.2551429046979014  -0.1438735970465539  -0.2019435067880708
global index=5  local index=2 (global=2, Rn=0 0 0 0)
  0.0198562439182436  -0.0411717532658930  -0.0481409529361976  -0.0323584966158640  -0.0221800612390792
  0.1401760942231949  -0.0515188271222579  -0.1009647344076031  -0.0062730283491869  -0.0465184042156389
  0.4276960170694529  -0.4223594193011183  -0.5870779214987196  -0.2695642337095747  -0.2704850399454252
  0.0390708043052946  -0.0484709603701534  -0.0541208210299584  -0.0541208210343147  -0.0395827430652440
  0.0597549849288111  -0.1017570886706634  -0.1303634946996858  -0.0667795094359041  -0.0600625924543034
  0.0180011421857962  -0.0223320861046469  -0.0395827155903390  -0.0249351598024496   0.0135549672685061
 -0.1511925526465864   0.1767217815581080   0.2036338188678108   0.2036338188415784   0.1509152276849784
 -0.2160670199328039   0.3347129519049676   0.4561125452304554   0.2082688997965509   0.2101454701841987
 -0.0696591563184062   0.0814212443547352   0.1509151790921779   0.0938205066922111  -0.0543904925015364
global index=5  local index=3 (global=3, Rn=0 0 0 0)
  0.0015123849346646  -0.0036969429691851  -0.0041973902920283   0.0035690860362116  -0.0039746881866314
  0.0156057993021543  -0.0195543230209218  -0.0271741209266866   0.0472155627528539  -0.0257322928668229
  0.0427291825260727  -0.0705421562981669  -0.0896589445027311   0.1225984016543700  -0.0849018419553326
  0.0038953304546010  -0.0075964213812072  -0.0083944832759913   0.0106637783293089  -0.0103555569338665
  0.0070737480584204  -0.0184604540583654  -0.0173157778590175   0.0016527547688103  -0.0163970621831938
  0.0036886691720426  -0.0071934130650858  -0.0103555853115060   0.0100979983917610  -0.0072648655053523
 -0.0147141559191354   0.0293374924354588   0.0329267852658593  -0.0425137555655563   0.0407528545504003
 -0.0264622512104977   0.0695383200241260   0.0651878980713758  -0.0073067454241167   0.0617292650360162
 -0.0139334950296987   0.0277810004901590   0.0407529022423416  -0.0402581345792398   0.0284812718637696
global index=5  local index=4 (global=4, Rn=0 0 0 0)
  0.0076353792034147  -0.0186643394082989  -0.0041973886665532  -0.0167902926258494  -0.0200664765133727
  0.0787874857386505  -0.0987213015661463  -0.0271746747850999  -0.0845923592672187  -0.1299115890292536
  0.2157216016906407  -0.3561378771227321  -0.0896592974724115  -0.3122908090317806  -0.4286338642072223
  0.0038953304530324  -0.0075964213792064   0.0106637783304086  -0.0083944832731574  -0.0103555569313610
  0.0259680750264643  -0.0553070447629909  -0.0139365974353944  -0.0446999030114738  -0.0666267009996050
  0.0186225010121684  -0.0363164556288922  -0.0103555913631752  -0.0401316268304867  -0.0366771251394057
 -0.0147141559194504   0.0293374924333205  -0.0425137555770436   0.0329267852628395   0.0407528545563812
 -0.0978331673688843   0.2118397878470164   0.0542598709156569   0.1718584272218781   0.2594007265023617
 -0.0703441606685184   0.1402542986899907   0.0407528571881275   0.1574134155172134   0.1437896368163698
global index=5  local index=5 (global=6, Rn=0 0 0 0)
  0.0151725860969287  -0.0103043843905943   0.0742566024460516  -0.0216225678351798  -0.0106908539579936  -0.0209241298217306   0.0697203629099497   0.0314295709156681   0.0674683086798396
  0.1459266842994089  -0.0372448166241522   0.0040126997158571  -0.0266460133219826   0.0402642445586449  -0.0257855647879993  -0.0383558581182044  -0.1288048335910937  -0.0371167977551088
  0.4139561313504954  -0.2735618086391260   0.4734218337098444  -0.2440642951433945  -0.0232585886505521  -0.2361807464498351   0.4338205682044433  -0.0630721947951579   0.4198074295160747
  0.0356487789057354  -0.0584356089341707   0.0152346350138930  -0.0178746801232592  -0.0178746801358964  -0.0366199018048300   0.0266464964738604   0.0266464964738019   0.0769131833685512
  0.0465804900965703   0.0084746253071118   0.2360402888288005  -0.0578098407657287  -0.0178746640439898  -0.0559425109476246   0.1609288643393823   0.0552608338418604   0.1557306496177440
  0.0344972765396181  -0.0565480554532137   0.0147422373318662  -0.0366198971508947  -0.0172973031726468  -0.0154694383063936   0.0769131808573867   0.0257857739485891   0.0215947891268542
 -0.1523359751834419   0.2094158656243110  -0.0419911929142368   0.0786013339322185   0.0786013338390540   0.1548798587972495  -0.0608912800827901  -0.0608912801208502  -0.2483453119367131
 -0.1906267484230537   0.1189673185297194  -0.5388828142591584   0.2128836507246036   0.0499869369641049   0.2060072466630104  -0.4523785079246017  -0.0608912460382485  -0.4377661005947454
 -0.1474153284759926   0.2026516790814379  -0.0406343058417213   0.1548798423980582   0.0760624064407561   0.0684286499121533  -0.2483452479310813  -0.0589243542929094  -0.0445797793626007
global index=6  local index=0 (global=6, Rn=0 0 0 0)
 -0.0000005125239380  -0.0000003696884744   0.0000001206804858   0.0000000008040239   0.6789352678574114  -0.0000000109354862  -0.0000000046163832  -0.1575852782126237   0.0000000048971791
 -0.0000003696884744  -0.0000002821553038   0.0000002296808295   0.0000000609171291  -0.3478255807442099   0.0000000090937408  -0.0000000989581817   0.7313696284181809  -0.0000000235844566
  0.0000001206804858   0.0000002296808295   0.0000003435132735   0.0000000778440732   0.3262117199257922  -0.0000000671193310  -0.0000001184189867  -1.5243152982980348   0.0000000561067226
  0.0000000008040239   0.0000000609171291   0.0000000778440733  -0.0000000041252737  -0.0000000039947411  -0.0000000078057395   0.0000000001376194   0.0000000001170379   0.0000000051277760
  0.6789352678574114  -0.3478255807442101   0.3262117199257923  -0.0000000039947412   0.0000000517513066   0.0000000101561356   0.0000000003604385   0.0000000271954115  -0.0000000017276932
 -0.0000000109354862   0.0000000090937408  -0.0000000671193310  -0.0000000078057395   0.0000000101561356   0.0000000231062097   0.0000000051890722  -0.0000000015329631   0.0000000117530164
 -0.0000000046163832  -0.0000000989581817  -0.0000001184189867   0.0000000001376194   0.0000000003604384   0.0000000051890722   0.0000000331441940   0.0000000332259673   0.0000000152108497
 -0.1575852782126237   0.7313696284181807  -1.5243152982980348   0.0000000001170379   0.0000000271954115  -0.0000000015329631   0.0000000332259673   0.0000000117328946  -0.0000000138947867
  0.0000000048971791  -0.0000000235844566   0.0000000561067226   0.0000000051277760  -0.0000000017276932   0.0000000117530164   0.0000000152108497  -0.0000000138947867  -0.0000000003337183
global index=6  local index=1 (global=1, Rn=0 0 0 0)
 -0.2055654666969761  -0.1004730918884810  -0.1008225175723005   0.3068012515950888  -0.1081303052882436
  0.2638113745282124   0.2309436987113599   0.1372123419801823  -0.3570492828071292   0.1471575819723996
 -0.3667829796812748   0.4636164563177922  -0.0402818472395984   1.2112743460199527  -0.0432016398557760
  0.1111101427468973   0.1181326637782874  -0.1193948929925685  -0.1193948928716638   0.0460727164379689
  0.5749674711498751  -0.3289071727959701   0.3545104863777130   0.0298027792726276   0.3802059500155811
  0.1191635558986800   0.1266951073024441   0.0460727033087906  -0.1280487967313429  -0.1129417570965412
 -0.1818451689181800  -0.0613569476050150   0.3503179268779621   0.3503179268815623  -0.0562797930727886
 -0.7983594889781447   0.9754788182390245  -0.2966019160090302   0.5089865826033620  -0.3181000453095863
 -0.1950255862143666  -0.0658041785093257  -0.0562798089416293   0.3757094768651852   0.3424350679016558
global index=6  local index=2 (global=2, Rn=0 0 0 0)
  0.2055653831713687   0.1004731438889940  -0.1008224347481649   0.3068013628810186   0.1081301661300838
 -0.2638115407603456  -0.2309436494118078   0.1372124997170652  -0.3570490857256024  -0.1471574267828499
  0.3667832833464748  -0.4636168958754227  -0.0402820926258628   1.2112754986100176   0.0432015261368273
  0.1111101366196476   0.1181326765866664   0.1193949050248369   0.1193949051359467   0.0460726937103272
  0.5749675067232665  -0.3289072441866216  -0.3545105096707482  -0.0298027245378312   0.3802059273415327
 -0.1191635843446817  -0.1266951119997215   0.0460727060781888  -0.1280488313943918   0.1129417520926759
 -0.1818451632660590  -0.0613570111647823  -0.3503179581654228  -0.3503179581420328  -0.0562797721665988
 -0.7983594726260799   0.9754787710547338   0.2966018550799664  -0.5089864164562186  -0.3181000707133316
  0.1950255500185700   0.0658042899038940  -0.0562797347579876   0.3757094727179184  -0.3424351379639933
global index=6  local index=3 (global=3, Rn=0 0 0 0)
 -0.1114789252947531   0.0519077484296954   0.1337324813094016   0.0262024463221664   0.1224903551682897
  0.0750622178504440   0.1132773146797555  -0.2579320614972426   0.1942482397696942  -0.2362485643167189
 -0.7226875581820480   0.4420116605589415   0.2838863557994169   0.7222840559147846   0.2600210252227693
 -0.1131738623638308  -0.0255729623374398  -0.0276701332183501   0.0276701060658892   0.0939314278608266
  0.2878299972103026  -0.2870258711128920  -0.3429538298869883   0.0825088173692331  -0.3141236888169651
 -0.1036600119581298  -0.0234231400216027   0.0939314502666019   0.0253440374525090  -0.0441873386960370
  0.3835576052088959   0.0961952329913797   0.1570783641924943  -0.1570782311396740  -0.2551428603353446
 -0.7580592613003381   0.5457361915172855   0.6175180484237639   0.2537580558475604   0.5656070000639902
  0.3513141656830108   0.0881085593125579  -0.2551428337906091  -0.1438735261235084   0.2019434823081859
global index=6  local index=4 (global=4, Rn=0 0 0 0)
  0.1114788921180796  -0.0519077162166380   0.1337324176455892   0.0262025000746088  -0.1224903146564518
 -0.0750621464280945  -0.1132773188967119  -0.2579318156540246   0.1942493144711174   0.2362487477940043
  0.7226873737465247  -0.4420120337996092   0.2838861019887075   0.7222853057500891  -0.2600216283239888
 -0.1131738623267436  -0.0255729623252819   0.0276701060421040  -0.0276701332374013   0.0939314278253511
  0.2878300191299433  -0.2870259649390119   0.3429538329770889  -0.0825088382507572  -0.3141237210784453
  0.1036599911298096   0.0234231591177257   0.0939314265459409   0.0253440563130357   0.0441873595357621
  0.3835576052846394   0.0961952329660733  -0.1570782311957918   0.1570783641886805  -0.2551428604325949
 -0.7580593576308242   0.5457363390248867  -0.6175181050754789  -0.2537578907685136   0.5656069766128546
 -0.3513141494175755  -0.0881085929480619  -0.2551428488817353  -0.1438737079003344  -0.2019435070663114
global index=6  local index=5 (global=5, Rn=0 0 0 0)
 -0.0151725660484515   0.0103042780209630  -0.0742562487105266  -0.0216225509089381  -0.0106908397181026  -0.0209241170014459   0.0697203735464006   0.0314296003067880   0.0674683194856536
 -0.1459260447383554   0.0372460840160890  -0.0040112051818436  -0.0266448015091069   0.0402654327321735  -0.0257840836345022  -0.0383553530646145  -0.1288039001592028  -0.0371160087312296
 -0.4139573639171248   0.2735630134766997  -0.4734168018248712  -0.2440672392832063  -0.0232615854682977  -0.2361831208715283   0.4338185505941574  -0.0630730707507643   0.4198044608581961
  0.0356487486498526  -0.0584355372111146   0.0152344242366432   0.0178746724075533   0.0178746723967730   0.0366199080693078  -0.0266465144552769  -0.0266465144660565  -0.0769131891924145
  0.0465804625270385   0.0084747206695133   0.2360401307294797   0.0578098330266063   0.0178746884868205   0.0559425020475562  -0.1609288313516049  -0.0552609114233896  -0.1557306251497174
  0.0344972496969363  -0.0565480224626829   0.0147423726973981   0.0366199080271165   0.0172972988843226   0.0154694432894924  -0.0769131876591346  -0.0257857997933809  -0.0215947662892349
 -0.1523359214566321   0.2094162553409074  -0.0419910288552437  -0.0786012363178609  -0.0786012362889225  -0.1548798413594971   0.0608912400106885   0.0608912400176639   0.2483453564383902
 -0.1906267134509125   0.1189672798680169  -0.5388837918548305  -0.2128836041545112  -0.0499868989498508  -0.2060072482682936   0.4523784678214205   0.0608912740552317   0.4377662500765641
 -0.1474152620451795   0.2026517617492525  -0.0406346628159602  -0.1548797867352934  -0.0760623204860957  -0.0684286489290182   0.2483452210779660   0.0589244324199313   0.0445798033881106


Overlap matrix with position operator z
global index=1  local index=0 (global=1, Rn=0 0 0 0)
 -0.0000000522569383  -0.0000000369370119   0.0000000113451454   0.0000000113451454   1.0204010823018004
 -0.0000000369370119  -0.0000001044710319   0.0000000365459455   0.0000000365459455  -1.1501897611900933
  0.0000000113451454   0.0000000365459455  -0.0000000008430840   0.0000000032232124  -0.0000000016516499
  0.0000000113451454   0.0000000365459455   0.0000000032232124  -0.0000000008430840  -0.0000000016516495
  1.0204010823018004  -1.1501897611900935  -0.0000000016516498  -0.0000000016516495  -0.0000000463273055
global index=1  local index=1 (global=2, Rn=0 0 0 0)
  0.0000000032996657  -0.0000000004508034   0.0000000184006872   0.0000000184006872   0.5113259526090599
  0.0000000415755586  -0.0000000910675394  -0.0000000480552346  -0.0000000480552346  -0.8213855861807723
  0.0000000060301422  -0.0000000504608996   0.0000000068636923   0.0000000131132100   0.5293809333795051
  0.0000000060301422  -0.0000000504608996   0.0000000131132100   0.0000000068636923   0.5293809333795002
  0.5113259225812866  -0.8213856065458727  -0.5293809083181761  -0.5293809083181795  -0.0000000239930258
global index=1  local index=2 (global=3, Rn=0 0 0 0)
  0.2208822618904942  -0.1725677783824094  -0.2955109760844595   0.1000856324117529  -0.0609984573885523
 -0.4703655496554985   0.2858014485353420   0.4713867816077037  -0.1596523447962682   0.0046811839628538
  0.3813324031787677  -0.0542611086250831  -0.1367512220053962   0.1592626723328930  -0.1104308058009360
 -0.1291521928022746   0.0183775466689645   0.1592626569309400   0.2795443269863776   0.0374014766624097
  0.5939820696751089  -0.5039874735947155  -0.7996622403496433   0.2708349439762671  -0.1068638623158511
global index=1  local index=3 (global=4, Rn=0 0 0 0)
  0.2208822618904918  -0.1725677783824103   0.1000856324117509  -0.2955109760844585  -0.0609984573885514
 -0.4703655496554983   0.2858014485353400  -0.1596523447962673   0.4713867816076919   0.0046811839628537
 -0.1291521928022699   0.0183775466689645   0.2795443269863746   0.1592626569309337   0.0374014766624096
  0.3813324031787695  -0.0542611086250844   0.1592626723328927  -0.1367512220053944  -0.1104308058009352
  0.5939820696751186  -0.5039874735947170   0.2708349439762668  -0.7996622403496614  -0.1068638623158511
global index=1  local index=4 (global=5, Rn=0 0 0 0)
 -0.2081897582347920   0.2141614527958396  -0.0588094139284605  -0.1300974375441676  -0.1300974375441669   0.0554952978869061   0.1913534262497942   0.1913534262497938  -0.1992342860270956
  0.3751056719791389  -0.2882233771372101   0.1890104708958595   0.1391894699403445   0.1391894699403458  -0.1851103339581560  -0.2592252155102694  -0.2592252155102736   0.4044978286159895
  0.3230077558347371  -0.2007575634867735  -0.1518204004576964  -0.0317143153921831   0.1884780240458874  -0.0677677064443999   0.1625807288314899  -0.1478833886502785   0.2035066779302048
  0.3230077558347432  -0.2007575634867658  -0.1518204004576989   0.1884780240458840  -0.0317143153921804  -0.0677677064443998  -0.1478833886502785   0.1625807288314877   0.2035066779302052
  0.4557893184003833  -0.2475633155831852   0.8671149052060689   0.3028563140782694   0.3028563140782736  -0.1629876848532685  -0.5710897216324560  -0.5710897216324525   0.0978467474086905
global index=1  local index=5 (global=6, Rn=0 0 0 0)
  0.3607770046052353  -0.1239962661811672  -0.0588374119278491  -0.1404135892846959  -0.1404135892846970   0.3132664053768032   0.0519201431406488   0.0519201431406484  -0.5608308802699261
 -0.2986462386790947   0.3819579299774875  -0.0815408999028583  -0.0018044152697503  -0.0018044152697493  -0.4489751256621433  -0.1499766334470722  -0.1499766334470798   0.8759885881083328
  0.2592433920018510  -0.0005161907945898  -0.1149959869903735   0.2466615120926095  -0.0874717212831708   0.2177397338414687  -0.2530730545039955   0.0087471972075488  -0.2347444933245928
  0.2592433920018546  -0.0005161907945916  -0.1149959869903732  -0.0874717212831702   0.2466615120926046   0.2177397338414776   0.0087471972075488  -0.2530730545040047  -0.2347444933245889
  0.6856576866109318  -0.4948148741107952   1.1282268916220928  -0.2561656914867945  -0.2561656914867842   0.3935334567524154   0.4121753097747531   0.4121753097747433  -0.0815899177289455
global index=2  local index=0 (global=2, Rn=0 0 0 0)
 -0.0000000685442548  -0.0000000599601333   0.0000000036960714   0.0000000036960714   1.0204010561975398
 -0.0000000599601333   0.0000000018890491  -0.0000000215538712  -0.0000000215538712  -1.1501897524045734
  0.0000000036960714  -0.0000000215538712   0.0000000020304746  -0.0000000014018534  -0.0000000033507864
  0.0000000036960714  -0.0000000215538712  -0.0000000014018534   0.0000000020304746  -0.0000000033507853
  1.0204010561975398  -1.1501897524045732  -0.0000000033507863  -0.0000000033507853  -0.0000000522221961
global index=2  local index=1 (global=1, Rn=0 0 0 0)
  0.0000000032996657   0.0000000415755586   0.0000000060301422   0.0000000060301422   0.5113259225812866
 -0.0000000004508034  -0.0000000910675394  -0.0000000504608996  -0.0000000504608996  -0.8213856065458728
  0.0000000184006872  -0.0000000480552346   0.0000000068636923   0.0000000131132100  -0.5293809083181761
  0.0000000184006872  -0.0000000480552346   0.0000000131132100   0.0000000068636923  -0.5293809083181794
  0.5113259526090599  -0.8213855861807723   0.5293809333795050   0.5293809333795002  -0.0000000239930258
global index=2  local index=2 (global=3, Rn=0 0 0 0)
  0.2208822101069360  -0.1725676560424425  -0.1000855587201051   0.2955108354597905  -0.0609984589365423
 -0.4703653460490754   0.2858012105950020   0.1596522119564541  -0.4713865683154639   0.0046813470520515
  0.1291521819658842  -0.0183775194242898   0.2795443243271601   0.1592625194512001  -0.0374014160713001
 -0.3813324881146585   0.0542612796167050   0.1592625602786596  -0.1367515847199781   0.1104308974067012
  0.5939819749706875  -0.5039873769309814  -0.2708347936954952   0.7996619946250970  -0.1068640394367133
global index=2  local index=3 (global=4, Rn=0 0 0 0)
  0.2208822101069337  -0.1725676560424425   0.2955108354597891  -0.1000855587201049  -0.0609984589365410
 -0.4703653460490744   0.2858012105950042  -0.4713865683154596   0.1596522119564526   0.0046813470520514
 -0.3813324881146579   0.0542612796167065  -0.1367515847199768   0.1592625602786593   0.1104308974067017
  0.1291521819658840  -0.0183775194242886   0.1592625194512009   0.2795443243271638  -0.0374014160713000
  0.5939819749706797  -0.5039873769309909   0.7996619946250847  -0.2708347936954980  -0.1068640394367115
global index=2  local index=4 (global=5, Rn=0 0 0 0)
 -0.0192204462411965   0.0049660180656222  -0.0839848483260365  -0.0269029190620869  -0.0269029190620866   0.0082891954641514   0.0714663345795192   0.0714663345795186  -0.0319477980616688
  0.0526789768365225  -0.0400035214338278   0.1534699297802911   0.0661997181418814   0.0661997181418820  -0.0227858460832889  -0.1490693384811950  -0.1490693384811970   0.0893104483640173
  0.0455355177849379  -0.0622717036443681   0.0720348520539019   0.0439287103718785   0.0644085597634188  -0.0147757231567358  -0.0837131727655770  -0.1429434152355793   0.0626986062524355
  0.0455355177849383  -0.0622717036443678   0.0720348520539011   0.0644085597634180   0.0439287103718786  -0.0147757231567356  -0.1429434152355780  -0.0837131727655773   0.0626986062524362
  0.0367621344443243   0.0660013723918568   0.3507009262066257   0.0614670413842109   0.0614670413842106  -0.0126399790786342  -0.1897804404038194  -0.1897804404038191   0.0310229022954824
global index=2  local index=5 (global=6, Rn=0 0 0 0)
  0.3607768450512809  -0.1239962936935863  -0.0588375430047593   0.1404135995973000   0.1404135995972995   0.3132663641856052  -0.0519201700309845  -0.0519201700309855  -0.5608308807353577
 -0.2986463463609157   0.3819577397381291  -0.0815407628523519   0.0018044192952683   0.0018044192952694  -0.4489751917405116   0.1499767175897256   0.1499767175897223   0.8759885580643801
 -0.2592434145967703   0.0005163570837333   0.1149959971001039   0.2466614878150498  -0.0874717463172872  -0.2177397355375587  -0.2530730564866217   0.0087472420997292   0.2347444323807518
 -0.2592434145967774   0.0005163570837297   0.1149959971001037  -0.0874717463172857   0.2466614878150459  -0.2177397355375547   0.0087472420997289  -0.2530730564866238   0.2347444323807464
  0.6856575491851908  -0.4948150174151796   1.1282267125873662   0.2561656878453710   0.2561656878453690   0.3935334517151143  -0.4121754046343253  -0.4121754046343457  -0.0815898519280030
global index=3  local index=0 (global=3, Rn=0 0 0 0)
 -0.0000000018475680  -0.0000000013638564  -0.0000000005074605  -0.0000000002544184   1.0204010633269300
 -0.0000000013638564  -0.0000000002121191  -0.0000000012150426   0.0000000009086295  -1.1501897318409946
 -0.0000000005074605  -0.0000000012150426   0.0000000000500847  -0.0000000000274262  -0.0000000006837548
 -0.0000000002544184   0.0000000009086295  -0.0000000000274262  -0.0000000002956076  -0.0000000000561425
  1.0204010633269300  -1.1501897318409946  -0.0000000006837548  -0.0000000000561425  -0.0000000009753316
global index=3  local index=1 (global=1, Rn=0 0 0 0)
 -0.2208822424102953   0.1725677195417991  -0.2955108660417274   0.1000855844228241  -0.0609984373700338
  0.4703653564784286  -0.2858012826682380   0.4713864730391457  -0.1596522661159213   0.0046813837481973
  0.3813325463698256  -0.0542613835948454   0.1367516877644180  -0.1592625357908386   0.1104308676708218
 -0.1291521874393715   0.0183774853824472  -0.1592624796992883  -0.2795444740039354  -0.0374014131513453
  0.5939820215320523  -0.5039874980546278   0.7996619974500354  -0.2708348167764287   0.1068636929073567
global index=3  local index=2 (global=2, Rn=0 0 0 0)
 -0.2208822800442697   0.1725678091897387  -0.1000855727382260   0.2955109549055771  -0.0609984079344529
  0.4703655808731675  -0.2858014516767150   0.1596523770389228  -0.4713865865208418   0.0046812021695971
  0.1291522250638764  -0.0183776237020029  -0.2795444438674769  -0.1592625747767423   0.0374014621900159
 -0.3813325064768994   0.0542612207000119  -0.1592625229823936   0.1367514706551433  -0.1104307433015005
  0.5939821193997290  -0.5039875814812396   0.2708348570559076  -0.7996621551937574   0.1068634833027138
global index=3  local index=3 (global=4, Rn=0 0 0 0)
 -0.0000000004736349   0.0000000009773574   0.0000000002227451   0.0000000013648271   0.0801595761658709
  0.0000000009773574  -0.0000000021354314  -0.0000000007132078  -0.0000000028070304  -0.1887800952491530
  0.0000000013648271  -0.0000000028070304   0.0000000004041865  -0.0000000022277592  -0.1570492712790755
  0.0000000002227451  -0.0000000007132078   0.0000000025424199   0.0000000004041865   0.1570492519207325
  0.0801595761658724  -0.1887800952491523   0.1570492519207307  -0.1570492712790750  -0.0000000029914890
global index=3  local index=4 (global=5, Rn=0 0 0 0)
 -0.0122491824742348  -0.0175329688120861  -0.1237427353213509  -0.0265766114013555  -0.0052642238399996  -0.0188644048125081   0.0872417279328451   0.0172804532489625   0.0590653579202538
  0.0338929586235023   0.0078389333181853   0.2682766437149125   0.0691014042241651   0.0136873491673850   0.0484793856879600  -0.2196289206887909  -0.0435030803820795  -0.1442491420679778
  0.0311410468747703  -0.0169226021024879   0.1955363996615213   0.0546784976955953   0.0136721981714224   0.0502125831613544  -0.1666069010989138  -0.0436289165799820  -0.1519142209887292
  0.0061682887802439  -0.0033518961045494   0.0387312531181236   0.0136720810902444  -0.0116377426452849   0.0099458928276918  -0.0436289953665781   0.0450152686481162  -0.0300905398526560
  0.0338892949084963   0.0365732248452781   0.3255203642246445   0.0781920760576501   0.0154880673064875   0.0453518502979498  -0.2596156287374695  -0.0514235199440972  -0.1385274998073948
global index=3  local index=5 (global=6, Rn=0 0 0 0)
 -0.2081896085674658   0.2141616904918693  -0.0588092185923852  -0.1300974169479546   0.1300974058613924   0.0554952722525862   0.1913534312736948  -0.1913534337565499  -0.1992342525682829
  0.3751054055038335  -0.2882238098428382   0.1890102931752413   0.1391894333498584  -0.1391893821235473  -0.1851102216395128  -0.2592252437220017   0.2592251444946949   0.4044978178796403
  0.3230075132225329  -0.2007577174887656  -0.1518198409637170  -0.0317142805677923  -0.1884779906459619  -0.0677676718124639   0.1625806693480463   0.1478834569519608   0.2035066637315134
 -0.3230074729465419   0.2007579012164970   0.1518192375378896  -0.1884780128183028  -0.0317142702042663   0.0677676926396638   0.1478834471587824   0.1625806825064368  -0.2035066881645860
  0.4557890190827662  -0.2475642458516742   0.8671136393045092   0.3028562897387458  -0.3028562484883345  -0.1629876538032799  -0.5710897490559260   0.5710897336166090   0.0978466434031535
global index=4  local index=0 (global=4, Rn=0 0 0 0)
 -0.0000000018475680  -0.0000000013638564  -0.0000000002544184  -0.0000000005074605   1.0204010633268998
 -0.0000000013638564  -0.0000000002121191   0.0000000009086295  -0.0000000012150426  -1.1501897318410048
 -0.0000000002544184   0.0000000009086295  -0.0000000002956076  -0.0000000000274262  -0.0000000000561505
 -0.0000000005074605  -0.0000000012150426  -0.0000000000274262   0.0000000000500847  -0.0000000006837576
  1.0204010633268998  -1.1501897318410048  -0.0000000000561506  -0.0000000006837576  -0.0000000009753316
global index=4  local index=1 (global=1, Rn=0 0 0 0)
 -0.2208822424102953   0.1725677195417998   0.1000855844228239  -0.2955108660417284  -0.0609984373700330
  0.4703653564784207  -0.2858012826682368  -0.1596522661159185   0.4713864730391522   0.0046813837481971
 -0.1291521874393704   0.0183774853824481  -0.2795444740039361  -0.1592624796992876  -0.0374014131513460
  0.3813325463698222  -0.0542613835948454  -0.1592625357908397   0.1367516877644166   0.1104308676708221
  0.5939820215320341  -0.5039874980546262  -0.2708348167764304   0.7996619974500435   0.1068636929073528
global index=4  local index=2 (global=2, Rn=0 0 0 0)
 -0.2208822800442706   0.1725678091897402   0.2955109549055751  -0.1000855727382263  -0.0609984079344518
  0.4703655808731633  -0.2858014516767118  -0.4713865865208384   0.1596523770389247   0.0046812021695971
 -0.3813325064768953   0.0542612207000128   0.1367514706551428  -0.1592625229823907  -0.1104307433015002
  0.1291522250638805  -0.0183776237020040  -0.1592625747767465  -0.2795444438674772   0.0374014621900159
  0.5939821193997282  -0.5039875814812441  -0.7996621551937638   0.2708348570559043   0.1068634833027143
global index=4  local index=3 (global=3, Rn=0 0 0 0)
 -0.0000000004736349   0.0000000009773574   0.0000000013648271   0.0000000002227451   0.0801595761658724
  0.0000000009773574  -0.0000000021354314  -0.0000000028070304  -0.0000000007132078  -0.1887800952491522
  0.0000000002227451  -0.0000000007132078   0.0000000004041865   0.0000000025424199   0.1570492519207307
  0.0000000013648271  -0.0000000028070304  -0.0000000022277592   0.0000000004041865  -0.1570492712790750
  0.0801595761658709  -0.1887800952491530  -0.1570492712790755   0.1570492519207325  -0.0000000029914890
global index=4  local index=4 (global=5, Rn=0 0 0 0)
 -0.0122491824742349  -0.0175329688120860  -0.1237427353213516  -0.0052642238400003  -0.0265766114013556  -0.0188644048125081   0.0172804532489626   0.0872417279328454   0.0590653579202526
  0.0338929586235027   0.0078389333181854   0.2682766437149099   0.0136873491673875   0.0691014042241641   0.0484793856879614  -0.0435030803820801  -0.2196289206887912  -0.1442491420679766
  0.0061682887802439  -0.0033518961045495   0.0387312531181225  -0.0116377426452841   0.0136720810902443   0.0099458928276919   0.0450152686481167  -0.0436289953665780  -0.0300905398526561
  0.0311410468747700  -0.0169226021024874   0.1955363996615193   0.0136721981714250   0.0546784976955950   0.0502125831613547  -0.0436289165799819  -0.1666069010989137  -0.1519142209887308
  0.0338892949084963   0.0365732248452783   0.3255203642246470   0.0154880673064896   0.0781920760576494   0.0453518502979495  -0.0514235199440972  -0.2596156287374731  -0.1385274998073958
global index=4  local index=5 (global=6, Rn=0 0 0 0)
 -0.2081896085674721   0.2141616904918736  -0.0588092185923840   0.1300974058613941  -0.1300974169479547   0.0554952722525869  -0.1913534337565502   0.1913534312736929  -0.1992342525682828
  0.3751054055038316  -0.2882238098428420   0.1890102931752422  -0.1391893821235489   0.1391894333498592  -0.1851102216395117   0.2592251444947065  -0.2592252437220064   0.4044978178796462
 -0.3230074729465424   0.2007579012164974   0.1518192375378890  -0.0317142702042668  -0.1884780128183038   0.0677676926396656   0.1625806825064382   0.1478834471587832  -0.2035066881645765
  0.3230075132225296  -0.2007577174887670  -0.1518198409637188  -0.1884779906459588  -0.0317142805677929  -0.0677676718124654   0.1478834569519625   0.1625806693480444   0.2035066637315142
  0.4557890190827622  -0.2475642458516743   0.8671136393045160  -0.3028562484883366   0.3028562897387407  -0.1629876538032828   0.5710897336166174  -0.5710897490559198   0.0978466434031526
global index=5  local index=0 (global=5, Rn=0 0 0 0)
  0.0000002733718627   0.0000002503483192   0.0000000646939699   0.0000000228451370   0.0000000228451355   0.6789360552064556   0.0000000099762329   0.0000000099762329  -0.1575848737145867
  0.0000002503483192  -0.0000001031923297  -0.0000012150465657  -0.0000000817913356  -0.0000000817913297  -0.3478249542507187   0.0000002817277676   0.0000002817277676   0.7313689602184129
  0.0000000646939699  -0.0000012150465657   0.0000028664506965  -0.0000000887219237  -0.0000000887219274   0.3262112433912878  -0.0000000840948310  -0.0000000840948310  -1.5243144951290191
  0.0000000228451370  -0.0000000817913356  -0.0000000887219237  -0.0000000158195715  -0.0000000055121230  -0.0000000091480661   0.0000000132461979  -0.0000000058730649  -0.0000000003308869
  0.0000000228451355  -0.0000000817913297  -0.0000000887219274  -0.0000000055121230  -0.0000000158195715  -0.0000000091480681  -0.0000000058730580   0.0000000132461979  -0.0000000003308762
  0.6789360552064556  -0.3478249542507187   0.3262112433912878  -0.0000000091480662  -0.0000000091480681  -0.0000000579522139   0.0000000000368141   0.0000000000368133   0.0000000230144607
  0.0000000099762329   0.0000002817277676  -0.0000000840948310   0.0000000132461979  -0.0000000058730580   0.0000000000368141   0.0000000280035042  -0.0000000146203906  -0.0000000018894769
  0.0000000099762329   0.0000002817277676  -0.0000000840948310  -0.0000000058730649   0.0000000132461979   0.0000000000368133  -0.0000000146203906   0.0000000280035042  -0.0000000018894761
 -0.1575848737145868   0.7313689602184129  -1.5243144951290191  -0.0000000003308869  -0.0000000003308762   0.0000000230144607  -0.0000000018894770  -0.0000000018894761   0.0000000374907801
global index=5  local index=1 (global=1, Rn=0 0 0 0)
  0.1021075165589111  -0.0475441794828937  -0.1224903554524896  -0.1224903554524889   0.0477416282553453
 -0.0687521245522800  -0.1037548238151161   0.2362486955423434   0.2362486955423454   0.1527061642596730
  0.6619360102083460  -0.4048557560218431  -0.2600226769942719  -0.2600226769942666   0.7680087845559924
  0.1036599745739812   0.0234231543963668   0.0253440351191056  -0.0939314519873767   0.0441873505232508
  0.1036599745739756   0.0234231543963711  -0.0939314519873758   0.0253440351191190   0.0441873505232488
  0.2696020881092117  -0.2911448307251880  -0.3264366603547294  -0.3264366603547305  -0.0604440348645602
 -0.3513141828174926  -0.0881086459477578  -0.1438735971111782   0.2551429046871421  -0.2019435067687309
 -0.3513141828174985  -0.0881086459477588   0.2551429046871352  -0.1438735971111803  -0.2019435067687324
 -0.6962830052544644   0.5612296156461896   0.5726528983456479   0.5726528983456416  -0.2735196107685859
global index=5  local index=2 (global=2, Rn=0 0 0 0)
  0.0091483826043762  -0.0189690673870438  -0.0221800208995856  -0.0221800208995853   0.0055634307823070
  0.0645833642628008  -0.0237362837738431  -0.0465176665628678  -0.0465176665628680   0.0732594144489479
  0.1970529649157420  -0.1945938975439785  -0.2704848494225485  -0.2704848494225499   0.1928912055662862
  0.0180011422020337  -0.0223320861218318  -0.0249351598234991  -0.0395827156218064   0.0135549672781955
  0.0180011422020331  -0.0223320861218303  -0.0395827156218062  -0.0249351598234977   0.0135549672781954
  0.0289778855656161  -0.0635751329472777  -0.0626877243239985  -0.0626877243239999   0.0004128638077184
 -0.0696591563619241   0.0814212443876640   0.0938205067294313   0.1509151791066937  -0.0543904924625107
 -0.0696591563619251   0.0814212443876628   0.1509151791066904   0.0938205067294310  -0.0543904924625099
 -0.0969687293033701   0.1955046043145528   0.1980884782096243   0.1980884782096236  -0.0229237396192568
global index=5  local index=3 (global=3, Rn=0 0 0 0)
  0.0072302811236238  -0.0176740952686689  -0.0200664943507351  -0.0039746901800871  -0.0146013499445652
  0.0746074732062846  -0.0934837306912981  -0.1299120527670601  -0.0257329092035674  -0.0704209915450730
  0.2042764104071859  -0.3372427533137686  -0.4286341934138365  -0.0849022414456809  -0.2655337736771791
  0.0186225010230426  -0.0363164556516673  -0.0401316268589080  -0.0103555913604558  -0.0366771251657156
  0.0036886691768841  -0.0071934130777616  -0.0103555853265726   0.0100979983950774  -0.0072648655151710
  0.0239366514093249  -0.0513454833476710  -0.0646567239606104  -0.0128069558314293  -0.0369278169795706
 -0.0703441606879378   0.1402542987284572   0.1574134155857761   0.0407528572042503   0.1437896368233986
 -0.0139334950310197   0.0277810004884278   0.0407529022468168  -0.0402581346076248   0.0284812718561814
 -0.0901597196778195   0.1965402521688416   0.2514913517505932   0.0498143447790910   0.1414874238079956
global index=5  local index=4 (global=4, Rn=0 0 0 0)
  0.0072302811236237  -0.0176740952686686  -0.0039746901800871  -0.0200664943507350  -0.0146013499445651
  0.0746074732062855  -0.0934837306912972  -0.0257329092035673  -0.1299120527670610  -0.0704209915450725
  0.2042764104071869  -0.3372427533137670  -0.0849022414456805  -0.4286341934138470  -0.2655337736771765
  0.0036886691768847  -0.0071934130777635   0.0100979983950768  -0.0103555853265747  -0.0072648655151727
  0.0186225010230421  -0.0363164556516667  -0.0103555913604559  -0.0401316268589078  -0.0366771251657157
  0.0239366514093250  -0.0513454833476719  -0.0128069558314294  -0.0646567239606108  -0.0369278169795710
 -0.0139334950310197   0.0277810004884276  -0.0402581346076247   0.0407529022468170   0.0284812718561814
 -0.0703441606879378   0.1402542987284581   0.0407528572042508   0.1574134155857768   0.1437896368233995
 -0.0901597196778201   0.1965402521688418   0.0498143447790910   0.2514913517505917   0.1414874238079964
global index=5  local index=5 (global=6, Rn=0 0 0 0)
  0.0146824911872024  -0.0099715038508242   0.0718577962702626  -0.0209241289864468  -0.0209241289864467  -0.0093165303377900   0.0674683163732118   0.0674683163732121   0.0269982108467853
  0.1412130672708783  -0.0360424416503997   0.0038809222343770  -0.0257853414995401  -0.0257853414995388   0.0419577615560094  -0.0371169908921643  -0.0371169908921641  -0.1263670645964856
  0.4005848440205561  -0.2647265381412289   0.4581251606232216  -0.2361806616445814  -0.2361806616445788  -0.0077458791463243   0.4198076023746614   0.4198076023746690  -0.0906452287127675
  0.0344972765729597  -0.0565480554966893   0.0147422373598006  -0.0172973031925180  -0.0366198971943531  -0.0154694383258513   0.0257857739791083   0.0769131809160100   0.0215947891320822
  0.0344972765729596  -0.0565480554966879   0.0147422373597957  -0.0366198971943526  -0.0172973031925161  -0.0154694383258508   0.0769131809160075   0.0257857739791009   0.0215947891320803
  0.0443146894311472   0.0121888863464658   0.2350720295653747  -0.0554046211996603  -0.0554046211996597  -0.0149697656485894   0.1558771578299319   0.1558771578299329   0.0485873266696514
 -0.1474153285617517   0.2026516789531125  -0.0406343059709001   0.0760624064998520   0.1548798423813530   0.0684286498927578  -0.0589243542416031  -0.2483452479570911  -0.0445797793305231
 -0.1474153285617529   0.2026516789531129  -0.0406343059709011   0.1548798423813536   0.0760624064998505   0.0684286498927584  -0.2483452479570931  -0.0589243542416041  -0.0445797793305232
 -0.1809444341043934   0.1056568068536922  -0.5362142219641637   0.2027110496333159   0.2027110496333178   0.0385282629349107  -0.4360670500571908  -0.4360670500571875  -0.0431397969056415
global index=6  local index=0 (global=6, Rn=0 0 0 0)
  0.0000010224703472   0.0000006907430263  -0.0000003021681581  -0.0000000113998083  -0.0000000113998083   0.6789356978791643   0.0000000047718938   0.0000000047718938  -0.1575849986365279
  0.0000006907430263   0.0000009846233544  -0.0000003026311452   0.0000000090572367   0.0000000090572367  -0.3478253527171158  -0.0000000238375140  -0.0000000238375140   0.7313698476446781
 -0.0000003021681581  -0.0000003026311452  -0.0000019328173238  -0.0000000670486137  -0.0000000670486137   0.3262114138078721   0.0000000562470028   0.0000000562470028  -1.5243150742527343
 -0.0000000113998083   0.0000000090572367  -0.0000000670486137   0.0000000102001149  -0.0000000079471477   0.0000000227396406  -0.0000000014891443   0.0000000051510425   0.0000000116084222
 -0.0000000113998083   0.0000000090572367  -0.0000000670486137  -0.0000000079471477   0.0000000102001149   0.0000000227396399   0.0000000051510425  -0.0000000014891443   0.0000000116084198
  0.6789356978791643  -0.3478253527171157   0.3262114138078721   0.0000000227396406   0.0000000227396399  -0.0000000377252134   0.0000000117886414   0.0000000117886382  -0.0000000422989464
  0.0000000047718938  -0.0000000238375140   0.0000000562470028  -0.0000000014891443   0.0000000051510425   0.0000000117886414  -0.0000000141684367   0.0000000152512800  -0.0000000008362074
  0.0000000047718938  -0.0000000238375140   0.0000000562470028   0.0000000051510425  -0.0000000014891443   0.0000000117886382   0.0000000152512800  -0.0000000141684367  -0.0000000008362084
 -0.1575849986365279   0.7313698476446781  -1.5243150742527343   0.0000000116084222   0.0000000116084198  -0.0000000422989464  -0.0000000008362074  -0.0000000008362084   0.0000000305470168
global index=6  local index=1 (global=1, Rn=0 0 0 0)
 -0.2204649786386293  -0.1077555989187307  -0.1081301325091550  -0.1081301325091552   0.2916562072065285
  0.2829328714921732   0.2476830573299147   0.1471576491469671   0.1471576491469700  -0.3364374902835105
 -0.3933684398715979   0.4972216595056269  -0.0432019810368845  -0.0432019810368826   1.2052249978261420
  0.1191635558475453   0.1266951074668186  -0.1280487968067166   0.0460727031778667  -0.1129417574113749
  0.1191635558475453   0.1266951074668182   0.0460727031778669  -0.1280487968067157  -0.1129417574113752
  0.5916581119379752  -0.3111617751453900   0.3609636930210731   0.3609636930210725   0.0388836881713392
 -0.1950255863227204  -0.0658041785538448   0.3757094770678260  -0.0562798091919268   0.3424350680887553
 -0.1950255863227169  -0.0658041785538448  -0.0562798091919270   0.3757094770678277   0.3424350680887483
 -0.8256755872410784   0.9662619813237783  -0.3044847240584606  -0.3044847240584567   0.5374244610903862
global index=6  local index=2 (global=2, Rn=0 0 0 0)
 -0.2204650193144012  -0.1077556082584017   0.1081301163186750   0.1081301163186779   0.2916561952868935
  0.2829329265571810   0.2476828347625549  -0.1471574416892924  -0.1471574416892924  -0.3364376220766589
 -0.3933687984490227   0.4972218657510158   0.0432018929765593   0.0432018929765608   1.2052249517949620
 -0.1191635846467019  -0.1266951122560305  -0.1280488312834562   0.0460727061474637   0.1129417518618888
 -0.1191635846467007  -0.1266951122560313   0.0460727061474640  -0.1280488312834562   0.1129417518618897
  0.5916581156141951  -0.3111618132705833  -0.3609636903197087  -0.3609636903197099   0.0388836873981174
  0.1950255500307339   0.0658042898070008   0.3757094729892282  -0.0562797347595149  -0.3424351376870737
  0.1950255500307375   0.0658042898070004  -0.0562797347595152   0.3757094729892372  -0.3424351376870736
 -0.8256755727051956   0.9662619706368262   0.3044846947091512   0.3044846947091639   0.5374245368292887
global index=6  local index=3 (global=3, Rn=0 0 0 0)
  0.1021075480261933  -0.0475442223382282  -0.1224903934409496   0.1224903755077048   0.0477415887261961
 -0.0687521196902503  -0.1037547686073121   0.2362489241242261  -0.2362485151515788   0.1527056409120253
  0.6619354908914427  -0.4048549030657868  -0.2600218594260434   0.2600210234279353   0.7680077434686989
  0.1036599911046690   0.0234231592213437   0.0253440563985899   0.0939314264853311   0.0441873596392307
 -0.1036600120000270  -0.0234231399193631   0.0939314504018398   0.0253440373384852  -0.0441873386243168
  0.2696020690677717  -0.2911447581047272  -0.3264366236974053   0.3264366227151108  -0.0604440275149709
 -0.3513141492862744  -0.0881085932410428  -0.1438737078985499  -0.2551428485295937  -0.2019435070475178
  0.3513141657144349   0.0881085593540716  -0.2551428337626135  -0.1438735259871045   0.2019434821661346
 -0.6962829335920940   0.5612296563990272   0.5726528880415434  -0.5726529260899968  -0.2735197019769638
global index=6  local index=4 (global=4, Rn=0 0 0 0)
  0.1021075480261965  -0.0475442223382277   0.1224903755077029  -0.1224903934409507   0.0477415887261956
 -0.0687521196902516  -0.1037547686073128  -0.2362485151515761   0.2362489241242247   0.1527056409120261
  0.6619354908914278  -0.4048549030657814   0.2600210234279367  -0.2600218594260365   0.7680077434687127
 -0.1036600120000238  -0.0234231399193631   0.0253440373384847   0.0939314504018386  -0.0441873386243164
  0.1036599911046691   0.0234231592213437   0.0939314264853296   0.0253440563985898   0.0441873596392299
  0.2696020690677772  -0.2911447581047297   0.3264366227151135  -0.3264366236973986  -0.0604440275149705
  0.3513141657144329   0.0881085593540711  -0.1438735259871026  -0.2551428337626171   0.2019434821661371
 -0.3513141492862806  -0.0881085932410427  -0.2551428485295913  -0.1438737078985500  -0.2019435070475135
 -0.6962829335920938   0.5612296563990260  -0.5726529260900030   0.5726528880415497  -0.2735197019769590
global index=6  local index=5 (global=5, Rn=0 0 0 0)
 -0.0146824731737513   0.0099714406732133  -0.0718576427524417  -0.0209241149842528  -0.0209241149842529  -0.0093165211942210   0.0674683120057925   0.0674683120057937   0.0269981932357059
 -0.1412124086123348   0.0360423062538566  -0.0038827688935072  -0.0257841323971946  -0.0257841323971949   0.0419591419619207  -0.0371162079110843  -0.0371162079110846  -0.1263660735654178
 -0.4005862255652538   0.2647244111432420  -0.4581293585449645  -0.2361838499764317  -0.2361838499764298  -0.0077481140147562   0.4198061655014351   0.4198061655014267  -0.0906482248069137
  0.0344972496716886  -0.0565480225229776   0.0147423726824956   0.0172972988699502   0.0366199079990893   0.0154694432898119  -0.0257857998350238  -0.0769131877046073  -0.0215947663059857
  0.0344972496716890  -0.0565480225229775   0.0147423726824959   0.0366199079990893   0.0172972988699497   0.0154694432898117  -0.0769131877046071  -0.0257857998350239  -0.0215947663059857
  0.0443146667181220   0.0121889711757654   0.2350720977020673   0.0554046306263972   0.0554046306263969   0.0149697499313078  -0.1558771804322653  -0.1558771804322664  -0.0485872801258122
 -0.1474152619100876   0.2026517618399862  -0.0406346627768415  -0.0760623204938870  -0.1548797866930438  -0.0684286490385517   0.0589244324508880   0.2483452212048776   0.0445798033793519
 -0.1474152619100898   0.2026517618399793  -0.0406346627768435  -0.1548797866930426  -0.0760623204938840  -0.0684286490385513   0.2483452212048807   0.0589244324508893   0.0445798033793519
 -0.1809443417515295   0.1056566593575491  -0.5362144440798871  -0.2027109673066824  -0.2027109673066816  -0.0385282375396275   0.4360670050560689   0.4360670050560643   0.0431398156456067


Overlap matrix with momentum operator px
global index=1  local index=0 (global=1, Rn=0 0 0 0)
 -0.0000009845459931  -0.0000000764203557  -0.4720327137073764   0.0000002043877210  -0.0000000118393780
 -0.0000023378939389  -0.0000004615584002  -0.2287882417283031  -0.0000005754381271  -0.0000014396855685
  0.4720336742114548   0.2287883015164277   0.0000005251278744  -0.0000000971765757  -0.0000000554175405
 -0.0000000923054603  -0.0000001237063690  -0.0000000814716733  -0.0000000814716728  -0.0000001050779356
  0.0000001411153139  -0.0000000193708258  -0.0000000407898604  -0.0000001050937075  -0.0000000439597105
global index=1  local index=1 (global=2, Rn=0 0 0 0)
 -0.1411313381530110   0.0255311270350895  -0.0391694074129009   0.1458703988275783   0.0000007317174583
  0.0255291886193634  -0.0363798361289050   0.0944418155202999   0.0565392715293596   0.0000002408332657
  0.0391670861786385  -0.0944354080125323  -0.3569730929468344  -0.0456647052723537   0.0000001814238514
 -0.1458709405738570  -0.0565363316699061  -0.0456653636420445  -0.0456653636420445   0.0000001093287444
  0.0000000545655718  -0.0000002100295943   0.0000000866982987   0.0000000120038756  -0.1556542608621138
global index=1  local index=2 (global=3, Rn=0 0 0 0)
 -0.0668889637546505   0.0647245121496157   0.0387999590648357  -0.0368114640806331   0.1051809458139997
  0.0647232378652831  -0.0228542496041102   0.0340896604171334   0.0068367215061243  -0.0195393534100972
 -0.0388044877902165  -0.0340800617714582  -0.1516666348870571  -0.0144139221640813   0.0411883041880542
  0.0368134233881993  -0.0068402586915652  -0.0144142194327994  -0.0810933437090966  -0.0457775196495670
 -0.1051827320249795   0.0195428654133361   0.0411860035996455  -0.0457764593442972   0.0336832504369371
global index=1  local index=3 (global=4, Rn=0 0 0 0)
  0.0226545859765940  -0.0219213593116937  -0.0574236296685678  -0.0368121042694578  -0.0356230007977135
 -0.0219213649131180   0.0077411570452044   0.0519646730940640   0.0068381283525637   0.0066170972118593
  0.0574209432713368  -0.0519589547227359   0.0932476373046630  -0.0810907417562774  -0.0784714216911625
  0.0368134233881991  -0.0068402586915648  -0.0810933437090983  -0.0144142194327998  -0.0457775196495666
  0.0356243434177868  -0.0066194153100268  -0.0784739356660124  -0.0457776241575401  -0.0114075316026379
global index=1  local index=4 (global=5, Rn=0 0 0 0)
  0.0723902317344679  -0.0986850125761075   0.0114784099372132   0.0018724277983908   0.0587929332733387   0.0538505567025829   0.0466110529401918  -0.0855298585146789  -0.0783399305180356
 -0.0394353426475873  -0.0191488115623787  -0.0485640772470535   0.0406045629850911   0.0124149792883946   0.0113709772052764  -0.0591715189946962  -0.0175010678855647  -0.0160297063700724
  0.0076416187900068  -0.0400180923757115   0.0770737116669084   0.1411383819500554   0.0036030194232314   0.0033000978054902  -0.2491277666776782  -0.0528499801782829  -0.0484071580068894
 -0.1008384830436137   0.0663928316993330   0.0507253396167258   0.0036031334018820   0.0036031334018827  -0.0596868955014707  -0.0528506450123312  -0.0528506450123327   0.0414824783292048
 -0.0923615558288901   0.0608114899169451   0.0464611098931389   0.0033002515484695  -0.0596868485176472   0.0140986428696313  -0.0484078187836109   0.0414824251123605  -0.0601450168666531
global index=1  local index=5 (global=6, Rn=0 0 0 0)
 -0.1695634730263651  -0.0000721470242724   0.0371455072679081  -0.1242206544157584   0.0969818391260001   0.1040110426811207   0.2160007065553985   0.0055619145490268   0.0059651113787186
 -0.1059363851975158  -0.1135403942355675   0.0487338395905890   0.0213473235057142   0.1308517393035122   0.1403352313994417  -0.0037059537545660   0.0680231190822611   0.0729539092710772
  0.2228310573622251  -0.1550275870116029  -0.0321089583300037  -0.2968998262336890  -0.0692964595659546  -0.0743190902184851   0.1783445857839528   0.0675171674910014   0.0724109063857270
 -0.0902314069868688  -0.0291836062233107   0.0290741412465474  -0.0692962748467530  -0.0692962748467521   0.0477312590166793   0.0675171888731007   0.0675171888731011   0.0129805907003778
 -0.0967715102137309  -0.0312990510529167   0.0311815700896639  -0.0743190048494108   0.0477311245517888  -0.0626108746338245   0.0724109731447969   0.0129806250589680   0.0693353392950181
global index=2  local index=0 (global=2, Rn=0 0 0 0)
  0.0000004425931841   0.0000000545438387  -0.4720336964880290  -0.0000004723770043   0.0000006217900662
 -0.0000007299752330  -0.0000007401042466  -0.2287872033103374  -0.0000027925205783   0.0000013285880065
  0.4720330428732404   0.2287880633284907   0.0000003085697480   0.0000001002572354   0.0000000785242938
  0.0000003014639821   0.0000000894183632   0.0000000871614373   0.0000000871614388   0.0000000818636228
 -0.0000002095077209   0.0000001661273532   0.0000000929517392   0.0000000819231903   0.0000000569587359
global index=2  local index=1 (global=1, Rn=0 0 0 0)
  0.1411317411361503  -0.0255316291257891  -0.0391699648129725   0.1458702710094887   0.0000006319953803
 -0.0255290979305465   0.0363814631064017   0.0944419892474561   0.0565385453584590   0.0000013879930179
  0.0391661175215282  -0.0944327723514224   0.3569763086899880   0.0456633923860883   0.0000000424052041
 -0.1458709597663353  -0.0565361917340057   0.0456658966991312   0.0456658966991316   0.0000001000139726
 -0.0000001374363367   0.0000000471184678  -0.0000002405256404  -0.0000001855523644   0.1556537129832913
global index=2  local index=2 (global=3, Rn=0 0 0 0)
 -0.0226543067736681   0.0219211903803657  -0.0574236791300657  -0.0368120091852498   0.0356227393212354
  0.0219219223213029  -0.0077418618682918   0.0519652387071069   0.0068386314783002  -0.0066184061755734
  0.0574210523491474  -0.0519592754333451  -0.0932475748817151   0.0810905591966311  -0.0784713262312493
  0.0368134107253054  -0.0068402582309617   0.0810928793285586   0.0144145750531552  -0.0457777059063022
 -0.0356243465127787   0.0066195098679776  -0.0784734896555163  -0.0457778515890949   0.0114076114230652
global index=2  local index=3 (global=4, Rn=0 0 0 0)
  0.0668891815241287  -0.0647255944037906   0.0387988998523295  -0.0368125250520078  -0.1051809932083053
 -0.0647247010955827   0.0228566844836411   0.0340904975117859   0.0068368628103816   0.0195400936901282
 -0.0388060332522590  -0.0340763575036899   0.1516714436963144   0.0144159830025003   0.0411904217015171
  0.0368134107253057  -0.0068402582309611   0.0144145750531548   0.0810928793285589  -0.0457777059063030
  0.1051831542406151  -0.0195436725934568   0.0411848760401785  -0.0457771884125133  -0.0336826644276452
global index=2  local index=4 (global=5, Rn=0 0 0 0)
  0.0107454752925312   0.0054266035110871   0.0619757278258006   0.0096178379999652   0.0151186939867197   0.0069657571322874  -0.0284537254337848  -0.0457416224588549  -0.0210752160268612
 -0.0255224955763214   0.0291434935450807  -0.0306303022643691  -0.0127293777444388  -0.0235747104098130  -0.0108626785874517   0.0149985967732719   0.0432339933604491   0.0199204304848102
 -0.0202188080923633   0.0331704514708905  -0.0042762058393779   0.0006420213109882  -0.0248362738975022  -0.0114429072817332  -0.0204270418985197   0.0515686220883662   0.0237608264142875
 -0.0285126865346703   0.0351032839342848  -0.0462214858393780  -0.0248345531815683  -0.0248345531815682  -0.0173111755235440   0.0515638748893304   0.0515638748893308   0.0403430202685140
 -0.0131366046428053   0.0161727623289685  -0.0212958578972080  -0.0114421071261781  -0.0173111770913510   0.0047631325123882   0.0237573838051976   0.0403417741646716  -0.0174094769375148
global index=2  local index=5 (global=6, Rn=0 0 0 0)
  0.1695639595651802   0.0000723380196233  -0.0371450873741315  -0.1242218283774785   0.0969815261591044  -0.1040107731820197   0.2160001485514132   0.0055626714310846  -0.0059658572857596
  0.1059341050148501   0.1135375359059172  -0.0487344252732523   0.0213439057580000   0.1308481575314372  -0.1403335805025052  -0.0037077133089143   0.0680249451143256  -0.0729543691105045
  0.2228306430326188  -0.1550291087212038  -0.0321122250747495   0.2968997654099308   0.0692959057032686  -0.0743184402520549  -0.1783457885921287  -0.0675168271121982   0.0724104497230545
 -0.0902314424730138  -0.0291844806491751   0.0290740120927416   0.0692961075673726   0.0692961075673731   0.0477314323442064  -0.0675173803554364  -0.0675173803554376   0.0129804697450081
  0.0967714730275550   0.0312996772482704  -0.0311812699584655  -0.0743186677889651   0.0477314052627433   0.0626108148739966   0.0724110577645823   0.0129804804377585  -0.0693352800416731
global index=3  local index=0 (global=3, Rn=0 0 0 0)
 -0.0000001846199634  -0.0000011008547988  -0.4720355512879784  -0.0000005513857816  -0.0000000387379178
 -0.0000020715143101  -0.0000038033473826  -0.2287922427013803  -0.0000011028585632  -0.0000001387296172
  0.4720336493215014   0.2287876096253401  -0.0000002350504461   0.0000001165659268  -0.0000000284665667
  0.0000000136430192  -0.0000002030120043   0.0000001338382388   0.0000000869173566   0.0000000047018033
  0.0000000106962859  -0.0000000159219087  -0.0000000281441809   0.0000000046900850  -0.0000000671976163
global index=3  local index=1 (global=1, Rn=0 0 0 0)
  0.0668889767458327  -0.0647251173667365   0.0387990626308619  -0.0368128943011658   0.1051817312814480
 -0.0647231873570595   0.0228548892246203   0.0340903017319677   0.0068384023269335  -0.0195399689013687
 -0.0388051842205292  -0.0340774955366803   0.1516709940971125   0.0144168977380307  -0.0411909987550177
  0.0368128493022928  -0.0068395920489743   0.0144145831306376   0.0810921209243611   0.0457783088614114
 -0.1051823457165463   0.0195427061572643  -0.0411853178254074   0.0457786180158841  -0.0336842348837095
global index=3  local index=2 (global=2, Rn=0 0 0 0)
  0.0226541078073320  -0.0219211982333571  -0.0574231173454512  -0.0368123532290682   0.0356233896753613
 -0.0219208498554372   0.0077401272168181   0.0519626737514752   0.0068378090859161  -0.0066180379187046
  0.0574216489066428  -0.0519599954389380   0.0932465598128163  -0.0810906454770021   0.0784707816754996
  0.0368128745824972  -0.0068398565278519  -0.0810916816044962  -0.0144148127888558   0.0457783975294368
 -0.0356236436891266   0.0066185725590882   0.0784719564403116   0.0457779853904092  -0.0114085111518318
global index=3  local index=3 (global=4, Rn=0 0 0 0)
  0.0287852490801549  -0.0444437383804037   0.0356847501777215  -0.0579503839385278   0.0000000109445038
 -0.0444503426634713   0.0314975031682543  -0.0181079662102290   0.0503579379952857  -0.0000000117415894
 -0.0356938455543833   0.0181183416493733   0.0225187767012727   0.0660104103299504  -0.0000000289638004
  0.0579552602255325  -0.0503594727187261   0.0660044468820557  -0.0660033181028514   0.0000000209724231
  0.0000000058461374  -0.0000000057394486  -0.0000000047790157  -0.0000000030401517   0.0442618761360526
global index=3  local index=4 (global=5, Rn=0 0 0 0)
  0.0037364698818805   0.0078487116414433   0.0379864586710047   0.0058710754658481   0.0015012881933522   0.0071816059510256  -0.0173196671746559  -0.0046132179268700  -0.0220533783892700
 -0.0096412666808248   0.0070694272131591  -0.0428561832538746  -0.0118320281965192  -0.0031318445588210  -0.0149871240150433   0.0279510145622720   0.0082370238924582   0.0393763427015301
 -0.0087192466542628   0.0081043699862552  -0.0354371093732575  -0.0078158858182732  -0.0033665172870803  -0.0161057611202741   0.0154285174733995   0.0094494201047451   0.0451693868743819
 -0.0021112915424715   0.0007580035045368  -0.0116998658457653  -0.0033684888047817   0.0037474997538325  -0.0040513146417089   0.0094474903271308  -0.0136295940488919   0.0119718233045020
 -0.0100921595768350   0.0036250366402912  -0.0559311014468624  -0.0161017931842739  -0.0040486649560961  -0.0147745074284090   0.0451631281295299   0.0119724074742569   0.0411013312518608
global index=3  local index=5 (global=6, Rn=0 0 0 0)
  0.0723904644197250  -0.0986843056609582   0.0114809608766790   0.0018718214922394  -0.0587934519117001   0.0538512827263604   0.0466117020152687   0.0855312880413113  -0.0783411324019839
 -0.0394358735015516  -0.0191521629704993  -0.0485657658036129   0.0406034827880057  -0.0124154671300539   0.0113708325900187  -0.0591707104524554   0.0175028039717957  -0.0160299050696636
  0.0076416803210769  -0.0400235290264795   0.0770654839516503   0.1411387892564914  -0.0036026444380432   0.0032997886989453  -0.2491307818013078   0.0528488213375059  -0.0484056096450494
  0.1008383891794614  -0.0663927673075201  -0.0507256436610958  -0.0036027542167423   0.0036028888956597   0.0596869503388058   0.0528503690772275  -0.0528503257023173  -0.0414827623046025
 -0.0923614846488828   0.0608115098723273   0.0464618593683472   0.0032998467017237   0.0596869878653827   0.0140983652353587  -0.0484075153045595  -0.0414822775701135  -0.0601437573738549
global index=4  local index=0 (global=4, Rn=0 0 0 0)
 -0.0000006502023723  -0.0000001747920960  -0.4720327343753042  -0.0000005515970799   0.0000000397972199
  0.0000008207615356   0.0000014217366143  -0.2287852700026824  -0.0000011033172884   0.0000001475833591
  0.4720330358125747   0.2287882235999587  -0.0000000171113479   0.0000000992382774  -0.0000000159745088
  0.0000000136430193  -0.0000002030120043   0.0000000869173546   0.0000001338382384   0.0000000047018033
  0.0000000207579730   0.0000000401071011  -0.0000000153874467   0.0000000046537549   0.0000003071963530
global index=4  local index=1 (global=1, Rn=0 0 0 0)
 -0.0226541197112518   0.0219209434832379  -0.0574230403011703  -0.0368120215484651  -0.0356234842501892
  0.0219207715657812  -0.0077398583932243   0.0519635464815231   0.0068381816796086   0.0066180037728070
  0.0574215092465851  -0.0519597269559576  -0.0932460554188296   0.0810905941290020   0.0784707328642420
  0.0368128493022929  -0.0068395920489746   0.0810921209243608   0.0144145831306371   0.0457783088614106
  0.0356235305916898  -0.0066181127960321   0.0784724002113301   0.0457776551662631   0.0114087098567116
global index=4  local index=2 (global=2, Rn=0 0 0 0)
 -0.0668883815975567   0.0647246597125857   0.0387994603617947  -0.0368125810370502  -0.1051814455403180
  0.0647232708453527  -0.0228551042369446   0.0340892392625482   0.0068379462496136   0.0195420380937360
 -0.0388044094322170  -0.0340788314910665  -0.1516680378932306  -0.0144161689328681  -0.0411913427859098
  0.0368128745824964  -0.0068398565278515  -0.0144148127888557  -0.0810916816044960   0.0457783975294374
  0.1051818344920532  -0.0195416555547618  -0.0411865703923472   0.0457780953925678   0.0336844502535261
global index=4  local index=3 (global=3, Rn=0 0 0 0)
 -0.0287852343135411   0.0444435006540910   0.0356843048759962  -0.0579503444226635  -0.0000000111235119
  0.0444505556451599  -0.0314978150402439  -0.0181073103685088   0.0503589416802684   0.0000000120163344
 -0.0356942019563610   0.0181179961587827  -0.0225199587037829  -0.0660108017799679  -0.0000000264851026
  0.0579552602255332  -0.0503594727187257  -0.0660033181028509   0.0660044468820550   0.0000000209724231
 -0.0000000056902389   0.0000000056606700  -0.0000000037828298  -0.0000000014522113  -0.0442614927622474
global index=4  local index=4 (global=5, Rn=0 0 0 0)
  0.0007401938188953   0.0015546459001051   0.0075242514250330  -0.0014146164440065   0.0015022099941811   0.0014223881936805   0.0050545775798319  -0.0046130622453407  -0.0043680398269958
 -0.0019100684446886   0.0014004146752144  -0.0084891964339832   0.0033721305456393  -0.0031350479877991  -0.0029684941260830  -0.0119981085101878   0.0082367633165457   0.0077993395565306
  0.0015205357777255   0.0044286184019318   0.0213154878226783   0.0025623391062208   0.0037456005229222   0.0035470155744119  -0.0090909970352415  -0.0136262708455540  -0.0129035183289688
 -0.0021112915424715   0.0007580035045368  -0.0116998658457652   0.0037474997538322  -0.0033684888047817  -0.0040513146417088  -0.0136295940488915   0.0094474903271308   0.0119718233045022
 -0.0019993410391672   0.0007178907242578  -0.0110795041458845   0.0035487409734351  -0.0040516632718958  -0.0029262947600561  -0.0129065046865651   0.0119725749732022   0.0081409852092752
global index=4  local index=5 (global=6, Rn=0 0 0 0)
 -0.0723901630753422   0.0986838759346330  -0.0114807817055607   0.0018722806228641  -0.0587927124336801  -0.0538511786794627   0.0466114659357483   0.0855310120620216   0.0783410959226346
  0.0394366770502225   0.0191501183030002   0.0485645817455307   0.0406047060264672  -0.0124136256942668  -0.0113699040715856  -0.0591705429331771   0.0175023289504925   0.0160289311011322
  0.0076415608891514  -0.0400227921531675   0.0770665125757342  -0.1411386741950889   0.0036023937528933   0.0032995406846115   0.2491293976456767  -0.0528490186769788  -0.0484048241154511
  0.1008383891794573  -0.0663927673075186  -0.0507256436610963   0.0036028888956597  -0.0036027542167421   0.0596869503388055  -0.0528503257023164   0.0528503690772278  -0.0414827623046028
  0.0923615093392147  -0.0608118875505171  -0.0464626863945230   0.0032998416725819   0.0596870975790445  -0.0140983090985459  -0.0484068889952181  -0.0414818990975376   0.0601435717764034
global index=5  local index=0 (global=5, Rn=0 0 0 0)
 -0.0000016374044290  -0.0000010703467914   0.0000006217847861  -0.6044360877678179   0.0000031777106108   0.0000059008319188   0.0505856065133652   0.0000012314717667   0.0000022230760640
 -0.0000079244110560   0.0000111812741424  -0.0000046026728623  -0.3109543114998425  -0.0000014204810963   0.0000057985554465  -0.4972011187626134  -0.0000014144204072   0.0000012121586063
 -0.0000066095542981   0.0000156577974373   0.0000111375521455   0.2419310239318928  -0.0000034434715324  -0.0000016710910444   0.0034158090674983   0.0000020071403352   0.0000032660881304
  0.6044553475942752   0.3109738620431808  -0.2419230747279346   0.0000052906498875   0.0000016148768965   0.0000022670059279   0.0000028999269516   0.0000015057857440   0.0000019912553994
  0.0000038555345423   0.0000018128383298  -0.0000007663928626   0.0000016332304927   0.0000016332304970  -0.0000011227722861   0.0000015057570275   0.0000015057570285  -0.0000001658550646
  0.0000028209001330   0.0000013383261832  -0.0000008248668595   0.0000022956948292  -0.0000011224423862   0.0000010897240692   0.0000019861652603  -0.0000001659933675   0.0000013901823397
 -0.0505751023751321   0.4972250771907025  -0.0034723026237671  -0.0000002949877938   0.0000003279700829  -0.0000008087541479   0.0000025577771206   0.0000016088731772   0.0000023284964651
  0.0000023383080051   0.0000015708112530  -0.0000002219079228   0.0000003282345923   0.0000003282345917   0.0000004953138077   0.0000016095508397   0.0000016095508398  -0.0000000034993624
  0.0000013763582556   0.0000004300646615   0.0000001445200608  -0.0000008128653167   0.0000004955287490   0.0000010938540542   0.0000023233283747  -0.0000000035539253   0.0000017173035582
global index=5  local index=1 (global=1, Rn=0 0 0 0)
 -0.0723907073520641   0.0394361618720279  -0.0076421468752868   0.1008380033405518   0.0923611620476839
  0.0986626900524192   0.0191593195148732   0.0400068533543241  -0.0663815894944220  -0.0608039311039842
 -0.0114636994223438   0.0485749285328722  -0.0770737532491497  -0.0507399228789127  -0.0464763817418894
 -0.0018735377624281  -0.0406030832309031  -0.1411388268028822  -0.0036023500290641  -0.0032995891864561
 -0.0587936509524449  -0.0124148790823527  -0.0036033635096408  -0.0036033635096407   0.0596867311144708
 -0.0538513028634101  -0.0113710828891602  -0.0033003300884722   0.0596869164660982  -0.0140989031952610
 -0.0466102182363252   0.0591669493168127   0.2491269480312619   0.0528498846855259   0.0484070834892653
  0.0855313039136226   0.0174995230783728   0.0528492102499990   0.0528492102499999  -0.0414819008503068
  0.0783411757550485   0.0160283854205060   0.0484065143282287  -0.0414818533265823   0.0601437977368795
global index=5  local index=2 (global=2, Rn=0 0 0 0)
 -0.0107443258358995   0.0255192712204010   0.0202151016575085   0.0285094988778897   0.0131352104490911
 -0.0054392918425333  -0.0291300482675714  -0.0331689499756903  -0.0350896054444036  -0.0161650082557648
 -0.0619924064037517   0.0306332127745773   0.0042402772763983   0.0462129877521676   0.0212809872686767
 -0.0096202814737974   0.0127321567324301  -0.0006395815754021   0.0248371061537211   0.0114430894532670
 -0.0151201318182626   0.0235753760054142   0.0248360643320129   0.0248360643320131   0.0173114986595011
 -0.0069663578560100   0.0108619676017035   0.0114427914207069   0.0173116716866374  -0.0047623343003592
  0.0284564683053994  -0.0150014607363171   0.0204241698476760  -0.0515642858277650  -0.0237582921361120
  0.0457422585375435  -0.0432330289066144  -0.0515636966410028  -0.0515636966410032  -0.0403418162689734
  0.0210746976810378  -0.0199188553858247  -0.0237572161854330  -0.0403410024775692   0.0174080572298519
global index=5  local index=3 (global=3, Rn=0 0 0 0)
 -0.0037353854520772   0.0096396493911427   0.0087156171396632   0.0021104741115124   0.0100894511116845
 -0.0078616057219376  -0.0070613533830158  -0.0080955196204535  -0.0007526454809596  -0.0036103838357357
 -0.0380080854187293   0.0428556239054213   0.0354233570019431   0.0116971389730266   0.0559415081070873
 -0.0058723452062307   0.0118329227751004   0.0078159814523524   0.0033681671999821   0.0161018744826294
 -0.0015021437811987   0.0031344511344776   0.0033679896475783  -0.0037466588325619   0.0040509341778071
 -0.0071813377978590   0.0149846196702074   0.0161011210970731   0.0040509498940659   0.0147722008997497
  0.0173223960206505  -0.0279521502651733  -0.0154315244765183  -0.0094483001531265  -0.0451639739069782
  0.0046128204944373  -0.0082359695301749  -0.0094469884662289   0.0136276669093533  -0.0119715254299489
  0.0220539210664402  -0.0393732523461744  -0.0451639647350380  -0.0119727692329581  -0.0411009831134337
global index=5  local index=4 (global=4, Rn=0 0 0 0)
 -0.0007398835142620   0.0019093787514610  -0.0015211317783500   0.0021104549212459   0.0019984739855990
 -0.0015566749096046  -0.0013985239278162  -0.0044326487137643  -0.0007553238462968  -0.0007154203600433
 -0.0075293556358825   0.0084886950314610  -0.0213314471393166   0.0117023452028718   0.0110806893670254
  0.0014138240593002  -0.0033706396024373  -0.0025619311852531  -0.0037458535984765  -0.0035471345966005
 -0.0015021437811987   0.0031344511344776  -0.0037466588325619   0.0033679896475783   0.0040509341778071
 -0.0014224601182581   0.0029681814876315  -0.0035478902722733   0.0040509889494208   0.0029260865802408
 -0.0050533615944037   0.0119957922627448   0.0090899208513081   0.0136270085729689   0.0129040114668065
  0.0046128204944373  -0.0082359695301749   0.0136276669093534  -0.0094469884662288  -0.0119715254299490
  0.0043680910182188  -0.0077990077106887   0.0129046380068661  -0.0119715683475146  -0.0081410522715156
global index=5  local index=5 (global=6, Rn=0 0 0 0)
 -0.0069228230995146   0.0006538626597782  -0.0525972956574107   0.0065177723913949   0.0122406164748229   0.0118452437296030  -0.0244901272542400  -0.0466789898792052  -0.0451711517133545
  0.0006475446800717  -0.0340063508835867   0.0242325496490631  -0.0250417877716131  -0.0282137806687026  -0.0273020777781715   0.0256552638391931   0.0503982810824873   0.0487725965642450
 -0.0526029880704228   0.0242494672271506  -0.0289720836034325  -0.0171802028746124   0.0087310818883993   0.0084471604751776   0.0384222581641143  -0.0091276843473950  -0.0088319848103446
 -0.0065184608602356   0.0250482502623904   0.0171544758315792  -0.0073095029059998   0.0078163437734522   0.0075638645287489   0.0289702328247067  -0.0189005906731644  -0.0182899507885957
 -0.0122411153227165   0.0282251346110429  -0.0087543221146293   0.0078160202125930   0.0078160202125930   0.0148821817343125  -0.0188996550364654  -0.0188996550364653  -0.0414513185707336
 -0.0118457254357728   0.0273132674519515  -0.0084714118505920   0.0075635541496140   0.0148821840036152   0.0068385529919745  -0.0182891967414331  -0.0414514751589536  -0.0161770588489528
  0.0244912341066081  -0.0256490838235429  -0.0384086995991936   0.0289691760270636  -0.0189010151934651  -0.0182905805872173  -0.0970899209414597   0.0054869809041588   0.0053095622459760
  0.0466797793584097  -0.0504072981655287   0.0091354901971294  -0.0189006371669891  -0.0189006371669890  -0.0414522674170644   0.0054864435169855   0.0054864435169854   0.0549412227634307
  0.0451719942773006  -0.0487792151728752   0.0088403701858675  -0.0182901382835690  -0.0414521894659101  -0.0161781271864001   0.0053091420663187   0.0549413296983570   0.0018776539438152
global index=6  local index=0 (global=6, Rn=0 0 0 0)
  0.0000022724108205  -0.0000002107274261  -0.0000029510663630  -0.6044838397871726  -0.0000007229857856   0.0000016665970937   0.0505605314111652  -0.0000003874329563   0.0000010439705148
 -0.0000097785425133  -0.0000059757024665   0.0000012741186193  -0.3109916087264494   0.0000048940095088   0.0000084731610416  -0.4972383670746412  -0.0000052177022072   0.0000000680847359
  0.0000012786880690  -0.0000003566241336  -0.0000059406662131   0.2419356000382210   0.0000034135023102  -0.0000015670301937   0.0034706356239855   0.0000006274707533  -0.0000010250820409
  0.6044516933050493   0.3109713197515685  -0.2419209175207753   0.0000047574429059  -0.0000003363868025  -0.0000006454718731   0.0000010128255593  -0.0000000200404368  -0.0000003477498228
 -0.0000060877408943  -0.0000033593105083   0.0000025039977298  -0.0000004344548272  -0.0000004344548282  -0.0000015412406345  -0.0000000745216101  -0.0000000745216081  -0.0000004465271891
  0.0000024558199351   0.0000016420929980  -0.0000010770198499  -0.0000005766280868  -0.0000015410376311  -0.0000027355422790  -0.0000002979947495  -0.0000004465914580  -0.0000017844019771
 -0.0505779848375550   0.4972251141288140  -0.0034706443313188   0.0000040242110892   0.0000006908617416   0.0000002609856810   0.0000006944104079   0.0000003653666570  -0.0000003010581038
 -0.0000036725533022  -0.0000029560849494   0.0000020723335981   0.0000006355292102   0.0000006355292104  -0.0000005756269123   0.0000003362190888   0.0000003362190912  -0.0000002828971824
  0.0000006292737416   0.0000012196845616  -0.0000008874198763   0.0000003111779435  -0.0000005754897442  -0.0000003968621729  -0.0000002747163991  -0.0000002829353060  -0.0000006295519802
global index=6  local index=1 (global=1, Rn=0 0 0 0)
  0.1695644875643043   0.1059321475372298  -0.2228327223580675   0.0902332949782695   0.0967734778559044
  0.0000605446511896   0.1135257449472289   0.1550176885683634   0.0291864495044988   0.0312951894489236
 -0.0371467220113835  -0.0487288738272270   0.0321095848282556  -0.0290808237612499  -0.0311881983545421
  0.1242197013657177  -0.0213454581605637   0.2969001198522729   0.0692948382846182   0.0743176273014801
 -0.0969822836451945  -0.1308479170552585   0.0692949727144645   0.0692949727144657  -0.0477327703432705
 -0.1040099433349120  -0.1403326375378492   0.0743195176225816  -0.0477310457896758   0.0626115580739640
 -0.2160024013717615   0.0037049310595311  -0.1783444556800176  -0.0675184538434923  -0.0724117545614516
 -0.0055631844499216  -0.0680238412012758  -0.0675173784777475  -0.0675173784777485  -0.0129807662165185
 -0.0059663727283434  -0.0729545441721339  -0.0724105661119122  -0.0129807403993328  -0.0693347169690249
global index=6  local index=2 (global=2, Rn=0 0 0 0)
 -0.1695648048709142  -0.1059337626556732  -0.2228320623473742   0.0902330794048725  -0.0967736193732550
 -0.0000726934691559  -0.1135374097549543   0.1550317841945598   0.0291918541618027  -0.0312975179961196
  0.0371482930085962   0.0487387091911134   0.0321036033701739  -0.0290792002280226   0.0311916240795336
  0.1242208171665666  -0.0213456743791615  -0.2968976647914556  -0.0692960934179513   0.0743183568326222
 -0.0969825018104327  -0.1308480517067895  -0.0692950051528648  -0.0692950051528669  -0.0477333040343796
  0.1040106283067788   0.1403319898289674   0.0743184460733727  -0.0477320637351082  -0.0626102775191442
 -0.2160002393342390   0.0037072414777823   0.1783460947994447   0.0675181807289616  -0.0724107819171450
 -0.0055618488248595  -0.0680221050381563   0.0675178770667796   0.0675178770667804  -0.0129806823123964
  0.0059646562955098   0.0729525348122877  -0.0724101026630757  -0.0129803324467320   0.0693351068413168
global index=6  local index=3 (global=3, Rn=0 0 0 0)
 -0.0723904687823777   0.0394367261784368  -0.0076419259199533  -0.1008386878988905   0.0923621047533730
  0.0986862533534143   0.0191517688004256   0.0400218032489016   0.0664008302889131  -0.0608134710723092
 -0.0114827268726910   0.0485721679022646  -0.0770923288815944   0.0507358424215945  -0.0464694395479306
 -0.0018727273517707  -0.0406038268361008  -0.1411379316025081   0.0036032972532720  -0.0033001518245518
  0.0587932168680148   0.0124149030315723   0.0036037185647555  -0.0036038941908315  -0.0596865404389563
 -0.0538507976710149  -0.0113708437739979  -0.0033005002255764  -0.0596865826833144  -0.0140986128800215
 -0.0466104245921448   0.0591670808011125   0.2491249178241353  -0.0528494857364455   0.0484064564293017
 -0.0855311160097897  -0.0174994308073372  -0.0528488237405069   0.0528484962721398   0.0414819188055531
  0.0783412516360969   0.0160290621669771   0.0484054995146121   0.0414822662180947   0.0601435377426493
global index=6  local index=4 (global=4, Rn=0 0 0 0)
  0.0723907607159172  -0.0394370235424678  -0.0076420565202205  -0.1008392819501857  -0.0923626227009116
 -0.0986829381694219  -0.0191547275740813   0.0400133326552802   0.0663940439041892   0.0608125853306128
  0.0114814147084125  -0.0485729021134313  -0.0770878115637345   0.0507400412080321   0.0464732053665610
 -0.0018733659259446  -0.0406029045155346   0.1411382470121913  -0.0036021098407066  -0.0032988503446684
  0.0587932168680133   0.0124149030315721  -0.0036038941908314   0.0036037185647558  -0.0596865404389558
  0.0538509588143506   0.0113706087661366  -0.0033001098911272  -0.0596869204768087   0.0140982088970169
 -0.0466106917009193   0.0591675579501749  -0.2491253216160276   0.0528498165607026   0.0484073207182464
 -0.0855311160097895  -0.0174994308073366   0.0528484962721404  -0.0528488237405066   0.0414819188055535
 -0.0783414023324762  -0.0160288962159311   0.0484054641093228   0.0414825618312483  -0.0601432935423787
global index=6  local index=5 (global=5, Rn=0 0 0 0)
  0.0069226204936426  -0.0006533240176392   0.0525977590344815   0.0065177677789089   0.0122405815061143   0.0118451722822981  -0.0244902107351037  -0.0466791402512410  -0.0451712795468623
 -0.0006491704424969   0.0340121317155867  -0.0242468238705213  -0.0250585101829577  -0.0282309895242598  -0.0273244069543559   0.0256532832916508   0.0503975525187905   0.0487821807219256
  0.0526011203764529  -0.0242611140422491   0.0289699009990436  -0.0171520559818406   0.0087626021465376   0.0084813606013027   0.0384317945455558  -0.0091261100829002  -0.0088287941667173
 -0.0065178895761391   0.0250473082546594   0.0171549883581796   0.0073093080797228  -0.0078164133927431  -0.0075637774240800  -0.0289704095495139   0.0189004753203802   0.0182894758424767
 -0.0122405860983350   0.0282243246881663  -0.0087539209943958  -0.0078162332765428  -0.0078162332765423  -0.0148821816295295   0.0188997261278815   0.0188997261278814   0.0414511232305987
 -0.0118452092285433   0.0273128524650784  -0.0084713397028685  -0.0075636741558300  -0.0148822531280928  -0.0068386693761090   0.0182889469896816   0.0414513209085159   0.0161769598986477
  0.0244897440542899  -0.0256504297706409  -0.0384083743040527  -0.0289706932976356   0.0188987913738538   0.0182878740722593   0.0970881490138360  -0.0054890747518596  -0.0053106031343556
  0.0466783182922058  -0.0504083008643277   0.0091355349559033   0.0188987058059056   0.0188987058059048   0.0414495052121143  -0.0054880503572849  -0.0054880503572849  -0.0549419738881670
  0.0451706106889931  -0.0487803018494077   0.0088407328852929   0.0182881662968641   0.0414498750585237   0.0161759493312366  -0.0053103807219338  -0.0549427356349436  -0.0018792565320388


Overlap matrix with momentum operator py
global index=1  local index=0 (global=1, Rn=0 0 0 0)
 -0.0000009845459921  -0.0000000764203554   0.0000002043877209  -0.4720327137073623  -0.0000000118393780
 -0.0000023378939380  -0.0000004615584007  -0.0000005754381271  -0.2287882417283033  -0.0000014396855685
 -0.0000000923054603  -0.0000001237063690  -0.0000000814716733  -0.0000000814716728  -0.0000001050779356
  0.4720336742114505   0.2287883015164245  -0.0000000971765762   0.0000005251278734  -0.0000000554175405
  0.0000001411153139  -0.0000000193708258  -0.0000001050937075  -0.0000000407898604  -0.0000000439597117
global index=1  local index=1 (global=2, Rn=0 0 0 0)
 -0.1411313381530110   0.0255311270350898   0.1458703988275816  -0.0391694074129021   0.0000007317174583
  0.0255291886193634  -0.0363798361289052   0.0565392715293605   0.0944418155203000   0.0000002408332657
 -0.1458709405738570  -0.0565363316699060  -0.0456653636420445  -0.0456653636420445   0.0000001093287444
  0.0391670861786409  -0.0944354080125338  -0.0456647052723524  -0.3569730929468347   0.0000001814238514
  0.0000000545655718  -0.0000002100295943   0.0000000120038756   0.0000000866982987  -0.1556542608621138
global index=1  local index=2 (global=3, Rn=0 0 0 0)
  0.0226545859765938  -0.0219213593116933  -0.0368121042694587  -0.0574236296685677  -0.0356230007977128
 -0.0219213649131179   0.0077411570452049   0.0068381283525639   0.0519646730940642   0.0066170972118592
  0.0368134233881993  -0.0068402586915652  -0.0144142194327994  -0.0810933437090966  -0.0457775196495670
  0.0574209432713371  -0.0519589547227347  -0.0810907417562774   0.0932476373046608  -0.0784714216911627
  0.0356243434177862  -0.0066194153100269  -0.0457776241575388  -0.0784739356660127  -0.0114075316026381
global index=1  local index=3 (global=4, Rn=0 0 0 0)
 -0.0668889637546505   0.0647245121496157  -0.0368114640806333   0.0387999590648361   0.1051809458139993
  0.0647232378652834  -0.0228542496041099   0.0068367215061245   0.0340896604171337  -0.0195393534100975
  0.0368134233881991  -0.0068402586915648  -0.0810933437090983  -0.0144142194327998  -0.0457775196495666
 -0.0388044877902172  -0.0340800617714608  -0.0144139221640811  -0.1516666348870611   0.0411883041880545
 -0.1051827320249800   0.0195428654133360  -0.0457764593442966   0.0411860035996451   0.0336832504369376
global index=1  local index=4 (global=5, Rn=0 0 0 0)
  0.0723902317344678  -0.0986850125761098   0.0114784099372137   0.0587929332733393   0.0018724277983881   0.0538505567025847  -0.0855298585146802   0.0466110529401918  -0.0783399305180352
 -0.0394353426475872  -0.0191488115623789  -0.0485640772470530   0.0124149792883943   0.0406045629850917   0.0113709772052765  -0.0175010678855651  -0.0591715189946964  -0.0160297063700725
 -0.1008384830436137   0.0663928316993330   0.0507253396167258   0.0036031334018820   0.0036031334018826  -0.0596868955014707  -0.0528506450123312  -0.0528506450123326   0.0414824783292047
  0.0076416187900062  -0.0400180923757120   0.0770737116669099   0.0036030194232336   0.1411383819500605   0.0033000978054905  -0.0528499801782841  -0.2491277666776811  -0.0484071580068892
 -0.0923615558288909   0.0608114899169451   0.0464611098931377  -0.0596868485176469   0.0033002515484685   0.0140986428696312   0.0414824251123600  -0.0484078187836118  -0.0601450168666534
global index=1  local index=5 (global=6, Rn=0 0 0 0)
 -0.1695634730263610  -0.0000721470242713   0.0371455072679082   0.0969818391259972  -0.1242206544157591   0.1040110426811199   0.0055619145490266   0.2160007065554012   0.0059651113787189
 -0.1059363851975130  -0.1135403942355681   0.0487338395905895   0.1308517393035156   0.0213473235057143   0.1403352313994426   0.0680231190822616  -0.0037059537545669   0.0729539092710751
 -0.0902314069868688  -0.0291836062233107   0.0290741412465474  -0.0692962748467530  -0.0692962748467521   0.0477312590166793   0.0675171888731007   0.0675171888731011   0.0129805907003778
  0.2228310573622212  -0.1550275870116038  -0.0321089583300048  -0.0692964595659567  -0.2968998262336957  -0.0743190902184870   0.0675171674910044   0.1783445857839535   0.0724109063857276
 -0.0967715102137312  -0.0312990510529139   0.0311815700896649   0.0477311245517881  -0.0743190048494115  -0.0626108746338231   0.0129806250589679   0.0724109731447972   0.0693353392950193
global index=2  local index=0 (global=2, Rn=0 0 0 0)
  0.0000004425931859   0.0000000545438388  -0.0000004723770043  -0.4720336964880056   0.0000006217900662
 -0.0000007299752359  -0.0000007401042492  -0.0000027925205783  -0.2287872033103437   0.0000013285880065
  0.0000003014639822   0.0000000894183632   0.0000000871614373   0.0000000871614388   0.0000000818636228
  0.4720330428732494   0.2287880633284891   0.0000001002572352   0.0000003085697479   0.0000000785242938
 -0.0000002095077209   0.0000001661273532   0.0000000819231903   0.0000000929517392   0.0000000569587349
global index=2  local index=1 (global=1, Rn=0 0 0 0)
  0.1411317411361500  -0.0255316291257891   0.1458702710094904  -0.0391699648129727   0.0000006319953803
 -0.0255290979305465   0.0363814631064013   0.0565385453584587   0.0944419892474571   0.0000013879930179
 -0.1458709597663353  -0.0565361917340057   0.0456658966991312   0.0456658966991316   0.0000001000139726
  0.0391661175215278  -0.0944327723514233   0.0456633923860877   0.3569763086899867   0.0000000424052041
 -0.0000001374363367   0.0000000471184678  -0.0000001855523644  -0.0000002405256404   0.1556537129832908
global index=2  local index=2 (global=3, Rn=0 0 0 0)
  0.0668891815241285  -0.0647255944037907  -0.0368125250520074   0.0387988998523284  -0.1051809932083050
 -0.0647247010955824   0.0228566844836407   0.0068368628103813   0.0340904975117861   0.0195400936901284
  0.0368134107253054  -0.0068402582309617   0.0810928793285586   0.0144145750531552  -0.0457777059063022
 -0.0388060332522598  -0.0340763575036905   0.0144159830025009   0.1516714436963119   0.0411904217015154
  0.1051831542406149  -0.0195436725934574  -0.0457771884125136   0.0411848760401786  -0.0336826644276449
global index=2  local index=3 (global=4, Rn=0 0 0 0)
 -0.0226543067736679   0.0219211903803660  -0.0368120091852501  -0.0574236791300657   0.0356227393212353
  0.0219219223213034  -0.0077418618682918   0.0068386314783003   0.0519652387071071  -0.0066184061755734
  0.0368134107253057  -0.0068402582309611   0.0144145750531548   0.0810928793285589  -0.0457777059063029
  0.0574210523491475  -0.0519592754333443   0.0810905591966319  -0.0932475748817161  -0.0784713262312495
 -0.0356243465127785   0.0066195098679779  -0.0457778515890951  -0.0784734896555168   0.0114076114230652
global index=2  local index=4 (global=5, Rn=0 0 0 0)
  0.0107454752925313   0.0054266035110872   0.0619757278258013   0.0151186939867196   0.0096178379999651   0.0069657571322874  -0.0457416224588551  -0.0284537254337844  -0.0210752160268611
 -0.0255224955763217   0.0291434935450806  -0.0306303022643685  -0.0235747104098134  -0.0127293777444383  -0.0108626785874516   0.0432339933604490   0.0149985967732716   0.0199204304848101
 -0.0285126865346703   0.0351032839342848  -0.0462214858393780  -0.0248345531815683  -0.0248345531815682  -0.0173111755235440   0.0515638748893304   0.0515638748893308   0.0403430202685140
 -0.0202188080923631   0.0331704514708906  -0.0042762058393774  -0.0248362738975031   0.0006420213109889  -0.0114429072817331   0.0515686220883676  -0.0204270418985198   0.0237608264142876
 -0.0131366046428055   0.0161727623289685  -0.0212958578972078  -0.0173111770913511  -0.0114421071261780   0.0047631325123882   0.0403417741646716   0.0237573838051974  -0.0174094769375148
global index=2  local index=5 (global=6, Rn=0 0 0 0)
  0.1695639595651785   0.0000723380196229  -0.0371450873741329   0.0969815261591042  -0.1242218283774767  -0.1040107731820230   0.0055626714310835   0.2160001485514088  -0.0059658572857590
  0.1059341050148479   0.1135375359059209  -0.0487344252732534   0.1308481575314387   0.0213439057579995  -0.1403335805025026   0.0680249451143264  -0.0037077133089146  -0.0729543691105054
 -0.0902314424730138  -0.0291844806491751   0.0290740120927416   0.0692961075673726   0.0692961075673731   0.0477314323442064  -0.0675173803554365  -0.0675173803554376   0.0129804697450081
  0.2228306430326144  -0.1550291087212071  -0.0321122250747474   0.0692959057032669   0.2968997654099220  -0.0743184402520541  -0.0675168271121984  -0.1783457885921312   0.0724104497230515
  0.0967714730275541   0.0312996772482705  -0.0311812699584655   0.0477314052627433  -0.0743186677889650   0.0626108148739959   0.0129804804377586   0.0724110577645818  -0.0693352800416731
global index=3  local index=0 (global=3, Rn=0 0 0 0)
 -0.0000006502023738  -0.0000001747920966  -0.0000005515970798  -0.4720327343753064   0.0000000397972198
  0.0000008207615380   0.0000014217366139  -0.0000011033172884  -0.2287852700026878   0.0000001475833591
  0.0000000136430192  -0.0000002030120043   0.0000001338382388   0.0000000869173567   0.0000000047018033
  0.4720330358125566   0.2287882235999587   0.0000000992382782  -0.0000000171113480  -0.0000000159745087
  0.0000000207579730   0.0000000401071010   0.0000000046537549  -0.0000000153874467   0.0000003071963488
global index=3  local index=1 (global=1, Rn=0 0 0 0)
 -0.0226541197112520   0.0219209434832372  -0.0368120215484650  -0.0574230403011704  -0.0356234842501892
  0.0219207715657810  -0.0077398583932240   0.0068381816796085   0.0519635464815220   0.0066180037728072
  0.0368128493022928  -0.0068395920489743   0.0144145831306376   0.0810921209243611   0.0457783088614114
  0.0574215092465850  -0.0519597269559579   0.0810905941290011  -0.0932460554188285   0.0784707328642405
  0.0356235305916896  -0.0066181127960316   0.0457776551662632   0.0784724002113308   0.0114087098567116
global index=3  local index=2 (global=2, Rn=0 0 0 0)
 -0.0668883815975572   0.0647246597125868  -0.0368125810370503   0.0387994603617946  -0.1051814455403187
  0.0647232708453522  -0.0228551042369446   0.0068379462496133   0.0340892392625486   0.0195420380937364
  0.0368128745824972  -0.0068398565278519  -0.0810916816044962  -0.0144148127888558   0.0457783975294368
 -0.0388044094322165  -0.0340788314910657  -0.0144161689328678  -0.1516680378932323  -0.0411913427859095
  0.1051818344920513  -0.0195416555547617   0.0457780953925671  -0.0411865703923469   0.0336844502535264
global index=3  local index=3 (global=4, Rn=0 0 0 0)
 -0.0287852343135409   0.0444435006540915  -0.0579503444226629   0.0356843048759965  -0.0000000111235119
  0.0444505556451603  -0.0314978150402432   0.0503589416802681  -0.0181073103685087   0.0000000120163344
  0.0579552602255325  -0.0503594727187261   0.0660044468820557  -0.0660033181028514   0.0000000209724231
 -0.0356942019563607   0.0181179961587817  -0.0660108017799671  -0.0225199587037831  -0.0000000264851026
 -0.0000000056902389   0.0000000056606700  -0.0000000014522113  -0.0000000037828298  -0.0442614927622473
global index=3  local index=4 (global=5, Rn=0 0 0 0)
  0.0007401938188953   0.0015546459001051   0.0075242514250332   0.0015022099941811  -0.0014146164440066   0.0014223881936804  -0.0046130622453407   0.0050545775798319  -0.0043680398269959
 -0.0019100684446887   0.0014004146752144  -0.0084891964339831  -0.0031350479877990   0.0033721305456395  -0.0029684941260829   0.0082367633165455  -0.0119981085101878   0.0077993395565305
 -0.0021112915424715   0.0007580035045368  -0.0116998658457653  -0.0033684888047817   0.0037474997538325  -0.0040513146417089   0.0094474903271308  -0.0136295940488919   0.0119718233045020
  0.0015205357777255   0.0044286184019318   0.0213154878226781   0.0037456005229223   0.0025623391062206   0.0035470155744119  -0.0136262708455540  -0.0090909970352413  -0.0129035183289690
 -0.0019993410391672   0.0007178907242578  -0.0110795041458847  -0.0040516632718957   0.0035487409734353  -0.0029262947600561   0.0119725749732024  -0.0129065046865651   0.0081409852092750
global index=3  local index=5 (global=6, Rn=0 0 0 0)
 -0.0723901630753423   0.0986838759346302  -0.0114807817055616  -0.0587927124336799   0.0018722806228640  -0.0538511786794625   0.0855310120620223   0.0466114659357474   0.0783410959226348
  0.0394366770502224   0.0191501183030003   0.0485645817455307  -0.0124136256942666   0.0406047060264673  -0.0113699040715856   0.0175023289504927  -0.0591705429331772   0.0160289311011325
  0.1008383891794614  -0.0663927673075201  -0.0507256436610958  -0.0036027542167423   0.0036028888956597   0.0596869503388058   0.0528503690772275  -0.0528503257023173  -0.0414827623046025
  0.0076415608891507  -0.0400227921531668   0.0770665125757363   0.0036023937528933  -0.1411386741950870   0.0032995406846118  -0.0528490186769778   0.2491293976456764  -0.0484048241154522
  0.0923615093392151  -0.0608118875505177  -0.0464626863945227   0.0596870975790435   0.0032998416725819  -0.0140983090985456  -0.0414818990975376  -0.0484068889952189   0.0601435717764035
global index=4  local index=0 (global=4, Rn=0 0 0 0)
 -0.0000001846199661  -0.0000011008547991  -0.0000005513857815  -0.4720355512879639  -0.0000000387379178
 -0.0000020715143093  -0.0000038033473793  -0.0000011028585631  -0.2287922427013793  -0.0000001387296172
  0.0000000136430193  -0.0000002030120043   0.0000000869173546   0.0000001338382384   0.0000000047018033
  0.4720336493215094   0.2287876096253434   0.0000001165659234  -0.0000002350504449  -0.0000000284665667
  0.0000000106962859  -0.0000000159219087   0.0000000046900850  -0.0000000281441809  -0.0000000671976149
global index=4  local index=1 (global=1, Rn=0 0 0 0)
  0.0668889767458327  -0.0647251173667360  -0.0368128943011659   0.0387990626308608   0.1051817312814469
 -0.0647231873570592   0.0228548892246201   0.0068384023269345   0.0340903017319674  -0.0195399689013691
  0.0368128493022929  -0.0068395920489747   0.0810921209243608   0.0144145831306371   0.0457783088614107
 -0.0388051842205307  -0.0340774955366798   0.0144168977380297   0.1516709940971117  -0.0411909987550169
 -0.1051823457165480   0.0195427061572638   0.0457786180158831  -0.0411853178254076  -0.0336842348837094
global index=4  local index=2 (global=2, Rn=0 0 0 0)
  0.0226541078073314  -0.0219211982333578  -0.0368123532290687  -0.0574231173454515   0.0356233896753613
 -0.0219208498554369   0.0077401272168184   0.0068378090859158   0.0519626737514753  -0.0066180379187048
  0.0368128745824964  -0.0068398565278515  -0.0144148127888557  -0.0810916816044960   0.0457783975294374
  0.0574216489066429  -0.0519599954389382  -0.0810906454770032   0.0932465598128174   0.0784707816754992
 -0.0356236436891268   0.0066185725590885   0.0457779853904089   0.0784719564403097  -0.0114085111518318
global index=4  local index=3 (global=3, Rn=0 0 0 0)
  0.0287852490801545  -0.0444437383804035  -0.0579503839385266   0.0356847501777222   0.0000000109445038
 -0.0444503426634710   0.0314975031682550   0.0503579379952862  -0.0181079662102290  -0.0000000117415894
  0.0579552602255332  -0.0503594727187257  -0.0660033181028509   0.0660044468820550   0.0000000209724231
 -0.0356938455543833   0.0181183416493733   0.0660104103299501   0.0225187767012729  -0.0000000289638004
  0.0000000058461374  -0.0000000057394486  -0.0000000030401517  -0.0000000047790157   0.0442618761360527
global index=4  local index=4 (global=5, Rn=0 0 0 0)
  0.0037364698818804   0.0078487116414432   0.0379864586710049   0.0015012881933524   0.0058710754658480   0.0071816059510257  -0.0046132179268700  -0.0173196671746559  -0.0220533783892701
 -0.0096412666808248   0.0070694272131591  -0.0428561832538746  -0.0031318445588215  -0.0118320281965189  -0.0149871240150432   0.0082370238924583   0.0279510145622721   0.0393763427015302
 -0.0021112915424715   0.0007580035045368  -0.0116998658457652   0.0037474997538322  -0.0033684888047817  -0.0040513146417088  -0.0136295940488915   0.0094474903271308   0.0119718233045022
 -0.0087192466542628   0.0081043699862552  -0.0354371093732566  -0.0033665172870809  -0.0078158858182729  -0.0161057611202737   0.0094494201047452   0.0154285174733996   0.0451693868743819
 -0.0100921595768351   0.0036250366402915  -0.0559311014468626  -0.0040486649560968  -0.0161017931842735  -0.0147745074284092   0.0119724074742565   0.0451631281295301   0.0411013312518613
global index=4  local index=5 (global=6, Rn=0 0 0 0)
  0.0723904644197265  -0.0986843056609551   0.0114809608766799  -0.0587934519117004   0.0018718214922393   0.0538512827263603   0.0855312880413100   0.0466117020152688  -0.0783411324019843
 -0.0394358735015518  -0.0191521629704987  -0.0485657658036121  -0.0124154671300540   0.0406034827880063   0.0113708325900185   0.0175028039717955  -0.0591707104524560  -0.0160299050696635
  0.1008383891794573  -0.0663927673075186  -0.0507256436610963   0.0036028888956597  -0.0036027542167421   0.0596869503388055  -0.0528503257023164   0.0528503690772278  -0.0414827623046028
  0.0076416803210769  -0.0400235290264797   0.0770654839516485  -0.0036026444380433   0.1411387892564912   0.0032997886989450   0.0528488213375074  -0.2491307818013102  -0.0484056096450508
 -0.0923614846488820   0.0608115098723272   0.0464618593683469   0.0596869878653835   0.0032998467017235   0.0140983652353590  -0.0414822775701135  -0.0484075153045593  -0.0601437573738540
global index=5  local index=0 (global=5, Rn=0 0 0 0)
 -0.0000016374044318  -0.0000010703467909   0.0000006217847859   0.0000031777106102  -0.6044360877678233   0.0000059008319188   0.0000012314717666   0.0505856065133670   0.0000022230760640
 -0.0000079244110575   0.0000111812741426  -0.0000046026728620  -0.0000014204810943  -0.3109543114998355   0.0000057985554465  -0.0000014144204071  -0.4972011187626120   0.0000012121586063
 -0.0000066095542981   0.0000156577974348   0.0000111375521463  -0.0000034434715307   0.2419310239318906  -0.0000016710910444   0.0000020071403352   0.0034158090674983   0.0000032660881304
  0.0000038555345423   0.0000018128383298  -0.0000007663928626   0.0000016332304927   0.0000016332304970  -0.0000011227722861   0.0000015057570275   0.0000015057570285  -0.0000001658550646
  0.6044553475942844   0.3109738620431844  -0.2419230747279386   0.0000016148768940   0.0000052906498893   0.0000022670059279   0.0000015057857422   0.0000028999269511   0.0000019912553994
  0.0000028209001328   0.0000013383261831  -0.0000008248668595  -0.0000011224423875   0.0000022956948292   0.0000010897240699  -0.0000001659933675   0.0000019861652603   0.0000013901823394
  0.0000023383080051   0.0000015708112530  -0.0000002219079228   0.0000003282345923   0.0000003282345917   0.0000004953138077   0.0000016095508397   0.0000016095508398  -0.0000000034993624
 -0.0505751023751316   0.4972250771906966  -0.0034723026237650   0.0000003279700833  -0.0000002949877925  -0.0000008087541479   0.0000016088731762   0.0000025577771211   0.0000023284964651
  0.0000013763582556   0.0000004300646614   0.0000001445200608   0.0000004955287503  -0.0000008128653166   0.0000010938540550  -0.0000000035539253   0.0000023233283747   0.0000017173035557
global index=5  local index=1 (global=1, Rn=0 0 0 0)
 -0.0723907073520650   0.0394361618720281   0.1008380033405529  -0.0076421468752869   0.0923611620476854
  0.0986626900524215   0.0191593195148719  -0.0663815894944214   0.0400068533543237  -0.0608039311039849
 -0.0114636994223434   0.0485749285328726  -0.0507399228789123  -0.0770737532491493  -0.0464763817418899
 -0.0587936509524449  -0.0124148790823527  -0.0036033635096408  -0.0036033635096407   0.0596867311144708
 -0.0018735377624295  -0.0406030832309013  -0.0036023500290641  -0.1411388268028786  -0.0032995891864558
 -0.0538513028634098  -0.0113710828891604   0.0596869164660986  -0.0033003300884725  -0.0140989031952611
  0.0855313039136226   0.0174995230783728   0.0528492102499991   0.0528492102499999  -0.0414819008503068
 -0.0466102182363233   0.0591669493168136   0.0528498846855265   0.2491269480312641   0.0484070834892658
  0.0783411757550484   0.0160283854205055  -0.0414818533265821   0.0484065143282290   0.0601437977368795
global index=5  local index=2 (global=2, Rn=0 0 0 0)
 -0.0107443258358995   0.0255192712204006   0.0285094988778898   0.0202151016575083   0.0131352104490910
 -0.0054392918425334  -0.0291300482675717  -0.0350896054444036  -0.0331689499756911  -0.0161650082557651
 -0.0619924064037519   0.0306332127745774   0.0462129877521676   0.0042402772763984   0.0212809872686768
 -0.0151201318182626   0.0235753760054142   0.0248360643320129   0.0248360643320132   0.0173114986595011
 -0.0096202814737974   0.0127321567324297   0.0248371061537210  -0.0006395815754021   0.0114430894532669
 -0.0069663578560099   0.0108619676017036   0.0173116716866376   0.0114427914207070  -0.0047623343003592
  0.0457422585375435  -0.0432330289066144  -0.0515636966410028  -0.0515636966410032  -0.0403418162689734
  0.0284564683053996  -0.0150014607363174  -0.0515642858277641   0.0204241698476761  -0.0237582921361118
  0.0210746976810376  -0.0199188553858250  -0.0403410024775687  -0.0237572161854337   0.0174080572298518
global index=5  local index=3 (global=3, Rn=0 0 0 0)
 -0.0007398835142620   0.0019093787514610   0.0021104549212459  -0.0015211317783500   0.0019984739855991
 -0.0015566749096046  -0.0013985239278161  -0.0007553238462968  -0.0044326487137644  -0.0007154203600432
 -0.0075293556358825   0.0084886950314609   0.0117023452028717  -0.0213314471393167   0.0110806893670253
 -0.0015021437811987   0.0031344511344776   0.0033679896475783  -0.0037466588325619   0.0040509341778071
  0.0014138240593002  -0.0033706396024372  -0.0037458535984764  -0.0025619311852531  -0.0035471345966005
 -0.0014224601182581   0.0029681814876315   0.0040509889494208  -0.0035478902722733   0.0029260865802408
  0.0046128204944373  -0.0082359695301749  -0.0094469884662289   0.0136276669093533  -0.0119715254299489
 -0.0050533615944037   0.0119957922627449   0.0136270085729692   0.0090899208513080   0.0129040114668067
  0.0043680910182187  -0.0077990077106887  -0.0119715683475147   0.0129046380068659  -0.0081410522715154
global index=5  local index=4 (global=4, Rn=0 0 0 0)
 -0.0037353854520773   0.0096396493911428   0.0021104741115124   0.0087156171396632   0.0100894511116846
 -0.0078616057219377  -0.0070613533830158  -0.0007526454809596  -0.0080955196204533  -0.0036103838357359
 -0.0380080854187290   0.0428556239054212   0.0116971389730269   0.0354233570019430   0.0559415081070875
 -0.0015021437811987   0.0031344511344776  -0.0037466588325619   0.0033679896475783   0.0040509341778071
 -0.0058723452062307   0.0118329227751002   0.0033681671999821   0.0078159814523523   0.0161018744826293
 -0.0071813377978590   0.0149846196702077   0.0040509498940659   0.0161011210970732   0.0147722008997499
  0.0046128204944373  -0.0082359695301749   0.0136276669093534  -0.0094469884662288  -0.0119715254299490
  0.0173223960206506  -0.0279521502651733  -0.0094483001531265  -0.0154315244765183  -0.0451639739069781
  0.0220539210664400  -0.0393732523461745  -0.0119727692329580  -0.0451639647350381  -0.0411009831134339
global index=5  local index=5 (global=6, Rn=0 0 0 0)
 -0.0069228230995146   0.0006538626597781  -0.0525972956574095   0.0122406164748226   0.0065177723913949   0.0118452437296031  -0.0466789898792052  -0.0244901272542397  -0.0451711517133547
  0.0006475446800717  -0.0340063508835867   0.0242325496490623  -0.0282137806687024  -0.0250417877716131  -0.0273020777781716   0.0503982810824891   0.0256552638391927   0.0487725965642445
 -0.0526029880704232   0.0242494672271504  -0.0289720836034323   0.0087310818883992  -0.0171802028746126   0.0084471604751775  -0.0091276843473952   0.0384222581641146  -0.0088319848103445
 -0.0122411153227165   0.0282251346110429  -0.0087543221146293   0.0078160202125930   0.0078160202125930   0.0148821817343125  -0.0188996550364654  -0.0188996550364653  -0.0414513185707336
 -0.0065184608602356   0.0250482502623903   0.0171544758315798   0.0078163437734522  -0.0073095029059997   0.0075638645287489  -0.0189005906731639   0.0289702328247064  -0.0182899507885955
 -0.0118457254357727   0.0273132674519512  -0.0084714118505921   0.0148821840036153   0.0075635541496138   0.0068385529919744  -0.0414514751589533  -0.0182891967414331  -0.0161770588489529
  0.0466797793584097  -0.0504072981655287   0.0091354901971294  -0.0189006371669892  -0.0189006371669890  -0.0414522674170644   0.0054864435169855   0.0054864435169854   0.0549412227634307
  0.0244912341066077  -0.0256490838235436  -0.0384086995991953  -0.0189010151934653   0.0289691760270632  -0.0182905805872174   0.0054869809041581  -0.0970899209414594   0.0053095622459768
  0.0451719942773007  -0.0487792151728752   0.0088403701858679  -0.0414521894659105  -0.0182901382835689  -0.0161781271864001   0.0549413296983571   0.0053091420663186   0.0018776539438152
global index=6  local index=0 (global=6, Rn=0 0 0 0)
  0.0000022724108211  -0.0000002107274260  -0.0000029510663630  -0.0000007229857856  -0.6044838397871877   0.0000016665970937  -0.0000003874329563   0.0505605314111643   0.0000010439705148
 -0.0000097785425140  -0.0000059757024680   0.0000012741186189   0.0000048940095088  -0.3109916087264504   0.0000084731610416  -0.0000052177022071  -0.4972383670746305   0.0000000680847359
  0.0000012786880686  -0.0000003566241355  -0.0000059406662123   0.0000034135023101   0.2419356000382184  -0.0000015670301937   0.0000006274707533   0.0034706356239850  -0.0000010250820409
 -0.0000060877408943  -0.0000033593105083   0.0000025039977298  -0.0000004344548272  -0.0000004344548281  -0.0000015412406345  -0.0000000745216101  -0.0000000745216081  -0.0000004465271891
  0.6044516933050579   0.3109713197515690  -0.2419209175207769  -0.0000003363867980   0.0000047574429090  -0.0000006454718731  -0.0000000200404358   0.0000010128255592  -0.0000003477498228
  0.0000024558199351   0.0000016420929980  -0.0000010770198499  -0.0000015410376311  -0.0000005766280868  -0.0000027355422787  -0.0000004465914580  -0.0000002979947495  -0.0000017844019776
 -0.0000036725533022  -0.0000029560849494   0.0000020723335981   0.0000006355292102   0.0000006355292103  -0.0000005756269123   0.0000003362190888   0.0000003362190912  -0.0000002828971824
 -0.0505779848375536   0.4972251141288057  -0.0034706443313186   0.0000006908617399   0.0000040242110919   0.0000002609856811   0.0000003653666561   0.0000006944104085  -0.0000003010581038
  0.0000006292737416   0.0000012196845615  -0.0000008874198763  -0.0000005754897442   0.0000003111779435  -0.0000003968621725  -0.0000002829353060  -0.0000002747163991  -0.0000006295519787
global index=6  local index=1 (global=1, Rn=0 0 0 0)
  0.1695644875643063   0.1059321475372329   0.0902332949782722  -0.2228327223580697   0.0967734778559023
  0.0000605446511897   0.1135257449472332   0.0291864495044992   0.1550176885683651   0.0312951894489236
 -0.0371467220113840  -0.0487288738272277  -0.0290808237612495   0.0321095848282548  -0.0311881983545420
 -0.0969822836451945  -0.1308479170552585   0.0692949727144645   0.0692949727144658  -0.0477327703432705
  0.1242197013657126  -0.0213454581605635   0.0692948382846155   0.2969001198522769   0.0743176273014788
 -0.1040099433349103  -0.1403326375378476  -0.0477310457896770   0.0743195176225805   0.0626115580739641
 -0.0055631844499216  -0.0680238412012758  -0.0675173784777474  -0.0675173784777485  -0.0129807662165185
 -0.2160024013717619   0.0037049310595314  -0.0675184538434912  -0.1783444556800194  -0.0724117545614517
 -0.0059663727283438  -0.0729545441721324  -0.0129807403993324  -0.0724105661119132  -0.0693347169690263
global index=6  local index=2 (global=2, Rn=0 0 0 0)
 -0.1695648048709154  -0.1059337626556776   0.0902330794048734  -0.2228320623473720  -0.0967736193732547
 -0.0000726934691553  -0.1135374097549532   0.0291918541618018   0.1550317841945581  -0.0312975179961200
  0.0371482930085961   0.0487387091911137  -0.0290792002280220   0.0321036033701739   0.0311916240795340
 -0.0969825018104327  -0.1308480517067895  -0.0692950051528648  -0.0692950051528669  -0.0477333040343796
  0.1242208171665685  -0.0213456743791611  -0.0692960934179506  -0.2968976647914495   0.0743183568326202
  0.1040106283067786   0.1403319898289700  -0.0477320637351080   0.0743184460733732  -0.0626102775191437
 -0.0055618488248595  -0.0680221050381563   0.0675178770667796   0.0675178770667804  -0.0129806823123964
 -0.2160002393342371   0.0037072414777839   0.0675181807289656   0.1783460947994474  -0.0724107819171460
  0.0059646562955105   0.0729525348122866  -0.0129803324467318  -0.0724101026630756   0.0693351068413172
global index=6  local index=3 (global=3, Rn=0 0 0 0)
  0.0723907607159178  -0.0394370235424686  -0.1008392819501883  -0.0076420565202204  -0.0923626227009154
 -0.0986829381694251  -0.0191547275740808   0.0663940439041904   0.0400133326552807   0.0608125853306135
  0.0114814147084122  -0.0485729021134304   0.0507400412080311  -0.0770878115637336   0.0464732053665612
  0.0587932168680148   0.0124149030315723   0.0036037185647555  -0.0036038941908315  -0.0596865404389563
 -0.0018733659259448  -0.0406029045155356  -0.0036021098407057   0.1411382470121906  -0.0032988503446694
  0.0538509588143505   0.0113706087661364  -0.0596869204768077  -0.0033001098911275   0.0140982088970169
 -0.0855311160097897  -0.0174994308073372  -0.0528488237405069   0.0528484962721398   0.0414819188055530
 -0.0466106917009184   0.0591675579501752   0.0528498165607022  -0.2491253216160304   0.0484073207182466
 -0.0783414023324757  -0.0160288962159310   0.0414825618312494   0.0484054641093232  -0.0601432935423788
global index=6  local index=4 (global=4, Rn=0 0 0 0)
 -0.0723904687823764   0.0394367261784365  -0.1008386878988909  -0.0076419259199536   0.0923621047533731
  0.0986862533534156   0.0191517688004260   0.0664008302889131   0.0400218032489020  -0.0608134710723089
 -0.0114827268726908   0.0485721679022650   0.0507358424215943  -0.0770923288815936  -0.0464694395479316
  0.0587932168680133   0.0124149030315721  -0.0036038941908315   0.0036037185647558  -0.0596865404389558
 -0.0018727273517713  -0.0406038268361019   0.0036032972532723  -0.1411379316025085  -0.0033001518245511
 -0.0538507976710138  -0.0113708437739980  -0.0596865826833141  -0.0033005002255760  -0.0140986128800216
 -0.0855311160097895  -0.0174994308073366   0.0528484962721404  -0.0528488237405066   0.0414819188055535
 -0.0466104245921453   0.0591670808011101  -0.0528494857364444   0.2491249178241357   0.0484064564293031
  0.0783412516360974   0.0160290621669776   0.0414822662180947   0.0484054995146122   0.0601435377426497
global index=6  local index=5 (global=5, Rn=0 0 0 0)
  0.0069226204936426  -0.0006533240176393   0.0525977590344812   0.0122405815061144   0.0065177677789084   0.0118451722822983  -0.0466791402512415  -0.0244902107351042  -0.0451712795468613
 -0.0006491704424968   0.0340121317155872  -0.0242468238705208  -0.0282309895242599  -0.0250585101829560  -0.0273244069543563   0.0503975525187893   0.0256532832916514   0.0487821807219247
  0.0526011203764530  -0.0242611140422487   0.0289699009990446   0.0087626021465374  -0.0171520559818401   0.0084813606013027  -0.0091261100828999   0.0384317945455567  -0.0088287941667172
 -0.0122405860983350   0.0282243246881663  -0.0087539209943957  -0.0078162332765428  -0.0078162332765423  -0.0148821816295295   0.0188997261278815   0.0188997261278814   0.0414511232305987
 -0.0065178895761392   0.0250473082546592   0.0171549883581797  -0.0078164133927429   0.0073093080797232  -0.0075637774240803   0.0189004753203797  -0.0289704095495139   0.0182894758424764
 -0.0118452092285434   0.0273128524650777  -0.0084713397028684  -0.0148822531280931  -0.0075636741558297  -0.0068386693761091   0.0414513209085161   0.0182889469896815   0.0161769598986479
  0.0466783182922058  -0.0504083008643277   0.0091355349559033   0.0188987058059056   0.0188987058059048   0.0414495052121143  -0.0054880503572849  -0.0054880503572849  -0.0549419738881670
  0.0244897440542900  -0.0256504297706410  -0.0384083743040528   0.0188987913738534  -0.0289706932976373   0.0182878740722587  -0.0054890747518594   0.0970881490138361  -0.0053106031343566
  0.0451706106889926  -0.0487803018494081   0.0088407328852928   0.0414498750585245   0.0182881662968635   0.0161759493312368  -0.0549427356349443  -0.0053103807219336  -0.0018792565320389


Overlap matrix with momentum operator pz
global index=1  local index=0 (global=1, Rn=0 0 0 0)
 -0.0000017326366570  -0.0000008641006446  -0.0000000118900549  -0.0000000118900549  -0.4720329780831323
 -0.0000035546405285  -0.0000021630817900  -0.0000014398660875  -0.0000014398660875  -0.2287894314349727
  0.0000001411153139  -0.0000000193708258  -0.0000000407898604  -0.0000001050937075  -0.0000000439597105
  0.0000001411153139  -0.0000000193708258  -0.0000001050937075  -0.0000000407898604  -0.0000000439597117
  0.4720340469647278   0.2287885127750958  -0.0000000596787922  -0.0000000596787934   0.0000003165847365
global index=1  local index=1 (global=2, Rn=0 0 0 0)
  0.0000000572613442   0.0000003405622154   0.0000006601081891   0.0000006601081891  -0.1850390919275622
 -0.0000006180556839   0.0000013355501214   0.0000015434053766   0.0000015434053766   0.0379010984112131
  0.0000000545655718  -0.0000002100295943   0.0000000866982987   0.0000000120038756  -0.1556542608621138
  0.0000000545655718  -0.0000002100295943   0.0000000120038756   0.0000000866982987  -0.1556542608621139
  0.1850380716176988  -0.0378993536777101  -0.1556535431209908  -0.1556535431209899   0.0000002661680216
global index=1  local index=2 (global=3, Rn=0 0 0 0)
 -0.0647283805380141   0.0626338558066982   0.1051809918382355  -0.0356223968739559   0.0318918191893790
  0.0626324294867397  -0.0221157087529400  -0.0195388002767504   0.0066155483896589   0.0353725700030371
 -0.1051827320249795   0.0195428654133361   0.0411860035996455  -0.0457764593442972   0.0336832504369371
  0.0356243434177862  -0.0066194153100269  -0.0457776241575388  -0.0784739356660127  -0.0114075316026381
 -0.0318958616095427  -0.0353640878650034   0.0336852050923967  -0.0114070705942474  -0.1553581680842861
global index=1  local index=3 (global=4, Rn=0 0 0 0)
 -0.0647283805380137   0.0626338558066966  -0.0356223968739560   0.1051809918382346   0.0318918191893794
  0.0626324294867394  -0.0221157087529398   0.0066155483896582  -0.0195388002767507   0.0353725700030370
  0.0356243434177868  -0.0066194153100268  -0.0784739356660124  -0.0457776241575400  -0.0114075316026379
 -0.1051827320249800   0.0195428654133360  -0.0457764593442966   0.0411860035996451   0.0336832504369376
 -0.0318958616095434  -0.0353640878650036  -0.0114070705942473   0.0336852050923967  -0.1553581680842877
global index=1  local index=4 (global=5, Rn=0 0 0 0)
  0.0663047926349951  -0.0903889868204800   0.0105133906456567   0.0538505287905649   0.0538505287905660  -0.0075969232122882  -0.0783397756387474  -0.0783397756387477   0.0603868772704355
 -0.0361201546551910  -0.0175397104753260  -0.0444824981079222   0.0113711761493927   0.0113711761493929   0.0386048937831065  -0.0160294705638747  -0.0160294705638751  -0.0563529779668244
 -0.0923615558288901   0.0608114899169452   0.0464611098931389   0.0033002515484695  -0.0596868485176472   0.0140986428696313  -0.0484078187836109   0.0414824251123605  -0.0601450168666531
 -0.0923615558288909   0.0608114899169452   0.0464611098931377  -0.0596868485176469   0.0033002515484685   0.0140986428696312   0.0414824251123600  -0.0484078187836118  -0.0601450168666534
  0.0238828519949181  -0.0507121521718646   0.0689030988990995   0.0140985484064874   0.0140985484064848   0.1388870036242377  -0.0601441124726381  -0.0601441124726381  -0.2348668466636344
global index=1  local index=5 (global=6, Rn=0 0 0 0)
 -0.1818540882049451  -0.0000771831183354   0.0398379943597282   0.1040113975442142   0.1040113975442149  -0.1096524087094077   0.0059650588292434   0.0059650588292438   0.2168362481329877
 -0.1136154675945747  -0.1217695462226189   0.0522657770412006   0.1403360267064816   0.1403360267064804   0.0410032621279130   0.0729537896950550   0.0729537896950553   0.0065126634109458
 -0.0967715102137309  -0.0312990510529167   0.0311815700896639  -0.0743190048494108   0.0477311245517888  -0.0626108746338245   0.0724109731447969   0.0129806250589680   0.0693353392950181
 -0.0967715102137312  -0.0312990510529139   0.0311815700896649   0.0477311245517881  -0.0743190048494115  -0.0626108746338231   0.0129806250589679   0.0724109731447972   0.0693353392950193
  0.2092767071512586  -0.1594117095391004  -0.0277418443357031  -0.0626110451923172  -0.0626110451923177  -0.3112495113370228   0.0693353737396251   0.0693353737396260   0.1932212608098434
global index=2  local index=0 (global=2, Rn=0 0 0 0)
 -0.0000005855008190   0.0000001852472200   0.0000006219581406   0.0000006219581405  -0.4720331097281194
 -0.0000016164727901  -0.0000012864856204   0.0000013287110528   0.0000013287110528  -0.2287883566281931
 -0.0000002095077209   0.0000001661273532   0.0000000929517392   0.0000000819231903   0.0000000569587358
 -0.0000002095077209   0.0000001661273532   0.0000000819231903   0.0000000929517392   0.0000000569587349
  0.4720342909361542   0.2287881679476868   0.0000000702093866   0.0000000702093874   0.0000000070278797
global index=2  local index=1 (global=1, Rn=0 0 0 0)
 -0.0000005081884313   0.0000004636963349  -0.0000004106059423  -0.0000004106059423  -0.1850392104058647
 -0.0000010846269765   0.0000002222178296  -0.0000008060434994  -0.0000008060434995   0.0379014207012971
 -0.0000001374363367   0.0000000471184678  -0.0000002405256404  -0.0000001855523644   0.1556537129832913
 -0.0000001374363367   0.0000000471184678  -0.0000001855523644  -0.0000002405256404   0.1556537129832908
  0.1850382463090696  -0.0378997417351195   0.1556533878047981   0.1556533878047985   0.0000002832010852
global index=2  local index=2 (global=3, Rn=0 0 0 0)
 -0.0647284284848205   0.0626343183759688   0.0356230853826126  -0.1051805409623435   0.0318914508196254
  0.0626337777787243  -0.0221172990263505  -0.0066164689039857   0.0195394271964640   0.0353735453442194
 -0.0356243465127787   0.0066195098679776  -0.0784734896555163  -0.0457778515890949   0.0114076114230652
  0.1051831542406149  -0.0195436725934574  -0.0457771884125136   0.0411848760401786  -0.0336826644276449
 -0.0318963495469869  -0.0353630198147056   0.0114077169315643  -0.0336848986881712  -0.1553596710298465
global index=2  local index=3 (global=4, Rn=0 0 0 0)
 -0.0647284284848191   0.0626343183759690  -0.1051805409623412   0.0356230853826130   0.0318914508196258
  0.0626337777787241  -0.0221172990263502   0.0195394271964643  -0.0066164689039855   0.0353735453442194
  0.1051831542406151  -0.0195436725934568   0.0411848760401785  -0.0457771884125133  -0.0336826644276452
 -0.0356243465127785   0.0066195098679779  -0.0457778515890951  -0.0784734896555168   0.0114076114230652
 -0.0318963495469867  -0.0353630198147057  -0.0336848986881711   0.0114077169315644  -0.1553596710298444
global index=2  local index=4 (global=5, Rn=0 0 0 0)
  0.0049507142240582   0.0025000137674316   0.0285532802569298   0.0069655899772096   0.0069655899772096  -0.0022914565923102  -0.0210743644897052  -0.0210743644897055   0.0075775397750404
 -0.0117587008295632   0.0134274840002630  -0.0141114184686531  -0.0108615340398710  -0.0108615340398709   0.0058406075726925   0.0199192245956792   0.0199192245956793  -0.0190564065875306
 -0.0131366046428053   0.0161727623289685  -0.0212958578972080  -0.0114421071261781  -0.0173111770913510   0.0047631325123882   0.0237573838051976   0.0403417741646716  -0.0174094769375148
 -0.0131366046428055   0.0161727623289684  -0.0212958578972078  -0.0173111770913511  -0.0114421071261780   0.0047631325123882   0.0403417741646716   0.0237573838051974  -0.0174094769375148
  0.0022414926958234   0.0055212225242208   0.0321396161152341   0.0047616885357512   0.0047616885357510   0.0139322542830820  -0.0174065833242018  -0.0174065833242017  -0.0411891853986647
global index=2  local index=5 (global=6, Rn=0 0 0 0)
 -0.1818539954011886  -0.0000765889032994   0.0398381031557071  -0.1040101841983067  -0.1040101841983072  -0.1096527757880301  -0.0059652555921448  -0.0059652555921446   0.2168359885313401
 -0.1136125344124170  -0.1217661002607796   0.0522665595132879  -0.1403321054994428  -0.1403321054994434   0.0410047078138868  -0.0729528429000220  -0.0729528429000227   0.0065117781931861
  0.0967714730275550   0.0312996772482704  -0.0311812699584655  -0.0743186677889651   0.0477314052627433   0.0626108148739966   0.0724110577645823   0.0129804804377585  -0.0693352800416731
  0.0967714730275541   0.0312996772482705  -0.0311812699584655   0.0477314052627433  -0.0743186677889650   0.0626108148739959   0.0129804804377586   0.0724110577645818  -0.0693352800416731
  0.2092767719136686  -0.1594125090022405  -0.0277422108467193   0.0626108450456800   0.0626108450456819  -0.3112494640299974  -0.0693353166174605  -0.0693353166174604   0.1932214873514503
global index=3  local index=0 (global=3, Rn=0 0 0 0)
  0.0000001854990300   0.0000001877056069  -0.0000000385383899   0.0000000397403538  -0.4720319023119358
  0.0000007422896958   0.0000004932255691  -0.0000001384567321   0.0000001473562728  -0.2287863769371320
  0.0000000106962859  -0.0000000159219087  -0.0000000281441809   0.0000000046900850  -0.0000000671976163
  0.0000000207579730   0.0000000401071010   0.0000000046537549  -0.0000000153874467   0.0000003071963488
  0.4720341018216317   0.2287886231498227  -0.0000000550153260   0.0000002898577159  -0.0000000648475227
global index=3  local index=1 (global=1, Rn=0 0 0 0)
  0.0647276286733998  -0.0626325511017515   0.1051794820150360  -0.0356235670326832   0.0318929487096847
 -0.0626320790074434   0.0221141580834813  -0.0195386350312535   0.0066177654268705   0.0353699671253522
 -0.1051823457165463   0.0195427061572643  -0.0411853178254074   0.0457786180158841  -0.0336842348837095
  0.0356235305916896  -0.0066181127960316   0.0457776551662632   0.0784724002113308   0.0114087098567116
 -0.0318942421543309  -0.0353675684148553  -0.0336827076620240   0.0114091201270185   0.1553540444575741
global index=3  local index=2 (global=2, Rn=0 0 0 0)
  0.0647272480481998  -0.0626323588146669   0.0356230674729456  -0.1051798431565013   0.0318929119792851
 -0.0626315621930776   0.0221142589936722  -0.0066171604719787   0.0195390554095277   0.0353691166271537
 -0.0356236436891266   0.0066185725590882   0.0784719564403116   0.0457779853904092  -0.0114085111518318
  0.1051818344920514  -0.0195416555547617   0.0457780953925671  -0.0411865703923469   0.0336844502535264
 -0.0318938864717754  -0.0353684002557653  -0.0114082475569984   0.0336833292511764   0.1553536529922514
global index=3  local index=3 (global=4, Rn=0 0 0 0)
 -0.0000000010065405  -0.0000000023672320   0.0000000043724923  -0.0000000045063637  -0.0222641111911767
  0.0000000100836976  -0.0000000292501618   0.0000000182194513  -0.0000000179315764   0.0322480339249350
  0.0000000058461374  -0.0000000057394486  -0.0000000047790157  -0.0000000030401517   0.0442618761360526
 -0.0000000056902389   0.0000000056606700  -0.0000000014522113  -0.0000000037828298  -0.0442614927622473
  0.0222623335882041  -0.0322446590960715   0.0442592122341120  -0.0442588947336962  -0.0000000012183968
global index=3  local index=4 (global=5, Rn=0 0 0 0)
  0.0035380965046200   0.0074315082887905   0.0359692526888028   0.0071807586962452   0.0014213474780685   0.0050883808736077  -0.0220521724946476  -0.0043679483903165  -0.0149146787767767
 -0.0091294496093085   0.0066954497394363  -0.0405796759693358  -0.0149852271107807  -0.0029650849257537  -0.0101988161076362   0.0393743152719524   0.0077991847229900   0.0236568977536185
 -0.0100921595768350   0.0036250366402912  -0.0559311014468624  -0.0161017931842739  -0.0040486649560961  -0.0147745074284090   0.0451631281295299   0.0119724074742569   0.0411013312518608
 -0.0019993410391672   0.0007178907242578  -0.0110795041458847  -0.0040516632718957   0.0035487409734353  -0.0029262947600561   0.0119725749732024  -0.0129065046865651   0.0081409852092750
 -0.0076176179320846   0.0077116907812335  -0.0293285026567096  -0.0147740651742185  -0.0029233637167263  -0.0052902337283657   0.0411020929098332   0.0081409787453463   0.0083684301867272
global index=3  local index=5 (global=6, Rn=0 0 0 0)
  0.0663046279389308  -0.0903893558316181   0.0105133993393864   0.0538502040134009  -0.0538507772611707  -0.0075965517926175  -0.0783405834508553   0.0783407997238782   0.0603862952412227
 -0.0361210650979510  -0.0175395297494831  -0.0444786768867839   0.0113703217780663  -0.0113710799541064   0.0386041736592650  -0.0160307604413530   0.0160302215738820  -0.0563501727001271
 -0.0923614846488828   0.0608115098723273   0.0464618593683472   0.0032998467017237   0.0596869878653827   0.0140983652353587  -0.0484075153045595  -0.0414822775701135  -0.0601437573738549
  0.0923615093392151  -0.0608118875505177  -0.0464626863945227   0.0596870975790435   0.0032998416725819  -0.0140983090985456  -0.0414818990975376  -0.0484068889952189   0.0601435717764035
  0.0238828855982631  -0.0507126859749809   0.0689042750313038   0.0140981930272386  -0.0140982378577418   0.1388865223079392  -0.0601442604041155   0.0601437270283953  -0.2348643378680515
global index=4  local index=0 (global=4, Rn=0 0 0 0)
  0.0000001854990300   0.0000001877056069   0.0000000397403538  -0.0000000385383899  -0.4720319023119583
  0.0000007422896958   0.0000004932255692   0.0000001473562728  -0.0000001384567321  -0.2287863769371255
  0.0000000207579730   0.0000000401071011  -0.0000000153874467   0.0000000046537549   0.0000003071963530
  0.0000000106962859  -0.0000000159219087   0.0000000046900850  -0.0000000281441809  -0.0000000671976149
  0.4720341018216209   0.2287886231498243   0.0000002898577155  -0.0000000550153251  -0.0000000648475227
global index=4  local index=1 (global=1, Rn=0 0 0 0)
  0.0647276286734007  -0.0626325511017513  -0.0356235670326826   0.1051794820150338   0.0318929487096853
 -0.0626320790074450   0.0221141580834812   0.0066177654268708  -0.0195386350312537   0.0353699671253521
  0.0356235305916898  -0.0066181127960321   0.0784724002113301   0.0457776551662631   0.0114087098567116
 -0.1051823457165480   0.0195427061572638   0.0457786180158831  -0.0411853178254076  -0.0336842348837094
 -0.0318942421543308  -0.0353675684148554   0.0114091201270184  -0.0336827076620241   0.1553540444575713
global index=4  local index=2 (global=2, Rn=0 0 0 0)
  0.0647272480482007  -0.0626323588146666  -0.1051798431565004   0.0356230674729455   0.0318929119792850
 -0.0626315621930782   0.0221142589936721   0.0195390554095282  -0.0066171604719787   0.0353691166271542
  0.1051818344920532  -0.0195416555547618  -0.0411865703923472   0.0457780953925678   0.0336844502535261
 -0.0356236436891268   0.0066185725590885   0.0457779853904089   0.0784719564403097  -0.0114085111518318
 -0.0318938864717753  -0.0353684002557650   0.0336833292511761  -0.0114082475569983   0.1553536529922508
global index=4  local index=3 (global=3, Rn=0 0 0 0)
 -0.0000000010065405  -0.0000000023672320  -0.0000000045063637   0.0000000043724923  -0.0222641111911768
  0.0000000100836976  -0.0000000292501618  -0.0000000179315764   0.0000000182194513   0.0322480339249351
 -0.0000000056902389   0.0000000056606700  -0.0000000037828298  -0.0000000014522113  -0.0442614927622474
  0.0000000058461374  -0.0000000057394486  -0.0000000030401517  -0.0000000047790157   0.0442618761360527
  0.0222623335882039  -0.0322446590960718  -0.0442588947336956   0.0442592122341120  -0.0000000012183968
global index=4  local index=4 (global=5, Rn=0 0 0 0)
  0.0035380965046199   0.0074315082887906   0.0359692526888026   0.0014213474780687   0.0071807586962451   0.0050883808736078  -0.0043679483903165  -0.0220521724946479  -0.0149146787767767
 -0.0091294496093084   0.0066954497394363  -0.0405796759693362  -0.0029650849257541  -0.0149852271107806  -0.0101988161076362   0.0077991847229900   0.0393743152719526   0.0236568977536185
 -0.0019993410391672   0.0007178907242578  -0.0110795041458845   0.0035487409734351  -0.0040516632718958  -0.0029262947600561  -0.0129065046865651   0.0119725749732022   0.0081409852092752
 -0.0100921595768351   0.0036250366402915  -0.0559311014468626  -0.0040486649560968  -0.0161017931842735  -0.0147745074284092   0.0119724074742565   0.0451631281295301   0.0411013312518613
 -0.0076176179320845   0.0077116907812336  -0.0293285026567094  -0.0029233637167265  -0.0147740651742185  -0.0052902337283657   0.0081409787453464   0.0411020929098329   0.0083684301867272
global index=4  local index=5 (global=6, Rn=0 0 0 0)
  0.0663046279389298  -0.0903893558316191   0.0105133993393865  -0.0538507772611730   0.0538502040133986  -0.0075965517926174   0.0783407997238783  -0.0783405834508567   0.0603862952412227
 -0.0361210650979512  -0.0175395297494837  -0.0444786768867842  -0.0113710799541066   0.0113703217780663   0.0386041736592653   0.0160302215738820  -0.0160307604413522  -0.0563501727001279
  0.0923615093392147  -0.0608118875505171  -0.0464626863945230   0.0032998416725819   0.0596870975790445  -0.0140983090985459  -0.0484068889952181  -0.0414818990975376   0.0601435717764034
 -0.0923614846488820   0.0608115098723272   0.0464618593683469   0.0596869878653836   0.0032998467017235   0.0140983652353590  -0.0414822775701134  -0.0484075153045593  -0.0601437573738540
  0.0238828855982631  -0.0507126859749811   0.0689042750313040  -0.0140982378577418   0.0140981930272389   0.1388865223079374   0.0601437270283960  -0.0601442604041154  -0.2348643378680553
global index=5  local index=0 (global=5, Rn=0 0 0 0)
 -0.0000029581568069  -0.0000019035164526   0.0000013808800450   0.0000059003383594   0.0000059003383601  -0.6044335910865282   0.0000022228083169   0.0000022228083169   0.0505855165484378
 -0.0000138379037769   0.0000233741731212  -0.0000101437765523   0.0000057979726920   0.0000057979726896  -0.3109451903479006   0.0000012117933971   0.0000012117933971  -0.4971988305883104
 -0.0000127114422295   0.0000302809622056   0.0000219198148128  -0.0000016707330816  -0.0000016707330839   0.2419347480222055   0.0000032663229660   0.0000032663229660   0.0034153665570330
  0.0000028209001330   0.0000013383261832  -0.0000008248668595   0.0000022956948292  -0.0000011224423862   0.0000010897240692   0.0000019861652603  -0.0000001659933675   0.0000013901823397
  0.0000028209001329   0.0000013383261831  -0.0000008248668595  -0.0000011224423875   0.0000022956948292   0.0000010897240700  -0.0000001659933675   0.0000019861652603   0.0000013901823394
  0.6044513815749617   0.3109712611828527  -0.2419219349877564   0.0000010704427733   0.0000010704427748   0.0000084537481777   0.0000013886208219   0.0000013886208212   0.0000053784462507
  0.0000013763582556   0.0000004300646615   0.0000001445200608  -0.0000008128653167   0.0000004955287490   0.0000010938540543   0.0000023233283747  -0.0000000035539253   0.0000017173035582
  0.0000013763582556   0.0000004300646614   0.0000001445200608   0.0000004955287503  -0.0000008128653166   0.0000010938540550  -0.0000000035539253   0.0000023233283747   0.0000017173035557
 -0.0505786211285665   0.4972229373730515  -0.0034704135409030   0.0000010929897560   0.0000010929897570   0.0000013222871993   0.0000017155965804   0.0000017155965816   0.0000057915241507
global index=5  local index=1 (global=1, Rn=0 0 0 0)
 -0.0663051972041655   0.0361208138762130   0.0923609814007290   0.0923609814007294  -0.0238834548726178
  0.0903662994446111   0.0175543906520687  -0.0607989386411814  -0.0607989386411812   0.0507022079132976
 -0.0105022020057551   0.0444923786429330  -0.0464722300727583  -0.0464722300727588  -0.0689023267146549
 -0.0538513028634101  -0.0113710828891602  -0.0033003300884722   0.0596869164660982  -0.0140989031952610
 -0.0538513028634098  -0.0113710828891604   0.0596869164660986  -0.0033003300884725  -0.0140989031952611
  0.0075956560663810  -0.0386032016869613  -0.0140976235035347  -0.0140976235035350  -0.1388869839852369
  0.0783411757550485   0.0160283854205060   0.0484065143282287  -0.0414818533265823   0.0601437977368795
  0.0783411757550484   0.0160283854205055  -0.0414818533265821   0.0484065143282290   0.0601437977368795
 -0.0603859983465518   0.0563484587994236   0.0601443909510842   0.0601443909510849   0.2348658135425886
global index=5  local index=2 (global=2, Rn=0 0 0 0)
 -0.0049502363818740   0.0117574840447473   0.0131352060732167   0.0131352060732168  -0.0022426606002787
 -0.0025058535199352  -0.0134195369153342  -0.0161657665311477  -0.0161657665311478  -0.0055265009579833
 -0.0285637178915223   0.0141117456147744   0.0212893686337609   0.0212893686337611  -0.0321613241652066
 -0.0069663578560100   0.0108619676017035   0.0114427914207069   0.0173116716866374  -0.0047623343003592
 -0.0069663578560099   0.0108619676017036   0.0173116716866376   0.0114427914207070  -0.0047623343003592
  0.0022902268878672  -0.0058390019869813  -0.0047612324573963  -0.0047612324573963  -0.0139315891608728
  0.0210746976810378  -0.0199188553858247  -0.0237572161854330  -0.0403410024775692   0.0174080572298519
  0.0210746976810376  -0.0199188553858250  -0.0403410024775687  -0.0237572161854337   0.0174080572298518
 -0.0075759510299104   0.0190542665840474   0.0174071989544292   0.0174071989544292   0.0411878299726595
global index=5  local index=3 (global=3, Rn=0 0 0 0)
 -0.0035372111222387   0.0091282203779823   0.0100894910382106   0.0019985000644138   0.0076150012316805
 -0.0074447560852862  -0.0066867695417965  -0.0036092932007824  -0.0007126680764129  -0.0077026072598218
 -0.0359917793146699   0.0405815358277702   0.0559421035171321   0.0110758772969906   0.0293204284135833
 -0.0071813377978590   0.0149846196702074   0.0161011210970731   0.0040509498940659   0.0147722008997497
 -0.0014224601182581   0.0029681814876315   0.0040509889494208  -0.0035478902722733   0.0029260865802408
 -0.0050890250656015   0.0101982978527347   0.0147732219157528   0.0029262560397330   0.0052886437556844
  0.0220539210664402  -0.0393732523461744  -0.0451639647350380  -0.0119727692329581  -0.0411009831134337
  0.0043680910182187  -0.0077990077106887  -0.0119715683475147   0.0129046380068659  -0.0081410522715154
  0.0149168896726953  -0.0236571902740652  -0.0411021172156048  -0.0081424128112676  -0.0083692106117308
global index=5  local index=4 (global=4, Rn=0 0 0 0)
 -0.0035372111222388   0.0091282203779823   0.0019985000644138   0.0100894910382106   0.0076150012316805
 -0.0074447560852863  -0.0066867695417967  -0.0007126680764130  -0.0036092932007824  -0.0077026072598216
 -0.0359917793146705   0.0405815358277701   0.0110758772969905   0.0559421035171315   0.0293204284135832
 -0.0014224601182581   0.0029681814876315  -0.0035478902722733   0.0040509889494208   0.0029260865802408
 -0.0071813377978590   0.0149846196702077   0.0040509498940659   0.0161011210970732   0.0147722008997499
 -0.0050890250656015   0.0101982978527345   0.0029262560397330   0.0147732219157530   0.0052886437556845
  0.0043680910182188  -0.0077990077106887   0.0129046380068661  -0.0119715683475146  -0.0081410522715156
  0.0220539210664400  -0.0393732523461745  -0.0119727692329580  -0.0451639647350381  -0.0411009831134339
  0.0149168896726953  -0.0236571902740651  -0.0081424128112678  -0.0411021172156048  -0.0083692106117308
global index=5  local index=5 (global=6, Rn=0 0 0 0)
 -0.0066992070531662   0.0006328035312813  -0.0508979577079515   0.0118452118642799   0.0118452118642798   0.0057397706865554  -0.0451711486724196  -0.0451711486724200  -0.0215231688335470
  0.0006266161315554  -0.0329092222331031   0.0234462148765778  -0.0273023277254689  -0.0273023277254690  -0.0232476998028786   0.0487704992101363   0.0487704992101363   0.0224518887411454
 -0.0509042112913263   0.0234673323418359  -0.0280375850146067   0.0084492959026852   0.0084492959026855  -0.0177373826343245  -0.0088337914272160  -0.0088337914272161   0.0390031776140052
 -0.0118457254357728   0.0273132674519515  -0.0084714118505920   0.0075635541496140   0.0148821840036152   0.0068385529919745  -0.0182891967414331  -0.0414514751589536  -0.0161770588489528
 -0.0118457254357727   0.0273132674519512  -0.0084714118505921   0.0148821840036153   0.0075635541496138   0.0068385529919744  -0.0414514751589533  -0.0182891967414331  -0.0161770588489529
 -0.0057404540205331   0.0232538968350215   0.0177108419252677   0.0068388821841105   0.0068388821841106  -0.0080192892787814  -0.0161780863510035  -0.0161780863510034   0.0306690622632907
  0.0451719942773007  -0.0487792151728752   0.0088403701858675  -0.0182901382835690  -0.0414521894659101  -0.0161781271864001   0.0053091420663187   0.0549413296983570   0.0018776539438152
  0.0451719942773007  -0.0487792151728752   0.0088403701858679  -0.0414521894659105  -0.0182901382835689  -0.0161781271864001   0.0549413296983571   0.0053091420663186   0.0018776539438152
  0.0215243872188253  -0.0224453096161258  -0.0389888992111211  -0.0161784889570992  -0.0161784889570988   0.0306679986851177   0.0018784817249208   0.0018784817249209  -0.0974460973771056
global index=6  local index=0 (global=6, Rn=0 0 0 0)
 -0.0000165909667024  -0.0000082243143552   0.0000075617569447   0.0000016668493859   0.0000016668493859  -0.6044418518915525   0.0000010440325881   0.0000010440325881   0.0505823895508488
 -0.0000121010278740   0.0000067389268080   0.0000095018487125   0.0000084732160587   0.0000084732160587  -0.3109650131761935   0.0000000681121684   0.0000000681121684  -0.4972158424216064
  0.0000102581718015   0.0000024265838485  -0.0000041530301629  -0.0000015670426056  -0.0000015670426056   0.2419237815097280  -0.0000010252234134  -0.0000010252234134   0.0034633835498141
  0.0000024558199351   0.0000016420929980  -0.0000010770198499  -0.0000005766280868  -0.0000015410376311  -0.0000027355422790  -0.0000002979947495  -0.0000004465914580  -0.0000017844019771
  0.0000024558199351   0.0000016420929980  -0.0000010770198499  -0.0000015410376311  -0.0000005766280868  -0.0000027355422786  -0.0000004465914580  -0.0000002979947495  -0.0000017844019776
  0.6044505099293590   0.3109710473066880  -0.2419202479051914  -0.0000026365667626  -0.0000026365667619  -0.0000098910983367  -0.0000017286704421  -0.0000017286704422  -0.0000035494539490
  0.0000006292737417   0.0000012196845615  -0.0000008874198763   0.0000003111779435  -0.0000005754897442  -0.0000003968621729  -0.0000002747163991  -0.0000002829353060  -0.0000006295519802
  0.0000006292737416   0.0000012196845615  -0.0000008874198763  -0.0000005754897442   0.0000003111779435  -0.0000003968621725  -0.0000002829353060  -0.0000002747163991  -0.0000006295519787
 -0.0505776510798021   0.4972232057701536  -0.0034696402495208  -0.0000003410252192  -0.0000003410252209  -0.0000051369415226  -0.0000005994773272  -0.0000005994773273  -0.0000030304109549
global index=6  local index=1 (global=1, Rn=0 0 0 0)
  0.1818489300712421   0.1136109144725812   0.0967679654772137   0.0967679654772092  -0.2092795634040046
  0.0000627707110753   0.1217553170696470   0.0312931133013408   0.0312931133013416   0.1594024526902577
 -0.0398356885089509  -0.0522616702729469  -0.0311845995702009  -0.0311845995702001   0.0277434614448435
 -0.1040099433349120  -0.1403326375378492   0.0743195176225816  -0.0477310457896758   0.0626115580739639
 -0.1040099433349103  -0.1403326375378476  -0.0477310457896770   0.0743195176225805   0.0626115580739640
  0.1096532718058584  -0.0410009460945188   0.0626113466384044   0.0626113466384040   0.3112480169180014
 -0.0059663727283434  -0.0729545441721339  -0.0724105661119122  -0.0129807403993328  -0.0693347169690249
 -0.0059663727283439  -0.0729545441721324  -0.0129807403993324  -0.0724105661119132  -0.0693347169690263
 -0.2168365763082534  -0.0065150060790896  -0.0693342574007160  -0.0693342574007152  -0.1932210151841557
global index=6  local index=2 (global=2, Rn=0 0 0 0)
  0.1818494787813113   0.1136116693296213  -0.0967683771340538  -0.0967683771340510  -0.2092782379355023
  0.0000761157497137   0.1217726862100003  -0.0312951913230144  -0.0312951913230144   0.1594036739996135
 -0.0398352143667657  -0.0522658524965614   0.0311869582089913   0.0311869582089913   0.0277398144265066
  0.1040106283067788   0.1403319898289674   0.0743184460733727  -0.0477320637351082  -0.0626102775191442
  0.1040106283067786   0.1403319898289701  -0.0477320637351080   0.0743184460733733  -0.0626102775191437
  0.1096537913394926  -0.0409999241724385  -0.0626111754248898  -0.0626111754248888   0.3112468870882703
  0.0059646562955098   0.0729525348122877  -0.0724101026630757  -0.0129803324467320   0.0693351068413168
  0.0059646562955105   0.0729525348122867  -0.0129803324467318  -0.0724101026630756   0.0693351068413172
 -0.2168340184577031  -0.0065110160391983   0.0693342121007829   0.0693342121007821  -0.1932220028980642
global index=6  local index=3 (global=3, Rn=0 0 0 0)
 -0.0663051907565858   0.0361225814167982   0.0923624754376641  -0.0923624491564133  -0.0238816709610886
  0.0903859887736779   0.0175444338826949  -0.0608055174315900   0.0608108475142158   0.0507067070908020
 -0.0105171323901723   0.0444982803568064  -0.0464713256461258   0.0464712456814717  -0.0689254437142570
 -0.0538507976710149  -0.0113708437739979  -0.0033005002255765  -0.0596865826833144  -0.0140986128800215
  0.0538509588143505   0.0113706087661364  -0.0596869204768077  -0.0033001098911275   0.0140982088970169
  0.0075962558297982  -0.0386032669916878  -0.0140974975817102   0.0140974026739275  -0.1388868390586158
  0.0783412516360969   0.0160290621669771   0.0484054995146121   0.0414822662180947   0.0601435377426493
 -0.0783414023324757  -0.0160288962159311   0.0414825618312494   0.0484054641093232  -0.0601432935423788
 -0.0603850094877541   0.0563487181494975   0.0601423486181037  -0.0601423765881571   0.2348649615425885
global index=6  local index=4 (global=4, Rn=0 0 0 0)
 -0.0663051907565866   0.0361225814167980  -0.0923624491564130   0.0923624754376629  -0.0238816709610886
  0.0903859887736781   0.0175444338826955   0.0608108475142156  -0.0608055174315890   0.0507067070908017
 -0.0105171323901719   0.0444982803568062   0.0464712456814737  -0.0464713256461259  -0.0689254437142562
  0.0538509588143506   0.0113706087661366  -0.0033001098911272  -0.0596869204768087   0.0140982088970169
 -0.0538507976710138  -0.0113708437739981  -0.0596865826833141  -0.0033005002255760  -0.0140986128800216
  0.0075962558297983  -0.0386032669916874   0.0140974026739275  -0.0140974975817102  -0.1388868390586138
 -0.0783414023324762  -0.0160288962159311   0.0484054641093228   0.0414825618312483  -0.0601432935423787
  0.0783412516360974   0.0160290621669776   0.0414822662180947   0.0484054995146122   0.0601435377426497
 -0.0603850094877543   0.0563487181494972  -0.0601423765881572   0.0601423486181036   0.2348649615425923
global index=6  local index=5 (global=5, Rn=0 0 0 0)
  0.0066989764550128  -0.0006329865942900   0.0508975128336720   0.0118450557039333   0.0118450557039331   0.0057396881545290  -0.0451707155135054  -0.0451707155135056  -0.0215229030174406
 -0.0006273370833837   0.0329090545303763  -0.0234617174000817  -0.0273206480028259  -0.0273206480028257  -0.0232664735520286   0.0487745576581449   0.0487745576581455   0.0224503906318142
  0.0509017941154953  -0.0234769877837385   0.0280313502519780   0.0084791032953536   0.0084791032953535  -0.0177061247633266  -0.0088294638214920  -0.0088294638214923   0.0390115945570009
 -0.0118452092285433   0.0273128524650784  -0.0084713397028685  -0.0075636741558300  -0.0148822531280928  -0.0068386693761090   0.0182889469896816   0.0414513209085159   0.0161769598986477
 -0.0118452092285434   0.0273128524650777  -0.0084713397028684  -0.0148822531280931  -0.0075636741558297  -0.0068386693761091   0.0414513209085161   0.0182889469896815   0.0161769598986479
 -0.0057398631295532   0.0232540149696755   0.0177118477327547  -0.0068387656670060  -0.0068387656670062   0.0080191393231290   0.0161773750110972   0.0161773750110972  -0.0306693976489338
  0.0451706106889931  -0.0487803018494077   0.0088407328852929   0.0182881662968641   0.0414498750585237   0.0161759493312366  -0.0053103807219338  -0.0549427356349436  -0.0018792565320388
  0.0451706106889926  -0.0487803018494081   0.0088407328852928   0.0414498750585245   0.0182881662968635   0.0161759493312368  -0.0549427356349443  -0.0053103807219336  -0.0018792565320389
  0.0215229901104422  -0.0224464279099429  -0.0389888183933238   0.0161762815695535   0.0161762815695546  -0.0306697163823259  -0.0018801124181041  -0.0018801124181041   0.0974439137713534


Density matrix spin=0
global index=1  local index=0 (global=1, Rn=0)
  0.1833538187996954   0.0395407489216086   0.0108767966655344   0.0108767965493014   0.0002149627483005
  0.0395407489216086   0.0116633277302871   0.0051172034113259   0.0051172034390827   0.0021403348124135
  0.0108767966655344   0.0051172034113259   0.0077310284052470   0.0032922498990087   0.0042294277860200
  0.0108767965493014   0.0051172034390827   0.0032922498990087   0.0077310285210788   0.0042294277667802
  0.0002149627483005   0.0021403348124135   0.0042294277860200   0.0042294277667802   0.0083802642434135
global index=1  local index=1 (global=2, Rn=0)
 -0.0724280228471750  -0.0072379515445496   0.0019569301986517   0.0019569300802179  -0.0181902370123584
 -0.0069999670747386   0.0024029722853914  -0.0006797022804369  -0.0006797022498515  -0.0035225871789100
 -0.0100327481307223   0.0008674914082715   0.0015532292689178  -0.0022808573546270  -0.0014691395548813
 -0.0100327481213522   0.0008674913651658  -0.0022808573605422   0.0015532293874548  -0.0014691395213543
 -0.0274056176401153  -0.0024570594379922   0.0006044879945010   0.0006044879807966   0.0011231334114778
global index=1  local index=2 (global=3, Rn=0)
  0.0242700220555516  -0.0020154208726333   0.0019379484022021  -0.0050516159793133   0.0003406589915765
 -0.0070875401458543   0.0002547654226119   0.0005856112197472  -0.0012153854059333   0.0000306193379820
 -0.0027304047324576   0.0009500511049911  -0.0002335646316776   0.0000867972990575  -0.0005542502554447
 -0.0195750786219306   0.0000452690031159   0.0007649044234977  -0.0009966277779268   0.0009040934978452
 -0.0163980542971069   0.0010846209225691  -0.0011633700779126   0.0006939013871986  -0.0002277536474480
global index=1  local index=3 (global=4, Rn=0)
  0.0242700217251442  -0.0020154209262760  -0.0050516160023444   0.0019379484223856   0.0003406590423002
 -0.0070875400285686   0.0002547654333091  -0.0012153853990476   0.0005856112103882   0.0000306193309636
 -0.0195750782989385   0.0000452690201378  -0.0009966277825145   0.0007649044045426   0.0009040934738045
 -0.0027304043258695   0.0009500511150395   0.0000867973225847  -0.0002335646422860  -0.0005542502651084
 -0.0163980548958437   0.0010846209228765   0.0006939013798655  -0.0011633700887255  -0.0002277536472188
global index=1  local index=4 (global=5, Rn=0)
 -0.0067350720490308  -0.0013516527447874   0.0013105861655485   0.0685352921433334   0.0685352919996094   0.0579035536375469  -0.0029442756375676  -0.0029442756969960  -0.0042677902687563
  0.0006267244477307  -0.0013193919070752   0.0010155986863449  -0.0017322923886883  -0.0017322922227242   0.0002789126449647  -0.0004007473389030  -0.0004007473533881  -0.0009188426039023
 -0.0126782879686985  -0.0015311812869408   0.0011268785386664  -0.0073570285657795  -0.0370781604495887  -0.0340433634561186  -0.0004291671035115   0.0005709238671714   0.0006661574480802
 -0.0126782878470214  -0.0015311813201175   0.0011268785472581  -0.0370781610911185  -0.0073570284842590  -0.0340433630711980   0.0005709238921203  -0.0004291671017303   0.0006661573958417
 -0.0090969887477220  -0.0017999775815429   0.0012038681655104  -0.0388477633837222  -0.0388477635473287  -0.0072514342655864   0.0004790385900913   0.0004790385932255  -0.0005287378443602
global index=1  local index=5 (global=6, Rn=0)
  0.0091359960278696   0.0116223995086093  -0.0005343590571986  -0.1633443080693797  -0.1633443096021040  -0.1549874512064802  -0.0263427640824732  -0.0263427641874499  -0.0174034399783817
  0.0398697650901563   0.0041746435924272   0.0000166001000194  -0.0336566745695498  -0.0336566741829215  -0.0479496480879492  -0.0047673839316340  -0.0047673839098870  -0.0068599069255845
  0.0241402294834104   0.0014158067443281   0.0000523656296108   0.0024823489203401  -0.0430360042880401  -0.0188785491010306  -0.0002838545770728  -0.0042978873569165  -0.0026155166427892
  0.0241402294294368   0.0014158067311226   0.0000523656332437  -0.0430360050790147   0.0024823494122610  -0.0188785490122741  -0.0042978873331835  -0.0002838544410983  -0.0026155166305297
  0.0410887894180307  -0.0012908702725458   0.0003075176245606  -0.0225821996111416  -0.0225822000776225   0.0272849160801218  -0.0032453287902749  -0.0032453288035012   0.0022608470554812
global index=2  local index=0 (global=2, Rn=0)
  0.2314412547267294   0.0410617154635098  -0.0107056996110753  -0.0107056996483690   0.0030991829009012
  0.0410617154635098   0.0095387147188446  -0.0025652899071526  -0.0025652899548914   0.0006519262926920
 -0.0107056996110753  -0.0025652899071526   0.0028988511440912  -0.0013808538397181  -0.0000838281454560
 -0.0107056996483690  -0.0025652899548914  -0.0013808538397181   0.0028988512558086  -0.0000838280949523
  0.0030991829009012   0.0006519262926920  -0.0000838281454560  -0.0000838280949523   0.0032219373298170
global index=2  local index=1 (global=1, Rn=0)
 -0.0724280228471750  -0.0069999670747386  -0.0100327481307223  -0.0100327481213522  -0.0274056176401153
 -0.0072379515445496   0.0024029722853914   0.0008674914082715   0.0008674913651658  -0.0024570594379922
  0.0019569301986517  -0.0006797022804369   0.0015532292689178  -0.0022808573605422   0.0006044879945010
  0.0019569300802179  -0.0006797022498515  -0.0022808573546270   0.0015532293874548   0.0006044879807966
 -0.0181902370123584  -0.0035225871789100  -0.0014691395548813  -0.0014691395213543   0.0011231334114778
global index=2  local index=2 (global=3, Rn=0)
  0.0266420682120144  -0.0016563411805317   0.0068903621382728  -0.0030539180788426   0.0010694753680893
 -0.0097002553994395   0.0004286437449399   0.0011063760443939  -0.0005998050723593   0.0000903214127963
  0.0171078636097707   0.0003755968233638  -0.0007965590049573   0.0008442455742092  -0.0008193155586545
 -0.0037485388217616  -0.0007529052097678   0.0002119162330270  -0.0004352462918151   0.0006759251837331
 -0.0093079805190364   0.0007801110196714  -0.0009261812021978   0.0010839737415809  -0.0004102928281676
global index=2  local index=3 (global=4, Rn=0)
  0.0266420685225024  -0.0016563411105965  -0.0030539180633827   0.0068903621870258   0.0010694753846565
 -0.0097002556035764   0.0004286437517792  -0.0005998050880767   0.0011063760628664   0.0000903214332734
 -0.0037485384896760  -0.0007529052027034  -0.0004352462832248   0.0002119162098811   0.0006759251608584
  0.0171078638094593   0.0003755968325444   0.0008442456018129  -0.0007965590136066  -0.0008193155796802
 -0.0093079803268047   0.0007801110364388   0.0010839737518132  -0.0009261812129340  -0.0004102928459695
global index=2  local index=4 (global=5, Rn=0)
  0.0006409413706127   0.0041351847991855  -0.0024250812979009   0.0300385627271369   0.0300385633037919   0.0339635147390382   0.0022978727725060   0.0022978727712291  -0.0006769879139321
 -0.0001687240745981  -0.0002094873536074   0.0002163180951869  -0.0059006123898019  -0.0059006124318919  -0.0021599754015080   0.0003936525414293   0.0003936525409154  -0.0002478708893263
 -0.0012782621550534   0.0000862302768041  -0.0000538083206677   0.0047165539718424   0.0013458621387083   0.0014336306995426   0.0000411031302737  -0.0003824740897373   0.0000547174209961
 -0.0012782620893860   0.0000862302430830  -0.0000538083016709   0.0013458617069440   0.0047165539585339   0.0014336309444859  -0.0003824740763727   0.0000411031361491   0.0000547173696259
  0.0022430568625020  -0.0000314987577292  -0.0000613521553406  -0.0024570408208210  -0.0024570410925936   0.0017978230614886  -0.0001089072479300  -0.0001089072235781   0.0001363674674188
global index=2  local index=5 (global=6, Rn=0)
  0.0047949624220215   0.0143140494077312  -0.0009198980833708   0.1933062585041886   0.1933062599324344  -0.1856371061039167   0.0328105441416425   0.0328105440375939  -0.0229129605760289
  0.0354505547641764   0.0037046230723617  -0.0000096168102139   0.0279661175258119   0.0279661172550072  -0.0423131302791137   0.0052687367497541   0.0052687366833354  -0.0065690711884224
 -0.0068336213389397  -0.0008858911438315   0.0000061498407947   0.0194996442266071  -0.0336668425548136   0.0135903659914026   0.0006265183728781  -0.0033749712694800   0.0019427501965132
 -0.0068336212853759  -0.0008858911587277   0.0000061498458871  -0.0336668433335933   0.0194996446479405   0.0135903661419243  -0.0033749712464292   0.0006265185188247   0.0019427502083884
  0.0267366999414307  -0.0016234250206917   0.0002682716044525   0.0156171862089406   0.0156171868202566   0.0334346001553846   0.0022996768954877   0.0022996769371744   0.0022630601163590
global index=3  local index=0 (global=3, Rn=0)
  0.4376985836393557  -0.0094285564292734   0.0042281100759622   0.0006137711777119  -0.0033890620306084
 -0.0094285564292734   0.0006956521916124  -0.0005087069896141   0.0004431693464505  -0.0003065522122476
  0.0042281100759622  -0.0005087069896141   0.0007144814157878  -0.0005951557380101   0.0003705061743471
  0.0006137711777119   0.0004431693464505  -0.0005951557380101   0.0006451203794178  -0.0003963128627393
 -0.0033890620306084  -0.0003065522122476   0.0003705061743471  -0.0003963128627393   0.0003803518935681
global index=3  local index=1 (global=1, Rn=0)
  0.0242700220555516  -0.0070875401458543  -0.0027304047324576  -0.0195750786219306  -0.0163980542971069
 -0.0020154208726333   0.0002547654226119   0.0009500511049911   0.0000452690031159   0.0010846209225691
  0.0019379484022021   0.0005856112197472  -0.0002335646316776   0.0007649044234977  -0.0011633700779126
 -0.0050516159793133  -0.0012153854059333   0.0000867972990575  -0.0009966277779268   0.0006939013871986
  0.0003406589915765   0.0000306193379820  -0.0005542502554447   0.0009040934978452  -0.0002277536474480
global index=3  local index=2 (global=2, Rn=0)
  0.0266420682120144  -0.0097002553994395   0.0171078636097707  -0.0037485388217616  -0.0093079805190364
 -0.0016563411805317   0.0004286437449399   0.0003755968233638  -0.0007529052097678   0.0007801110196714
  0.0068903621382728   0.0011063760443939  -0.0007965590049573   0.0002119162330270  -0.0009261812021978
 -0.0030539180788426  -0.0005998050723593   0.0008442455742092  -0.0004352462918151   0.0010839737415809
  0.0010694753680893   0.0000903214127963  -0.0008193155586545   0.0006759251837331  -0.0004102928281676
global index=3  local index=3 (global=4, Rn=0)
  0.3326857107407471  -0.0151227999995963  -0.0057367933866115   0.0089686112178046   0.0036799970237784
 -0.0151227999190821   0.0003868430596604   0.0000991353349861  -0.0002528365043715   0.0000751545781088
  0.0089686113420584  -0.0002528365018725  -0.0002996012730015   0.0004678531529066   0.0000069243487262
 -0.0057367934980475   0.0000991353410205   0.0002586604694300  -0.0002996012818314   0.0000432791947324
  0.0036799970568040   0.0000751545767573   0.0000432791998802   0.0000069243496306  -0.0001561111858967
global index=3  local index=4 (global=5, Rn=0)
 -0.0217680435001083   0.0045626345993465  -0.0011185192794542   0.0612693680151560   0.0937843154438316   0.0575841704308250   0.0020169920970177  -0.0025758622849286  -0.0002889011922340
  0.0008069344027194  -0.0002897977872770   0.0001404709091290  -0.0040338954540938  -0.0020976280338727  -0.0034621050983717   0.0000410135614760  -0.0002166394324502   0.0000683938662259
 -0.0014399576671850   0.0001108237540907  -0.0000175373771109  -0.0015912066920760   0.0017298167953704  -0.0026025903780651   0.0001745625212883   0.0001438269467964   0.0000662607889465
  0.0006623007085585  -0.0000381125498502  -0.0000059857178459   0.0001437511043380   0.0008074437606291  -0.0007995189305065  -0.0000391702762373  -0.0002521621184279   0.0001360125659812
 -0.0007407424304288   0.0000286472325470  -0.0000152445824761  -0.0040928437196723   0.0002443871331247  -0.0011380906760967   0.0001441229873462   0.0001288682077249   0.0000116834610585
global index=3  local index=5 (global=6, Rn=0)
 -0.1322626971596479   0.0095313658431789  -0.0019513829385067   0.1383802864462519  -0.1245889843829943   0.0115710807081659   0.0087224948222852  -0.0099913994947379   0.0135053671342535
  0.0144121607200074  -0.0003720890630516   0.0001277853550439   0.0072348307168299  -0.0070079546122581   0.0057533554463172   0.0005894018772636  -0.0004203287786913  -0.0001869315497515
 -0.0096301230756756   0.0009846818419857  -0.0001308143445339  -0.0041328477584827   0.0081954903830840  -0.0160742678254582   0.0000111708780945   0.0009947015090331  -0.0012441782193354
  0.0088530748167609  -0.0008479647808391   0.0001095753160323   0.0102466287784420  -0.0057806319537584   0.0159423544187420   0.0008182847152723  -0.0003511638224510   0.0012873397511603
 -0.0073672814463973   0.0001402230596853  -0.0000566052384718  -0.0093155035616679   0.0090098289242327  -0.0059854192181405  -0.0006822871946187   0.0007665372569829  -0.0002814955603359
global index=4  local index=0 (global=4, Rn=0)
  0.4376985841610584  -0.0094285565220428   0.0006137713615178   0.0042281101476261  -0.0033890620935837
 -0.0094285565220428   0.0006956521953413   0.0004431693406371  -0.0005087069851433  -0.0003065522100209
  0.0006137713615178   0.0004431693406371   0.0006451203790574  -0.0005951557349288  -0.0003963128664074
  0.0042281101476261  -0.0005087069851433  -0.0005951557349288   0.0007144814154520   0.0003705061718306
 -0.0033890620935837  -0.0003065522100209  -0.0003963128664074   0.0003705061718306   0.0003803518919111
global index=4  local index=1 (global=1, Rn=0)
  0.0242700217251443  -0.0070875400285686  -0.0195750782989385  -0.0027304043258695  -0.0163980548958437
 -0.0020154209262760   0.0002547654333091   0.0000452690201378   0.0009500511150395   0.0010846209228765
 -0.0050516160023444  -0.0012153853990476  -0.0009966277825145   0.0000867973225847   0.0006939013798655
  0.0019379484223856   0.0005856112103882   0.0007649044045426  -0.0002335646422860  -0.0011633700887255
  0.0003406590423002   0.0000306193309636   0.0009040934738045  -0.0005542502651084  -0.0002277536472188
global index=4  local index=2 (global=2, Rn=0)
  0.0266420685225024  -0.0097002556035764  -0.0037485384896760   0.0171078638094593  -0.0093079803268047
 -0.0016563411105965   0.0004286437517792  -0.0007529052027034   0.0003755968325444   0.0007801110364388
 -0.0030539180633827  -0.0005998050880767  -0.0004352462832248   0.0008442456018129   0.0010839737518132
  0.0068903621870258   0.0011063760628664   0.0002119162098811  -0.0007965590136066  -0.0009261812129340
  0.0010694753846565   0.0000903214332734   0.0006759251608584  -0.0008193155796802  -0.0004102928459695
global index=4  local index=3 (global=3, Rn=0)
  0.3326857107407471  -0.0151227999190821   0.0089686113420584  -0.0057367934980475   0.0036799970568040
 -0.0151227999995963   0.0003868430596604  -0.0002528365018725   0.0000991353410205   0.0000751545767573
 -0.0057367933866115   0.0000991353349861  -0.0002996012730015   0.0002586604694300   0.0000432791998802
  0.0089686112178046  -0.0002528365043715   0.0004678531529066  -0.0002996012818314   0.0000069243496306
  0.0036799970237784   0.0000751545781088   0.0000069243487262   0.0000432791947324  -0.0001561111858967
global index=4  local index=4 (global=5, Rn=0)
 -0.0217680434426493   0.0045626344816856  -0.0011185191913222   0.0937843178436787   0.0612693739670748   0.0575841629666744  -0.0025758624083783   0.0020169918363675  -0.0002889009796360
  0.0008069343719914  -0.0002897977953858   0.0001404709145410  -0.0020976281352597  -0.0040338956862494  -0.0034621048341056  -0.0002166394269332   0.0000410135727555   0.0000683938413590
  0.0006623007778541  -0.0000381125576636  -0.0000059857123476   0.0008074434672493   0.0001437511620050  -0.0007995186611658  -0.0002521621034579  -0.0000391702752998   0.0001360125416953
 -0.0014399577453185   0.0001108237643323  -0.0000175373821582   0.0017298170368289  -0.0015912065824251  -0.0026025906133717   0.0001438269337589   0.0001745625190994   0.0000662608104304
 -0.0007407424752884   0.0000286472442970  -0.0000152445880133   0.0002443871170409  -0.0040928434186960  -0.0011380909230490   0.0001288682086653   0.0001441229723731   0.0000116834864093
global index=4  local index=5 (global=6, Rn=0)
 -0.1322626972207881   0.0095313658056439  -0.0019513829115020  -0.1245889845812698   0.1383802856007231   0.0115710811937303  -0.0099913990360656   0.0087224953891490   0.0135053670067537
  0.0144121607711227  -0.0003720890608859   0.0001277853561483  -0.0070079545786161   0.0072348307122919   0.0057533553861584  -0.0004203287439331   0.0005894019064684  -0.0001869315571732
  0.0088530747372270  -0.0008479647793258   0.0001095753162897  -0.0057806320548636   0.0102466287934910   0.0159423544233672  -0.0003511638106941   0.0008182847534362   0.0012873397602933
 -0.0096301230888257   0.0009846818467488  -0.0001308143456290   0.0081954902925936  -0.0041328475085104  -0.0160742678923249   0.0009947014924993   0.0000111708688932  -0.0012441782308072
 -0.0073672814485463   0.0001402230654453  -0.0000566052399771   0.0090098289720745  -0.0093155034910472  -0.0059854193058870   0.0007665372253415  -0.0006822872205378  -0.0002814955727854
global index=5  local index=0 (global=5, Rn=0)
  0.9829538899398913  -0.0074053030735471   0.0032010979087903  -0.0312511318666952  -0.0312511316592394  -0.0281178940687598   0.0051373334023963   0.0051373334430424   0.0051492594899611
 -0.0074053030735471   0.0006492031327156  -0.0004407969381349   0.0096263877885613   0.0096263876339337   0.0091594902105832  -0.0001058328611141  -0.0001058328579450  -0.0001712719977685
  0.0032010979087903  -0.0004407969381349   0.0003167978122541  -0.0064796856327951  -0.0064796858048545  -0.0066216881155812   0.0000626625924274   0.0000626626041693   0.0001195792584166
 -0.0312511318666952   0.0096263877885613  -0.0064796856327951   0.7096606681265941  -0.0031818935083387  -0.0017794350897126  -0.0294126692388530   0.0069465195102571   0.0060229514065032
 -0.0312511316592394   0.0096263876339337  -0.0064796858048545  -0.0031818935083388   0.7096606661624830  -0.0017794356475819   0.0069465195137057  -0.0294126692115235   0.0060229514299836
 -0.0281178940687598   0.0091594902105832  -0.0066216881155812  -0.0017794350897126  -0.0017794356475819   0.7168133109346474   0.0067263850191390   0.0067263850089081  -0.0313921901755705
  0.0051373334023963  -0.0001058328611141   0.0000626625924274  -0.0294126692388530   0.0069465195137058   0.0067263850191390   0.0015220930529282  -0.0004156120596792  -0.0004289239516402
  0.0051373334430424  -0.0001058328579450   0.0000626626041693   0.0069465195102571  -0.0294126692115235   0.0067263850089081  -0.0004156120596792   0.0015220930549052  -0.0004289239559974
  0.0051492594899611  -0.0001712719977685   0.0001195792584166   0.0060229514065032   0.0060229514299836  -0.0313921901755705  -0.0004289239516402  -0.0004289239559974   0.0015623542449312
global index=5  local index=1 (global=1, Rn=0)
 -0.0067350720490308   0.0006267244477307  -0.0126782879686985  -0.0126782878470214  -0.0090969887477220
 -0.0013516527447874  -0.0013193919070752  -0.0015311812869408  -0.0015311813201175  -0.0017999775815429
  0.0013105861655485   0.0010155986863449   0.0011268785386664   0.0011268785472581   0.0012038681655104
  0.0685352921433334  -0.0017322923886883  -0.0073570285657795  -0.0370781610911185  -0.0388477633837222
  0.0685352919996094  -0.0017322922227242  -0.0370781604495887  -0.0073570284842590  -0.0388477635473287
  0.0579035536375469   0.0002789126449647  -0.0340433634561186  -0.0340433630711980  -0.0072514342655864
 -0.0029442756375676  -0.0004007473389030  -0.0004291671035115   0.0005709238921203   0.0004790385900913
 -0.0029442756969960  -0.0004007473533881   0.0005709238671714  -0.0004291671017303   0.0004790385932255
 -0.0042677902687563  -0.0009188426039023   0.0006661574480802   0.0006661573958417  -0.0005287378443602
global index=5  local index=2 (global=2, Rn=0)
  0.0006409413706127  -0.0001687240745981  -0.0012782621550534  -0.0012782620893860   0.0022430568625020
  0.0041351847991855  -0.0002094873536074   0.0000862302768041   0.0000862302430830  -0.0000314987577292
 -0.0024250812979009   0.0002163180951869  -0.0000538083206677  -0.0000538083016709  -0.0000613521553406
  0.0300385627271369  -0.0059006123898019   0.0047165539718424   0.0013458617069440  -0.0024570408208210
  0.0300385633037919  -0.0059006124318919   0.0013458621387083   0.0047165539585339  -0.0024570410925936
  0.0339635147390382  -0.0021599754015080   0.0014336306995426   0.0014336309444859   0.0017978230614886
  0.0022978727725060   0.0003936525414293   0.0000411031302737  -0.0003824740763727  -0.0001089072479300
  0.0022978727712291   0.0003936525409154  -0.0003824740897373   0.0000411031361491  -0.0001089072235781
 -0.0006769879139321  -0.0002478708893263   0.0000547174209961   0.0000547173696259   0.0001363674674188
global index=5  local index=3 (global=3, Rn=0)
 -0.0217680435001083   0.0008069344027194  -0.0014399576671850   0.0006623007085585  -0.0007407424304288
  0.0045626345993465  -0.0002897977872770   0.0001108237540907  -0.0000381125498502   0.0000286472325470
 -0.0011185192794542   0.0001404709091290  -0.0000175373771109  -0.0000059857178459  -0.0000152445824761
  0.0612693680151560  -0.0040338954540938  -0.0015912066920760   0.0001437511043380  -0.0040928437196723
  0.0937843154438316  -0.0020976280338727   0.0017298167953704   0.0008074437606291   0.0002443871331247
  0.0575841704308250  -0.0034621050983717  -0.0026025903780651  -0.0007995189305065  -0.0011380906760967
  0.0020169920970177   0.0000410135614760   0.0001745625212883  -0.0000391702762373   0.0001441229873462
 -0.0025758622849286  -0.0002166394324502   0.0001438269467964  -0.0002521621184279   0.0001288682077249
 -0.0002889011922340   0.0000683938662259   0.0000662607889465   0.0001360125659812   0.0000116834610585
global index=5  local index=4 (global=4, Rn=0)
 -0.0217680434426493   0.0008069343719914   0.0006623007778541  -0.0014399577453185  -0.0007407424752884
  0.0045626344816856  -0.0002897977953858  -0.0000381125576636   0.0001108237643323   0.0000286472442970
 -0.0011185191913222   0.0001404709145410  -0.0000059857123476  -0.0000175373821582  -0.0000152445880133
  0.0937843178436787  -0.0020976281352597   0.0008074434672493   0.0017298170368289   0.0002443871170409
  0.0612693739670748  -0.0040338956862494   0.0001437511620050  -0.0015912065824251  -0.0040928434186960
  0.0575841629666744  -0.0034621048341056  -0.0007995186611658  -0.0026025906133717  -0.0011380909230490
 -0.0025758624083783  -0.0002166394269332  -0.0002521621034579   0.0001438269337589   0.0001288682086653
  0.0020169918363675   0.0000410135727555  -0.0000391702752998   0.0001745625190994   0.0001441229723731
 -0.0002889009796360   0.0000683938413590   0.0001360125416953   0.0000662608104304   0.0000116834864093
global index=5  local index=5 (global=6, Rn=0)
  0.0310474956537860  -0.0053387480127021   0.0012968279875892   0.0122411901991912   0.0122411904730496   0.0294443163371101  -0.0000192496923922  -0.0000192495357493   0.0000235875401987
 -0.0139339526087332  -0.0001561957692852  -0.0000795681348800   0.0054790194689759   0.0054790191188118  -0.0003763637273446   0.0006316618940276   0.0006316618612131   0.0003704990069991
  0.0097958266065766   0.0002508278207426   0.0000427229411785  -0.0038792289214257  -0.0038792287045268  -0.0005899252523231  -0.0004321523216521  -0.0004321523074498  -0.0003133976687074
 -0.0690295357008006   0.0011831653175977  -0.0001943529181102   0.0176126883630654   0.0319190551200910   0.0218443003773279   0.0069559507583714  -0.0076110253657667  -0.0037222934881984
 -0.0690295366078832   0.0011831653099743  -0.0001943529254875   0.0319190564700585   0.0176126860327338   0.0218442995991070  -0.0076110250337696   0.0069559506878890  -0.0037222935431609
 -0.0650016179526607   0.0025299924515744  -0.0007318751085138   0.0299093698397970   0.0299093737682024  -0.0012406332941955  -0.0041681383313854  -0.0041681380814259   0.0060886797561208
 -0.0062631445311151   0.0000506381535315  -0.0000527352196574   0.0061931895097715  -0.0019715088521248  -0.0049042905948739   0.0002998778135333   0.0004936286802855   0.0000539460545601
 -0.0062631444845658   0.0000506381509344  -0.0000527352186045  -0.0019715089266260   0.0061931896848634  -0.0049042905104385   0.0004936286851868   0.0002998778362933   0.0000539460621364
 -0.0014410570101625  -0.0004328271586381   0.0000312899304131   0.0014826638901231   0.0014826632201701   0.0043515690418743   0.0004959985817807   0.0004959985349926   0.0002328072663378
global index=6  local index=0 (global=6, Rn=0)
  0.8871152862014079   0.0116056304201160   0.0048807821685096  -0.0114567822164195  -0.0114567820151671   0.1952992339725150   0.0016575529865873   0.0016575529406085  -0.0181672087667212
  0.0116056304201160   0.0030813403702265  -0.0001332517102758  -0.0004109683092003  -0.0004109683317978  -0.0346983159450872   0.0003476553421139   0.0003476553205122  -0.0041646595358877
  0.0048807821685096  -0.0001332517102758   0.0000419657185309  -0.0001173097603317  -0.0001173097102461   0.0033030932770751  -0.0000259392383053  -0.0000259392337832   0.0001116550808883
 -0.0114567822164195  -0.0004109683092003  -0.0001173097603317   0.5719784778954936  -0.0929494233736143   0.0175172500998427   0.0625180599475027   0.0137108518768970  -0.0003806231608264
 -0.0114567820151671  -0.0004109683317978  -0.0001173097102461  -0.0929494233736143   0.5719784761922401   0.0175172498691818   0.0137108533603515   0.0625180609966988  -0.0003806232468571
  0.1952992339725150  -0.0346983159450872   0.0033030932770751   0.0175172500998427   0.0175172498691818   0.6293618597939411  -0.0033011172800543  -0.0033011170344540   0.0607690024356042
  0.0016575529865873   0.0003476553421139  -0.0000259392383053   0.0625180599475027   0.0137108533603515  -0.0033011172800543   0.0082725082269527   0.0043476589064430  -0.0008228005025173
  0.0016575529406085   0.0003476553205122  -0.0000259392337832   0.0137108518768970   0.0625180609966988  -0.0033011170344540   0.0043476589064430   0.0082725083676858  -0.0008228004739849
 -0.0181672087667212  -0.0041646595358877   0.0001116550808883  -0.0003806231608264  -0.0003806232468571   0.0607690024356042  -0.0008228005025173  -0.0008228004739849   0.0079892427918570
global index=6  local index=1 (global=1, Rn=0)
  0.0091359960278696   0.0398697650901563   0.0241402294834104   0.0241402294294368   0.0410887894180307
  0.0116223995086093   0.0041746435924272   0.0014158067443281   0.0014158067311226  -0.0012908702725458
 -0.0005343590571986   0.0000166001000194   0.0000523656296108   0.0000523656332437   0.0003075176245606
 -0.1633443080693797  -0.0336566745695498   0.0024823489203401  -0.0430360050790147  -0.0225821996111416
 -0.1633443096021040  -0.0336566741829215  -0.0430360042880401   0.0024823494122610  -0.0225822000776225
 -0.1549874512064802  -0.0479496480879492  -0.0188785491010306  -0.0188785490122741   0.0272849160801218
 -0.0263427640824732  -0.0047673839316340  -0.0002838545770728  -0.0042978873331835  -0.0032453287902749
 -0.0263427641874499  -0.0047673839098870  -0.0042978873569165  -0.0002838544410983  -0.0032453288035012
 -0.0174034399783817  -0.0068599069255845  -0.0026155166427892  -0.0026155166305297   0.0022608470554812
global index=6  local index=2 (global=2, Rn=0)
  0.0047949624220215   0.0354505547641764  -0.0068336213389397  -0.0068336212853759   0.0267366999414307
  0.0143140494077312   0.0037046230723617  -0.0008858911438315  -0.0008858911587277  -0.0016234250206917
 -0.0009198980833708  -0.0000096168102139   0.0000061498407947   0.0000061498458871   0.0002682716044525
  0.1933062585041886   0.0279661175258119   0.0194996442266071  -0.0336668433335933   0.0156171862089406
  0.1933062599324344   0.0279661172550072  -0.0336668425548136   0.0194996446479405   0.0156171868202566
 -0.1856371061039167  -0.0423131302791137   0.0135903659914026   0.0135903661419243   0.0334346001553846
  0.0328105441416425   0.0052687367497541   0.0006265183728781  -0.0033749712464292   0.0022996768954877
  0.0328105440375939   0.0052687366833354  -0.0033749712694800   0.0006265185188247   0.0022996769371744
 -0.0229129605760289  -0.0065690711884224   0.0019427501965132   0.0019427502083884   0.0022630601163590
global index=6  local index=3 (global=3, Rn=0)
 -0.1322626971596479   0.0144121607200074  -0.0096301230756756   0.0088530748167609  -0.0073672814463973
  0.0095313658431789  -0.0003720890630516   0.0009846818419857  -0.0008479647808391   0.0001402230596853
 -0.0019513829385067   0.0001277853550439  -0.0001308143445339   0.0001095753160323  -0.0000566052384718
  0.1383802864462519   0.0072348307168299  -0.0041328477584827   0.0102466287784420  -0.0093155035616679
 -0.1245889843829943  -0.0070079546122581   0.0081954903830840  -0.0057806319537584   0.0090098289242327
  0.0115710807081659   0.0057533554463172  -0.0160742678254582   0.0159423544187420  -0.0059854192181405
  0.0087224948222852   0.0005894018772636   0.0000111708780945   0.0008182847152723  -0.0006822871946187
 -0.0099913994947379  -0.0004203287786913   0.0009947015090331  -0.0003511638224510   0.0007665372569829
  0.0135053671342535  -0.0001869315497515  -0.0012441782193354   0.0012873397511603  -0.0002814955603359
global index=6  local index=4 (global=4, Rn=0)
 -0.1322626972207882   0.0144121607711227   0.0088530747372270  -0.0096301230888257  -0.0073672814485463
  0.0095313658056439  -0.0003720890608859  -0.0008479647793258   0.0009846818467488   0.0001402230654453
 -0.0019513829115020   0.0001277853561483   0.0001095753162897  -0.0001308143456290  -0.0000566052399771
 -0.1245889845812698  -0.0070079545786161  -0.0057806320548636   0.0081954902925936   0.0090098289720745
  0.1383802856007231   0.0072348307122919   0.0102466287934910  -0.0041328475085104  -0.0093155034910472
  0.0115710811937303   0.0057533553861584   0.0159423544233672  -0.0160742678923249  -0.0059854193058870
 -0.0099913990360656  -0.0004203287439331  -0.0003511638106941   0.0009947014924993   0.0007665372253415
  0.0087224953891490   0.0005894019064684   0.0008182847534362   0.0000111708688932  -0.0006822872205378
  0.0135053670067537  -0.0001869315571732   0.0012873397602933  -0.0012441782308072  -0.0002814955727854
global index=6  local index=5 (global=5, Rn=0)
  0.0310474956537860  -0.0139339526087332   0.0097958266065766  -0.0690295357008006  -0.0690295366078832  -0.0650016179526607  -0.0062631445311151  -0.0062631444845658  -0.0014410570101625
 -0.0053387480127021  -0.0001561957692852   0.0002508278207426   0.0011831653175977   0.0011831653099743   0.0025299924515744   0.0000506381535315   0.0000506381509344  -0.0004328271586381
  0.0012968279875892  -0.0000795681348800   0.0000427229411785  -0.0001943529181102  -0.0001943529254875  -0.0007318751085138  -0.0000527352196574  -0.0000527352186045   0.0000312899304131
  0.0122411901991912   0.0054790194689759  -0.0038792289214257   0.0176126883630654   0.0319190564700585   0.0299093698397970   0.0061931895097715  -0.0019715089266260   0.0014826638901231
  0.0122411904730496   0.0054790191188118  -0.0038792287045268   0.0319190551200910   0.0176126860327338   0.0299093737682024  -0.0019715088521248   0.0061931896848634   0.0014826632201701
  0.0294443163371101  -0.0003763637273446  -0.0005899252523231   0.0218443003773279   0.0218442995991070  -0.0012406332941955  -0.0049042905948739  -0.0049042905104385   0.0043515690418743
 -0.0000192496923922   0.0006316618940276  -0.0004321523216521   0.0069559507583714  -0.0076110250337696  -0.0041681383313854   0.0002998778135333   0.0004936286851868   0.0004959985817807
 -0.0000192495357493   0.0006316618612131  -0.0004321523074498  -0.0076110253657667   0.0069559506878890  -0.0041681380814259   0.0004936286802855   0.0002998778362933   0.0004959985349926
  0.0000235875401987   0.0003704990069991  -0.0003133976687074  -0.0037222934881984  -0.0037222935431609   0.0060886797561208   0.0000539460545601   0.0000539460621364   0.0002328072663378


Density matrix spin=0
global index=1  local index=0 (global=1, Rn=0)
  0.0000000000000000   0.0000000000000000   0.0000000000000000   0.0000000000000000   0.0000000000000000
  0.0000000000000000   0.0000000000000000   0.0000000000000000   0.0000000000000000   0.0000000000000000
  0.0000000000000000   0.0000000000000000   0.0000000000000000   0.0000000000000000   0.0000000000000000
  0.0000000000000000   0.0000000000000000   0.0000000000000000   0.0000000000000000   0.0000000000000000
  0.0000000000000000   0.0000000000000000   0.0000000000000000   0.0000000000000000   0.0000000000000000
global index=1  local index=1 (global=2, Rn=0)
  0.0000000000000000   0.0000000000000000   0.0000000000000000   0.0000000000000000   0.0000000000000000
  0.0000000000000000   0.0000000000000000   0.0000000000000000   0.0000000000000000   0.0000000000000000
  0.0000000000000000   0.0000000000000000   0.0000000000000000   0.0000000000000000   0.0000000000000000
  0.0000000000000000   0.0000000000000000   0.0000000000000000   0.0000000000000000   0.0000000000000000
  0.0000000000000000   0.0000000000000000   0.0000000000000000   0.0000000000000000   0.0000000000000000
global index=1  local index=2 (global=3, Rn=0)
  0.0000000000000000   0.0000000000000000   0.0000000000000000   0.0000000000000000   0.0000000000000000
  0.0000000000000000   0.0000000000000000   0.0000000000000000   0.0000000000000000   0.0000000000000000
  0.0000000000000000   0.0000000000000000   0.0000000000000000   0.0000000000000000   0.0000000000000000
  0.0000000000000000   0.0000000000000000   0.0000000000000000   0.0000000000000000   0.0000000000000000
  0.0000000000000000   0.0000000000000000   0.0000000000000000   0.0000000000000000   0.0000000000000000
global index=1  local index=3 (global=4, Rn=0)
  0.0000000000000000   0.0000000000000000   0.0000000000000000   0.0000000000000000   0.0000000000000000
  0.0000000000000000   0.0000000000000000   0.0000000000000000   0.0000000000000000   0.0000000000000000
  0.0000000000000000   0.0000000000000000   0.0000000000000000   0.0000000000000000   0.0000000000000000
  0.0000000000000000   0.0000000000000000   0.0000000000000000   0.0000000000000000   0.0000000000000000
  0.0000000000000000   0.0000000000000000   0.0000000000000000   0.0000000000000000   0.0000000000000000
global index=1  local index=4 (global=5, Rn=0)
  0.0000000000000000   0.0000000000000000   0.0000000000000000   0.0000000000000000   0.0000000000000000   0.0000000000000000   0.0000000000000000   0.0000000000000000   0.0000000000000000
  0.0000000000000000   0.0000000000000000   0.0000000000000000   0.0000000000000000   0.0000000000000000   0.0000000000000000   0.0000000000000000   0.0000000000000000   0.0000000000000000
  0.0000000000000000   0.0000000000000000   0.0000000000000000   0.0000000000000000   0.0000000000000000   0.0000000000000000   0.0000000000000000   0.0000000000000000   0.0000000000000000
  0.0000000000000000   0.0000000000000000   0.0000000000000000   0.0000000000000000   0.0000000000000000   0.0000000000000000   0.0000000000000000   0.0000000000000000   0.0000000000000000
  0.0000000000000000   0.0000000000000000   0.0000000000000000   0.0000000000000000   0.0000000000000000   0.0000000000000000   0.0000000000000000   0.0000000000000000   0.0000000000000000
global index=1  local index=5 (global=6, Rn=0)
  0.0000000000000000   0.0000000000000000   0.0000000000000000   0.0000000000000000   0.0000000000000000   0.0000000000000000   0.0000000000000000   0.0000000000000000   0.0000000000000000
  0.0000000000000000   0.0000000000000000   0.0000000000000000   0.0000000000000000   0.0000000000000000   0.0000000000000000   0.0000000000000000   0.0000000000000000   0.0000000000000000
  0.0000000000000000   0.0000000000000000   0.0000000000000000   0.0000000000000000   0.0000000000000000   0.0000000000000000   0.0000000000000000   0.0000000000000000   0.0000000000000000
  0.0000000000000000   0.0000000000000000   0.0000000000000000   0.0000000000000000   0.0000000000000000   0.0000000000000000   0.0000000000000000   0.0000000000000000   0.0000000000000000
  0.0000000000000000   0.0000000000000000   0.0000000000000000   0.0000000000000000   0.0000000000000000   0.0000000000000000   0.0000000000000000   0.0000000000000000   0.0000000000000000
global index=2  local index=0 (global=2, Rn=0)
  0.0000000000000000   0.0000000000000000   0.0000000000000000   0.0000000000000000   0.0000000000000000
  0.0000000000000000   0.0000000000000000   0.0000000000000000   0.0000000000000000   0.0000000000000000
  0.0000000000000000   0.0000000000000000   0.0000000000000000   0.0000000000000000   0.0000000000000000
  0.0000000000000000   0.0000000000000000   0.0000000000000000   0.0000000000000000   0.0000000000000000
  0.0000000000000000   0.0000000000000000   0.0000000000000000   0.0000000000000000   0.0000000000000000
global index=2  local index=1 (global=1, Rn=0)
  0.0000000000000000   0.0000000000000000   0.0000000000000000   0.0000000000000000   0.0000000000000000
  0.0000000000000000   0.0000000000000000   0.0000000000000000   0.0000000000000000   0.0000000000000000
  0.0000000000000000   0.0000000000000000   0.0000000000000000   0.0000000000000000   0.0000000000000000
  0.0000000000000000   0.0000000000000000   0.0000000000000000   0.0000000000000000   0.0000000000000000
  0.0000000000000000   0.0000000000000000   0.0000000000000000   0.0000000000000000   0.0000000000000000
global index=2  local index=2 (global=3, Rn=0)
  0.0000000000000000   0.0000000000000000   0.0000000000000000   0.0000000000000000   0.0000000000000000
  0.0000000000000000   0.0000000000000000   0.0000000000000000   0.0000000000000000   0.0000000000000000
  0.0000000000000000   0.0000000000000000   0.0000000000000000   0.0000000000000000   0.0000000000000000
  0.0000000000000000   0.0000000000000000   0.0000000000000000   0.0000000000000000   0.0000000000000000
  0.0000000000000000   0.0000000000000000   0.0000000000000000   0.0000000000000000   0.0000000000000000
global index=2  local index=3 (global=4, Rn=0)
  0.0000000000000000   0.0000000000000000   0.0000000000000000   0.0000000000000000   0.0000000000000000
  0.0000000000000000   0.0000000000000000   0.0000000000000000   0.0000000000000000   0.0000000000000000
  0.0000000000000000   0.0000000000000000   0.0000000000000000   0.0000000000000000   0.0000000000000000
  0.0000000000000000   0.0000000000000000   0.0000000000000000   0.0000000000000000   0.0000000000000000
  0.0000000000000000   0.0000000000000000   0.0000000000000000   0.0000000000000000   0.0000000000000000
global index=2  local index=4 (global=5, Rn=0)
  0.0000000000000000   0.0000000000000000   0.0000000000000000   0.0000000000000000   0.0000000000000000   0.0000000000000000   0.0000000000000000   0.0000000000000000   0.0000000000000000
  0.0000000000000000   0.0000000000000000   0.0000000000000000   0.0000000000000000   0.0000000000000000   0.0000000000000000   0.0000000000000000   0.0000000000000000   0.0000000000000000
  0.0000000000000000   0.0000000000000000   0.0000000000000000   0.0000000000000000   0.0000000000000000   0.0000000000000000   0.0000000000000000   0.0000000000000000   0.0000000000000000
  0.0000000000000000   0.0000000000000000   0.0000000000000000   0.0000000000000000   0.0000000000000000   0.0000000000000000   0.0000000000000000   0.0000000000000000   0.0000000000000000
  0.0000000000000000   0.0000000000000000   0.0000000000000000   0.0000000000000000   0.0000000000000000   0.0000000000000000   0.0000000000000000   0.0000000000000000   0.0000000000000000
global index=2  local index=5 (global=6, Rn=0)
  0.0000000000000000   0.0000000000000000   0.0000000000000000   0.0000000000000000   0.0000000000000000   0.0000000000000000   0.0000000000000000   0.0000000000000000   0.0000000000000000
  0.0000000000000000   0.0000000000000000   0.0000000000000000   0.0000000000000000   0.0000000000000000   0.0000000000000000   0.0000000000000000   0.0000000000000000   0.0000000000000000
  0.0000000000000000   0.0000000000000000   0.0000000000000000   0.0000000000000000   0.0000000000000000   0.0000000000000000   0.0000000000000000   0.0000000000000000   0.0000000000000000
  0.0000000000000000   0.0000000000000000   0.0000000000000000   0.0000000000000000   0.0000000000000000   0.0000000000000000   0.0000000000000000   0.0000000000000000   0.0000000000000000
  0.0000000000000000   0.0000000000000000   0.0000000000000000   0.0000000000000000   0.0000000000000000   0.0000000000000000   0.0000000000000000   0.0000000000000000   0.0000000000000000
global index=3  local index=0 (global=3, Rn=0)
  0.0000000000000000   0.0000000000000000   0.0000000000000000   0.0000000000000000   0.0000000000000000
  0.0000000000000000   0.0000000000000000   0.0000000000000000   0.0000000000000000   0.0000000000000000
  0.0000000000000000   0.0000000000000000   0.0000000000000000   0.0000000000000000   0.0000000000000000
  0.0000000000000000   0.0000000000000000   0.0000000000000000   0.0000000000000000   0.0000000000000000
  0.0000000000000000   0.0000000000000000   0.0000000000000000   0.0000000000000000   0.0000000000000000
global index=3  local index=1 (global=1, Rn=0)
  0.0000000000000000   0.0000000000000000   0.0000000000000000   0.0000000000000000   0.0000000000000000
  0.0000000000000000   0.0000000000000000   0.0000000000000000   0.0000000000000000   0.0000000000000000
  0.0000000000000000   0.0000000000000000   0.0000000000000000   0.0000000000000000   0.0000000000000000
  0.0000000000000000   0.0000000000000000   0.0000000000000000   0.0000000000000000   0.0000000000000000
  0.0000000000000000   0.0000000000000000   0.0000000000000000   0.0000000000000000   0.0000000000000000
global index=3  local index=2 (global=2, Rn=0)
  0.0000000000000000   0.0000000000000000   0.0000000000000000   0.0000000000000000   0.0000000000000000
  0.0000000000000000   0.0000000000000000   0.0000000000000000   0.0000000000000000   0.0000000000000000
  0.0000000000000000   0.0000000000000000   0.0000000000000000   0.0000000000000000   0.0000000000000000
  0.0000000000000000   0.0000000000000000   0.0000000000000000   0.0000000000000000   0.0000000000000000
  0.0000000000000000   0.0000000000000000   0.0000000000000000   0.0000000000000000   0.0000000000000000
global index=3  local index=3 (global=4, Rn=0)
  0.0000000000000000   0.0000000000000000   0.0000000000000000   0.0000000000000000   0.0000000000000000
  0.0000000000000000   0.0000000000000000   0.0000000000000000   0.0000000000000000   0.0000000000000000
  0.0000000000000000   0.0000000000000000   0.0000000000000000   0.0000000000000000   0.0000000000000000
  0.0000000000000000   0.0000000000000000   0.0000000000000000   0.0000000000000000   0.0000000000000000
  0.0000000000000000   0.0000000000000000   0.0000000000000000   0.0000000000000000   0.0000000000000000
global index=3  local index=4 (global=5, Rn=0)
  0.0000000000000000   0.0000000000000000   0.0000000000000000   0.0000000000000000   0.0000000000000000   0.0000000000000000   0.0000000000000000   0.0000000000000000   0.0000000000000000
  0.0000000000000000   0.0000000000000000   0.0000000000000000   0.0000000000000000   0.0000000000000000   0.0000000000000000   0.0000000000000000   0.0000000000000000   0.0000000000000000
  0.0000000000000000   0.0000000000000000   0.0000000000000000   0.0000000000000000   0.0000000000000000   0.0000000000000000   0.0000000000000000   0.0000000000000000   0.0000000000000000
  0.0000000000000000   0.0000000000000000   0.0000000000000000   0.0000000000000000   0.0000000000000000   0.0000000000000000   0.0000000000000000   0.0000000000000000   0.0000000000000000
  0.0000000000000000   0.0000000000000000   0.0000000000000000   0.0000000000000000   0.0000000000000000   0.0000000000000000   0.0000000000000000   0.0000000000000000   0.0000000000000000
global index=3  local index=5 (global=6, Rn=0)
  0.0000000000000000   0.0000000000000000   0.0000000000000000   0.0000000000000000   0.0000000000000000   0.0000000000000000   0.0000000000000000   0.0000000000000000   0.0000000000000000
  0.0000000000000000   0.0000000000000000   0.0000000000000000   0.0000000000000000   0.0000000000000000   0.0000000000000000   0.0000000000000000   0.0000000000000000   0.0000000000000000
  0.0000000000000000   0.0000000000000000   0.0000000000000000   0.0000000000000000   0.0000000000000000   0.0000000000000000   0.0000000000000000   0.0000000000000000   0.0000000000000000
  0.0000000000000000   0.0000000000000000   0.0000000000000000   0.0000000000000000   0.0000000000000000   0.0000000000000000   0.0000000000000000   0.0000000000000000   0.0000000000000000
  0.0000000000000000   0.0000000000000000   0.0000000000000000   0.0000000000000000   0.0000000000000000   0.0000000000000000   0.0000000000000000   0.0000000000000000   0.0000000000000000
global index=4  local index=0 (global=4, Rn=0)
  0.0000000000000000   0.0000000000000000   0.0000000000000000   0.0000000000000000   0.0000000000000000
  0.0000000000000000   0.0000000000000000   0.0000000000000000   0.0000000000000000   0.0000000000000000
  0.0000000000000000   0.0000000000000000   0.0000000000000000   0.0000000000000000   0.0000000000000000
  0.0000000000000000   0.0000000000000000   0.0000000000000000   0.0000000000000000   0.0000000000000000
  0.0000000000000000   0.0000000000000000   0.0000000000000000   0.0000000000000000   0.0000000000000000
global index=4  local index=1 (global=1, Rn=0)
  0.0000000000000000   0.0000000000000000   0.0000000000000000   0.0000000000000000   0.0000000000000000
  0.0000000000000000   0.0000000000000000   0.0000000000000000   0.0000000000000000   0.0000000000000000
  0.0000000000000000   0.0000000000000000   0.0000000000000000   0.0000000000000000   0.0000000000000000
  0.0000000000000000   0.0000000000000000   0.0000000000000000   0.0000000000000000   0.0000000000000000
  0.0000000000000000   0.0000000000000000   0.0000000000000000   0.0000000000000000   0.0000000000000000
global index=4  local index=2 (global=2, Rn=0)
  0.0000000000000000   0.0000000000000000   0.0000000000000000   0.0000000000000000   0.0000000000000000
  0.0000000000000000   0.0000000000000000   0.0000000000000000   0.0000000000000000   0.0000000000000000
  0.0000000000000000   0.0000000000000000   0.0000000000000000   0.0000000000000000   0.0000000000000000
  0.0000000000000000   0.0000000000000000   0.0000000000000000   0.0000000000000000   0.0000000000000000
  0.0000000000000000   0.0000000000000000   0.0000000000000000   0.0000000000000000   0.0000000000000000
global index=4  local index=3 (global=3, Rn=0)
  0.0000000000000000   0.0000000000000000   0.0000000000000000   0.0000000000000000   0.0000000000000000
  0.0000000000000000   0.0000000000000000   0.0000000000000000   0.0000000000000000   0.0000000000000000
  0.0000000000000000   0.0000000000000000   0.0000000000000000   0.0000000000000000   0.0000000000000000
  0.0000000000000000   0.0000000000000000   0.0000000000000000   0.0000000000000000   0.0000000000000000
  0.0000000000000000   0.0000000000000000   0.0000000000000000   0.0000000000000000   0.0000000000000000
global index=4  local index=4 (global=5, Rn=0)
  0.0000000000000000   0.0000000000000000   0.0000000000000000   0.0000000000000000   0.0000000000000000   0.0000000000000000   0.0000000000000000   0.0000000000000000   0.0000000000000000
  0.0000000000000000   0.0000000000000000   0.0000000000000000   0.0000000000000000   0.0000000000000000   0.0000000000000000   0.0000000000000000   0.0000000000000000   0.0000000000000000
  0.0000000000000000   0.0000000000000000   0.0000000000000000   0.0000000000000000   0.0000000000000000   0.0000000000000000   0.0000000000000000   0.0000000000000000   0.0000000000000000
  0.0000000000000000   0.0000000000000000   0.0000000000000000   0.0000000000000000   0.0000000000000000   0.0000000000000000   0.0000000000000000   0.0000000000000000   0.0000000000000000
  0.0000000000000000   0.0000000000000000   0.0000000000000000   0.0000000000000000   0.0000000000000000   0.0000000000000000   0.0000000000000000   0.0000000000000000   0.0000000000000000
global index=4  local index=5 (global=6, Rn=0)
  0.0000000000000000   0.0000000000000000   0.0000000000000000   0.0000000000000000   0.0000000000000000   0.0000000000000000   0.0000000000000000   0.0000000000000000   0.0000000000000000
  0.0000000000000000   0.0000000000000000   0.0000000000000000   0.0000000000000000   0.0000000000000000   0.0000000000000000   0.0000000000000000   0.0000000000000000   0.0000000000000000
  0.0000000000000000   0.0000000000000000   0.0000000000000000   0.0000000000000000   0.0000000000000000   0.0000000000000000   0.0000000000000000   0.0000000000000000   0.0000000000000000
  0.0000000000000000   0.0000000000000000   0.0000000000000000   0.0000000000000000   0.0000000000000000   0.0000000000000000   0.0000000000000000   0.0000000000000000   0.0000000000000000
  0.0000000000000000   0.0000000000000000   0.0000000000000000   0.0000000000000000   0.0000000000000000   0.0000000000000000   0.0000000000000000   0.0000000000000000   0.0000000000000000
global index=5  local index=0 (global=5, Rn=0)
  0.0000000000000000   0.0000000000000000   0.0000000000000000   0.0000000000000000   0.0000000000000000   0.0000000000000000   0.0000000000000000   0.0000000000000000   0.0000000000000000
  0.0000000000000000   0.0000000000000000   0.0000000000000000   0.0000000000000000   0.0000000000000000   0.0000000000000000   0.0000000000000000   0.0000000000000000   0.0000000000000000
  0.0000000000000000   0.0000000000000000   0.0000000000000000   0.0000000000000000   0.0000000000000000   0.0000000000000000   0.0000000000000000   0.0000000000000000   0.0000000000000000
  0.0000000000000000   0.0000000000000000   0.0000000000000000   0.0000000000000000   0.0000000000000000   0.0000000000000000   0.0000000000000000   0.0000000000000000   0.0000000000000000
  0.0000000000000000   0.0000000000000000   0.0000000000000000   0.0000000000000000   0.0000000000000000   0.0000000000000000   0.0000000000000000   0.0000000000000000   0.0000000000000000
  0.0000000000000000   0.0000000000000000   0.0000000000000000   0.0000000000000000   0.0000000000000000   0.0000000000000000   0.0000000000000000   0.0000000000000000   0.0000000000000000
  0.0000000000000000   0.0000000000000000   0.0000000000000000   0.0000000000000000   0.0000000000000000   0.0000000000000000   0.0000000000000000   0.0000000000000000   0.0000000000000000
  0.0000000000000000   0.0000000000000000   0.0000000000000000   0.0000000000000000   0.0000000000000000   0.0000000000000000   0.0000000000000000   0.0000000000000000   0.0000000000000000
  0.0000000000000000   0.0000000000000000   0.0000000000000000   0.0000000000000000   0.0000000000000000   0.0000000000000000   0.0000000000000000   0.0000000000000000   0.0000000000000000
global index=5  local index=1 (global=1, Rn=0)
  0.0000000000000000   0.0000000000000000   0.0000000000000000   0.0000000000000000   0.0000000000000000
  0.0000000000000000   0.0000000000000000   0.0000000000000000   0.0000000000000000   0.0000000000000000
  0.0000000000000000   0.0000000000000000   0.0000000000000000   0.0000000000000000   0.0000000000000000
  0.0000000000000000   0.0000000000000000   0.0000000000000000   0.0000000000000000   0.0000000000000000
  0.0000000000000000   0.0000000000000000   0.0000000000000000   0.0000000000000000   0.0000000000000000
  0.0000000000000000   0.0000000000000000   0.0000000000000000   0.0000000000000000   0.0000000000000000
  0.0000000000000000   0.0000000000000000   0.0000000000000000   0.0000000000000000   0.0000000000000000
  0.0000000000000000   0.0000000000000000   0.0000000000000000   0.0000000000000000   0.0000000000000000
  0.0000000000000000   0.0000000000000000   0.0000000000000000   0.0000000000000000   0.0000000000000000
global index=5  local index=2 (global=2, Rn=0)
  0.0000000000000000   0.0000000000000000   0.0000000000000000   0.0000000000000000   0.0000000000000000
  0.0000000000000000   0.0000000000000000   0.0000000000000000   0.0000000000000000   0.0000000000000000
  0.0000000000000000   0.0000000000000000   0.0000000000000000   0.0000000000000000   0.0000000000000000
  0.0000000000000000   0.0000000000000000   0.0000000000000000   0.0000000000000000   0.0000000000000000
  0.0000000000000000   0.0000000000000000   0.0000000000000000   0.0000000000000000   0.0000000000000000
  0.0000000000000000   0.0000000000000000   0.0000000000000000   0.0000000000000000   0.0000000000000000
  0.0000000000000000   0.0000000000000000   0.0000000000000000   0.0000000000000000   0.0000000000000000
  0.0000000000000000   0.0000000000000000   0.0000000000000000   0.0000000000000000   0.0000000000000000
  0.0000000000000000   0.0000000000000000   0.0000000000000000   0.0000000000000000   0.0000000000000000
global index=5  local index=3 (global=3, Rn=0)
  0.0000000000000000   0.0000000000000000   0.0000000000000000   0.0000000000000000   0.0000000000000000
  0.0000000000000000   0.0000000000000000   0.0000000000000000   0.0000000000000000   0.0000000000000000
  0.0000000000000000   0.0000000000000000   0.0000000000000000   0.0000000000000000   0.0000000000000000
  0.0000000000000000   0.0000000000000000   0.0000000000000000   0.0000000000000000   0.0000000000000000
  0.0000000000000000   0.0000000000000000   0.0000000000000000   0.0000000000000000   0.0000000000000000
  0.0000000000000000   0.0000000000000000   0.0000000000000000   0.0000000000000000   0.0000000000000000
  0.0000000000000000   0.0000000000000000   0.0000000000000000   0.0000000000000000   0.0000000000000000
  0.0000000000000000   0.0000000000000000   0.0000000000000000   0.0000000000000000   0.0000000000000000
  0.0000000000000000   0.0000000000000000   0.0000000000000000   0.0000000000000000   0.0000000000000000
global index=5  local index=4 (global=4, Rn=0)
  0.0000000000000000   0.0000000000000000   0.0000000000000000   0.0000000000000000   0.0000000000000000
  0.0000000000000000   0.0000000000000000   0.0000000000000000   0.0000000000000000   0.0000000000000000
  0.0000000000000000   0.0000000000000000   0.0000000000000000   0.0000000000000000   0.0000000000000000
  0.0000000000000000   0.0000000000000000   0.0000000000000000   0.0000000000000000   0.0000000000000000
  0.0000000000000000   0.0000000000000000   0.0000000000000000   0.0000000000000000   0.0000000000000000
  0.0000000000000000   0.0000000000000000   0.0000000000000000   0.0000000000000000   0.0000000000000000
  0.0000000000000000   0.0000000000000000   0.0000000000000000   0.0000000000000000   0.0000000000000000
  0.0000000000000000   0.0000000000000000   0.0000000000000000   0.0000000000000000   0.0000000000000000
  0.0000000000000000   0.0000000000000000   0.0000000000000000   0.0000000000000000   0.0000000000000000
global index=5  local index=5 (global=6, Rn=0)
  0.0000000000000000   0.0000000000000000   0.0000000000000000   0.0000000000000000   0.0000000000000000   0.0000000000000000   0.0000000000000000   0.0000000000000000   0.0000000000000000
  0.0000000000000000   0.0000000000000000   0.0000000000000000   0.0000000000000000   0.0000000000000000   0.0000000000000000   0.0000000000000000   0.0000000000000000   0.0000000000000000
  0.0000000000000000   0.0000000000000000   0.0000000000000000   0.0000000000000000   0.0000000000000000   0.0000000000000000   0.0000000000000000   0.0000000000000000   0.0000000000000000
  0.0000000000000000   0.0000000000000000   0.0000000000000000   0.0000000000000000   0.0000000000000000   0.0000000000000000   0.0000000000000000   0.0000000000000000   0.0000000000000000
  0.0000000000000000   0.0000000000000000   0.0000000000000000   0.0000000000000000   0.0000000000000000   0.0000000000000000   0.0000000000000000   0.0000000000000000   0.0000000000000000
  0.0000000000000000   0.0000000000000000   0.0000000000000000   0.0000000000000000   0.0000000000000000   0.0000000000000000   0.0000000000000000   0.0000000000000000   0.0000000000000000
  0.0000000000000000   0.0000000000000000   0.0000000000000000   0.0000000000000000   0.0000000000000000   0.0000000000000000   0.0000000000000000   0.0000000000000000   0.0000000000000000
  0.0000000000000000   0.0000000000000000   0.0000000000000000   0.0000000000000000   0.0000000000000000   0.0000000000000000   0.0000000000000000   0.0000000000000000   0.0000000000000000
  0.0000000000000000   0.0000000000000000   0.0000000000000000   0.0000000000000000   0.0000000000000000   0.0000000000000000   0.0000000000000000   0.0000000000000000   0.0000000000000000
global index=6  local index=0 (global=6, Rn=0)
  0.0000000000000000   0.0000000000000000   0.0000000000000000   0.0000000000000000   0.0000000000000000   0.0000000000000000   0.0000000000000000   0.0000000000000000   0.0000000000000000
  0.0000000000000000   0.0000000000000000   0.0000000000000000   0.0000000000000000   0.0000000000000000   0.0000000000000000   0.0000000000000000   0.0000000000000000   0.0000000000000000
  0.0000000000000000   0.0000000000000000   0.0000000000000000   0.0000000000000000   0.0000000000000000   0.0000000000000000   0.0000000000000000   0.0000000000000000   0.0000000000000000
  0.0000000000000000   0.0000000000000000   0.0000000000000000   0.0000000000000000   0.0000000000000000   0.0000000000000000   0.0000000000000000   0.0000000000000000   0.0000000000000000
  0.0000000000000000   0.0000000000000000   0.0000000000000000   0.0000000000000000   0.0000000000000000   0.0000000000000000   0.0000000000000000   0.0000000000000000   0.0000000000000000
  0.0000000000000000   0.0000000000000000   0.0000000000000000   0.0000000000000000   0.0000000000000000   0.0000000000000000   0.0000000000000000   0.0000000000000000   0.0000000000000000
  0.0000000000000000   0.0000000000000000   0.0000000000000000   0.0000000000000000   0.0000000000000000   0.0000000000000000   0.0000000000000000   0.0000000000000000   0.0000000000000000
  0.0000000000000000   0.0000000000000000   0.0000000000000000   0.0000000000000000   0.0000000000000000   0.0000000000000000   0.0000000000000000   0.0000000000000000   0.0000000000000000
  0.0000000000000000   0.0000000000000000   0.0000000000000000   0.0000000000000000   0.0000000000000000   0.0000000000000000   0.0000000000000000   0.0000000000000000   0.0000000000000000
global index=6  local index=1 (global=1, Rn=0)
  0.0000000000000000   0.0000000000000000   0.0000000000000000   0.0000000000000000   0.0000000000000000
  0.0000000000000000   0.0000000000000000   0.0000000000000000   0.0000000000000000   0.0000000000000000
  0.0000000000000000   0.0000000000000000   0.0000000000000000   0.0000000000000000   0.0000000000000000
  0.0000000000000000   0.0000000000000000   0.0000000000000000   0.0000000000000000   0.0000000000000000
  0.0000000000000000   0.0000000000000000   0.0000000000000000   0.0000000000000000   0.0000000000000000
  0.0000000000000000   0.0000000000000000   0.0000000000000000   0.0000000000000000   0.0000000000000000
  0.0000000000000000   0.0000000000000000   0.0000000000000000   0.0000000000000000   0.0000000000000000
  0.0000000000000000   0.0000000000000000   0.0000000000000000   0.0000000000000000   0.0000000000000000
  0.0000000000000000   0.0000000000000000   0.0000000000000000   0.0000000000000000   0.0000000000000000
global index=6  local index=2 (global=2, Rn=0)
  0.0000000000000000   0.0000000000000000   0.0000000000000000   0.0000000000000000   0.0000000000000000
  0.0000000000000000   0.0000000000000000   0.0000000000000000   0.0000000000000000   0.0000000000000000
  0.0000000000000000   0.0000000000000000   0.0000000000000000   0.0000000000000000   0.0000000000000000
  0.0000000000000000   0.0000000000000000   0.0000000000000000   0.0000000000000000   0.0000000000000000
  0.0000000000000000   0.0000000000000000   0.0000000000000000   0.0000000000000000   0.0000000000000000
  0.0000000000000000   0.0000000000000000   0.0000000000000000   0.0000000000000000   0.0000000000000000
  0.0000000000000000   0.0000000000000000   0.0000000000000000   0.0000000000000000   0.0000000000000000
  0.0000000000000000   0.0000000000000000   0.0000000000000000   0.0000000000000000   0.0000000000000000
  0.0000000000000000   0.0000000000000000   0.0000000000000000   0.0000000000000000   0.0000000000000000
global index=6  local index=3 (global=3, Rn=0)
  0.0000000000000000   0.0000000000000000   0.0000000000000000   0.0000000000000000   0.0000000000000000
  0.0000000000000000   0.0000000000000000   0.0000000000000000   0.0000000000000000   0.0000000000000000
  0.0000000000000000   0.0000000000000000   0.0000000000000000   0.0000000000000000   0.0000000000000000
  0.0000000000000000   0.0000000000000000   0.0000000000000000   0.0000000000000000   0.0000000000000000
  0.0000000000000000   0.0000000000000000   0.0000000000000000   0.0000000000000000   0.0000000000000000
  0.0000000000000000   0.0000000000000000   0.0000000000000000   0.0000000000000000   0.0000000000000000
  0.0000000000000000   0.0000000000000000   0.0000000000000000   0.0000000000000000   0.0000000000000000
  0.0000000000000000   0.0000000000000000   0.0000000000000000   0.0000000000000000   0.0000000000000000
  0.0000000000000000   0.0000000000000000   0.0000000000000000   0.0000000000000000   0.0000000000000000
global index=6  local index=4 (global=4, Rn=0)
  0.0000000000000000   0.0000000000000000   0.0000000000000000   0.0000000000000000   0.0000000000000000
  0.0000000000000000   0.0000000000000000   0.0000000000000000   0.0000000000000000   0.0000000000000000
  0.0000000000000000   0.0000000000000000   0.0000000000000000   0.0000000000000000   0.0000000000000000
  0.0000000000000000   0.0000000000000000   0.0000000000000000   0.0000000000000000   0.0000000000000000
  0.0000000000000000   0.0000000000000000   0.0000000000000000   0.0000000000000000   0.0000000000000000
  0.0000000000000000   0.0000000000000000   0.0000000000000000   0.0000000000000000   0.0000000000000000
  0.0000000000000000   0.0000000000000000   0.0000000000000000   0.0000000000000000   0.0000000000000000
  0.0000000000000000   0.0000000000000000   0.0000000000000000   0.0000000000000000   0.0000000000000000
  0.0000000000000000   0.0000000000000000   0.0000000000000000   0.0000000000000000   0.0000000000000000
global index=6  local index=5 (global=5, Rn=0)
  0.0000000000000000   0.0000000000000000   0.0000000000000000   0.0000000000000000   0.0000000000000000   0.0000000000000000   0.0000000000000000   0.0000000000000000   0.0000000000000000
  0.0000000000000000   0.0000000000000000   0.0000000000000000   0.0000000000000000   0.0000000000000000   0.0000000000000000   0.0000000000000000   0.0000000000000000   0.0000000000000000
  0.0000000000000000   0.0000000000000000   0.0000000000000000   0.0000000000000000   0.0000000000000000   0.0000000000000000   0.0000000000000000   0.0000000000000000   0.0000000000000000
  0.0000000000000000   0.0000000000000000   0.0000000000000000   0.0000000000000000   0.0000000000000000   0.0000000000000000   0.0000000000000000   0.0000000000000000   0.0000000000000000
  0.0000000000000000   0.0000000000000000   0.0000000000000000   0.0000000000000000   0.0000000000000000   0.0000000000000000   0.0000000000000000   0.0000000000000000   0.0000000000000000
  0.0000000000000000   0.0000000000000000   0.0000000000000000   0.0000000000000000   0.0000000000000000   0.0000000000000000   0.0000000000000000   0.0000000000000000   0.0000000000000000
  0.0000000000000000   0.0000000000000000   0.0000000000000000   0.0000000000000000   0.0000000000000000   0.0000000000000000   0.0000000000000000   0.0000000000000000   0.0000000000000000
  0.0000000000000000   0.0000000000000000   0.0000000000000000   0.0000000000000000   0.0000000000000000   0.0000000000000000   0.0000000000000000   0.0000000000000000   0.0000000000000000
  0.0000000000000000   0.0000000000000000   0.0000000000000000   0.0000000000000000   0.0000000000000000   0.0000000000000000   0.0000000000000000   0.0000000000000000   0.0000000000000000


Density matrix spin=1
global index=1  local index=0 (global=1, Rn=0)
  0.0000000000000000   0.0000000000000000   0.0000000000000000   0.0000000000000000   0.0000000000000000
  0.0000000000000000   0.0000000000000000   0.0000000000000000   0.0000000000000000   0.0000000000000000
  0.0000000000000000   0.0000000000000000   0.0000000000000000   0.0000000000000000   0.0000000000000000
  0.0000000000000000   0.0000000000000000   0.0000000000000000   0.0000000000000000   0.0000000000000000
  0.0000000000000000   0.0000000000000000   0.0000000000000000   0.0000000000000000   0.0000000000000000
global index=1  local index=1 (global=2, Rn=0)
  0.0000000000000000   0.0000000000000000   0.0000000000000000   0.0000000000000000   0.0000000000000000
  0.0000000000000000   0.0000000000000000   0.0000000000000000   0.0000000000000000   0.0000000000000000
  0.0000000000000000   0.0000000000000000   0.0000000000000000   0.0000000000000000   0.0000000000000000
  0.0000000000000000   0.0000000000000000   0.0000000000000000   0.0000000000000000   0.0000000000000000
  0.0000000000000000   0.0000000000000000   0.0000000000000000   0.0000000000000000   0.0000000000000000
global index=1  local index=2 (global=3, Rn=0)
  0.0000000000000000   0.0000000000000000   0.0000000000000000   0.0000000000000000   0.0000000000000000
  0.0000000000000000   0.0000000000000000   0.0000000000000000   0.0000000000000000   0.0000000000000000
  0.0000000000000000   0.0000000000000000   0.0000000000000000   0.0000000000000000   0.0000000000000000
  0.0000000000000000   0.0000000000000000   0.0000000000000000   0.0000000000000000   0.0000000000000000
  0.0000000000000000   0.0000000000000000   0.0000000000000000   0.0000000000000000   0.0000000000000000
global index=1  local index=3 (global=4, Rn=0)
  0.0000000000000000   0.0000000000000000   0.0000000000000000   0.0000000000000000   0.0000000000000000
  0.0000000000000000   0.0000000000000000   0.0000000000000000   0.0000000000000000   0.0000000000000000
  0.0000000000000000   0.0000000000000000   0.0000000000000000   0.0000000000000000   0.0000000000000000
  0.0000000000000000   0.0000000000000000   0.0000000000000000   0.0000000000000000   0.0000000000000000
  0.0000000000000000   0.0000000000000000   0.0000000000000000   0.0000000000000000   0.0000000000000000
global index=1  local index=4 (global=5, Rn=0)
  0.0000000000000000   0.0000000000000000   0.0000000000000000   0.0000000000000000   0.0000000000000000   0.0000000000000000   0.0000000000000000   0.0000000000000000   0.0000000000000000
  0.0000000000000000   0.0000000000000000   0.0000000000000000   0.0000000000000000   0.0000000000000000   0.0000000000000000   0.0000000000000000   0.0000000000000000   0.0000000000000000
  0.0000000000000000   0.0000000000000000   0.0000000000000000   0.0000000000000000   0.0000000000000000   0.0000000000000000   0.0000000000000000   0.0000000000000000   0.0000000000000000
  0.0000000000000000   0.0000000000000000   0.0000000000000000   0.0000000000000000   0.0000000000000000   0.0000000000000000   0.0000000000000000   0.0000000000000000   0.0000000000000000
  0.0000000000000000   0.0000000000000000   0.0000000000000000   0.0000000000000000   0.0000000000000000   0.0000000000000000   0.0000000000000000   0.0000000000000000   0.0000000000000000
global index=1  local index=5 (global=6, Rn=0)
  0.0000000000000000   0.0000000000000000   0.0000000000000000   0.0000000000000000   0.0000000000000000   0.0000000000000000   0.0000000000000000   0.0000000000000000   0.0000000000000000
  0.0000000000000000   0.0000000000000000   0.0000000000000000   0.0000000000000000   0.0000000000000000   0.0000000000000000   0.0000000000000000   0.0000000000000000   0.0000000000000000
  0.0000000000000000   0.0000000000000000   0.0000000000000000   0.0000000000000000   0.0000000000000000   0.0000000000000000   0.0000000000000000   0.0000000000000000   0.0000000000000000
  0.0000000000000000   0.0000000000000000   0.0000000000000000   0.0000000000000000   0.0000000000000000   0.0000000000000000   0.0000000000000000   0.0000000000000000   0.0000000000000000
  0.0000000000000000   0.0000000000000000   0.0000000000000000   0.0000000000000000   0.0000000000000000   0.0000000000000000   0.0000000000000000   0.0000000000000000   0.0000000000000000
global index=2  local index=0 (global=2, Rn=0)
  0.0000000000000000   0.0000000000000000   0.0000000000000000   0.0000000000000000   0.0000000000000000
  0.0000000000000000   0.0000000000000000   0.0000000000000000   0.0000000000000000   0.0000000000000000
  0.0000000000000000   0.0000000000000000   0.0000000000000000   0.0000000000000000   0.0000000000000000
  0.0000000000000000   0.0000000000000000   0.0000000000000000   0.0000000000000000   0.0000000000000000
  0.0000000000000000   0.0000000000000000   0.0000000000000000   0.0000000000000000   0.0000000000000000
global index=2  local index=1 (global=1, Rn=0)
  0.0000000000000000   0.0000000000000000   0.0000000000000000   0.0000000000000000   0.0000000000000000
  0.0000000000000000   0.0000000000000000   0.0000000000000000   0.0000000000000000   0.0000000000000000
  0.0000000000000000   0.0000000000000000   0.0000000000000000   0.0000000000000000   0.0000000000000000
  0.0000000000000000   0.0000000000000000   0.0000000000000000   0.0000000000000000   0.0000000000000000
  0.0000000000000000   0.0000000000000000   0.0000000000000000   0.0000000000000000   0.0000000000000000
global index=2  local index=2 (global=3, Rn=0)
  0.0000000000000000   0.0000000000000000   0.0000000000000000   0.0000000000000000   0.0000000000000000
  0.0000000000000000   0.0000000000000000   0.0000000000000000   0.0000000000000000   0.0000000000000000
  0.0000000000000000   0.0000000000000000   0.0000000000000000   0.0000000000000000   0.0000000000000000
  0.0000000000000000   0.0000000000000000   0.0000000000000000   0.0000000000000000   0.0000000000000000
  0.0000000000000000   0.0000000000000000   0.0000000000000000   0.0000000000000000   0.0000000000000000
global index=2  local index=3 (global=4, Rn=0)
  0.0000000000000000   0.0000000000000000   0.0000000000000000   0.0000000000000000   0.0000000000000000
  0.0000000000000000   0.0000000000000000   0.0000000000000000   0.0000000000000000   0.0000000000000000
  0.0000000000000000   0.0000000000000000   0.0000000000000000   0.0000000000000000   0.0000000000000000
  0.0000000000000000   0.0000000000000000   0.0000000000000000   0.0000000000000000   0.0000000000000000
  0.0000000000000000   0.0000000000000000   0.0000000000000000   0.0000000000000000   0.0000000000000000
global index=2  local index=4 (global=5, Rn=0)
  0.0000000000000000   0.0000000000000000   0.0000000000000000   0.0000000000000000   0.0000000000000000   0.0000000000000000   0.0000000000000000   0.0000000000000000   0.0000000000000000
  0.0000000000000000   0.0000000000000000   0.0000000000000000   0.0000000000000000   0.0000000000000000   0.0000000000000000   0.0000000000000000   0.0000000000000000   0.0000000000000000
  0.0000000000000000   0.0000000000000000   0.0000000000000000   0.0000000000000000   0.0000000000000000   0.0000000000000000   0.0000000000000000   0.0000000000000000   0.0000000000000000
  0.0000000000000000   0.0000000000000000   0.0000000000000000   0.0000000000000000   0.0000000000000000   0.0000000000000000   0.0000000000000000   0.0000000000000000   0.0000000000000000
  0.0000000000000000   0.0000000000000000   0.0000000000000000   0.0000000000000000   0.0000000000000000   0.0000000000000000   0.0000000000000000   0.0000000000000000   0.0000000000000000
global index=2  local index=5 (global=6, Rn=0)
  0.0000000000000000   0.0000000000000000   0.0000000000000000   0.0000000000000000   0.0000000000000000   0.0000000000000000   0.0000000000000000   0.0000000000000000   0.0000000000000000
  0.0000000000000000   0.0000000000000000   0.0000000000000000   0.0000000000000000   0.0000000000000000   0.0000000000000000   0.0000000000000000   0.0000000000000000   0.0000000000000000
  0.0000000000000000   0.0000000000000000   0.0000000000000000   0.0000000000000000   0.0000000000000000   0.0000000000000000   0.0000000000000000   0.0000000000000000   0.0000000000000000
  0.0000000000000000   0.0000000000000000   0.0000000000000000   0.0000000000000000   0.0000000000000000   0.0000000000000000   0.0000000000000000   0.0000000000000000   0.0000000000000000
  0.0000000000000000   0.0000000000000000   0.0000000000000000   0.0000000000000000   0.0000000000000000   0.0000000000000000   0.0000000000000000   0.0000000000000000   0.0000000000000000
global index=3  local index=0 (global=3, Rn=0)
  0.0000000000000000   0.0000000000000000   0.0000000000000000   0.0000000000000000   0.0000000000000000
  0.0000000000000000   0.0000000000000000   0.0000000000000000   0.0000000000000000   0.0000000000000000
  0.0000000000000000   0.0000000000000000   0.0000000000000000   0.0000000000000000   0.0000000000000000
  0.0000000000000000   0.0000000000000000   0.0000000000000000   0.0000000000000000   0.0000000000000000
  0.0000000000000000   0.0000000000000000   0.0000000000000000   0.0000000000000000   0.0000000000000000
global index=3  local index=1 (global=1, Rn=0)
  0.0000000000000000   0.0000000000000000   0.0000000000000000   0.0000000000000000   0.0000000000000000
  0.0000000000000000   0.0000000000000000   0.0000000000000000   0.0000000000000000   0.0000000000000000
  0.0000000000000000   0.0000000000000000   0.0000000000000000   0.0000000000000000   0.0000000000000000
  0.0000000000000000   0.0000000000000000   0.0000000000000000   0.0000000000000000   0.0000000000000000
  0.0000000000000000   0.0000000000000000   0.0000000000000000   0.0000000000000000   0.0000000000000000
global index=3  local index=2 (global=2, Rn=0)
  0.0000000000000000   0.0000000000000000   0.0000000000000000   0.0000000000000000   0.0000000000000000
  0.0000000000000000   0.0000000000000000   0.0000000000000000   0.0000000000000000   0.0000000000000000
  0.0000000000000000   0.0000000000000000   0.0000000000000000   0.0000000000000000   0.0000000000000000
  0.0000000000000000   0.0000000000000000   0.0000000000000000   0.0000000000000000   0.0000000000000000
  0.0000000000000000   0.0000000000000000   0.0000000000000000   0.0000000000000000   0.0000000000000000
global index=3  local index=3 (global=4, Rn=0)
  0.0000000000000000   0.0000000000000000   0.0000000000000000   0.0000000000000000   0.0000000000000000
  0.0000000000000000   0.0000000000000000   0.0000000000000000   0.0000000000000000   0.0000000000000000
  0.0000000000000000   0.0000000000000000   0.0000000000000000   0.0000000000000000   0.0000000000000000
  0.0000000000000000   0.0000000000000000   0.0000000000000000   0.0000000000000000   0.0000000000000000
  0.0000000000000000   0.0000000000000000   0.0000000000000000   0.0000000000000000   0.0000000000000000
global index=3  local index=4 (global=5, Rn=0)
  0.0000000000000000   0.0000000000000000   0.0000000000000000   0.0000000000000000   0.0000000000000000   0.0000000000000000   0.0000000000000000   0.0000000000000000   0.0000000000000000
  0.0000000000000000   0.0000000000000000   0.0000000000000000   0.0000000000000000   0.0000000000000000   0.0000000000000000   0.0000000000000000   0.0000000000000000   0.0000000000000000
  0.0000000000000000   0.0000000000000000   0.0000000000000000   0.0000000000000000   0.0000000000000000   0.0000000000000000   0.0000000000000000   0.0000000000000000   0.0000000000000000
  0.0000000000000000   0.0000000000000000   0.0000000000000000   0.0000000000000000   0.0000000000000000   0.0000000000000000   0.0000000000000000   0.0000000000000000   0.0000000000000000
  0.0000000000000000   0.0000000000000000   0.0000000000000000   0.0000000000000000   0.0000000000000000   0.0000000000000000   0.0000000000000000   0.0000000000000000   0.0000000000000000
global index=3  local index=5 (global=6, Rn=0)
  0.0000000000000000   0.0000000000000000   0.0000000000000000   0.0000000000000000   0.0000000000000000   0.0000000000000000   0.0000000000000000   0.0000000000000000   0.0000000000000000
  0.0000000000000000   0.0000000000000000   0.0000000000000000   0.0000000000000000   0.0000000000000000   0.0000000000000000   0.0000000000000000   0.0000000000000000   0.0000000000000000
  0.0000000000000000   0.0000000000000000   0.0000000000000000   0.0000000000000000   0.0000000000000000   0.0000000000000000   0.0000000000000000   0.0000000000000000   0.0000000000000000
  0.0000000000000000   0.0000000000000000   0.0000000000000000   0.0000000000000000   0.0000000000000000   0.0000000000000000   0.0000000000000000   0.0000000000000000   0.0000000000000000
  0.0000000000000000   0.0000000000000000   0.0000000000000000   0.0000000000000000   0.0000000000000000   0.0000000000000000   0.0000000000000000   0.0000000000000000   0.0000000000000000
global index=4  local index=0 (global=4, Rn=0)
  0.0000000000000000   0.0000000000000000   0.0000000000000000   0.0000000000000000   0.0000000000000000
  0.0000000000000000   0.0000000000000000   0.0000000000000000   0.0000000000000000   0.0000000000000000
  0.0000000000000000   0.0000000000000000   0.0000000000000000   0.0000000000000000   0.0000000000000000
  0.0000000000000000   0.0000000000000000   0.0000000000000000   0.0000000000000000   0.0000000000000000
  0.0000000000000000   0.0000000000000000   0.0000000000000000   0.0000000000000000   0.0000000000000000
global index=4  local index=1 (global=1, Rn=0)
  0.0000000000000000   0.0000000000000000   0.0000000000000000   0.0000000000000000   0.0000000000000000
  0.0000000000000000   0.0000000000000000   0.0000000000000000   0.0000000000000000   0.0000000000000000
  0.0000000000000000   0.0000000000000000   0.0000000000000000   0.0000000000000000   0.0000000000000000
  0.0000000000000000   0.0000000000000000   0.0000000000000000   0.0000000000000000   0.0000000000000000
  0.0000000000000000   0.0000000000000000   0.0000000000000000   0.0000000000000000   0.0000000000000000
global index=4  local index=2 (global=2, Rn=0)
  0.0000000000000000   0.0000000000000000   0.0000000000000000   0.0000000000000000   0.0000000000000000
  0.0000000000000000   0.0000000000000000   0.0000000000000000   0.0000000000000000   0.0000000000000000
  0.0000000000000000   0.0000000000000000   0.0000000000000000   0.0000000000000000   0.0000000000000000
  0.0000000000000000   0.0000000000000000   0.0000000000000000   0.0000000000000000   0.0000000000000000
  0.0000000000000000   0.0000000000000000   0.0000000000000000   0.0000000000000000   0.0000000000000000
global index=4  local index=3 (global=3, Rn=0)
  0.0000000000000000   0.0000000000000000   0.0000000000000000   0.0000000000000000   0.0000000000000000
  0.0000000000000000   0.0000000000000000   0.0000000000000000   0.0000000000000000   0.0000000000000000
  0.0000000000000000   0.0000000000000000   0.0000000000000000   0.0000000000000000   0.0000000000000000
  0.0000000000000000   0.0000000000000000   0.0000000000000000   0.0000000000000000   0.0000000000000000
  0.0000000000000000   0.0000000000000000   0.0000000000000000   0.0000000000000000   0.0000000000000000
global index=4  local index=4 (global=5, Rn=0)
  0.0000000000000000   0.0000000000000000   0.0000000000000000   0.0000000000000000   0.0000000000000000   0.0000000000000000   0.0000000000000000   0.0000000000000000   0.0000000000000000
  0.0000000000000000   0.0000000000000000   0.0000000000000000   0.0000000000000000   0.0000000000000000   0.0000000000000000   0.0000000000000000   0.0000000000000000   0.0000000000000000
  0.0000000000000000   0.0000000000000000   0.0000000000000000   0.0000000000000000   0.0000000000000000   0.0000000000000000   0.0000000000000000   0.0000000000000000   0.0000000000000000
  0.0000000000000000   0.0000000000000000   0.0000000000000000   0.0000000000000000   0.0000000000000000   0.0000000000000000   0.0000000000000000   0.0000000000000000   0.0000000000000000
  0.0000000000000000   0.0000000000000000   0.0000000000000000   0.0000000000000000   0.0000000000000000   0.0000000000000000   0.0000000000000000   0.0000000000000000   0.0000000000000000
global index=4  local index=5 (global=6, Rn=0)
  0.0000000000000000   0.0000000000000000   0.0000000000000000   0.0000000000000000   0.0000000000000000   0.0000000000000000   0.0000000000000000   0.0000000000000000   0.0000000000000000
  0.0000000000000000   0.0000000000000000   0.0000000000000000   0.0000000000000000   0.0000000000000000   0.0000000000000000   0.0000000000000000   0.0000000000000000   0.0000000000000000
  0.0000000000000000   0.0000000000000000   0.0000000000000000   0.0000000000000000   0.0000000000000000   0.0000000000000000   0.0000000000000000   0.0000000000000000   0.0000000000000000
  0.0000000000000000   0.0000000000000000   0.0000000000000000   0.0000000000000000   0.0000000000000000   0.0000000000000000   0.0000000000000000   0.0000000000000000   0.0000000000000000
  0.0000000000000000   0.0000000000000000   0.0000000000000000   0.0000000000000000   0.0000000000000000   0.0000000000000000   0.0000000000000000   0.0000000000000000   0.0000000000000000
global index=5  local index=0 (global=5, Rn=0)
  0.0000000000000000   0.0000000000000000   0.0000000000000000   0.0000000000000000   0.0000000000000000   0.0000000000000000   0.0000000000000000   0.0000000000000000   0.0000000000000000
  0.0000000000000000   0.0000000000000000   0.0000000000000000   0.0000000000000000   0.0000000000000000   0.0000000000000000   0.0000000000000000   0.0000000000000000   0.0000000000000000
  0.0000000000000000   0.0000000000000000   0.0000000000000000   0.0000000000000000   0.0000000000000000   0.0000000000000000   0.0000000000000000   0.0000000000000000   0.0000000000000000
  0.0000000000000000   0.0000000000000000   0.0000000000000000   0.0000000000000000   0.0000000000000000   0.0000000000000000   0.0000000000000000   0.0000000000000000   0.0000000000000000
  0.0000000000000000   0.0000000000000000   0.0000000000000000   0.0000000000000000   0.0000000000000000   0.0000000000000000   0.0000000000000000   0.0000000000000000   0.0000000000000000
  0.0000000000000000   0.0000000000000000   0.0000000000000000   0.0000000000000000   0.0000000000000000   0.0000000000000000   0.0000000000000000   0.0000000000000000   0.0000000000000000
  0.0000000000000000   0.0000000000000000   0.0000000000000000   0.0000000000000000   0.0000000000000000   0.0000000000000000   0.0000000000000000   0.0000000000000000   0.0000000000000000
  0.0000000000000000   0.0000000000000000   0.0000000000000000   0.0000000000000000   0.0000000000000000   0.0000000000000000   0.0000000000000000   0.0000000000000000   0.0000000000000000
  0.0000000000000000   0.0000000000000000   0.0000000000000000   0.0000000000000000   0.0000000000000000   0.0000000000000000   0.0000000000000000   0.0000000000000000   0.0000000000000000
global index=5  local index=1 (global=1, Rn=0)
  0.0000000000000000   0.0000000000000000   0.0000000000000000   0.0000000000000000   0.0000000000000000
  0.0000000000000000   0.0000000000000000   0.0000000000000000   0.0000000000000000   0.0000000000000000
  0.0000000000000000   0.0000000000000000   0.0000000000000000   0.0000000000000000   0.0000000000000000
  0.0000000000000000   0.0000000000000000   0.0000000000000000   0.0000000000000000   0.0000000000000000
  0.0000000000000000   0.0000000000000000   0.0000000000000000   0.0000000000000000   0.0000000000000000
  0.0000000000000000   0.0000000000000000   0.0000000000000000   0.0000000000000000   0.0000000000000000
  0.0000000000000000   0.0000000000000000   0.0000000000000000   0.0000000000000000   0.0000000000000000
  0.0000000000000000   0.0000000000000000   0.0000000000000000   0.0000000000000000   0.0000000000000000
  0.0000000000000000   0.0000000000000000   0.0000000000000000   0.0000000000000000   0.0000000000000000
global index=5  local index=2 (global=2, Rn=0)
  0.0000000000000000   0.0000000000000000   0.0000000000000000   0.0000000000000000   0.0000000000000000
  0.0000000000000000   0.0000000000000000   0.0000000000000000   0.0000000000000000   0.0000000000000000
  0.0000000000000000   0.0000000000000000   0.0000000000000000   0.0000000000000000   0.0000000000000000
  0.0000000000000000   0.0000000000000000   0.0000000000000000   0.0000000000000000   0.0000000000000000
  0.0000000000000000   0.0000000000000000   0.0000000000000000   0.0000000000000000   0.0000000000000000
  0.0000000000000000   0.0000000000000000   0.0000000000000000   0.0000000000000000   0.0000000000000000
  0.0000000000000000   0.0000000000000000   0.0000000000000000   0.0000000000000000   0.0000000000000000
  0.0000000000000000   0.0000000000000000   0.0000000000000000   0.0000000000000000   0.0000000000000000
  0.0000000000000000   0.0000000000000000   0.0000000000000000   0.0000000000000000   0.0000000000000000
global index=5  local index=3 (global=3, Rn=0)
  0.0000000000000000   0.0000000000000000   0.0000000000000000   0.0000000000000000   0.0000000000000000
  0.0000000000000000   0.0000000000000000   0.0000000000000000   0.0000000000000000   0.0000000000000000
  0.0000000000000000   0.0000000000000000   0.0000000000000000   0.0000000000000000   0.0000000000000000
  0.0000000000000000   0.0000000000000000   0.0000000000000000   0.0000000000000000   0.0000000000000000
  0.0000000000000000   0.0000000000000000   0.0000000000000000   0.0000000000000000   0.0000000000000000
  0.0000000000000000   0.0000000000000000   0.0000000000000000   0.0000000000000000   0.0000000000000000
  0.0000000000000000   0.0000000000000000   0.0000000000000000   0.0000000000000000   0.0000000000000000
  0.0000000000000000   0.0000000000000000   0.0000000000000000   0.0000000000000000   0.0000000000000000
  0.0000000000000000   0.0000000000000000   0.0000000000000000   0.0000000000000000   0.0000000000000000
global index=5  local index=4 (global=4, Rn=0)
  0.0000000000000000   0.0000000000000000   0.0000000000000000   0.0000000000000000   0.0000000000000000
  0.0000000000000000   0.0000000000000000   0.0000000000000000   0.0000000000000000   0.0000000000000000
  0.0000000000000000   0.0000000000000000   0.0000000000000000   0.0000000000000000   0.0000000000000000
  0.0000000000000000   0.0000000000000000   0.0000000000000000   0.0000000000000000   0.0000000000000000
  0.0000000000000000   0.0000000000000000   0.0000000000000000   0.0000000000000000   0.0000000000000000
  0.0000000000000000   0.0000000000000000   0.0000000000000000   0.0000000000000000   0.0000000000000000
  0.0000000000000000   0.0000000000000000   0.0000000000000000   0.0000000000000000   0.0000000000000000
  0.0000000000000000   0.0000000000000000   0.0000000000000000   0.0000000000000000   0.0000000000000000
  0.0000000000000000   0.0000000000000000   0.0000000000000000   0.0000000000000000   0.0000000000000000
global index=5  local index=5 (global=6, Rn=0)
  0.0000000000000000   0.0000000000000000   0.0000000000000000   0.0000000000000000   0.0000000000000000   0.0000000000000000   0.0000000000000000   0.0000000000000000   0.0000000000000000
  0.0000000000000000   0.0000000000000000   0.0000000000000000   0.0000000000000000   0.0000000000000000   0.0000000000000000   0.0000000000000000   0.0000000000000000   0.0000000000000000
  0.0000000000000000   0.0000000000000000   0.0000000000000000   0.0000000000000000   0.0000000000000000   0.0000000000000000   0.0000000000000000   0.0000000000000000   0.0000000000000000
  0.0000000000000000   0.0000000000000000   0.0000000000000000   0.0000000000000000   0.0000000000000000   0.0000000000000000   0.0000000000000000   0.0000000000000000   0.0000000000000000
  0.0000000000000000   0.0000000000000000   0.0000000000000000   0.0000000000000000   0.0000000000000000   0.0000000000000000   0.0000000000000000   0.0000000000000000   0.0000000000000000
  0.0000000000000000   0.0000000000000000   0.0000000000000000   0.0000000000000000   0.0000000000000000   0.0000000000000000   0.0000000000000000   0.0000000000000000   0.0000000000000000
  0.0000000000000000   0.0000000000000000   0.0000000000000000   0.0000000000000000   0.0000000000000000   0.0000000000000000   0.0000000000000000   0.0000000000000000   0.0000000000000000
  0.0000000000000000   0.0000000000000000   0.0000000000000000   0.0000000000000000   0.0000000000000000   0.0000000000000000   0.0000000000000000   0.0000000000000000   0.0000000000000000
  0.0000000000000000   0.0000000000000000   0.0000000000000000   0.0000000000000000   0.0000000000000000   0.0000000000000000   0.0000000000000000   0.0000000000000000   0.0000000000000000
global index=6  local index=0 (global=6, Rn=0)
  0.0000000000000000   0.0000000000000000   0.0000000000000000   0.0000000000000000   0.0000000000000000   0.0000000000000000   0.0000000000000000   0.0000000000000000   0.0000000000000000
  0.0000000000000000   0.0000000000000000   0.0000000000000000   0.0000000000000000   0.0000000000000000   0.0000000000000000   0.0000000000000000   0.0000000000000000   0.0000000000000000
  0.0000000000000000   0.0000000000000000   0.0000000000000000   0.0000000000000000   0.0000000000000000   0.0000000000000000   0.0000000000000000   0.0000000000000000   0.0000000000000000
  0.0000000000000000   0.0000000000000000   0.0000000000000000   0.0000000000000000   0.0000000000000000   0.0000000000000000   0.0000000000000000   0.0000000000000000   0.0000000000000000
  0.0000000000000000   0.0000000000000000   0.0000000000000000   0.0000000000000000   0.0000000000000000   0.0000000000000000   0.0000000000000000   0.0000000000000000   0.0000000000000000
  0.0000000000000000   0.0000000000000000   0.0000000000000000   0.0000000000000000   0.0000000000000000   0.0000000000000000   0.0000000000000000   0.0000000000000000   0.0000000000000000
  0.0000000000000000   0.0000000000000000   0.0000000000000000   0.0000000000000000   0.0000000000000000   0.0000000000000000   0.0000000000000000   0.0000000000000000   0.0000000000000000
  0.0000000000000000   0.0000000000000000   0.0000000000000000   0.0000000000000000   0.0000000000000000   0.0000000000000000   0.0000000000000000   0.0000000000000000   0.0000000000000000
  0.0000000000000000   0.0000000000000000   0.0000000000000000   0.0000000000000000   0.0000000000000000   0.0000000000000000   0.0000000000000000   0.0000000000000000   0.0000000000000000
global index=6  local index=1 (global=1, Rn=0)
  0.0000000000000000   0.0000000000000000   0.0000000000000000   0.0000000000000000   0.0000000000000000
  0.0000000000000000   0.0000000000000000   0.0000000000000000   0.0000000000000000   0.0000000000000000
  0.0000000000000000   0.0000000000000000   0.0000000000000000   0.0000000000000000   0.0000000000000000
  0.0000000000000000   0.0000000000000000   0.0000000000000000   0.0000000000000000   0.0000000000000000
  0.0000000000000000   0.0000000000000000   0.0000000000000000   0.0000000000000000   0.0000000000000000
  0.0000000000000000   0.0000000000000000   0.0000000000000000   0.0000000000000000   0.0000000000000000
  0.0000000000000000   0.0000000000000000   0.0000000000000000   0.0000000000000000   0.0000000000000000
  0.0000000000000000   0.0000000000000000   0.0000000000000000   0.0000000000000000   0.0000000000000000
  0.0000000000000000   0.0000000000000000   0.0000000000000000   0.0000000000000000   0.0000000000000000
global index=6  local index=2 (global=2, Rn=0)
  0.0000000000000000   0.0000000000000000   0.0000000000000000   0.0000000000000000   0.0000000000000000
  0.0000000000000000   0.0000000000000000   0.0000000000000000   0.0000000000000000   0.0000000000000000
  0.0000000000000000   0.0000000000000000   0.0000000000000000   0.0000000000000000   0.0000000000000000
  0.0000000000000000   0.0000000000000000   0.0000000000000000   0.0000000000000000   0.0000000000000000
  0.0000000000000000   0.0000000000000000   0.0000000000000000   0.0000000000000000   0.0000000000000000
  0.0000000000000000   0.0000000000000000   0.0000000000000000   0.0000000000000000   0.0000000000000000
  0.0000000000000000   0.0000000000000000   0.0000000000000000   0.0000000000000000   0.0000000000000000
  0.0000000000000000   0.0000000000000000   0.0000000000000000   0.0000000000000000   0.0000000000000000
  0.0000000000000000   0.0000000000000000   0.0000000000000000   0.0000000000000000   0.0000000000000000
global index=6  local index=3 (global=3, Rn=0)
  0.0000000000000000   0.0000000000000000   0.0000000000000000   0.0000000000000000   0.0000000000000000
  0.0000000000000000   0.0000000000000000   0.0000000000000000   0.0000000000000000   0.0000000000000000
  0.0000000000000000   0.0000000000000000   0.0000000000000000   0.0000000000000000   0.0000000000000000
  0.0000000000000000   0.0000000000000000   0.0000000000000000   0.0000000000000000   0.0000000000000000
  0.0000000000000000   0.0000000000000000   0.0000000000000000   0.0000000000000000   0.0000000000000000
  0.0000000000000000   0.0000000000000000   0.0000000000000000   0.0000000000000000   0.0000000000000000
  0.0000000000000000   0.0000000000000000   0.0000000000000000   0.0000000000000000   0.0000000000000000
  0.0000000000000000   0.0000000000000000   0.0000000000000000   0.0000000000000000   0.0000000000000000
  0.0000000000000000   0.0000000000000000   0.0000000000000000   0.0000000000000000   0.0000000000000000
global index=6  local index=4 (global=4, Rn=0)
  0.0000000000000000   0.0000000000000000   0.0000000000000000   0.0000000000000000   0.0000000000000000
  0.0000000000000000   0.0000000000000000   0.0000000000000000   0.0000000000000000   0.0000000000000000
  0.0000000000000000   0.0000000000000000   0.0000000000000000   0.0000000000000000   0.0000000000000000
  0.0000000000000000   0.0000000000000000   0.0000000000000000   0.0000000000000000   0.0000000000000000
  0.0000000000000000   0.0000000000000000   0.0000000000000000   0.0000000000000000   0.0000000000000000
  0.0000000000000000   0.0000000000000000   0.0000000000000000   0.0000000000000000   0.0000000000000000
  0.0000000000000000   0.0000000000000000   0.0000000000000000   0.0000000000000000   0.0000000000000000
  0.0000000000000000   0.0000000000000000   0.0000000000000000   0.0000000000000000   0.0000000000000000
  0.0000000000000000   0.0000000000000000   0.0000000000000000   0.0000000000000000   0.0000000000000000
global index=6  local index=5 (global=5, Rn=0)
  0.0000000000000000   0.0000000000000000   0.0000000000000000   0.0000000000000000   0.0000000000000000   0.0000000000000000   0.0000000000000000   0.0000000000000000   0.0000000000000000
  0.0000000000000000   0.0000000000000000   0.0000000000000000   0.0000000000000000   0.0000000000000000   0.0000000000000000   0.0000000000000000   0.0000000000000000   0.0000000000000000
  0.0000000000000000   0.0000000000000000   0.0000000000000000   0.0000000000000000   0.0000000000000000   0.0000000000000000   0.0000000000000000   0.0000000000000000   0.0000000000000000
  0.0000000000000000   0.0000000000000000   0.0000000000000000   0.0000000000000000   0.0000000000000000   0.0000000000000000   0.0000000000000000   0.0000000000000000   0.0000000000000000
  0.0000000000000000   0.0000000000000000   0.0000000000000000   0.0000000000000000   0.0000000000000000   0.0000000000000000   0.0000000000000000   0.0000000000000000   0.0000000000000000
  0.0000000000000000   0.0000000000000000   0.0000000000000000   0.0000000000000000   0.0000000000000000   0.0000000000000000   0.0000000000000000   0.0000000000000000   0.0000000000000000
  0.0000000000000000   0.0000000000000000   0.0000000000000000   0.0000000000000000   0.0000000000000000   0.0000000000000000   0.0000000000000000   0.0000000000000000   0.0000000000000000
  0.0000000000000000   0.0000000000000000   0.0000000000000000   0.0000000000000000   0.0000000000000000   0.0000000000000000   0.0000000000000000   0.0000000000000000   0.0000000000000000
  0.0000000000000000   0.0000000000000000   0.0000000000000000   0.0000000000000000   0.0000000000000000   0.0000000000000000   0.0000000000000000   0.0000000000000000   0.0000000000000000
