[1739816931.974387] [cmi002:88198:0]       ib_verbs.h:86   UCX  ERROR ibv_exp_query_device(mlx5_0) returned 38: Success
[1739816931.978437] [cmi002:88198:0]       ib_verbs.h:86   UCX  ERROR ibv_exp_query_device(mlx5_1) returned 38: Invalid argument

Read the scfout file (h2o.scfout)
***
The file format of the SCFOUT file:  3
And it supports the following functions:
- jx
- polB
- kSpin
- Z2FH
- calB
***
atomnum=6
Catomnum=0
Latomnum=0
Ratomnum=0


Kohn-Sham Hamiltonian spin=0
global index=1  local index=0 (global=1, Rn=0)
 -0.5007527318895983   0.0520827990358742  -0.1832261431829759  -0.0491155200272878  -0.1147835618984086
  0.0520827990358742   0.3794523019309357   0.0548116406968142   0.0147432919380679   0.0230620600205580
 -0.1832261431139429   0.0548116408039909  -0.2031747611959466  -0.0717262998484223  -0.1653706736847304
 -0.0491155200272878   0.0147432919380679  -0.0717262998484223   0.0452180485117587  -0.0442688545206501
 -0.1147835618984086   0.0230620600205580  -0.1653706736847304  -0.0442688545206502  -0.0523524326252116
global index=1  local index=1 (global=2, Rn=0)
 -0.3138898679779934   0.1120639098375149   0.3422006979032148   0.0916692311969401  -0.0909895354969097
  0.1187243318020988   0.0821230994103134   0.0691656416251052   0.0185785901371346   0.0768936341146830
 -0.3492597375137048  -0.0807259656031948   0.1278643687578462   0.0526593375827249  -0.1329127730285878
 -0.0936063945668264  -0.0216018923597970   0.0527237566140004  -0.0547156169340606  -0.0356009161060599
 -0.0904837221607416   0.0735718124281965   0.1238814477587247   0.0332068868312619  -0.1275681259501693
global index=1  local index=2 (global=3, Rn=0)
 -0.0977444615648128   0.1168466604827765   0.0735754518908456  -0.1383256568958977   0.1321145911473144
  0.0725603475343322   0.0120358801693868   0.0232756594117319   0.0281999560371824  -0.0002770007445726
 -0.0924292759550778   0.0635858239493267  -0.0005812981733787  -0.1130617912434893   0.0901246810577929
  0.0520047367708787   0.0417484073596351   0.0068255218170628  -0.0340206532989899   0.0046480397428952
 -0.0989430861697419   0.0245394166646088   0.0241420254163580  -0.0867422984024018   0.0312392919289079
global index=1  local index=3 (global=4, Rn=0)
 -0.0977522936114071   0.1168555179524686  -0.0054425554806918   0.1565862575830686   0.1321308771977766
  0.0725722357093398   0.0120174586726029   0.0342572482424850  -0.0127992570553886  -0.0003011532183989
 -0.0540438186421220   0.0759472789264152  -0.0549510160967821   0.1009793412362734   0.0803764374877766
 -0.0912716797578725  -0.0043371814963165  -0.0188982997150363   0.0203626419202886   0.0410783538175055
 -0.0989502201287697   0.0245401243638823  -0.0224595681434446   0.0871971972260291   0.0312426407068495
global index=1  local index=4 (global=5, Rn=0)
 -0.1462347428378037  -0.0114275573775162  -0.1542559431370271  -0.0990175676960672  -0.0265403524939273  -0.0658024758323706   0.1166599551063361   0.0312711244836026   0.0764392852642640
  0.1641130557208275   0.0986134477175847  -0.0328789377166196   0.0020377508692748   0.0005578424206715   0.0006576776062582   0.1033777024508250   0.0276769445501469   0.0714520812745527
  0.2527255209725783   0.0969427810465386  -0.0534930577683402   0.0284153489753871   0.0234686987411431   0.0582126001937060   0.0908787529750878   0.0341848481244427   0.0863058557207601
  0.0677109054806486   0.0259812892303205  -0.0143618594717393   0.0234460055801917  -0.0528457275921582   0.0155983533517564   0.0342172831089760  -0.0275738036094219   0.0231274097636498
  0.1699991062568806   0.0655880291670111  -0.0295593990152489   0.0599201764500863   0.0160711129655624  -0.0195406218867462   0.0811689989152025   0.0217292452258119   0.0193570630009910
global index=1  local index=5 (global=6, Rn=0)
 -0.5917587441074023  -0.0337238354461461  -0.0808715433343085   0.2382642786243855   0.0638369715892852   0.2379474058496223  -0.0009567473924466  -0.0002319408941535  -0.0080074256814237
  0.0667119371431589   0.0527588806641243   0.0190460503040447   0.2280459955960516   0.0611279142528784   0.1328581131425430  -0.0316633103753260  -0.0085192673059894  -0.0124662989529703
 -0.4618858381559537  -0.0877801721298185   0.0020591480446020  -0.1403356914468638   0.0175450041932296   0.1416549213741221  -0.0070453015529101   0.0185310580319000   0.0479420307027428
 -0.1237685852439726  -0.0234960047037936   0.0005158728468349   0.0175545082822016  -0.2011666189506280   0.0379675027141713   0.0184961924259880  -0.0711725705643337   0.0128141537539358
 -0.3206010972587811  -0.1103596140995085  -0.0017831455159488   0.0694560893346094   0.0186144201681742  -0.1220407504148089   0.0598291964099023   0.0160266835447581  -0.0343184480105619
global index=2  local index=0 (global=2, Rn=0)
 -0.5184079659282189   0.0193171121342659   0.2051787161810191   0.0548699540839944  -0.1370022332416102
  0.0193171121342659   0.3883526399641923  -0.0980658392999519  -0.0261950203833465   0.0590684912913759
  0.2051787162500520  -0.0980658391927753  -0.1343097037679232  -0.0494481352540168   0.1136601016309806
  0.0548699540839944  -0.0261950203833465  -0.0494481352540168   0.0366511814551986   0.0304732235128435
 -0.1370022332416102   0.0590684912913759   0.1136601016309806   0.0304732235128435  -0.0309076711964931
global index=2  local index=1 (global=1, Rn=0)
 -0.3138898679779934   0.1187243318020988  -0.3492597375137047  -0.0936063945668265  -0.0904837221607416
  0.1120639098375149   0.0821230994103134  -0.0807259656031948  -0.0216018923597970   0.0735718124281965
  0.3422006979032148   0.0691656416251052   0.1278643687578461   0.0527237566140005   0.1238814477587248
  0.0916692311969402   0.0185785901371347   0.0526593375827250  -0.0547156169340606   0.0332068868312619
 -0.0909895354969097   0.0768936341146830  -0.1329127730285878  -0.0356009161060599  -0.1275681259501693
global index=2  local index=2 (global=3, Rn=0)
 -0.0992747652361621   0.1202322409101104   0.0023757740725274  -0.1605224026707865   0.1352676344782453
  0.0727355668193134   0.0123964075452131  -0.0302487105353381   0.0128013406733164   0.0007744936096642
  0.0521531866818884  -0.0722614805093645  -0.0552073255579650   0.0981469215277597  -0.0772922579771191
  0.0923497688041416   0.0028151099773604  -0.0143706726437092   0.0216327082730475  -0.0433339565419970
 -0.1005884704524167   0.0274572653749081   0.0183094054008998  -0.0912327866785170   0.0327857172238637
global index=2  local index=3 (global=4, Rn=0)
 -0.0992863681513766   0.1202592249858912  -0.0782307853202593   0.1402049953068956   0.1352900809984405
  0.0727578284838522   0.0123527543211662  -0.0197532268896262  -0.0261978870927842   0.0007454397206909
  0.0913420598714968  -0.0611688243585364   0.0002468796644900  -0.1104872334312939  -0.0886102666706171
 -0.0539295185344876  -0.0384957809396665   0.0019698482390358  -0.0338614088730705  -0.0010649008761308
 -0.1006004776114569   0.0274750281101541  -0.0297926207189862   0.0881635577704778   0.0327808380343853
global index=2  local index=4 (global=5, Rn=0)
 -0.0149440091323450  -0.0235100530935876  -0.0960613292528360  -0.0232516430388793  -0.0062311824095155  -0.0098838798991883   0.0628269839904987   0.0168369066905166   0.0296577657653117
  0.0338918093566701  -0.0115762112578865   0.0330559816041286   0.0297284381999710   0.0079679341730235   0.0130318029541949  -0.0286952527729731  -0.0076940831439948  -0.0217438889796089
  0.0456969226186111  -0.0037951326176702   0.0881403628225448   0.0465878684313101   0.0148251520341408   0.0235900944165552  -0.0704551179880282  -0.0229574011426119  -0.0492223569809611
  0.0122434634879532  -0.0010192628555354   0.0236056423479139   0.0148188223594918  -0.0047576832610003   0.0063206695977525  -0.0229422733270838   0.0090489019064810  -0.0131873634854877
  0.0137166103235988  -0.0207075838361737  -0.0239372663312444   0.0117902855570409   0.0031610552910702  -0.0047795474665413   0.0003893902280552   0.0001009623923328   0.0157692464327923
global index=2  local index=5 (global=6, Rn=0)
 -0.5983854673814735  -0.0183083859927597  -0.0721110454161932  -0.2511350158598351  -0.0673117336854760   0.2418649632312944   0.0055033947210239   0.0015125071491885  -0.0077001138685083
  0.0613292663797428   0.0502087157089735   0.0037194610440716  -0.2303348942390890  -0.0617165618869353   0.1398462574609531   0.0380905092044301   0.0101576626059676  -0.0229517124946475
  0.4593071254236661   0.1113746297031218   0.0280697274641580  -0.1318535644330285   0.0209290095187085  -0.1432087758344139  -0.0195893418754495   0.0131529570334029  -0.0362699610578969
  0.1230529982612207   0.0298474733507549   0.0074164163343255   0.0209023067693811  -0.2043725602194244  -0.0383595886940415   0.0132064673360513  -0.0650974631746898  -0.0097630616104511
 -0.3238259684944313  -0.1173737164896544  -0.0250147800100794  -0.0797313634715844  -0.0213718292622856  -0.1221356317361598  -0.0421458447726938  -0.0112954888389397  -0.0381182363192008
global index=3  local index=0 (global=3, Rn=0)
 -0.2752184035693302   0.0504299312236436   0.0072309476938445  -0.0414345054934159   0.0329218548962433
  0.0504299312236436   0.5124812972924271  -0.0137834385046270   0.0681321249645643  -0.0520807335035204
  0.0072309477628775  -0.0137834383974504   0.1561739834448078   0.0209228858511377  -0.0150149361182301
 -0.0414345054934159   0.0681321249645643   0.0209228858511377   0.0794642818454349   0.0632196048011807
  0.0329218548962433  -0.0520807335035204  -0.0150149361182301   0.0632196048011807   0.1156094687225252
global index=3  local index=1 (global=1, Rn=0)
 -0.0977444615648128   0.0725603475343322  -0.0924292759550778   0.0520047367708786  -0.0989430861697419
  0.1168466604827766   0.0120358801693868   0.0635858239493267   0.0417484073596351   0.0245394166646088
  0.0735754518908457   0.0232756594117319  -0.0005812981733787   0.0068255218170628   0.0241420254163580
 -0.1383256568958977   0.0281999560371824  -0.1130617912434893  -0.0340206532989899  -0.0867422984024018
  0.1321145911473144  -0.0002770007445726   0.0901246810577929   0.0046480397428952   0.0312392919289079
global index=3  local index=2 (global=2, Rn=0)
 -0.0992747652361621   0.0727355668193134   0.0521531866818884   0.0923497688041416  -0.1005884704524167
  0.1202322409101104   0.0123964075452131  -0.0722614805093645   0.0028151099773604   0.0274572653749081
  0.0023757740725273  -0.0302487105353381  -0.0552073255579650  -0.0143706726437091   0.0183094054008997
 -0.1605224026707865   0.0128013406733164   0.0981469215277598   0.0216327082730476  -0.0912327866785169
  0.1352676344782454   0.0007744936096642  -0.0772922579771192  -0.0433339565419969   0.0327857172238637
global index=3  local index=3 (global=4, Rn=0)
 -0.0307680230673462   0.0454326736539601  -0.0180979412397814   0.0660359342294634   0.0145276815281418
  0.0454344746969642  -0.0309046060537329   0.0139367944742007  -0.0484281337369901  -0.0326398825134160
  0.0173453425058297  -0.0121452845632482  -0.0122230815908076  -0.0258198381101016  -0.0111411476884736
 -0.0662402898624420   0.0489091214874546  -0.0280063876433848   0.0810051193948736   0.0424041399867603
  0.0145276566362661  -0.0326399187111874   0.0115535463665582  -0.0422936121430992  -0.0393758292428323
global index=3  local index=4 (global=5, Rn=0)
 -0.0041157356019683  -0.0084780949588633  -0.0356850911216839  -0.0065773435915147   0.0011878098056910  -0.0058845739705840   0.0189698772428748  -0.0020707124675505   0.0162574802162810
  0.0104093300514656  -0.0023629300419963   0.0362292731831947   0.0128529795977406  -0.0016979727672959   0.0111517495037396  -0.0283274964324286  -0.0015240292765409  -0.0217566866202972
  0.0096923373740755  -0.0070858037630540   0.0251980037093016   0.0099370809917057  -0.0025358368290788   0.0116444788665460  -0.0198390822094286   0.0016648056750595  -0.0231977912265214
 -0.0041101357382752  -0.0083570562714229  -0.0368792445814782  -0.0076225641088684  -0.0024461979234168  -0.0063720246304791   0.0232173909121178   0.0090338261038234   0.0181494330082357
  0.0099474370161888  -0.0010714030541659   0.0401162393594190   0.0143848773496904  -0.0023135034871618   0.0097608069396003  -0.0347090819002022   0.0009194004150952  -0.0200790459381168
global index=3  local index=5 (global=6, Rn=0)
 -0.1629103893163287   0.0276196610601479  -0.1012446925239758  -0.0276991332692411   0.0982268634914087  -0.0539403795428654   0.0253484823353247  -0.0871461243072795   0.0550217089645220
  0.2045901831559218   0.0553395375218535  -0.0338684662653171   0.0045998187418975  -0.0071679470471884  -0.0219016743336434   0.0225422211757065  -0.0974046221002308   0.0719965672060149
  0.0792290559870409   0.0264477865068930   0.0004239146246079  -0.0737026880798719  -0.0311363470383406   0.0112818149275024  -0.0120508671020797  -0.0259910513709955   0.0186480082213655
 -0.3003357484541004  -0.0920842903236490  -0.0160076214429963  -0.0352000546722499   0.0376067342595859  -0.0435249101594022  -0.0201698302266914   0.0665943606672725  -0.0638815272980972
  0.2116266272978083   0.0512303313600691   0.0128167455794275   0.0234350295371851  -0.0787123673947296  -0.0469150075973063   0.0121133826079251  -0.0540608984347386   0.0207270763059047
global index=4  local index=0 (global=4, Rn=0)
 -0.2752340051480583   0.0504764916726191  -0.0145593137966116   0.0395085752857064   0.0329256632572710
  0.0504764916726191   0.5124525725428823   0.0222744852744788  -0.0658998815300868  -0.0520878393653799
 -0.0145593137275786   0.0222744853816554   0.1550105928826901   0.0225901310735226   0.0185651966024541
  0.0395085752857064  -0.0658998815300868   0.0225901310735226   0.0804938969705734  -0.0622695648974591
  0.0329256632572710  -0.0520878393653799   0.0185651966024541  -0.0622695648974591   0.1155455501782869
global index=4  local index=1 (global=1, Rn=0)
 -0.0977522936114071   0.0725722357093398  -0.0540438186421220  -0.0912716797578725  -0.0989502201287697
  0.1168555179524686   0.0120174586726029   0.0759472789264152  -0.0043371814963166   0.0245401243638823
 -0.0054425554806918   0.0342572482424850  -0.0549510160967821  -0.0188982997150363  -0.0224595681434446
  0.1565862575830687  -0.0127992570553886   0.1009793412362734   0.0203626419202886   0.0871971972260291
  0.1321308771977766  -0.0003011532183989   0.0803764374877766   0.0410783538175055   0.0312426407068495
global index=4  local index=2 (global=2, Rn=0)
 -0.0992863681513766   0.0727578284838522   0.0913420598714968  -0.0539295185344876  -0.1006004776114569
  0.1202592249858912   0.0123527543211663  -0.0611688243585364  -0.0384957809396665   0.0274750281101541
 -0.0782307853202593  -0.0197532268896262   0.0002468796644900   0.0019698482390358  -0.0297926207189862
  0.1402049953068956  -0.0261978870927842  -0.1104872334312939  -0.0338614088730705   0.0881635577704778
  0.1352900809984405   0.0007454397206908  -0.0886102666706171  -0.0010649008761308   0.0327808380343853
global index=4  local index=3 (global=3, Rn=0)
 -0.0307680230673462   0.0454344746969642   0.0173453425058297  -0.0662402898624420   0.0145276566362661
  0.0454326736539601  -0.0309046060537329  -0.0121452845632482   0.0489091214874546  -0.0326399187111874
 -0.0180979412397814   0.0139367944742007  -0.0122230815908076  -0.0280063876433848   0.0115535463665582
  0.0660359342294634  -0.0484281337369901  -0.0258198381101016   0.0810051193948736  -0.0422936121430992
  0.0145276815281418  -0.0326398825134160  -0.0111411476884736   0.0424041399867603  -0.0393758292428323
global index=4  local index=4 (global=5, Rn=0)
 -0.0041159222784959  -0.0084812768845422  -0.0356921094929968  -0.0051029132639286  -0.0043179514893714  -0.0058849942156349   0.0153950472748421   0.0112812688002929   0.0162597166156317
  0.0104097287074615  -0.0023608021446208   0.0362368535922536   0.0102833473614568   0.0078978578091852   0.0111520655043498  -0.0252971081698727  -0.0128487397454776  -0.0217593696603939
  0.0063388235868851  -0.0103110845614210   0.0033912644906509   0.0024430111720350   0.0053587666562138   0.0068988815727512  -0.0018474046759180  -0.0079503181174609  -0.0110183973902175
  0.0084058591425912   0.0036985374542246   0.0445454044477983   0.0104458530361798   0.0050490793847944   0.0113407438658502  -0.0295006892820474  -0.0089615621111832  -0.0273180236352578
  0.0099479867924277  -0.0010675834478257   0.0401278092548226   0.0113029471480113   0.0091974248872134   0.0097613124325405  -0.0296048319468907  -0.0181578268050825  -0.0200825733143374
global index=4  local index=5 (global=6, Rn=0)
 -0.1629147330598250   0.0276229893363848  -0.1012758085823110   0.0251316451834554  -0.0989251699529076  -0.0539420627344137  -0.0216232222786360   0.0881754161659640   0.0550291131669821
  0.2045957937618744   0.0553440915041585  -0.0338093418125696   0.0004017794309276   0.0085245608446749  -0.0219018990732947  -0.0291885122906712   0.0955718990843709   0.0719946107666747
 -0.0815516782398041  -0.0231880668566419  -0.0077260744027365  -0.0746167037808070  -0.0336435877980058  -0.0119976884346936  -0.0123326350164447  -0.0195624933556561  -0.0157758896881550
  0.2997174068690210   0.0929501559715575   0.0140636702146580  -0.0295872203173261   0.0385155614566983   0.0433345498189868  -0.0254030250620188   0.0669121974008263   0.0646443067833393
  0.2116337996323088   0.0512141513082249   0.0128421610814145  -0.0190746991899817   0.0798968964909451  -0.0469206576547013  -0.0165277801990004   0.0528351524974734   0.0207470342006178
global index=5  local index=0 (global=5, Rn=0)
 -0.7664116535520603   0.0218696001058945  -0.0097826209696816  -0.0161736959236266  -0.0043677917768484  -0.0101033826250924   0.0057740947598686   0.0015605226978208   0.0036191859370108
  0.0218696001058946   0.8431109294385234   0.2943871694537890   0.0097968208836428   0.0026556851396891   0.0061289943033519  -0.0225664451602764  -0.0060848145440841  -0.0141033080602183
 -0.0097826209696816   0.2943871694537889   0.4995779479556297  -0.0112538094345785  -0.0030398546429939  -0.0070542588813491   0.0526607805628129   0.0142248059191697   0.0329687704733712
 -0.0161736958756309   0.0097968207798094  -0.0112538095711182  -0.2285171008488065  -0.0018808227120393  -0.0043355906705365   0.0493383772059816   0.0041212640942581   0.0098138476017249
 -0.0043677917768484   0.0026556851396891  -0.0030398546429939  -0.0018808227120393  -0.2220137579314440  -0.0011626634470361   0.0041212645475937   0.0349229136892718   0.0026253049639667
 -0.0101033826250924   0.0061289943033519  -0.0070542588813491  -0.0043355906705365  -0.0011626634470361  -0.2240879607271064   0.0098138477683490   0.0026253051140796   0.0403761946524519
  0.0057740947567708  -0.0225664452012741   0.0526607805128352   0.0493383772059816   0.0041212645475937   0.0098138477683490   0.2876418820683424  -0.0142982859317424  -0.0338583232433239
  0.0015605226978208  -0.0060848145440841   0.0142248059191697   0.0041212640942581   0.0349229136892718   0.0026253051140796  -0.0142982859317424   0.3374278840417778  -0.0090683245787655
  0.0036191859370108  -0.0141033080602183   0.0329687704733712   0.0098138476017249   0.0026253049639667   0.0403761946524519  -0.0338583232433239  -0.0090683245787655   0.3190950423205288
global index=5  local index=1 (global=1, Rn=0)
 -0.1462347428378037   0.1641130557208275   0.2527255209725784   0.0677109054806486   0.1699991062568806
 -0.0114275573775162   0.0986134477175847   0.0969427810465386   0.0259812892303205   0.0655880291670111
 -0.1542559431370271  -0.0328789377166196  -0.0534930577683402  -0.0143618594717393  -0.0295593990152489
 -0.0990175676960672   0.0020377508692749   0.0284153489753871   0.0234460055801917   0.0599201764500863
 -0.0265403524939273   0.0005578424206715   0.0234686987411431  -0.0528457275921582   0.0160711129655624
 -0.0658024758323706   0.0006576776062582   0.0582126001937060   0.0155983533517564  -0.0195406218867462
  0.1166599551063361   0.1033777024508250   0.0908787529750878   0.0342172831089760   0.0811689989152025
  0.0312711244836026   0.0276769445501469   0.0341848481244427  -0.0275738036094218   0.0217292452258119
  0.0764392852642640   0.0714520812745527   0.0863058557207601   0.0231274097636498   0.0193570630009910
global index=5  local index=2 (global=2, Rn=0)
 -0.0149440091323450   0.0338918093566701   0.0456969226186111   0.0122434634879532   0.0137166103235988
 -0.0235100530935876  -0.0115762112578865  -0.0037951326176702  -0.0010192628555355  -0.0207075838361737
 -0.0960613292528360   0.0330559816041286   0.0881403628225448   0.0236056423479138  -0.0239372663312444
 -0.0232516430388793   0.0297284381999710   0.0465878684313101   0.0148188223594917   0.0117902855570409
 -0.0062311824095155   0.0079679341730235   0.0148251520341408  -0.0047576832610003   0.0031610552910702
 -0.0098838798991883   0.0130318029541949   0.0235900944165552   0.0063206695977525  -0.0047795474665413
  0.0628269839904987  -0.0286952527729731  -0.0704551179880282  -0.0229422733270838   0.0003893902280552
  0.0168369066905166  -0.0076940831439948  -0.0229574011426119   0.0090489019064810   0.0001009623923328
  0.0296577657653117  -0.0217438889796089  -0.0492223569809611  -0.0131873634854877   0.0157692464327923
global index=5  local index=3 (global=3, Rn=0)
 -0.0041157356019683   0.0104093300514656   0.0096923373740755  -0.0041101357382752   0.0099474370161888
 -0.0084780949588633  -0.0023629300419963  -0.0070858037630540  -0.0083570562714229  -0.0010714030541659
 -0.0356850911216839   0.0362292731831947   0.0251980037093016  -0.0368792445814782   0.0401162393594190
 -0.0065773435915147   0.0128529795977406   0.0099370809917057  -0.0076225641088684   0.0143848773496904
  0.0011878098056910  -0.0016979727672959  -0.0025358368290788  -0.0024461979234168  -0.0023135034871618
 -0.0058845739705840   0.0111517495037396   0.0116444788665460  -0.0063720246304791   0.0097608069396003
  0.0189698772428748  -0.0283274964324286  -0.0198390822094286   0.0232173909121178  -0.0347090819002022
 -0.0020707124675505  -0.0015240292765409   0.0016648056750595   0.0090338261038234   0.0009194004150952
  0.0162574802162810  -0.0217566866202972  -0.0231977912265214   0.0181494330082357  -0.0200790459381168
global index=5  local index=4 (global=4, Rn=0)
 -0.0041159222784959   0.0104097287074615   0.0063388235868851   0.0084058591425912   0.0099479867924277
 -0.0084812768845422  -0.0023608021446208  -0.0103110845614210   0.0036985374542246  -0.0010675834478257
 -0.0356921094929968   0.0362368535922536   0.0033912644906509   0.0445454044477983   0.0401278092548226
 -0.0051029132639286   0.0102833473614568   0.0024430111720350   0.0104458530361798   0.0113029471480113
 -0.0043179514893714   0.0078978578091852   0.0053587666562138   0.0050490793847944   0.0091974248872134
 -0.0058849942156349   0.0111520655043498   0.0068988815727512   0.0113407438658502   0.0097613124325405
  0.0153950472748421  -0.0252971081698727  -0.0018474046759180  -0.0295006892820474  -0.0296048319468907
  0.0112812688002929  -0.0128487397454776  -0.0079503181174609  -0.0089615621111832  -0.0181578268050825
  0.0162597166156317  -0.0217593696603939  -0.0110183973902175  -0.0273180236352578  -0.0200825733143374
global index=5  local index=5 (global=6, Rn=0)
 -0.0129250740423801  -0.0283199163361908  -0.1260144575309638   0.0254390898831227   0.0068160058780960   0.0184239338233382  -0.0834276100851748  -0.0223525994040419  -0.0595820906210881
 -0.0392027912623894  -0.0538293084820669  -0.0282205889049770  -0.0128699064537248  -0.0034517303916149  -0.0016652552493137   0.0060749983734512   0.0016306197914464   0.0031579248209780
 -0.1625644625748774   0.0066602702093095  -0.0170501906161801   0.0593267543525071   0.0158896666501474   0.0596450549290840   0.0096245395793097   0.0025961072656340  -0.0006339756305024
 -0.0296668244858016   0.0166439696363016  -0.0397503074023063   0.0255364186690169   0.0089299191676124   0.0255156846272719  -0.0390040264490087  -0.0148516801853561  -0.0405788782743881
 -0.0079496338559663   0.0044605398272343  -0.0106569174935113   0.0089318969722135  -0.0054024353117141   0.0068382624596180  -0.0148604262564550   0.0124639027401214  -0.0108788064565889
 -0.0205512791477026   0.0112459692115168  -0.0271909171591199   0.0232625925496196   0.0062331473463438   0.0097905580168085  -0.0383098935996449  -0.0102646381715108  -0.0114731927620482
  0.1099529285642648  -0.0328234314191714  -0.0184237696421607  -0.0626081795269511  -0.0219190093816304  -0.0656051045016749  -0.0278797619472056  -0.0061300699975920  -0.0109891515730848
  0.0294627353024672  -0.0087964820734866  -0.0049251039268319  -0.0219232243118612   0.0133356794090960  -0.0175814857658565  -0.0061114620904963  -0.0066918538695778  -0.0029351018327036
  0.0759962484969272  -0.0206202885072462  -0.0159060511033319  -0.0564465751860653  -0.0151244792206895  -0.0253156485819228  -0.0194233931847852  -0.0052082319155471  -0.0157879489950386
global index=6  local index=0 (global=6, Rn=0)
 -0.9748370968685355   0.0518521558522220  -0.0101182657442762  -0.0080605366405196  -0.0021698702485303   0.1285483506329993  -0.0000182151022443   0.0000032929883982   0.0160066832339529
  0.0518521558522220   0.6407862809741730   0.3083016657102631   0.0034777082975221   0.0009399363333526  -0.0252762392277975  -0.0116501710695855  -0.0031430679881594   0.0554354638467531
 -0.0101182657442762   0.3083016657102631   0.3981962572416860   0.0007269457915075   0.0001813243719667  -0.0083365010312285  -0.0018741382985698  -0.0004440456704533   0.0110731200871505
 -0.0080605365925239   0.0034777081936887   0.0007269456549678  -0.4763596503495776  -0.0258885997635779   0.0016441935481623   0.0476541917737384  -0.0006993176374276   0.0004213563783804
 -0.0021698702485303   0.0009399363333526   0.0001813243719667  -0.0258885997635780  -0.3866556635858717   0.0004470218003049  -0.0006993185616607   0.0500998127870713   0.0001093574955813
  0.1285483506329993  -0.0252762392277975  -0.0083365010312285   0.0016441935481623   0.0004470218003049  -0.4351191010376780   0.0004213565613203   0.0001093577419302   0.0495767130836841
 -0.0000182151053421  -0.0116501711105832  -0.0018741383485474   0.0476541917737384  -0.0006993185616607   0.0004213565613203   0.1637561752448035   0.0039298348378047  -0.0027779829219733
  0.0000032929883982  -0.0031430679881594  -0.0004440456704533  -0.0006993176374276   0.0500998127870713   0.0001093577419302   0.0039298348378047   0.1501086145963785  -0.0007239211961158
  0.0160066832339529   0.0554354638467531   0.0110731200871505   0.0004213563783804   0.0001093574955813   0.0495767130836840  -0.0027779829219733  -0.0007239211961158   0.1606253080645950
global index=6  local index=1 (global=1, Rn=0)
 -0.5917587441074021   0.0667119371431589  -0.4618858381559536  -0.1237685852439726  -0.3206010972587811
 -0.0337238354461461   0.0527588806641243  -0.0877801721298185  -0.0234960047037936  -0.1103596140995085
 -0.0808715433343085   0.0190460503040447   0.0020591480446020   0.0005158728468349  -0.0017831455159488
  0.2382642786243857   0.2280459955960518  -0.1403356914468639   0.0175545082822016   0.0694560893346094
  0.0638369715892852   0.0611279142528784   0.0175450041932296  -0.2011666189506280   0.0186144201681742
  0.2379474058496225   0.1328581131425431   0.1416549213741221   0.0379675027141714  -0.1220407504148088
 -0.0009567473924467  -0.0316633103753260  -0.0070453015529101   0.0184961924259880   0.0598291964099023
 -0.0002319408941535  -0.0085192673059894   0.0185310580319000  -0.0711725705643337   0.0160266835447581
 -0.0080074256814237  -0.0124662989529703   0.0479420307027428   0.0128141537539358  -0.0343184480105619
global index=6  local index=2 (global=2, Rn=0)
 -0.5983854673814734   0.0613292663797429   0.4593071254236662   0.1230529982612207  -0.3238259684944313
 -0.0183083859927597   0.0502087157089735   0.1113746297031217   0.0298474733507549  -0.1173737164896543
 -0.0721110454161932   0.0037194610440716   0.0280697274641580   0.0074164163343255  -0.0250147800100794
 -0.2511350158598351  -0.2303348942390890  -0.1318535644330285   0.0209023067693811  -0.0797313634715844
 -0.0673117336854760  -0.0617165618869353   0.0209290095187085  -0.2043725602194244  -0.0213718292622856
  0.2418649632312944   0.1398462574609532  -0.1432087758344139  -0.0383595886940416  -0.1221356317361598
  0.0055033947210239   0.0380905092044301  -0.0195893418754495   0.0132064673360513  -0.0421458447726938
  0.0015125071491885   0.0101576626059676   0.0131529570334029  -0.0650974631746897  -0.0112954888389397
 -0.0077001138685083  -0.0229517124946475  -0.0362699610578969  -0.0097630616104511  -0.0381182363192008
global index=6  local index=3 (global=3, Rn=0)
 -0.1629103893163286   0.2045901831559218   0.0792290559870409  -0.3003357484541003   0.2116266272978082
  0.0276196610601479   0.0553395375218535   0.0264477865068930  -0.0920842903236490   0.0512303313600692
 -0.1012446925239758  -0.0338684662653170   0.0004239146246079  -0.0160076214429963   0.0128167455794275
 -0.0276991332692411   0.0045998187418975  -0.0737026880798719  -0.0352000546722499   0.0234350295371851
  0.0982268634914088  -0.0071679470471884  -0.0311363470383405   0.0376067342595859  -0.0787123673947296
 -0.0539403795428654  -0.0219016743336434   0.0112818149275024  -0.0435249101594022  -0.0469150075973063
  0.0253484823353247   0.0225422211757065  -0.0120508671020797  -0.0201698302266914   0.0121133826079251
 -0.0871461243072796  -0.0974046221002309  -0.0259910513709955   0.0665943606672725  -0.0540608984347386
  0.0550217089645220   0.0719965672060149   0.0186480082213655  -0.0638815272980972   0.0207270763059047
global index=6  local index=4 (global=4, Rn=0)
 -0.1629147330598250   0.2045957937618745  -0.0815516782398041   0.2997174068690210   0.2116337996323088
  0.0276229893363848   0.0553440915041585  -0.0231880668566419   0.0929501559715576   0.0512141513082250
 -0.1012758085823110  -0.0338093418125696  -0.0077260744027364   0.0140636702146579   0.0128421610814145
  0.0251316451834554   0.0004017794309276  -0.0746167037808070  -0.0295872203173261  -0.0190746991899818
 -0.0989251699529077   0.0085245608446749  -0.0336435877980058   0.0385155614566983   0.0798968964909451
 -0.0539420627344137  -0.0219018990732947  -0.0119976884346936   0.0433345498189868  -0.0469206576547013
 -0.0216232222786360  -0.0291885122906712  -0.0123326350164447  -0.0254030250620188  -0.0165277801990004
  0.0881754161659640   0.0955718990843709  -0.0195624933556561   0.0669121974008263   0.0528351524974735
  0.0550291131669822   0.0719946107666747  -0.0157758896881549   0.0646443067833393   0.0207470342006178
global index=6  local index=5 (global=5, Rn=0)
 -0.0129250740423801  -0.0392027912623894  -0.1625644625748774  -0.0296668244858016  -0.0079496338559663  -0.0205512791477026   0.1099529285642648   0.0294627353024672   0.0759962484969272
 -0.0283199163361907  -0.0538293084820669   0.0066602702093095   0.0166439696363016   0.0044605398272343   0.0112459692115168  -0.0328234314191714  -0.0087964820734866  -0.0206202885072462
 -0.1260144575309637  -0.0282205889049770  -0.0170501906161801  -0.0397503074023063  -0.0106569174935113  -0.0271909171591199  -0.0184237696421607  -0.0049251039268318  -0.0159060511033319
  0.0254390898831227  -0.0128699064537248   0.0593267543525071   0.0255364186690169   0.0089318969722135   0.0232625925496196  -0.0626081795269511  -0.0219232243118612  -0.0564465751860653
  0.0068160058780960  -0.0034517303916149   0.0158896666501475   0.0089299191676124  -0.0054024353117141   0.0062331473463438  -0.0219190093816304   0.0133356794090960  -0.0151244792206895
  0.0184239338233382  -0.0016652552493137   0.0596450549290840   0.0255156846272719   0.0068382624596180   0.0097905580168085  -0.0656051045016749  -0.0175814857658565  -0.0253156485819228
 -0.0834276100851748   0.0060749983734512   0.0096245395793097  -0.0390040264490087  -0.0148604262564550  -0.0383098935996449  -0.0278797619472056  -0.0061114620904963  -0.0194233931847852
 -0.0223525994040419   0.0016306197914464   0.0025961072656340  -0.0148516801853561   0.0124639027401214  -0.0102646381715108  -0.0061300699975920  -0.0066918538695778  -0.0052082319155471
 -0.0595820906210881   0.0031579248209780  -0.0006339756305024  -0.0405788782743881  -0.0108788064565889  -0.0114731927620482  -0.0109891515730848  -0.0029351018327036  -0.0157879489950386


Overlap matrix
global index=1  local index=0 (global=1, Rn=0)
  0.9999998445411460  -0.0000000376319037  -0.0000000000471750   0.0000000000000298   0.0000000000000412
 -0.0000000376319233   0.9999999532766689  -0.0000000000228520  -0.0000000000000222   0.0000000000000054
  0.0000000000472011   0.0000000000228802   0.9999997677526393   0.0000000000000217  -0.0000000000000358
  0.0000000000000129   0.0000000000000452   0.0000000000000107   0.9999997677525774  -0.0000000000000257
 -0.0000000000000135   0.0000000000000416  -0.0000000000000363   0.0000000000000304   0.9999997677525917
global index=1  local index=1 (global=2, Rn=0)
  0.3708797292708256  -0.3301272529754923  -0.5288037356069207  -0.1416925345375573  -0.0000000000000282
 -0.3301272529754540   0.2419852743722432   0.1083126338307253   0.0290222828934704   0.0000000000000138
  0.5288037356068839  -0.1083126338307347  -0.1015566036145719  -0.1628173661246859   0.0000000000000391
  0.1416925345376065  -0.0290222828934637  -0.1628173661246976   0.4624592944675976   0.0000000000000308
  0.0000000000000473   0.0000000000000027   0.0000000000000419  -0.0000000000000430   0.5060860764276347
global index=1  local index=2 (global=3, Rn=0)
  0.1443057982346857  -0.2100190278180870  -0.1540338569329385   0.1753981958012289  -0.2139546332412537
 -0.2100190278180607   0.1867179540342831   0.1196252022449813  -0.1362170957990948   0.1661606531341488
  0.1540338569328815  -0.1196252022449941   0.0687595418368045   0.1697922956391295  -0.2071164311281370
 -0.1753981958011654   0.1362170957990672   0.1697922956391203   0.0245280101654457   0.2358432689020942
  0.2139546332413328  -0.1661606531341884  -0.2071164311281445   0.2358432689021834  -0.0698165581884134
global index=1  local index=3 (global=4, Rn=0)
  0.1443057980029179  -0.2100190275937831  -0.0456981344051033  -0.2289162218045500  -0.2139546328768220
 -0.2100190275937428   0.1867179539551078   0.0354899155703094   0.1777800667418453   0.1661606530665136
  0.0456981344051101  -0.0354899155703304   0.2047461004318572  -0.0657433316910483  -0.0614464553239937
  0.2289162218045368  -0.1777800667417886  -0.0657433316910701  -0.1114585492361023  -0.3078044777793401
  0.2139546328768466  -0.1661606530664349  -0.0614464553239981  -0.3078044777793115  -0.0698165580716842
global index=1  local index=4 (global=5, Rn=0)
  0.1599917050740710  -0.1458729445700211   0.3716209330038487   0.1646432249101213   0.0441160192784116   0.1103951881239780  -0.3822192049933644  -0.1024153275987572  -0.2562824013127166
 -0.2179215326510633   0.0951144598829385  -0.3061994248393488  -0.0815380853097476  -0.0218480641728279  -0.0546722300413890   0.1205234143488519   0.0322941516349915   0.0808123444353623
 -0.3137791701587923   0.3077980376309026  -0.0762108236554054  -0.0966846530374745  -0.0728063256881955  -0.1821893305974519   0.0219534509575313   0.1039019003316516   0.2600023760336572
 -0.0840768754830478   0.0824742358479113  -0.0204206287105916  -0.0728063256882410   0.1555238565492185  -0.0488174841409493   0.1039019003316467  -0.3379732886239069   0.0696674268851102
 -0.2103925657309929   0.2063821471366918  -0.0511002394366131  -0.1821893305974643  -0.0488174841409925   0.0528721976847448   0.2600023760336460   0.0696674268850673  -0.1914791162096575
global index=1  local index=5 (global=6, Rn=0)
  0.5181119702422309  -0.3627316741552493   0.2981963888554197  -0.3160762577321115  -0.0846923768507786  -0.2481549225583330   0.3006954499045554   0.0805711018706532   0.2360792823228548
 -0.1701575725220140   0.1196912897457819  -0.5159007147881375  -0.1564685126815711  -0.0419256110420835  -0.1228451384672000  -0.1024933188802849  -0.0274630016489566  -0.0804686242237669
  0.4473355162286026  -0.1798161295130911  -0.0874205627217260   0.2309205339521587  -0.0595199381748569  -0.1743978171079631  -0.5102903029237820   0.0289821479919987   0.0849198352668091
  0.1198631886844159  -0.0481815860320050  -0.0234242688636198  -0.0595199381749312   0.4371036511639969  -0.0467297536184789   0.0289821479920095  -0.6106874101742352   0.0227542009707772
  0.3512080001952734  -0.1411756074759461  -0.0686348387185882  -0.1743978171079311  -0.0467297536184361   0.3161303390934442   0.0849198352668396   0.0227542009707545  -0.5517816629402017
global index=2  local index=0 (global=2, Rn=0)
  0.9999998445411460  -0.0000000376319037  -0.0000000000471750   0.0000000000000298   0.0000000000000412
 -0.0000000376319233   0.9999999532766689  -0.0000000000228520  -0.0000000000000222   0.0000000000000054
  0.0000000000472011   0.0000000000228802   0.9999997677526393   0.0000000000000217  -0.0000000000000358
  0.0000000000000129   0.0000000000000452   0.0000000000000107   0.9999997677525774  -0.0000000000000257
 -0.0000000000000135   0.0000000000000416  -0.0000000000000363   0.0000000000000304   0.9999997677525917
global index=2  local index=1 (global=1, Rn=0)
  0.3708797292708256  -0.3301272529754923   0.5288037356068427   0.1416925345376569  -0.0000000000000282
 -0.3301272529754540   0.2419852743722432  -0.1083126338307028  -0.0290222828935112   0.0000000000000138
 -0.5288037356068792   0.1083126338306932  -0.1015566036145719  -0.1628173661246857   0.0000000000000392
 -0.1416925345376076   0.0290222828935179  -0.1628173661246974   0.4624592944675976   0.0000000000000308
  0.0000000000000473   0.0000000000000027   0.0000000000000419  -0.0000000000000430   0.5060860764276347
global index=2  local index=2 (global=3, Rn=0)
  0.1443057977416448  -0.2100190273410065   0.0456981356380800   0.2289162213650308  -0.2139546324659471
 -0.2100190273409803   0.1867179538658459  -0.0354899165797631  -0.1777800666601550   0.1661606529901175
 -0.0456981356381370   0.0354899165797501   0.2047460993172252  -0.0657433334743505   0.0614464569907890
 -0.2289162213649673   0.1777800666601274  -0.0657433334743598  -0.1114585490306221   0.3078044772326821
  0.2139546324660263  -0.1661606529901571   0.0614464569907815   0.3078044772327713  -0.0698165579401111
global index=2  local index=3 (global=4, Rn=0)
  0.1443057973541021  -0.2100190269659701   0.1540338572567304  -0.1753981946659940  -0.2139546318565596
 -0.2100190269659297   0.1867179537334532  -0.1196252030855324   0.1362170955882377   0.1661606528769761
 -0.1540338572567234   0.1196252030855114   0.0687595388938012   0.1697922960786439   0.2071164316643161
  0.1753981946659809  -0.1362170955881810   0.1697922960786221   0.0245280100442526  -0.2358432674904676
  0.2139546318565842  -0.1661606528768975   0.2071164316643117  -0.2358432674904390  -0.0698165577449312
global index=2  local index=4 (global=5, Rn=0)
  0.0146270291079682   0.0307384433205074   0.1449027751975792   0.0316273920512680   0.0084745341894693   0.0106672520822971  -0.0993993101456772  -0.0266339649781650  -0.0335252902423631
 -0.0369419989725581   0.0083881352460560  -0.1794617792834310  -0.0623560037095860  -0.0167082408977220  -0.0210313644999883   0.1623421227470230   0.0434994408450897   0.0547545730013607
 -0.0476938331824089   0.0110957142977069  -0.2412480638319034  -0.0819423175369583  -0.0268094082017434  -0.0337461279958888   0.2227543462774954   0.0757578321044092   0.0953595648081083
 -0.0127795241313809   0.0029730876962886  -0.0646422241132915  -0.0268094082017890   0.0109281963274816  -0.0090422477768948   0.0757578321044044  -0.0396784811777160   0.0255515184734612
 -0.0160861237152542   0.0037423503416242  -0.0813678822168965  -0.0337461279959012  -0.0090422477769380   0.0067298986142440   0.0953595648080972   0.0255515184734183  -0.0278149618156310
global index=2  local index=5 (global=6, Rn=0)
  0.5181119646922523  -0.3627316741575879   0.2981963900712765   0.3160762575760921   0.0846923798691155  -0.2481549191539618  -0.3006954541299041  -0.0805711059140767   0.2360792825181095
 -0.1701575759893076   0.1196912860295369  -0.5159007131931085   0.1564685089003807   0.0419256115437571  -0.1228451338739630   0.1024933171943654   0.0274630021895407  -0.0804686218359224
 -0.4473355181103117   0.1798161331960765   0.0874205625777778   0.2309205270701891  -0.0595199411713466   0.1743978172802597  -0.5102902975099014   0.0289821500038185  -0.0849198369702572
 -0.1198631935193289   0.0481815887596320   0.0234242696714995  -0.0595199411714208   0.4371036460600089   0.0467297553530320   0.0289821500038293  -0.6106874075408365  -0.0227542022493479
  0.3512079970278367  -0.1411756085003865  -0.0686348376979458   0.1743978172802916   0.0467297553530748   0.3161303370441332  -0.0849198369702268  -0.0227542022493706  -0.5517816606707997
global index=3  local index=0 (global=3, Rn=0)
  0.9999998445411197  -0.0000000376318553  -0.0000000000471786   0.0000000000000129  -0.0000000000000465
 -0.0000000376318683   0.9999999532767186  -0.0000000000228363   0.0000000000000373   0.0000000000000331
  0.0000000000472513   0.0000000000229272   0.9999997677525921   0.0000000000000330   0.0000000000000389
  0.0000000000000244   0.0000000000000167  -0.0000000000000423   0.9999997677526408  -0.0000000000000252
  0.0000000000000403  -0.0000000000000003   0.0000000000000129  -0.0000000000000271   0.9999997677526461
global index=3  local index=1 (global=1, Rn=0)
  0.1443057982346648  -0.2100190278180627   0.1540338569328809  -0.1753981958012552   0.2139546332413060
 -0.2100190278180732   0.1867179540343418  -0.1196252022450282   0.1362170957991377  -0.1661606531342145
 -0.1540338569329030   0.1196252022450264   0.0687595418368121   0.1697922956390871  -0.2071164311281035
  0.1753981958012344  -0.1362170957990813   0.1697922956390970   0.0245280101653929   0.2358432689021247
 -0.2139546332413313   0.1661606531342368  -0.2071164311281284   0.2358432689021736  -0.0698165581884831
global index=3  local index=2 (global=2, Rn=0)
  0.1443057977416597  -0.2100190273409668  -0.0456981356381125  -0.2289162213650340   0.2139546324660074
 -0.2100190273409969   0.1867179538659016   0.0354899165796691   0.1777800666601422  -0.1661606529901416
  0.0456981356381281  -0.0354899165797465   0.2047460993172609  -0.0657433334743936   0.0614464569908116
  0.2289162213650281  -0.1777800666601398  -0.0657433334744062  -0.1114585490305831   0.3078044772327467
 -0.2139546324660014   0.1661606529901738   0.0614464569908029   0.3078044772327039  -0.0698165579401510
global index=3  local index=3 (global=4, Rn=0)
  0.0490458876433931  -0.0921545594123922   0.0345094623296103  -0.1287910659715575  -0.0000000000000406
 -0.0921545594124071   0.1303727213298083  -0.0499838204161761   0.1865421562136580   0.0000000000000167
 -0.0345094623295936   0.0499838204161667   0.0490567238175896   0.0937166031885193  -0.0000000000000168
  0.1287910659716037  -0.1865421562136797   0.0937166031884554  -0.2755871103700798   0.0000000000000458
 -0.0000000000000212   0.0000000000000484   0.0000000000000419   0.0000000000000265   0.0741680121123172
global index=3  local index=4 (global=5, Rn=0)
  0.0038951129700577   0.0184244984086612   0.0655912275777762   0.0087224846704857  -0.0029687149232573   0.0085587151982188  -0.0304113465313906   0.0103505619896424  -0.0298403566860753
 -0.0103114896343106  -0.0202610906215292  -0.1210836584469969  -0.0203436723065343   0.0069240091388364  -0.0199617086111629   0.0694513397872434  -0.0236379009719849   0.0681473524836076
 -0.0098817501433323  -0.0218047292575879  -0.1204529565356443  -0.0172936370493974   0.0076891137963613  -0.0221674821630088   0.0589458018753514  -0.0270034928330040   0.0778502518714394
  0.0033632732217124   0.0074212827641749   0.0409964021873645   0.0076891137963848   0.0026810107875267   0.0075447464335417  -0.0270034928329469  -0.0112034082923637  -0.0264964873250194
 -0.0096962148208886  -0.0213953334101683  -0.1181913856791400  -0.0221674821630358   0.0075447464335738  -0.0164532595409099   0.0778502518714906  -0.0264964873249998   0.0559944698196352
global index=3  local index=5 (global=6, Rn=0)
  0.1599917069427469  -0.1458729471174781   0.3716209333001083   0.0441160198339723  -0.1646432259076679   0.1103951895140156  -0.1024153284069464   0.3822192055123008  -0.2562824033350233
 -0.2179215336690767   0.0951144593885812  -0.3061994260928706  -0.0218480640555395   0.0815380843392554  -0.0546722297477802   0.0322941514696386  -0.1205234129443809   0.0808123440216036
 -0.0840768764358468   0.0824742364752778  -0.0204206282313469   0.1555238580990854   0.0728063260536422  -0.0488174847049435  -0.3379732910006220  -0.1039019002373804   0.0696674272769696
  0.3137791716646215  -0.3077980379612459   0.0762108213687237   0.0728063260536353  -0.0966846508508994   0.1821893315119044  -0.1039019002373432   0.0219534455391409  -0.2600023757978603
 -0.2103925681152196   0.2063821487064823  -0.0511002382372033  -0.0488174847048694   0.1821893315118744   0.0528721980486931   0.0696674272769805  -0.2600023757978032  -0.1914791177621375
global index=4  local index=0 (global=4, Rn=0)
  0.9999998445411460  -0.0000000376319037  -0.0000000000471750   0.0000000000000298   0.0000000000000412
 -0.0000000376319233   0.9999999532766689  -0.0000000000228520  -0.0000000000000222   0.0000000000000054
  0.0000000000472011   0.0000000000228802   0.9999997677526393   0.0000000000000217  -0.0000000000000358
  0.0000000000000129   0.0000000000000452   0.0000000000000107   0.9999997677525774  -0.0000000000000257
 -0.0000000000000135   0.0000000000000416  -0.0000000000000363   0.0000000000000304   0.9999997677525917
global index=4  local index=1 (global=1, Rn=0)
  0.1443057980028859  -0.2100190275937986   0.0456981344050881   0.2289162218046140   0.2139546328767792
 -0.2100190275937603   0.1867179539551752  -0.0354899155703042  -0.1777800667418278  -0.1661606530664669
 -0.0456981344051247   0.0354899155702947   0.2047461004318754  -0.0657433316910741  -0.0614464553239905
 -0.2289162218045647   0.1777800667418345  -0.0657433316910858  -0.1114585492361596  -0.3078044777792992
 -0.2139546328767600   0.1661606530664832  -0.0614464553239877  -0.3078044777793730  -0.0698165580716802
global index=4  local index=2 (global=2, Rn=0)
  0.1443057973540827  -0.2100190269659899  -0.1540338572567373   0.1753981946660244   0.2139546318565839
 -0.2100190269659636   0.1867179537334430   0.1196252030854784  -0.1362170955882040  -0.1661606528769868
  0.1540338572566803  -0.1196252030854913   0.0687595388937798   0.1697922960786542   0.2071164316642815
 -0.1753981946659609   0.1362170955881764   0.1697922960786450   0.0245280100442133  -0.2358432674905035
 -0.2139546318565046   0.1661606528769471   0.2071164316642740  -0.2358432674904143  -0.0698165577449292
global index=4  local index=3 (global=3, Rn=0)
  0.0490458876434564  -0.0921545594123898  -0.0345094623295487   0.1287910659715901  -0.0000000000000146
 -0.0921545594123495   0.1303727213297888   0.0499838204161778  -0.1865421562136107   0.0000000000000329
  0.0345094623295556  -0.0499838204161988   0.0490567238176481   0.0937166031885023   0.0000000000000359
 -0.1287910659716032   0.1865421562136673   0.0937166031884805  -0.2755871103700310  -0.0000000000000101
  0.0000000000000393   0.0000000000000456   0.0000000000000315   0.0000000000000184   0.0741680121123384
global index=4  local index=4 (global=5, Rn=0)
  0.0038951129726992   0.0184244984140891   0.0655912276043277   0.0060695358301183   0.0069322248958702   0.0085587152032237  -0.0211617176038754  -0.0241695229620223  -0.0298403567014747
 -0.0103114896410613  -0.0202610906165496  -0.1210836584769476  -0.0141561324138213  -0.0161682040103754  -0.0199617086216464   0.0483276739523689   0.0551966927806727   0.0681473525110866
 -0.0068762100288803  -0.0151728080244997  -0.0838171189707786  -0.0056410071393996  -0.0124938331224119  -0.0154252294316525   0.0180227882976542   0.0438772454252695   0.0541720519939398
 -0.0078535551458478  -0.0173293840703224  -0.0957304042844864  -0.0124938331224575  -0.0089716191253351  -0.0176176832108214   0.0438772454252647   0.0297196052865069   0.0618717572494278
 -0.0096962148279622  -0.0213953334075947  -0.1181913857181579  -0.0154252294316649  -0.0176176832108646  -0.0164532595511530   0.0541720519939287   0.0618717572493850   0.0559944698482726
global index=4  local index=5 (global=6, Rn=0)
  0.1599917050740468  -0.1458729445699630   0.3716209330038268  -0.0441160192784313   0.1646432249101260   0.1103951881239538   0.1024153275987766  -0.3822192049934191  -0.2562824013127651
 -0.2179215326510394   0.0951144598828676  -0.3061994248393725   0.0218480641727710  -0.0815380853097462  -0.0546722300413258  -0.0322941516349785   0.1205234143488998   0.0808123444353259
  0.0840768754830545  -0.0824742358478729   0.0204206287105905   0.1555238565491956   0.0728063256882630   0.0488174841409673  -0.3379732886238591  -0.1039019003316145  -0.0696674268850701
 -0.3137791701587092   0.3077980376309025  -0.0762108236554167   0.0728063256881887  -0.0966846530374965  -0.1821893305974497  -0.1039019003316037   0.0219534509575284   0.2600023760336938
 -0.2103925657309828   0.2063821471367156  -0.0511002394366743   0.0488174841409992  -0.1821893305974069   0.0528721976847075  -0.0696674268850396   0.2600023760336712  -0.1914791162095761
global index=5  local index=0 (global=5, Rn=0)
  0.9999999976585413   0.0000000615537784  -0.0000001543650183  -0.0000000000604156   0.0000000000000412  -0.0000000000000302   0.0000000000050411   0.0000000000000268  -0.0000000000000222
  0.0000000615537943   0.9999990177650994  -0.0000016072424590  -0.0000000000311108   0.0000000000000013   0.0000000000000452  -0.0000000000496809   0.0000000000000136   0.0000000000000217
 -0.0000001543650825  -0.0000016072424613   0.9999884651156814   0.0000000000241664  -0.0000000000000363   0.0000000000000304   0.0000000000003127  -0.0000000000000099  -0.0000000000000370
  0.0000000000604063   0.0000000000310986  -0.0000000000242125   0.9999999596205204   0.0000000000000473  -0.0000000000000207   0.0000001115758861   0.0000000000000308   0.0000000000000419
  0.0000000000000499   0.0000000000000339   0.0000000000000138   0.0000000000000271   0.9999999596205237   0.0000000000000270  -0.0000000000000430   0.0000001115759457   0.0000000000000026
 -0.0000000000000282   0.0000000000000113   0.0000000000000024  -0.0000000000000100   0.0000000000000392   0.9999999596204995  -0.0000000000000414  -0.0000000000000308   0.0000001115759171
 -0.0000000000050186   0.0000000000496745  -0.0000000000003732   0.0000001115759358  -0.0000000000000233   0.0000000000000040   1.0000004255551198   0.0000000000000432   0.0000000000000431
 -0.0000000000000151  -0.0000000000000042   0.0000000000000471  -0.0000000000000125   0.0000001115759268   0.0000000000000013   0.0000000000000221   1.0000004255551045   0.0000000000000239
 -0.0000000000000436  -0.0000000000000437   0.0000000000000402   0.0000000000000168   0.0000000000000032   0.0000001115758547   0.0000000000000140  -0.0000000000000146   1.0000004255551451
global index=5  local index=1 (global=1, Rn=0)
  0.1599917050740393  -0.2179215326510474  -0.3137791701587214  -0.0840768754830557  -0.2103925657309702
 -0.1458729445700198   0.0951144598829492   0.3077980376309251   0.0824742358479304   0.2063821471367115
  0.3716209330038126  -0.3061994248393138  -0.0762108236554180  -0.0204206287106412  -0.0511002394365892
  0.1646432249100691  -0.0815380853097012  -0.0966846530374178  -0.0728063256881784  -0.1821893305974740
  0.0441160192784783  -0.0218480641728022  -0.0728063256881823   0.1555238565492593  -0.0488174841409646
  0.1103951881239582  -0.0546722300413862  -0.1821893305974268  -0.0488174841409797   0.0528721976847502
 -0.3822192049933977   0.1205234143488429   0.0219534509575604   0.1039019003315892   0.2600023760337314
 -0.1024153275987557   0.0322941516349634   0.1039019003315825  -0.3379732886239017   0.0696674268850647
 -0.2562824013127558   0.0808123444353763   0.2600023760337168   0.0696674268851137  -0.1914791162095817
global index=5  local index=2 (global=2, Rn=0)
  0.0146270291079884  -0.0369419989725479  -0.0476938331823509  -0.0127795241314347  -0.0160861237152351
  0.0307384433205091   0.0083881352460358   0.0110957142977187   0.0029730876962543   0.0037423503416214
  0.1449027751974968  -0.1794617792833824  -0.2412480638319856  -0.0646422241133106  -0.0813678822169575
  0.0316273920512709  -0.0623560037096131  -0.0819423175369234  -0.0268094082017528  -0.0337461279958289
  0.0084745341894598  -0.0167082408977207  -0.0268094082017545   0.0109281963275344  -0.0090422477769439
  0.0106672520822612  -0.0210313644999272  -0.0337461279959122  -0.0090422477769013   0.0067298986141786
 -0.0993993101457343   0.1623421227470773   0.2227543462774880   0.0757578321043458   0.0953595648081919
 -0.0266339649781877   0.0434994408450914   0.0757578321043504  -0.0396784811776344   0.0255515184733788
 -0.0335252902423789   0.0547545730013945   0.0953595648081917   0.0255515184733716  -0.0278149618155616
global index=5  local index=3 (global=3, Rn=0)
  0.0038951129700528  -0.0103114896343650  -0.0098817501433264   0.0033632732217226  -0.0096962148209169
  0.0184244984086089  -0.0202610906215198  -0.0218047292575815   0.0074212827642073  -0.0213953334101615
  0.0655912275777930  -0.1210836584470295  -0.1204529565356172   0.0409964021873648  -0.1181913856792029
  0.0087224846704613  -0.0203436723065260  -0.0172936370493365   0.0076891137963639  -0.0221674821630545
 -0.0029687149232758   0.0069240091388066   0.0076891137963758   0.0026810107875375   0.0075447464336165
  0.0085587151981576  -0.0199617086111249  -0.0221674821629707   0.0075447464336070  -0.0164532595408241
 -0.0304113465314024   0.0694513397872524   0.0589458018754205  -0.0270034928329511   0.0778502518714146
  0.0103505619897123  -0.0236379009719515  -0.0270034928329751  -0.0112034082924297  -0.0264964873250187
 -0.0298403566860563   0.0681473524835966   0.0778502518714298  -0.0264964873250115   0.0559944698196174
global index=5  local index=4 (global=4, Rn=0)
  0.0038951129726838  -0.0103114896410663  -0.0068762100288898  -0.0078535551458752  -0.0096962148279502
  0.0184244984141326  -0.0202610906165771  -0.0151728080244151  -0.0173293840703440  -0.0213953334076162
  0.0655912276043046  -0.1210836584769670  -0.0838171189708299  -0.0957304042845207  -0.1181913857181320
  0.0060695358300713  -0.0141561324138225  -0.0056410071393781  -0.0124938331224036  -0.0154252294316660
  0.0069322248958891  -0.0161682040103977  -0.0124938331224193  -0.0089716191253100  -0.0176176832108317
  0.0085587152032204  -0.0199617086216307  -0.0154252294316589  -0.0176176832108086  -0.0164532595512080
 -0.0211617176038773   0.0483276739524108   0.0180227882976763   0.0438772454252086   0.0541720519939844
 -0.0241695229620615   0.0551966927806844   0.0438772454252529   0.0297196052865725   0.0618717572493657
 -0.0298403567014953   0.0681473525111088   0.0541720519939975   0.0618717572493531   0.0559944698483471
global index=5  local index=5 (global=6, Rn=0)
  0.0095922934692388   0.0428707609658228   0.1543265368031508  -0.0247302796636674  -0.0066264584471533  -0.0175190443031929   0.0958860510467271   0.0256925898760623   0.0679261213050324
  0.0428707609657686  -0.0235464078889348  -0.0852066827067803   0.0137269598894657   0.0036781278072925   0.0097242417684407  -0.1069898853252897  -0.0286678532961157  -0.0757921287788388
  0.1543265368031440  -0.0852066827067396   0.2992956002228727  -0.1119690342148780  -0.0300020122165762  -0.0793193808429291   0.2054604493442947   0.0550529613341234   0.1455491310072226
  0.0247302796636971  -0.0137269598894378   0.1119690342149550  -0.0320198336360377  -0.0119622073265856  -0.0316257080295979   0.0988425554103829   0.0378585469964774   0.1000905034535583
  0.0066264584471320  -0.0036781278072875   0.0300020122166009  -0.0119622073266352   0.0094184682101576  -0.0084740829043476   0.0378585469964992  -0.0323032987837571   0.0268191695001523
  0.0175190443031311  -0.0097242417684344   0.0793193808429341  -0.0316257080295653  -0.0084740829043888  -0.0097800656019136   0.1000905034535214   0.0268191695000965   0.0284571089521520
 -0.0958860510466709   0.1069898853253275  -0.2054604493442785   0.0988425554104164   0.0378585469964621   0.1000905034534856  -0.1790072762078438  -0.0811240101560672  -0.2144758228423462
 -0.0256925898760209   0.0286678532960937  -0.0550529613341096   0.0378585469964860  -0.0323032987837710   0.0268191695001605  -0.0811240101560774   0.1020145392505488  -0.0574686233759982
 -0.0679261213051091   0.0757921287788555  -0.1455491310072085   0.1000905034535627   0.0268191695001296   0.0284571089522177  -0.2144758228423538  -0.0574686233760440  -0.0281840110190869
global index=6  local index=0 (global=6, Rn=0)
  0.9999999976585150   0.0000000615538267  -0.0000001543650218  -0.0000000000604325  -0.0000000000000465   0.0000000000000248   0.0000000000050909   0.0000000000000425   0.0000000000000373
  0.0000000615538220   0.9999990177651495  -0.0000016072424476  -0.0000000000310569   0.0000000000000484   0.0000000000000167  -0.0000000000497228  -0.0000000000000336   0.0000000000000330
 -0.0000001543650077  -0.0000016072425143   0.9999884651157448   0.0000000000241669   0.0000000000000129  -0.0000000000000271   0.0000000000003671  -0.0000000000000183  -0.0000000000000171
  0.0000000000604186   0.0000000000310696  -0.0000000000241450   0.9999999596205429  -0.0000000000000387  -0.0000000000000029   0.0000001115758511  -0.0000000000000155   0.0000000000000098
 -0.0000000000000426   0.0000000000000151  -0.0000000000000220   0.0000000000000093   0.9999999596205654  -0.0000000000000049   0.0000000000000333   0.0000001115758742   0.0000000000000175
  0.0000000000000133   0.0000000000000011   0.0000000000000046  -0.0000000000000164   0.0000000000000348   0.9999999596205146  -0.0000000000000017  -0.0000000000000018   0.0000001115758813
 -0.0000000000050364   0.0000000000496766  -0.0000000000003297   0.0000001115758692   0.0000000000000109   0.0000000000000127   1.0000004255551413  -0.0000000000000243   0.0000000000000032
 -0.0000000000000317  -0.0000000000000086   0.0000000000000138   0.0000000000000231   0.0000001115758836   0.0000000000000240  -0.0000000000000412   1.0000004255551020   0.0000000000000377
  0.0000000000000122   0.0000000000000196  -0.0000000000000153  -0.0000000000000298   0.0000000000000421   0.0000001115759192   0.0000000000000186  -0.0000000000000406   1.0000004255550874
global index=6  local index=1 (global=1, Rn=0)
  0.5181119702422430  -0.1701575725220084   0.4473355162286465   0.1198631886843826   0.3512080001952818
 -0.3627316741552514   0.1196912897458030  -0.1798161295131472  -0.0481815860319986  -0.1411756074759474
  0.2981963888553468  -0.5159007147880618  -0.0874205627216983  -0.0234242688636881  -0.0686348387185518
 -0.3160762577320812  -0.1564685126815216   0.2309205339521965  -0.0595199381748718  -0.1743978171079281
 -0.0846923768507834  -0.0419256110421175  -0.0595199381748576   0.4371036511640667  -0.0467297536184977
 -0.2481549225583203  -0.1228451384672133  -0.1743978171079431  -0.0467297536184633   0.3161303390934382
  0.3006954499045698  -0.1024933188802924  -0.5102903029238097   0.0289821479920272   0.0849198352668131
  0.0805711018707347  -0.0274630016489746   0.0289821479919871  -0.6106874101741602   0.0227542009707737
  0.2360792823229284  -0.0804686242237558   0.0849198352667929   0.0227542009707421  -0.5517816629402325
global index=6  local index=2 (global=2, Rn=0)
  0.5181119646923010  -0.1701575759893457  -0.4473355181102674  -0.1198631935193797   0.3512079970279003
 -0.3627316741575953   0.1196912860295469   0.1798161331960098   0.0481815887596693  -0.1411756085004743
  0.2981963900712171  -0.5159007131930795   0.0874205625778049   0.0234242696715056  -0.0686348376978622
  0.3160762575760885   0.1564685089004098   0.2309205270702545  -0.0595199411713780   0.1743978172802262
  0.0846923798691024   0.0419256115437444  -0.0595199411714238   0.4371036460599999   0.0467297553530036
 -0.2481549191539438  -0.1228451338740055   0.1743978172802650   0.0467297553530292   0.3161303370441261
 -0.3006954541299470   0.1024933171944015  -0.5102902975098906   0.0289821500038368  -0.0849198369702538
 -0.0805711059140769   0.0274630021895235   0.0289821500037763  -0.6106874075407580  -0.0227542022493385
  0.2360792825181387  -0.0804686218359010  -0.0849198369702507  -0.0227542022493802  -0.5517816606708430
global index=6  local index=3 (global=3, Rn=0)
  0.1599917069427561  -0.2179215336690301  -0.0840768764358836   0.3137791716645973  -0.2103925681152027
 -0.1458729471174446   0.0951144593886163   0.0824742364752881  -0.3077980379612747   0.2063821487065203
  0.3716209333000560  -0.3061994260928626  -0.0204206282313672   0.0762108213687463  -0.0511002382371684
  0.0441160198339408  -0.0218480640554765   0.1555238580991010   0.0728063260536736  -0.0488174847049468
 -0.1646432259076823   0.0815380843392176   0.0728063260536502  -0.0966846508508859   0.1821893315118500
  0.1103951895140869  -0.0546722297478287  -0.0488174847049580   0.1821893315118789   0.0528721980486336
 -0.1024153284068880   0.0322941514695854  -0.3379732910005575  -0.1039019002373524   0.0696674272770133
  0.3822192055123707  -0.1205234129444021  -0.1039019002374097   0.0219534455391225  -0.2600023757978318
 -0.2562824033350747   0.0808123440215835   0.0696674272770221  -0.2600023757978301  -0.1914791177621735
global index=6  local index=4 (global=4, Rn=0)
  0.1599917050740533  -0.2179215326510026   0.0840768754830864  -0.3137791701587924  -0.2103925657309423
 -0.1458729445699902   0.0951144598829217  -0.0824742358479023   0.3077980376309133   0.2063821471366988
  0.3716209330037606  -0.3061994248393696   0.0204206287106775  -0.0762108236554868  -0.0511002394366334
 -0.0441160192784744   0.0218480641727862   0.1555238565492768   0.0728063256882365   0.0488174841409115
  0.1646432249101119  -0.0815380853097045   0.0728063256881964  -0.0966846530374350  -0.1821893305974262
  0.1103951881239189  -0.0546722300413733   0.0488174841409915  -0.1821893305974580   0.0528721976846937
  0.1024153275987204  -0.0322941516349684  -0.3379732886238944  -0.1039019003316323  -0.0696674268850837
 -0.3822192049933671   0.1205234143489024  -0.1039019003316290   0.0219534509575416   0.2600023760336793
 -0.2562824013127675   0.0808123444353926  -0.0696674268850620   0.2600023760336562  -0.1914791162096198
global index=6  local index=5 (global=5, Rn=0)
  0.0095922934691718   0.0428707609657955   0.1543265368031633   0.0247302796636512   0.0066264584471358   0.0175190443031450  -0.0958860510466744  -0.0256925898760384  -0.0679261213050311
  0.0428707609658260  -0.0235464078888900  -0.0852066827067682  -0.0137269598894751  -0.0036781278072613  -0.0097242417685113   0.1069898853253206   0.0286678532961289   0.0757921287788336
  0.1543265368031893  -0.0852066827067861   0.2992956002229124   0.1119690342148970   0.0300020122165812   0.0793193808429281  -0.2054604493442833  -0.0550529613341122  -0.1455491310072274
 -0.0247302796637143   0.0137269598894682  -0.1119690342149606  -0.0320198336360319  -0.0119622073265994  -0.0316257080295669   0.0988425554104551   0.0378585469964686   0.1000905034534876
 -0.0066264584470935   0.0036781278072959  -0.0300020122166087  -0.0119622073266468   0.0094184682101012  -0.0084740829043718   0.0378585469965003  -0.0323032987837206   0.0268191695001349
 -0.0175190443032002   0.0097242417684686  -0.0793193808429174  -0.0316257080295648  -0.0084740829043733  -0.0097800656019399   0.1000905034535623   0.0268191695000865   0.0284571089521734
  0.0958860510467099  -0.1069898853252933   0.2054604493443436   0.0988425554104160   0.0378585469965052   0.1000905034535657  -0.1790072762078933  -0.0811240101560294  -0.2144758228423208
  0.0256925898760805  -0.0286678532960512   0.0550529613340826   0.0378585469965299  -0.0323032987837220   0.0268191695001268  -0.0811240101560530   0.1020145392505589  -0.0574686233759815
  0.0679261213050778  -0.0757921287788484   0.1455491310072240   0.1000905034535376   0.0268191695001669   0.0284571089522276  -0.2144758228423002  -0.0574686233760328  -0.0281840110190337


Overlap matrix with position operator x
global index=1  local index=0 (global=1, Rn=0 0 0 0)
 -0.0000000384081205  -0.0000000425213428   1.0204010563819410  -0.0000000053415667   0.0000000196246037
 -0.0000000425213428  -0.0000000717829018  -1.1501898117515537  -0.0000000285558669   0.0000001052822115
  1.0204010563819410  -1.1501898117515539  -0.0000000390997041  -0.0000000001612855  -0.0000000040227394
 -0.0000000053415667  -0.0000000285558669  -0.0000000001612855  -0.0000000026605878  -0.0000000024513161
  0.0000000196246037   0.0000001052822115  -0.0000000040227394  -0.0000000024513161   0.0000000016516236
global index=1  local index=1 (global=2, Rn=0 0 0 0)
  0.5299508124955875  -0.1249024019038893  -0.0970048934672499  -0.1630014367228902   0.0000000372542721
 -0.8185369184087131   0.3457737781345198  -0.1923090148335137   0.1685598345161867   0.0000001003540313
  1.4142125169324324  -0.5018455989413032  -0.1451142676463003  -0.4264163453074081  -0.0000000055824270
  0.2419279912402426   0.0856198798464880  -0.0388832391521227   0.6608094499082133   0.0000000006780262
 -0.0000000044681404  -0.0000000318714800  -0.0000000073994564   0.0000000002755015   0.7231477830448325
global index=1  local index=2 (global=3, Rn=0 0 0 0)
  0.1590213276518373  -0.1242379874523752   0.0767488072986290   0.1687764159059319  -0.2058772247782186
 -0.3386335255619070   0.2057590173751438  -0.2150477523307175  -0.2692249868076481   0.3284066629360948
  0.4162312736784393  -0.4786953795534521   0.0757718668994577   0.4604939808193151  -0.5617207848187235
 -0.2177919200713946   0.0309903468608043  -0.0862815237766425   0.0270300544416727   0.2598925025658061
  0.2656674770765962  -0.0378027504852377   0.1052481488629073   0.2598925347254605  -0.0769350506079731
global index=1  local index=3 (global=4, Rn=0 0 0 0)
  0.0471777908015001  -0.0368584378169060   0.2119217432844102  -0.0653500077545079  -0.0610788284790503
 -0.1004643978506825   0.0610437292780551  -0.4306699551621318   0.1042435425305522   0.0974304005362096
  0.2418018690132192  -0.4538753035763700   0.0669376058121009  -0.3782981249387082  -0.3535731750983712
  0.0843287001965550  -0.0119994009313754   0.3353111949212425  -0.0364387640625627  -0.1006299906362086
  0.0788171089048272  -0.0112151151790073   0.3133958107291809  -0.1006299846298752  -0.0228247704245459
global index=1  local index=4 (global=5, Rn=0 0 0 0)
 -0.3104937930729058   0.3194000852040649  -0.0877086912411234  -0.0903898686217125  -0.0710188644564158  -0.1777164024289589   0.0153405592938314   0.1044578650287807   0.2613936210160508
  0.5594318236059859  -0.4298560076926109   0.2818920480084536  -0.0290297281298099   0.0759821550412756   0.1901363630483227   0.1138147055213700  -0.1415082167449466  -0.3541082869882633
  0.8179944932654727  -0.4726847598821111   0.6968681864266317   0.0456302408220257   0.1882126763432951   0.4709802586210071  -0.0805992904277344  -0.2697310556138677  -0.6749705969946274
  0.1763266098057535  -0.1095915457195316  -0.0828759061413766   0.0525549202743419  -0.2907348095881057   0.0942390306162320   0.0137908073166383   0.4334773567208428  -0.0739417427628854
  0.4412365918487205  -0.2742400582236011  -0.2073887416751096   0.1315125337823187   0.0942390228208005  -0.0925723793405684   0.0345098151011382  -0.0739417297962023   0.2779952450079131
global index=1  local index=5 (global=6, Rn=0 0 0 0)
  0.4595233500925240  -0.1579346870159531  -0.0749409071240904   0.2195497245741407  -0.0654620289224612  -0.1918085606761253  -0.5261776335849149   0.0242056166384866   0.0709242144527161
 -0.3803872630611985   0.4865015894820257  -0.1038612019883805  -0.4501793533645411  -0.0008412526933059  -0.0024648455627823   0.7758892265381078  -0.0699203313460895  -0.2048719526349725
  0.8586846969984427  -0.4951601429077693   1.0514731952666347   0.4214951596871284  -0.1151322489102590  -0.3373460135481585  -0.0959462569122829   0.1530035739887889   0.4483117367896552
  0.1208614636751461  -0.0002405115020120  -0.0536120736242557   0.0583291502319586   0.4106607568331587  -0.0437358799569501  -0.0837854868450915  -0.3319891971568323   0.0043736389014585
  0.3541330461777250  -0.0007051399288759  -0.1570873276697425   0.1709087362382781  -0.0437358718868412   0.2974380049335719  -0.2454977504140195   0.0043736275816980  -0.3206669218569864
global index=2  local index=0 (global=2, Rn=0 0 0 0)
  0.0000000626165505   0.0000000416681867   1.0204010893387718  -0.0000000117314112  -0.0000000062466780
  0.0000000416681867   0.0000001069861007  -1.1501897489698818  -0.0000000402377794  -0.0000000256243115
  1.0204010893387718  -1.1501897489698818   0.0000000489728352  -0.0000000007733835  -0.0000000017976711
 -0.0000000117314112  -0.0000000402377794  -0.0000000007733835  -0.0000000007061189  -0.0000000013061498
 -0.0000000062466780  -0.0000000256243115  -0.0000000017976711  -0.0000000013061498   0.0000000018853885
global index=2  local index=1 (global=1, Rn=0 0 0 0)
 -0.5299508218663970   0.1249024306348620  -0.0970048779651136  -0.1630014472136594   0.0000000056122901
  0.8185368698538346  -0.3457738063969281  -0.1923090702762104   0.1685598125287580  -0.0000001008033112
  1.4142124487301688  -0.5018456408868680   0.1451141698764617   0.4264163276968111  -0.0000000492835457
  0.2419280036680107   0.0856198585990902   0.0388832367890438  -0.6608094207994181  -0.0000000145334117
  0.0000000193541467  -0.0000000285179956  -0.0000000072793185  -0.0000000032669524  -0.7231477563930652
global index=2  local index=2 (global=3, Rn=0 0 0 0)
 -0.0471777559099898   0.0368583834950615   0.2119217504367573  -0.0653499682153656   0.0610787967997542
  0.1004643545157906  -0.0610436799868360  -0.4306698881011615   0.1042434729927180  -0.0974303608662723
  0.2418018459757361  -0.4538752889363316  -0.0669374502812253   0.3782980645551948  -0.3535731393638246
  0.0843286981133160  -0.0119993772241859  -0.3353112263709944   0.0364388663031194  -0.1006300496594805
 -0.0788170978946248   0.0112151118680442   0.3133958235033639  -0.1006300243162538   0.0228248498650779
global index=2  local index=3 (global=4, Rn=0 0 0 0)
 -0.1590213169114901   0.1242379380143027   0.0767488436715783   0.1687763741001772   0.2058771709730274
  0.3386335188178996  -0.2057588555441724  -0.2150476985183059  -0.2692250066640930  -0.3284065937673254
  0.4162313065688138  -0.4786953075602426  -0.0757717712555781  -0.4604939460022278  -0.5617207346471548
 -0.2177919602488181   0.0309902889658220   0.0862815554054859  -0.0270300468144250   0.2598924891786503
 -0.2656675271064481   0.0378027466344944   0.1052481888755739   0.2598925282109127   0.0769350795937900
global index=2  local index=4 (global=5, Rn=0 0 0 0)
 -0.0569865492863498   0.0147234190668072  -0.2490074820972018  -0.0882764536827736  -0.0291955759200660  -0.0367496446614903   0.2245742783085818   0.0775567349092962   0.0976239039423939
  0.1561877533529494  -0.1186054775805455   0.4550229621153398   0.2148320848990304   0.0718414154232500   0.0904297146183436  -0.4457605595073178  -0.1617732408092553  -0.2036306871392878
  0.2002065519136415  -0.1575141664536016   0.6092608775298707   0.2783336102209087   0.1071181583325459   0.1348339505704478  -0.6089049997196907  -0.2572626529470553  -0.3238272860663224
  0.0494164953069024  -0.0675788233884643   0.0781757068947312   0.0792125585418111  -0.0351362627076548   0.0322043163669674  -0.1648517600399566   0.1188319422331398  -0.0714717531442770
  0.0622026405454184  -0.0850640256465744   0.0984027064142354   0.0997081635631243   0.0322043601795684  -0.0201839467862420  -0.2075058796125973  -0.0714717706485162   0.0856477764531966
global index=2  local index=5 (global=6, Rn=0 0 0 0)
 -0.4595233609240318   0.1579346677835805   0.0749410139487196   0.2195497478026334  -0.0654620286356440   0.1918085725893063  -0.5261776220373762   0.0242056442271271  -0.0709242564560001
  0.3803873008058342  -0.4865015653393589   0.1038609122458432  -0.4501793340074814  -0.0008412735048047   0.0024648652877369   0.7758892054821357  -0.0699203446805636   0.2048719433296303
  0.8586847872413585  -0.4951600755831427   1.0514734511963073  -0.4214951288776711   0.1151322560970822  -0.3373460173070736   0.0959462475852589  -0.1530036031171450   0.4483117461495435
  0.1208613907821067  -0.0002406789542393  -0.0536120614844381  -0.0583291554919175  -0.4106607522207162  -0.0437358810447163   0.0837854920693325   0.3319892010895139   0.0043736240753831
 -0.3541330757963257   0.0007052745768282   0.1570873253051060   0.1709087401739477  -0.0437358731011266  -0.2974380072366037  -0.2454977411735296   0.0043736306045572   0.3206668975755837
global index=3  local index=0 (global=3, Rn=0 0 0 0)
 -0.0000000710735006  -0.0000000659926804   1.0204010871945404   0.0000000140199735   0.0000000006727888
 -0.0000000659926804  -0.0000000966943666  -1.1501897252029412   0.0000000345704585   0.0000000015841782
  1.0204010871945404  -1.1501897252029409  -0.0000000664226396  -0.0000000023045290   0.0000000000294558
  0.0000000140199735   0.0000000345704585  -0.0000000023045290  -0.0000000014904311   0.0000000000133886
  0.0000000006727888   0.0000000015841782   0.0000000000294558   0.0000000000133886  -0.0000000002665009
global index=3  local index=1 (global=1, Rn=0 0 0 0)
 -0.1590212844559856   0.1242379433779127   0.0767488057269417   0.1687764531315252  -0.2058772464317175
  0.3386334128616648  -0.2057590839394655  -0.2150475250733239  -0.2692250999468056   0.3284067385080315
  0.4162312330496843  -0.4786954763181796  -0.0757720318050984  -0.4604941710897237   0.5617210121318678
 -0.2177918700591047   0.0309902919120752   0.0862813590979417  -0.0270299094976040  -0.2598925238196875
  0.2656674301951960  -0.0378027548679485  -0.1052479065847754  -0.2598926086677289   0.0769352763559416
global index=3  local index=2 (global=2, Rn=0 0 0 0)
  0.0471778301509408  -0.0368584776169541   0.2119217735974991  -0.0653500261064636   0.0610788311451187
 -0.1004644512939404   0.0610437857637353  -0.4306699202506940   0.1042436362426591  -0.0974303329011080
  0.2418018578751646  -0.4538753005513047   0.0669377343604672  -0.3782979862631613   0.3535730238199368
  0.0843287168860200  -0.0119994203081585   0.3353113488185833  -0.0364386194048742   0.1006299478017707
 -0.0788171831167050   0.0112151893020971  -0.3133959598843795   0.1006300250897511  -0.0228247544253730
global index=3  local index=3 (global=4, Rn=0 0 0 0)
 -0.0380128561388222   0.0513155680933004   0.0542250702318241   0.0967882162776255  -0.0000000009273905
  0.0915326673489718  -0.1010451017950152  -0.1348726076137054  -0.2011854798940291   0.0000000026960751
  0.1077177423690495  -0.2123513932437096  -0.0380217884105238  -0.2871666342114280   0.0000000018799841
 -0.1028497205387438   0.0879720131011177   0.1418988398722081   0.2135924266914570  -0.0000000031716590
 -0.0000000004295169   0.0000000003013093   0.0000000012153435  -0.0000000005964054  -0.0574839834466815
global index=3  local index=4 (global=5, Rn=0 0 0 0)
 -0.0124835459097685  -0.0178685060340793  -0.1261111624887546  -0.0198367448696126   0.0088963681273644  -0.0256481470369841   0.0622571002888712  -0.0292038906041296   0.0841938752962197
  0.0345414524616056   0.0079892631798361   0.2734111148740403   0.0510075787123804  -0.0231312812732533   0.0666873112253671  -0.1522843519206580   0.0735200273607683  -0.2119559850765373
  0.0350285347337170   0.0359545776685258   0.3326754300389737   0.0486567294242799  -0.0265123625576400   0.0764349245611330  -0.1489549936844556   0.0879207091807704  -0.2534727557980007
 -0.0104243483072174   0.0056648575350344  -0.0654556428367399  -0.0173223664938443  -0.0070310728939038  -0.0218797712721201   0.0525447716892701   0.0304654786249075   0.0698205854418715
  0.0300529906465084  -0.0163312586165042   0.1887056814154033   0.0499398602098909  -0.0218795724848224   0.0484582949616081  -0.1514851382680605   0.0698206326995965  -0.1466067694387332
global index=3  local index=5 (global=6, Rn=0 0 0 0)
 -0.0831965298155757   0.0855831379427869  -0.0235013482409140   0.1556267259633333   0.0710188560641400  -0.0476189697249360  -0.3465123643176334  -0.1044579130961419   0.0700402590654008
  0.1498993004927164  -0.1151797139664354   0.0755319662265486  -0.2922395747215077  -0.0759820960962116   0.0509469371219692   0.6040145274879508   0.1415084124116253  -0.0948830837061784
  0.2071814706175029  -0.0930474232213609   0.9839650309729130  -0.1182304292112831  -0.2155469892726223   0.1445267679883155   0.0807626659055145   0.6246411449323975  -0.4188291243436235
 -0.1763264985556108   0.1095914684575755   0.0828770030362473   0.2907347768343481   0.0525549041701695  -0.0942390273278079  -0.4334772801806489   0.0137907592808812   0.0739417944619683
  0.1182289356582505  -0.0734825971489152  -0.0555700311586447  -0.1949410252172558  -0.0942390045601496  -0.0248046771712098   0.2906515439663482   0.0739417520004967   0.0744885611262089
global index=4  local index=0 (global=4, Rn=0 0 0 0)
  0.0000000598091986   0.0000000570783347   1.0204010853353442  -0.0000000018207906  -0.0000000004572849
  0.0000000570783347   0.0000001329381865  -1.1501897503387222  -0.0000000030764468  -0.0000000008882464
  1.0204010853353442  -1.1501897503387222   0.0000000652602184  -0.0000000003434756  -0.0000000002502378
 -0.0000000018207906  -0.0000000030764468  -0.0000000003434756   0.0000000028296915  -0.0000000000241533
 -0.0000000004572849  -0.0000000008882464  -0.0000000002502378  -0.0000000000241533   0.0000000030574877
global index=4  local index=1 (global=1, Rn=0 0 0 0)
 -0.0471777848523096   0.0368584294385524   0.2119217802151178  -0.0653499995699379  -0.0610788239729161
  0.1004643794600880  -0.0610437223370956  -0.4306699098301688   0.1042435403211113   0.0974303417392086
  0.2418018283569933  -0.4538753464198301  -0.0669375755656767   0.3782979333563792   0.3535730023828890
  0.0843286919774202  -0.0119993954682654  -0.3353113834671655   0.0364387539230209   0.1006300072556394
  0.0788171189908425  -0.0112151198789602  -0.3133959753569046   0.1006300270435571   0.0228248359740044
global index=4  local index=2 (global=2, Rn=0 0 0 0)
  0.1590213298969659  -0.1242379551064928   0.0767488446469017   0.1687763740764943   0.2058771837469092
 -0.3386335028615809   0.2057589881162321  -0.2150475245784950  -0.2692250254221352  -0.3284066488783277
  0.4162313211880657  -0.4786954276904381   0.0757721882487059   0.4604940843604151   0.5617209519044613
 -0.2177919816882978   0.0309903811522459  -0.0862813953840721   0.0270299964752128  -0.2598924562936673
 -0.2656675606211452   0.0378028647153717  -0.1052479490507390  -0.2598924910379166  -0.0769352249312210
global index=4  local index=3 (global=3, Rn=0 0 0 0)
  0.0380127800548732  -0.0513154364892117   0.0542250430284721   0.0967879816307276  -0.0000000013650801
 -0.0915325720517366   0.1010449410259806  -0.1348723588374665  -0.2011853403748231   0.0000000026116573
  0.1077176631996100  -0.2123514349833641   0.0380215152708932   0.2871664862359192  -0.0000000003778924
 -0.1028496990110300   0.0879720033204723  -0.1418986313039229  -0.2135924994880735   0.0000000026511360
 -0.0000000015733610   0.0000000031108647   0.0000000012293211  -0.0000000033005939   0.0574841072844110
global index=4  local index=4 (global=5, Rn=0 0 0 0)
 -0.0086866762070406  -0.0124338194635244  -0.0877538703805498  -0.0063543983139887  -0.0144555629289211  -0.0178472324272855   0.0179995521909728   0.0474526147995693   0.0585862884376661
  0.0240357046897691   0.0055593070376253   0.1902521365293099   0.0159524120868919   0.0375857040835967   0.0464043242241347  -0.0408669984943888  -0.1194607797658951  -0.1474895482877490
  0.0192308194095577   0.0445393730789752   0.2334785158819235   0.0103430734479573   0.0350524632685287   0.0432767487223575  -0.0286128693804207  -0.1196002004202990  -0.1476616480036174
  0.0169382066944215  -0.0092045062969283   0.1063565867256306   0.0135923837848909   0.0186220040485440   0.0355518243587758  -0.0369942780781609  -0.0538380443115987  -0.1134496647316423
  0.0209123767242470  -0.0113641252808443   0.1313102883419453   0.0167815509389381   0.0355518307404252   0.0337196450640110  -0.0456741439631207  -0.1134497057113070  -0.1020163238941915
global index=4  local index=5 (global=6, Rn=0 0 0 0)
  0.0831965422610920  -0.0855831870851984   0.0235011564446336   0.1556267450436135   0.0710188407910533   0.0476189575833458  -0.3465123689982388  -0.1044578708093472  -0.0700402009806677
 -0.1498992502255592   0.1151799480698055  -0.0755315801080141  -0.2922395595390145  -0.0759820748122123  -0.0509468666762678   0.6040145394838535   0.1415084005436934   0.0948830006009964
  0.2071814869862943  -0.0930475214484564   0.9839654529969455   0.1182304208804829   0.2155470159637190   0.1445267699706797  -0.0807626977661101  -0.6246411338874999  -0.4188290501050106
 -0.1763264973517245   0.1095913533250411   0.0828765471376436  -0.2907347791623805  -0.0525549148767073  -0.0942390004487707   0.4334772927433264  -0.0137907574384243   0.0739416977947754
 -0.1182289438882392   0.0734825248868127   0.0555700637639281  -0.1949410395897827  -0.0942389798621288   0.0248046948123747   0.2906515990003142   0.0739417138589274  -0.0744886397586168
global index=5  local index=0 (global=5, Rn=0 0 0 0)
  0.0000006278360228   0.0000004613176397  -0.0000001863806343   0.6789353699649321   0.0000000189932420  -0.0000000086065708  -0.1575852037161695   0.0000000121570463  -0.0000000069572205
  0.0000004613176397   0.0000001887141028  -0.0000000096741329  -0.3478255245644166   0.0000000824969752  -0.0000000233975306   0.7313697223850036  -0.0000002365016027   0.0000000013087103
 -0.0000001863806343  -0.0000000096741329  -0.0000010880356505   0.3262116698728859   0.0000000068592034  -0.0000000014551300  -1.5243153547054324  -0.0000000033159667   0.0000000422866249
  0.6789353699649320  -0.3478255245644166   0.3262116698728859  -0.0000000428228890  -0.0000000032496044   0.0000000106878475  -0.0000000588447323   0.0000000089298521  -0.0000000045096994
  0.0000000189932421   0.0000000824969752   0.0000000068592034  -0.0000000032496044   0.0000000103284151   0.0000000009828431   0.0000000089817907  -0.0000000076380198   0.0000000034531804
 -0.0000000086065708  -0.0000000233975306  -0.0000000014551300   0.0000000106878475   0.0000000009828431  -0.0000000082012455  -0.0000000044123143   0.0000000035520968  -0.0000000117937027
 -0.1575852037161695   0.7313697223850036  -1.5243153547054327  -0.0000000588447322   0.0000000089817907  -0.0000000044123143   0.0000000452184866   0.0000000126015607   0.0000000016631631
  0.0000000121570463  -0.0000002365016027  -0.0000000033159667   0.0000000089298521  -0.0000000076380198   0.0000000035520968   0.0000000126015607  -0.0000000171853698   0.0000000028553063
 -0.0000000069572205   0.0000000013087103   0.0000000422866249  -0.0000000045096994   0.0000000034531804  -0.0000000117937028   0.0000000016631631   0.0000000028553063  -0.0000000329614030
global index=5  local index=1 (global=1, Rn=0 0 0 0)
  0.1522830288034950  -0.0709072839160260  -0.0896133110368073  -0.0668662366742235  -0.1673249452518813
 -0.1025371457602874  -0.1547389563497026   0.4176225669848836   0.1289658437401563   0.3227210199095500
  0.9872088642936308  -0.6037977348569155   0.4764281743881293  -0.1419416689000743  -0.3551934146637782
  0.3858413615710075  -0.2648788934788502  -0.2340301543730313  -0.1580375777435135  -0.3954706287496944
  0.0565869277864670   0.0127864837763897  -0.0223798569999674   0.1591188861075708  -0.0469657161950087
  0.1416021713673126   0.0319966660543012  -0.0560029980931585  -0.0469657105962356   0.0603610419999057
 -1.0902297394170009   0.4624286293298332  -0.0171001211472997   0.3143272418422490   0.7865673060258195
 -0.1917788053926668  -0.0480975658604976   0.0308053582546052  -0.5441125673381415   0.1275714203064135
 -0.4799039642432186  -0.1203586573639919   0.0770867429980469   0.1275713807953804  -0.2758599104701699
global index=5  local index=2 (global=2, Rn=0 0 0 0)
  0.0271241264737104  -0.0562416668296701  -0.0740499163442515  -0.0240704125615594  -0.0302984462643458
  0.1914823829045197  -0.0703736611087964  -0.0937114654563386  -0.0504800836588526  -0.0635425173442891
  0.5842390796872196  -0.5769454825423719  -0.7779945704814303  -0.2935281485761320  -0.3694777183492097
  0.0935909373616129  -0.1437336002481234  -0.1928586463681257  -0.0749489831433152  -0.0943415357758132
  0.0195354690248466  -0.0242355642660876  -0.0470430265636573   0.0277055046520248  -0.0197913605781959
  0.0245900985902230  -0.0305063013055815  -0.0592150436514432  -0.0197913357519499   0.0185164000595928
 -0.3470033650484493   0.4877580878138338   0.6720028451303629   0.2707795293910387   0.3408416528901366
 -0.0755963572599520   0.0883610207132554   0.1783664638123498  -0.1093335300318557   0.0754575753709292
 -0.0951562839162215   0.1112236715256386   0.2245173123763983   0.0754575394576689  -0.0742986857327751
global index=5  local index=3 (global=3, Rn=0 0 0 0)
  0.0073686200393787  -0.0180122746734106  -0.0153354994776787   0.0067171726115486  -0.0193654092690332
  0.0760338570538539  -0.0952714151366525  -0.0751732294458837   0.0434865593327364  -0.1253717977316831
  0.2081847007925354  -0.3436936317255304  -0.2812169072016009   0.1434838602686924  -0.4136563503925515
  0.0246178913028356  -0.0526739914739349  -0.0394803731403636   0.0218654228876301  -0.0630373106251574
 -0.0062338040785991   0.0121567810622022   0.0126752708312582   0.0066333081487914   0.0165722568021258
  0.0179718769564062  -0.0350476854170695  -0.0365424195264540   0.0165722700420960  -0.0353957388229034
 -0.0927331954028120   0.2016712984629148   0.1514590634525140  -0.0850773778898798   0.2452757637695141
  0.0235474564169689  -0.0469495661896893  -0.0497017473625737  -0.0266332876934343  -0.0652178480687165
 -0.0678865144132065   0.1353541540130138   0.1432884788087349  -0.0652177072117013   0.1387660351746534
global index=5  local index=4 (global=4, Rn=0 0 0 0)
  0.0051274472297951  -0.0125338329666413  -0.0051557854480157  -0.0109145470560095  -0.0134754006605156
  0.0529084967005134  -0.0662949163444100  -0.0092697217513985  -0.0706612374154081  -0.0872404000041105
  0.1448654183394884  -0.2391604135315203  -0.0637704194531982  -0.2331429913213868  -0.2878437229888607
  0.0151707901746811  -0.0342508516939979  -0.0096618282050759  -0.0307158777319122  -0.0379226441055882
  0.0101291463111064  -0.0197532622900016  -0.0092559000514853  -0.0131947563127037  -0.0269278411329215
  0.0125057213660862  -0.0243879204250681  -0.0114275676301371  -0.0269278425420104  -0.0246300901245769
 -0.0570478581905135   0.1305208201199314   0.0353019418056745   0.1186108848588449   0.1464402271259068
 -0.0382616076718905   0.0762870574747754   0.0360050184067439   0.0515580386801163   0.1059706763861907
 -0.0472388576670831   0.0941861712578405   0.0444527918171057   0.1059707171111881   0.0965603011047010
global index=5  local index=5 (global=6, Rn=0 0 0 0)
  0.0207261223298632  -0.0140759849588443   0.1014361460526471  -0.0294165466433253  -0.0108112716731044  -0.0285828883886562   0.0918092361941332   0.0348601723462646   0.0921634019189797
  0.1993382433801053  -0.0508782054725515   0.0054798245144552   0.0171891189040304  -0.0133217104402663  -0.0352234651458890  -0.1620202647808984  -0.0191783853455177  -0.0507031657085530
  0.5654759224978380  -0.3736944406435225   0.6466996460557372  -0.2346278212057445  -0.1220326903050761  -0.3226284168158640   0.3126302928655940   0.2169063857434274   0.5734600369013716
  0.0774531773041172  -0.0421321850460485   0.2492330511279712  -0.0691851592135733  -0.0331553250403946  -0.0876562317822409   0.1695144547815229   0.0840981798126065   0.2223390573524339
  0.0178243854809944  -0.0292177589612712   0.0076174099289222  -0.0185381023140352   0.0203506219862523  -0.0183099531065289   0.0349475984940371  -0.0576266466927373   0.0384565932170677
  0.0471241243788037  -0.0772459574617221   0.0201386085209497  -0.0490110823826663  -0.0183099246469202  -0.0211316666558294   0.0923945669429439   0.0384565708235711   0.0294990251027547
 -0.3225532874402943   0.3003274158365372  -0.5752468432518911   0.2576240392934999   0.1286543893005977   0.3401372064011925  -0.3867814325736770  -0.2469319588280321  -0.6528393549761148
 -0.0761679441360743   0.1047077568398314  -0.0209962863750057   0.0795038091296637  -0.0819694111669756   0.0774399043246919  -0.1036377868680343   0.2204233238431406  -0.1241726295594265
 -0.2013728659125999   0.2768268559210105  -0.0555094959721731   0.2101923091005008   0.0774397720792831   0.0934753769204398  -0.2739977758637698  -0.1241725878703896  -0.0608970909239053
global index=6  local index=0 (global=6, Rn=0 0 0 0)
 -0.0000001977592233  -0.0000001629195682   0.0000000405407916   0.6789352191921514  -0.0000000004313978  -0.0000000040461806  -0.1575852915702256   0.0000000067568347  -0.0000000002524710
 -0.0000001629195682  -0.0000000700224198   0.0000001293421853  -0.3478256250857251  -0.0000000441002610   0.0000000150548296   0.7313699402883168   0.0000000462656709  -0.0000000221688423
  0.0000000405407916   0.0000001293421853   0.0000000937652476   0.3262117035650640  -0.0000000144439012  -0.0000000377989866  -1.5243155066249610   0.0000000303738163   0.0000000434452502
  0.6789352191921513  -0.3478256250857250   0.3262117035650640  -0.0000000100951074   0.0000000195748801   0.0000000107302034  -0.0000000006774393   0.0000000061748198  -0.0000000030907395
 -0.0000000004313978  -0.0000000441002610  -0.0000000144439012   0.0000000195748801  -0.0000000203451427   0.0000000007788526   0.0000000061101387  -0.0000000101068440  -0.0000000059744282
 -0.0000000040461806   0.0000000150548296  -0.0000000377989866   0.0000000107302034   0.0000000007788526  -0.0000000027598469  -0.0000000029519150  -0.0000000061157692  -0.0000000023554036
 -0.1575852915702255   0.7313699402883168  -1.5243155066249610  -0.0000000006774393   0.0000000061101387  -0.0000000029519150  -0.0000000044847753  -0.0000000491012576  -0.0000000376112829
  0.0000000067568347   0.0000000462656709   0.0000000303738163   0.0000000061748198  -0.0000000101068440  -0.0000000061157692  -0.0000000491012576   0.0000000125014832  -0.0000000035401845
 -0.0000000002524710  -0.0000000221688423   0.0000000434452502  -0.0000000030907395  -0.0000000059744282  -0.0000000023554036  -0.0000000376112829  -0.0000000035401845  -0.0000000064350833
global index=6  local index=1 (global=1, Rn=0 0 0 0)
 -0.2808075855447120  -0.1372488110233209   0.2194864265975056  -0.0504112500277411  -0.1477086774972375
  0.3603732398941474   0.3154749251355075  -0.2382205025936275   0.0686060897913576   0.2010210714566438
 -0.5010349325822274   0.6333119323321409   1.1763885901550108  -0.0201410530192172  -0.0590142951696058
  0.6711916088880938  -0.2266012737586672   0.0915323548650689   0.1433772862748379   0.4201060459497077
  0.0555550526658256   0.0590663212673009  -0.0300841152261474  -0.2139174980564670   0.0230363443711182
  0.1627804365034478   0.1730687188985109  -0.0881486662110744   0.0230363478719380  -0.1542813053822523
 -0.9558419394073325   0.9223420441293808   0.6332086310038353  -0.1251981077674840  -0.3668397870839687
 -0.0909225751853669  -0.0306784646984899   0.1115909739360759   0.5406232819596307  -0.0281398822105140
 -0.2664098984922165  -0.0898902455975436   0.3269697165584702  -0.0281398828908196   0.4677750321901817
global index=6  local index=2 (global=2, Rn=0 0 0 0)
  0.2808075684985430   0.1372488381383254   0.2194864898770887  -0.0504112360062804   0.1477086258252384
 -0.3603732988192286  -0.3154749330193561  -0.2382204901786690   0.0686061926497722  -0.2010209354201087
  0.5010350891504696  -0.6333122357882983   1.1763889592842998  -0.0201411356502526   0.0590142741043301
  0.6711916548769383  -0.2266012447470610  -0.0915323029344667  -0.1433772941187327   0.4201060412173050
  0.0555550557009272   0.0590663264684060   0.0300841191868579   0.2139174944060978   0.0230363530625995
 -0.1627804559778729  -0.1730687225003265  -0.0881486753640172   0.0230363577077400   0.1542813019574195
 -0.9558419261210747   0.9223420283998071  -0.6332086071237873   0.1251981253335080  -0.3668398006386634
 -0.0909225624378077  -0.0306784651969447  -0.1115909669239928  -0.5406232893013159  -0.0281398687690950
  0.2664098681605516   0.0898902497305029   0.3269696923839971  -0.0281398717136476  -0.4677750663949565
global index=6  local index=3 (global=3, Rn=0 0 0 0)
  0.0408041110099564  -0.0189995301986119   0.1420181778559447   0.0668662120180210  -0.0448345701392130
 -0.0274746392693524  -0.0414622998043678  -0.0291261173721249  -0.1289658713103078   0.0864729282419370
  0.2645219395135981  -0.1617877283444778   0.9681382521989657   0.1419432309612626  -0.0951746508272805
  0.1898185972309812  -0.3091727680708526   0.0023074993994155   0.3471628688745874  -0.2327767182530306
 -0.0565869212528221  -0.0127864471145451  -0.1591188926619141  -0.0223798762652510   0.0469657064980808
  0.0379421795613948   0.0085735315426885   0.1066910696312933   0.0469656919077899   0.0161737079432110
 -0.4258887402459490   0.6290438815342581  -0.1811817657096303  -0.5140057629245000   0.3446468591813259
  0.1917788134231831   0.0480975759883134   0.5441126380904316   0.0308054058887109  -0.1275713957096060
 -0.1285898468772599  -0.0322501226934820  -0.3648338166752845  -0.1275712651454543  -0.0739164962882746
global index=6  local index=4 (global=4, Rn=0 0 0 0)
 -0.0408041152650550   0.0189995695939204   0.1420181941628330   0.0668662332046802   0.0448345860203054
  0.0274746830824994   0.0414625428808803  -0.0291261789243780  -0.1289658498121183  -0.0864729467384226
 -0.2645221894770515   0.1617879726381358   0.9681388153732973   0.1419430381631211   0.0951745713439876
  0.1898186080011799  -0.3091727921565134  -0.0023075176130028  -0.3471628719989399  -0.2327767311395891
 -0.0565869398089932  -0.0127864680323819   0.1591189304885439   0.0223798649394762   0.0469657210879335
 -0.0379421901620604  -0.0085734856865305   0.1066910799510186   0.0469657134690308  -0.0161736862109051
 -0.4258887328205934   0.6290438845985948   0.1811817379162690   0.5140057564217966   0.3446468763565758
  0.1917788003118411   0.0480975462877006  -0.5441126471711314  -0.0308053655314108  -0.1275714214183947
  0.1285898844676795   0.0322500407635269  -0.3648337718215265  -0.1275713827255905   0.0739164465960940
global index=6  local index=5 (global=5, Rn=0 0 0 0)
 -0.0207261241752409   0.0140760001442791  -0.1014361517505325  -0.0294165430494209  -0.0108112691824651  -0.0285828798738313   0.0918092122274977   0.0348601594770310   0.0921633773989322
 -0.1993385900590667   0.0508782065026195  -0.0054794120725983   0.0171890690752980  -0.0133221892008841  -0.0352229271010599  -0.1620202642456562  -0.0191785908125732  -0.0507035180436561
 -0.5654761838941527   0.3736943534535342  -0.6466995452578225  -0.2346277725322856  -0.1220328115522914  -0.3226288815970896   0.3126302861948234   0.2169066433957051   0.5734608740171746
  0.0774532038793396  -0.0421321521172818   0.2492330115826700   0.0691851571594334   0.0331553381932159   0.0876562230498389  -0.1695144429132082  -0.0840981730799873  -0.2223390514974128
  0.0178243933957890  -0.0292178204222648   0.0076176220066029   0.0185381121232298  -0.0203506259693540   0.0183099568250089  -0.0349476018292110   0.0576266838472008  -0.0384565846021070
  0.0471241454331158  -0.0772458858180383   0.0201386150402180   0.0490110886449199   0.0183099347350901   0.0211316669332984  -0.0923945637598028  -0.0384565557313714  -0.0294990210064832
 -0.3225534313008547   0.3003271753030910  -0.5752465626371447  -0.2576240978404237  -0.1286543881544107  -0.3401372379605289   0.3867814752451998   0.2469319465997496   0.6528393903772778
 -0.0761679957292944   0.1047078908712396  -0.0209967374046454  -0.0795038313958020   0.0819694206084576  -0.0774399307011776   0.1036377689634684  -0.2204233759157184   0.1241726363242853
 -0.2013729615896818   0.2768266597434791  -0.0555096816539457  -0.2101923558788628  -0.0774397858262995  -0.0934754244526469   0.2739977595517913   0.1241725844686583   0.0608971311661253


Overlap matrix with position operator y
global index=1  local index=0 (global=1, Rn=0 0 0 0)
  0.0000000229143493   0.0000000262918733  -0.0000000053018402   1.0204010275149900  -0.0000000086563569
  0.0000000262918733   0.0000000282300086  -0.0000000285947052  -1.1501898727142641  -0.0000000457479629
 -0.0000000053018402  -0.0000000285947052  -0.0000000000257398  -0.0000000031834343  -0.0000000023371715
  1.0204010275149902  -1.1501898727142639  -0.0000000031834342   0.0000000162002480  -0.0000000050102688
 -0.0000000086563569  -0.0000000457479629  -0.0000000023371715  -0.0000000050102688  -0.0000000021245415
global index=1  local index=1 (global=2, Rn=0 0 0 0)
  0.1419998896096773  -0.0334674839901683  -0.1630014650065085   0.4676497851189637   0.0000000017132429
 -0.2193263006950555   0.0926497782674228   0.1685599476739708  -0.7762201434473958  -0.0000000219878493
  0.2419279912842946   0.0856198799167663  -0.0388832391873263   0.6608094495620557   0.0000000008153951
  0.5761503294167726  -0.7984437714982678  -0.7854860645839021   0.1770633251430706   0.0000000057033438
  0.0000000059805311   0.0000000321019207  -0.0000000033275677   0.0000000047666217   0.1937668632735481
global index=1  local index=2 (global=3, Rn=0 0 0 0)
 -0.1810774393369063   0.1414696230700499   0.1687764218995065   0.0327818176800980   0.2344321263565914
  0.3856017340727778  -0.2342976531718344  -0.2692251023521929  -0.1449133575060483  -0.3739562122547180
 -0.2177919198008819   0.0309903468535713  -0.0862815238022993   0.0270300545027774   0.2598925023166674
  0.4729668026266035  -0.4867682938629612  -0.4531454694710411  -0.0307791654754900  -0.6294236422962802
 -0.3025153892663139   0.0430461699826299   0.2598926598240082   0.0375449873701515   0.0876059269224049
global index=1  local index=3 (global=4, Rn=0 0 0 0)
  0.2363282609844674  -0.1846351362557598  -0.0653499826427641  -0.1023912448308209  -0.3059626733734946
 -0.5032577689104616   0.3057871298322308   0.1042436540716341   0.0707091831103380   0.4880586940416370
  0.0843287001895679  -0.0119994008453155   0.3353111948694971  -0.0364387641297125  -0.1006299905056633
  0.6473960870591896  -0.5115879905662564  -0.1788952391168783  -0.1825330561817595  -0.8375712514139840
  0.3948197708951734  -0.0561805312179542  -0.1006300890128747  -0.1706030997215990  -0.1143365391400443
global index=1  local index=4 (global=5, Rn=0 0 0 0)
 -0.0831965807111528   0.0855830580324498  -0.0235011349367120  -0.0710188461471581   0.1556267313960667  -0.0476189644854954   0.1044578638313240  -0.3465123406671827   0.0700402022579503
  0.1498993405773196  -0.1151801244890914   0.0755323847130352   0.0759820774151599  -0.2922395725209300   0.0509468984299428  -0.1415083856251244   0.6040146283916910  -0.0948830373990760
  0.1763266095692937  -0.1095915458142998  -0.0828759061424549   0.0525549203321574  -0.2907348094270040   0.0942390304616057   0.0137908071529800   0.4334773569945065  -0.0739417427683138
  0.2071815175634728  -0.0930474424838407   0.9839650795921405   0.2155469760691970  -0.1182304492733211   0.1445267536364489  -0.6246410625065604   0.0807626835641431  -0.4188290869336498
  0.1182290324308666  -0.0734821887416590  -0.0555708375942418   0.0942389970901787  -0.1949410530673320  -0.0248046938243388  -0.0739417775330030   0.2906515520631395   0.0744885687335914
global index=1  local index=5 (global=6, Rn=0 0 0 0)
  0.1231289461481813  -0.0423183184361540  -0.0200804063711572  -0.0654620240441183   0.4463168630347592  -0.0513949574403254   0.0242056269918255  -0.6100284408741810   0.0190041190281891
 -0.1019244833676032   0.1303576876482680  -0.0278293326283052  -0.0008412438977199  -0.4472653571231508  -0.0006604710104653  -0.0699203784855281   1.0181008644447609  -0.0548952733648666
  0.1208614637589214  -0.0002405115723524  -0.0536120736352690   0.0583291504492571   0.4106607566255700  -0.0437358799146820  -0.0837854867427877  -0.3319891967514047   0.0043736387919076
  0.4400085348692395  -0.4943255573808613   1.2371927030316410  -0.2367060772216572   0.1646463380828617  -0.1858405232090455   0.5517197603628854  -0.0308795760972708   0.4331611826171328
  0.0948897123098809  -0.0001889809508602  -0.0420913090413441  -0.0437358726594131   0.3224142514799103   0.0796982703611200   0.0043736181273145  -0.2606483787098925  -0.0859224173051818
global index=2  local index=0 (global=2, Rn=0 0 0 0)
 -0.0000000694773595  -0.0000000524641693  -0.0000000117939095   1.0204010925123685   0.0000000094803037
 -0.0000000524641693  -0.0000001105321926  -0.0000000401172785  -1.1501897330044757   0.0000000360678708
 -0.0000000117939095  -0.0000000401172785  -0.0000000002970648  -0.0000000007897086  -0.0000000013920449
  1.0204010925123685  -1.1501897330044757  -0.0000000007897086  -0.0000000525272557  -0.0000000008380407
  0.0000000094803037   0.0000000360678708  -0.0000000013920449  -0.0000000008380407  -0.0000000015207735
global index=2  local index=1 (global=1, Rn=0 0 0 0)
 -0.1419998986311245   0.0334675121078722  -0.1630014910587285   0.4676498129112034   0.0000000086815743
  0.2193263081040726  -0.0926498393556719   0.1685599431676320  -0.7762200834173677   0.0000000136316921
  0.2419280032155623   0.0856198583279995   0.0388832366116676  -0.6608094208563267  -0.0000000145503757
  0.5761503021435622  -0.7984438431130064   0.7854860973751907  -0.1770633855322641   0.0000000007985853
 -0.0000000030830812  -0.0000000565190051   0.0000000003607144   0.0000000046462899  -0.1937668602509344
global index=2  local index=2 (global=3, Rn=0 0 0 0)
 -0.2363283275416079   0.1846353252691341  -0.0653500653311229  -0.1023911234371351   0.3059628544050753
  0.5032578706460422  -0.3057874105617469   0.1042437319385874   0.0707090335097071  -0.4880590073185920
  0.0843286981392311  -0.0119993771938765  -0.3353112263625043   0.0364388663198416  -0.1006300496312528
  0.6473962248402223  -0.5115885531247173   0.1788954747899685   0.1825323887466404  -0.8375718381099948
 -0.3948197809067479   0.0561805779338508  -0.1006301859028396  -0.1706032687699473   0.1143365826782912
global index=2  local index=3 (global=4, Rn=0 0 0 0)
  0.1810774172066365  -0.1414695584505665   0.1687763658414897   0.0327818441177594  -0.2344320703599108
 -0.3856016741590361   0.2342973789087242  -0.2692250164454353  -0.1449132729187627   0.3739561432208666
 -0.2177919603936979   0.0309902890067148   0.0862815553237632  -0.0270300467813583   0.2598924893553627
  0.4729668327167841  -0.4867681703002661   0.4531454178982430   0.0307789066018997  -0.6294236390586755
  0.3025154258117397  -0.0430462075869329   0.2598926087284695   0.0375449459279939  -0.0876059914609526
global index=2  local index=4 (global=5, Rn=0 0 0 0)
 -0.0152695398079154   0.0039457043888717  -0.0667196575091269  -0.0291957517122505   0.0128611633726169  -0.0098471569566819   0.0775574112224882  -0.0440930841389904   0.0261584965671236
  0.0418504665988491  -0.0317811202456997   0.1219211870416737   0.0718418218685719  -0.0340360912812034   0.0242308109927005  -0.1617745477857993   0.1146439639683977  -0.0545632089708963
  0.0494164953277319  -0.0675788233956287   0.0781757067982112   0.0792125585388467  -0.0351362627196935   0.0322043163705191  -0.1648517599244897   0.1188319422723290  -0.0714717530928627
  0.0290235449693735   0.0765833626148599   0.3384567695101903   0.0690129654057158  -0.0140481441538646   0.0232766935945421  -0.2260605826495350   0.0335375801016159  -0.0762455096989742
  0.0166671153644053  -0.0227932632526641   0.0263636225434564   0.0322040998476677  -0.0118507017683155  -0.0054082393806814  -0.0714717036944672   0.0400794758158578   0.0229492022880943
global index=2  local index=5 (global=6, Rn=0 0 0 0)
 -0.1231288842091850   0.0423185324978999   0.0200802862405757  -0.0654620313472114   0.4463168638379292   0.0513949722749268   0.0242056434946199  -0.6100284873937872  -0.0190041065412448
  0.1019244639980343  -0.1303578203356442   0.0278295237521741  -0.0008412431971056  -0.4472653439591532   0.0006604613037581  -0.0699203817593928   1.0181007932289492   0.0548952499249390
  0.1208613904295712  -0.0002406789432143  -0.0536120614428209  -0.0583291553347049  -0.4106607520522665  -0.0437358810089309   0.0837854919527899   0.3319892013559081   0.0043736238887813
  0.4400084796378191  -0.4943256039853043   1.2371926977134571   0.2367060750615379  -0.1646463780620150  -0.1858405195649570  -0.5517197712617447   0.0308795006710952   0.4331611809086983
 -0.0948896230433495   0.0001890174616571   0.0420916058449287  -0.0437358641137404   0.3224142456075464  -0.0796982727707526   0.0043736388728559  -0.2606483731074103   0.0859224354192118
global index=3  local index=0 (global=3, Rn=0 0 0 0)
 -0.0000000423983956  -0.0000000467275824   0.0000000139425538   1.0204010739882259   0.0000000000969947
 -0.0000000467275824  -0.0000000954811220   0.0000000346735873  -1.1501897955412412  -0.0000000008995123
  0.0000000139425538   0.0000000346735873  -0.0000000026208977  -0.0000000016335004   0.0000000000133249
  1.0204010739882259  -1.1501897955412412  -0.0000000016335004  -0.0000000359546063   0.0000000000818519
  0.0000000000969947  -0.0000000008995123   0.0000000000133249   0.0000000000818519  -0.0000000016216120
global index=3  local index=1 (global=1, Rn=0 0 0 0)
  0.1810773587209980  -0.1414695355589618   0.1687764202412054   0.0327817902943178   0.2344321064973268
 -0.3856015684175909   0.2342975891167622  -0.2692251961670609  -0.1449132707517251  -0.3739562016627216
 -0.2177918700889840   0.0309902920765791   0.0862813591036261  -0.0270299096087690  -0.2598925240558140
  0.4729667306747065  -0.4867681892157638   0.4531455852237931   0.0307788603302113   0.6294237034433223
 -0.3025152913664310   0.0430460783275371  -0.2598926986037821  -0.0375448662268982  -0.0876060574698867
global index=3  local index=2 (global=2, Rn=0 0 0 0)
  0.2363282463895267  -0.1846350466473787  -0.0653499083821837  -0.1023912115328581   0.3059625817202955
 -0.5032576053303091   0.3057868023771199   0.1042435557118331   0.0707089745827688  -0.4880583573704118
  0.0843287168176191  -0.0119994201972171   0.3353113488211161  -0.0364386193877249   0.1006299476467848
  0.6473961169796851  -0.5115878922489260  -0.1788950066688743  -0.1825336783456900   0.8375707340850630
 -0.3948197630793219   0.0561804559632567   0.1006299795386849   0.1706026788567969  -0.1143365300222507
global index=3  local index=3 (global=4, Rn=0 0 0 0)
  0.1418656594280240  -0.1915132891765455   0.0967873744561656  -0.2810630747246664  -0.0000000003329528
 -0.3416029915600760   0.3771051662244041  -0.2011829150161524   0.5620577489637040   0.0000000013460675
 -0.1028497206385224   0.0879720131789263   0.1418988399324824   0.2135924268908544  -0.0000000031060527
  0.4639949961625334  -0.5170925021874864   0.3285537339364379  -0.7971381306316573  -0.0000000026246669
  0.0000000003038145   0.0000000014604457  -0.0000000032977542  -0.0000000021571882   0.2145332504071260
global index=3  local index=4 (global=5, Rn=0 0 0 0)
  0.0042488066519214   0.0060813961027067   0.0429221234666835   0.0088964193371304   0.0032742581812385   0.0087293914597563  -0.0292037975345548  -0.0136081092261747  -0.0286555071334779
 -0.0117562783804838  -0.0027190098796955  -0.0930556767827310  -0.0231314465799149  -0.0090829607663338  -0.0226971590717496   0.0735199400952338   0.0387045205999664   0.0721396067094175
 -0.0104243482994047   0.0056648574991580  -0.0654556428617363  -0.0173223664842857  -0.0070310728967153  -0.0218797712657067   0.0525447716780012   0.0304654786329950   0.0698205854425522
  0.0079484265341250   0.0506698067750791   0.1626357595333364   0.0199709498331045   0.0031549790639208   0.0195960043494625  -0.0734732587303944  -0.0122166283876513  -0.0720938039143692
 -0.0102286206755600   0.0055584798142584  -0.0642260957856127  -0.0218797469223223  -0.0068990487595684  -0.0164928865713653   0.0698205103490190   0.0298934517068072   0.0498978961127770
global index=3  local index=5 (global=6, Rn=0 0 0 0)
  0.3104936911197196  -0.3194003777010043   0.0877079180998469   0.0710188783359385  -0.0903898999409694   0.1777163576102396  -0.1044578515461642   0.0153407968797481  -0.2613934400888016
 -0.5594317001743832   0.4298567364812647  -0.2818903879447746  -0.0759819843986658  -0.0290296266425526  -0.1901362739165611   0.1415083961179099   0.1138144097182521   0.3541077322811189
 -0.1763264986430882   0.1095914686662619   0.0828770029771550   0.2907347770094167   0.0525549039660362  -0.0942390274910218  -0.4334772801948915   0.0137907591736254   0.0739417945787217
  0.8179942917933725  -0.4726849668830123   0.6968681469949848   0.1882126281487380  -0.0456305126924584   0.4709801339152759  -0.2697309801394237   0.0806003963703625  -0.6749700140562094
 -0.4412363940854481   0.2742399324301307   0.2073891276645587  -0.0942390209334347   0.1315124922999169   0.0925723651285354   0.0739418622101255   0.0345097889557629  -0.2779952561712812
global index=4  local index=0 (global=4, Rn=0 0 0 0)
 -0.0000000044778140  -0.0000000060862497  -0.0000000020439014   1.0204010497715779   0.0000000002651866
 -0.0000000060862497  -0.0000000041485397  -0.0000000029405928  -1.1501897618299575  -0.0000000006049551
 -0.0000000020439015  -0.0000000029405928  -0.0000000003408450   0.0000000031574582   0.0000000001840291
  1.0204010497715779  -1.1501897618299575   0.0000000031574582  -0.0000000059839004  -0.0000000000700752
  0.0000000002651866  -0.0000000006049551   0.0000000001840291  -0.0000000000700752  -0.0000000000552786
global index=4  local index=1 (global=1, Rn=0 0 0 0)
 -0.2363282744744824   0.1846351440012050  -0.0653499929099763  -0.1023912484894659  -0.3059626312110451
  0.5032577265014946  -0.3057870299731089   0.1042436609561211   0.0707091922260448   0.4880584806739153
  0.0843286917944965  -0.0119993952641474  -0.3353113833459391   0.0364387537992270   0.1006300069583959
  0.6473960905447118  -0.5115879833833006   0.1788952439966944   0.1825331831499286   0.8375710312923759
  0.3948198018293537  -0.0561806359263034   0.1006301459797525   0.1706030088114190   0.1143365907295443
global index=4  local index=2 (global=2, Rn=0 0 0 0)
 -0.1810774172596278   0.1414695966293784   0.1687763694679715   0.0327818684286587  -0.2344320509377777
  0.3856016747055412  -0.2342975659714276  -0.2692251700246506  -0.1449133009063277   0.3739560540368320
 -0.2177919817776968   0.0309903813129699  -0.0862813953351492   0.0270299964639127  -0.2598924565512905
  0.4729668328459550  -0.4867682259255289  -0.4531454928835749  -0.0307792090321614   0.6294235726162983
  0.3025154300071469  -0.0430461901066334  -0.2598926016220242  -0.0375450172531226   0.0876059658778642
global index=4  local index=3 (global=3, Rn=0 0 0 0)
 -0.1418658757968107   0.1915133864824944   0.0967877499188234  -0.2810630469032265   0.0000000037953839
  0.3416032243650372  -0.3771051366945679  -0.2011836779857292   0.5620574257953906  -0.0000000071618901
 -0.1028496991125230   0.0879720034774581  -0.1418986312537669  -0.2135924996874947   0.0000000026482833
  0.4639957637126997  -0.5170926632100410  -0.3285551373725871   0.7971377083895690  -0.0000000142771779
  0.0000000020778417  -0.0000000002019482  -0.0000000006777452  -0.0000000021434754  -0.2145335028376913
global index=4  local index=4 (global=5, Rn=0 0 0 0)
 -0.0099213389404558  -0.0142009702108903  -0.1002270872977055  -0.0144555092076265  -0.0102080229170372  -0.0203839300994943   0.0474526118534967   0.0306494754067745   0.0669133824153638
  0.0274519810293489   0.0063490723592761   0.2172941494890500   0.0375856059199100   0.0259721202329367   0.0529999525571927  -0.1194608441879571  -0.0727128734629622  -0.1684528219277865
  0.0169382066848731  -0.0092045062956823   0.1063565866219693   0.0135923837688070   0.0186220040373449   0.0355518243322516  -0.0369942780321310  -0.0538380442750226  -0.1134496646358569
  0.0237461663366672   0.0420850760425244   0.2618319550542283   0.0374112277700510   0.0194896273662481   0.0527541270303650  -0.1261639510334336  -0.0571757264284397  -0.1779050337224288
  0.0238847134559753  -0.0129794630268137   0.1499743968514862   0.0355516949349712   0.0262591006390759   0.0385123466276947  -0.1134497312181054  -0.0759176011180724  -0.1165163255108021
global index=4  local index=5 (global=6, Rn=0 0 0 0)
 -0.3104937175420855   0.3194002092339656  -0.0877082994574964   0.0710188295906130  -0.0903898970150117  -0.1777163411491254  -0.1044578215177364   0.0153406814320730   0.2613934663922615
  0.5594316863462411  -0.4298565877981187   0.2818912247291754  -0.0759821522308579  -0.0290296698288846   0.1901361766251719   0.1415083335366607   0.1138145128912785  -0.3541077048896388
 -0.1763264974144622   0.1095913536317017   0.0828765468449747  -0.2907347790015574  -0.0525549149527760  -0.0942390005628588   0.4334772926565953  -0.0137907573349564   0.0739416981195667
  0.8179943349266986  -0.4726852907898931   0.6968673321396064  -0.1882126438058223   0.0456303267386937   0.4709801421858394   0.2697309514706350  -0.0805998956528859  -0.6749700914170119
  0.4412364577012182  -0.2742400176427329  -0.2073882222638247  -0.0942390016755119   0.1315125152044326  -0.0925723811271007   0.0739416964663504   0.0345098906286778   0.2779953595921158
global index=5  local index=0 (global=5, Rn=0 0 0 0)
 -0.0000007937065732  -0.0000005315200244   0.0000001915428217   0.0000000188495991   0.6789357724670231   0.0000000085698132   0.0000000119163482  -0.1575849765453900  -0.0000000002409288
 -0.0000005315200244  -0.0000001597608712   0.0000003532046796   0.0000000824700517  -0.3478253298788211  -0.0000000077726418  -0.0000002366107287   0.7313695899105580   0.0000001381855536
  0.0000001915428217   0.0000003532046796  -0.0000003096832037   0.0000000068271717   0.3262114496092997   0.0000000135666905  -0.0000000033620506  -1.5243151894235882  -0.0000001069095724
  0.0000000188495991   0.0000000824700517   0.0000000068271717  -0.0000000035023146   0.0000000102368552   0.0000000011533782   0.0000000089519845  -0.0000000075979200   0.0000000035149979
  0.6789357724670232  -0.3478253298788211   0.3262114496092997   0.0000000102368552   0.0000000681756674  -0.0000000041468742  -0.0000000075938305   0.0000000492026964  -0.0000000001859712
  0.0000000085698132  -0.0000000077726418   0.0000000135666905   0.0000000011533781  -0.0000000041468742   0.0000000153918552   0.0000000035298338  -0.0000000001809295   0.0000000064209689
  0.0000000119163482  -0.0000002366107287  -0.0000000033620505   0.0000000089519845  -0.0000000075938305   0.0000000035298338   0.0000000127653027  -0.0000000170842998   0.0000000030505332
 -0.1575849765453900   0.7313695899105580  -1.5243151894235882  -0.0000000075979200   0.0000000492026964  -0.0000000001809295  -0.0000000170842999   0.0000001272588908   0.0000000327458727
 -0.0000000002409288   0.0000001381855536  -0.0000001069095724   0.0000000035149979  -0.0000000001859712   0.0000000064209689   0.0000000030505332   0.0000000327458727   0.0000000547885189
global index=5  local index=1 (global=1, Rn=0 0 0 0)
  0.0408040953365130  -0.0189995147177393  -0.0668661693241975   0.1420181905601927  -0.0448345404401928
 -0.0274746825802229  -0.0414627325496292   0.1289655841086444  -0.0291261824491958   0.0864730505084688
  0.2645221568119214  -0.1617874780201722  -0.1419426295144189   0.9681384561159647  -0.0951749804709003
  0.0565869277536801   0.0127864838459351  -0.0223798569268592   0.1591188861339694  -0.0469657161336827
  0.1898186004736024  -0.3091728016493001  -0.3471629088276512   0.0023074855407570  -0.2327767489608727
  0.0379421897330027   0.0085734942094781  -0.0469657079982896   0.1066910571543158   0.0161736930352481
 -0.1917788057203304  -0.0480975660067101   0.0308053583297518  -0.5441125673519760   0.1275714203908983
 -0.4258887174991541   0.6290439369313046   0.5140058466140379  -0.1811817478557043   0.3446468380498167
 -0.1285898876241263  -0.0322500127333722   0.1275714147134784  -0.3648338080595232  -0.0739164733195090
global index=5  local index=2 (global=2, Rn=0 0 0 0)
  0.0072678479184093  -0.0150698251937350  -0.0240703041269895   0.0093327872804821  -0.0081184762349910
  0.0513081261755915  -0.0188574439258274  -0.0504829411266023   0.0811649561335836  -0.0170265924622934
  0.1565480866252002  -0.1545939253196921  -0.2935382715376204   0.2388590212527151  -0.0990045598800473
  0.0195354690240455  -0.0242355642479011  -0.0470430265510049   0.0277055046577256  -0.0197913605699165
  0.0259186075591961  -0.0597798404933708  -0.0764436278663799   0.0027902567220576  -0.0257829132056641
  0.0065887777710417  -0.0081738969272512  -0.0197909551115197   0.0093445005489167   0.0049614873410006
 -0.0755963572810981   0.0883610207887338   0.1783664639241519  -0.1093335300262413   0.0754575753430924
 -0.0851303316526173   0.1816672375853218   0.2355584127300253  -0.0275991741537575   0.0794490755687116
 -0.0254967992732940   0.0298017624721748   0.0754567397656843  -0.0368759242592976  -0.0199083232419877
global index=5  local index=3 (global=3, Rn=0 0 0 0)
 -0.0025079173252152   0.0061304866773266   0.0067171504374669   0.0021142759586613   0.0065910295568832
 -0.0258784590491836   0.0324259663845386   0.0434874266223428   0.0377971157021129   0.0426706431422647
 -0.0708561353226217   0.1169771452496316   0.1434838292864947   0.0915227860663703   0.1407890140849764
 -0.0062338040798348   0.0121567810653490   0.0126752708364652   0.0066333081469003   0.0165722568039017
  0.0084238422409381  -0.0210933226331158  -0.0203686614905375  -0.0014957200719021  -0.0199862049708052
 -0.0061167700499948   0.0119285484147125   0.0165722914273621   0.0065087759743251   0.0120469998119531
  0.0235474563994519  -0.0469495661498731  -0.0497017473227858  -0.0266332877051434  -0.0652178480273290
 -0.0315621346033918   0.0797065852282477   0.0773055541341180   0.0072170497528762   0.0758540659380508
  0.0231053545394583  -0.0460680866123214  -0.0652178861243652  -0.0261332537083501  -0.0472293028182205
global index=5  local index=4 (global=4, Rn=0 0 0 0)
  0.0058562448954305  -0.0143153412949253  -0.0109145705378220  -0.0080654183336941  -0.0153907456854385
  0.0604287285914276  -0.0757180988627197  -0.0706617177286984  -0.0281067629065745  -0.0996403569354964
  0.1654553750319725  -0.2731526414162979  -0.2331416101924757  -0.1259221488798380  -0.3287557653740387
  0.0101291463093241  -0.0197532622869570  -0.0092559000475776  -0.0131947563085065  -0.0269278411308649
  0.0178710161105940  -0.0395166784707283  -0.0319840963141486  -0.0168493851147983  -0.0451010740059402
  0.0142832187305731  -0.0278542963562814  -0.0269278502835730  -0.0186060419353176  -0.0281308857821769
 -0.0382616076823395   0.0762870575157901   0.0360050184092539   0.0515580386940377   0.1059706764389728
 -0.0672476758062472   0.1508574404175940   0.1238840092863730   0.0632007522514655   0.1746899375849761
 -0.0539531439514413   0.1075733004435449   0.1059708215220498   0.0727025046897548   0.1102848438209420
global index=5  local index=5 (global=6, Rn=0 0 0 0)
  0.0055535472700841  -0.0037717567487286   0.0271797078331519  -0.0108112698722853   0.0080348466817086  -0.0076587560378452   0.0348601460314371  -0.0289500357068472   0.0246950802470435
  0.0534127480652121  -0.0136326385238482   0.0014689810898963  -0.0133227338150868   0.0633404965309152  -0.0094378603534692  -0.0191777319493296  -0.0955875046202624  -0.0135855940680903
  0.1515187820797188  -0.1001315112914642   0.1732823862514928  -0.1220324970771680   0.1881073093395424  -0.0864486987520681   0.2169091484411475  -0.4387714544445841   0.1536601569388815
  0.0178243854847897  -0.0292177589797667   0.0076174098731916  -0.0185381023059687   0.0203506219935874  -0.0183099531131233   0.0349475984583137  -0.0576266467008576   0.0384565931949466
  0.0157077464582897   0.0590812319323040   0.2228472059457192  -0.0342018415742200   0.0054529278486324  -0.0242287471184570   0.1258064406670925  -0.0049674308540963   0.0891218534119298
  0.0126268756623733  -0.0206979819171214   0.0053956849643806  -0.0183099372037402   0.0144164741972182  -0.0056622107463759   0.0384566167515325  -0.0408229862920501   0.0079042763068456
 -0.0761679442156590   0.1047077569110395  -0.0209962864179678   0.0795038092478895  -0.0819694111855768   0.0774399044134845  -0.1036377869480422   0.2204233238074247  -0.1241726296350061
 -0.0586999295046821  -0.0623922269986118  -0.5025185154816006   0.1014637027838565  -0.0324372002406937   0.0718773668845898  -0.3143582527301571   0.0590622529293303  -0.2226927934714637
 -0.0539577182456647   0.0741760466091231  -0.0148725092649481   0.0774398438548577  -0.0580675141927785   0.0250466169903195  -0.1241726332786389   0.1561489435421255  -0.0163173376335217
global index=6  local index=0 (global=6, Rn=0 0 0 0)
  0.0000003728146633   0.0000003186018964  -0.0000000801410999  -0.0000000009128988   0.6789352440991100   0.0000000022415190   0.0000000068495933  -0.1575852873877776  -0.0000000047431946
  0.0000003186018964   0.0000000172884599  -0.0000002659724684  -0.0000000443163127  -0.3478256007193978  -0.0000000139035147   0.0000000462185907   0.7313698040210411   0.0000000783815555
 -0.0000000801410999  -0.0000002659724684  -0.0000002653469969  -0.0000000143181124   0.3262116944394711   0.0000000754056213   0.0000000303775509  -1.5243153814107577  -0.0000000846544518
 -0.0000000009128988  -0.0000000443163127  -0.0000000143181124   0.0000000194796790  -0.0000000203647431   0.0000000006352967   0.0000000060213779  -0.0000000100778101  -0.0000000060680020
  0.6789352440991100  -0.3478256007193977   0.3262116944394711  -0.0000000203647432  -0.0000000193070495   0.0000000153374616  -0.0000000100965314  -0.0000000147301459   0.0000000006186916
  0.0000000022415190  -0.0000000139035147   0.0000000754056213   0.0000000006352967   0.0000000153374616  -0.0000000026366774  -0.0000000059914900   0.0000000006647222  -0.0000000010895483
  0.0000000068495933   0.0000000462185907   0.0000000303775509   0.0000000060213779  -0.0000000100965314  -0.0000000059914900  -0.0000000493261202   0.0000000124449555  -0.0000000035441517
 -0.1575852873877776   0.7313698040210410  -1.5243153814107575  -0.0000000100778101  -0.0000000147301459   0.0000000006647222   0.0000000124449555  -0.0000000195393338  -0.0000000271249453
 -0.0000000047431946   0.0000000783815555  -0.0000000846544518  -0.0000000060680020   0.0000000006186916  -0.0000000010895483  -0.0000000035441517  -0.0000000271249453   0.0000000109054969
global index=6  local index=1 (global=1, Rn=0 0 0 0)
 -0.0752421274819339  -0.0367757323836894  -0.0504111942623314   0.3941161501730047  -0.0395783704430120
  0.0965618701158193   0.0845312316774718   0.0686062566143419  -0.4758781664142985   0.0538633937448390
 -0.1342519548351646   0.1696956107006901  -0.0201410949092395   1.2461612358502561  -0.0158127195420844
  0.0555550524752819   0.0590663211608763  -0.0300841154292226  -0.2139174981620139   0.0230363443230462
  0.4787432918744379  -0.4312131712788431   0.4334493350531909  -0.0027088986422356   0.3403058126590361
  0.0436168767030055   0.0463736051899812   0.0230363471495385  -0.1679489589294954  -0.0413395523926712
 -0.0909225751994884  -0.0306784648179153   0.1115909739667362   0.5406232821816171  -0.0281398821628824
 -0.6408769464786895   1.0286156907790958  -0.3430856693406632   0.2029362297982134  -0.2693603472829956
 -0.0713842828820352  -0.0240860182400538  -0.0281398570935368   0.4244492108286258   0.1253399646790974
global index=6  local index=2 (global=2, Rn=0 0 0 0)
  0.0752421949231510   0.0367757078119937  -0.0504112810048117   0.3941161165720913   0.0395784586588747
 -0.0965616717076409  -0.0845313712905530   0.0686060770180100  -0.4758781399226643  -0.0538633588149636
  0.1342518521585248  -0.1696954303882308  -0.0201410511756930   1.2461612054623550   0.0158130103853650
  0.0555550556433285   0.0590663266129633   0.0300841193976702   0.2139174944861489   0.0230363529586893
  0.4787432945856189  -0.4312131505647910  -0.4334493321677022   0.0027088624958510   0.3403058100873635
 -0.0436168737115999  -0.0463736228464850   0.0230363470225397  -0.1679489517119977   0.0413395540557226
 -0.0909225623905646  -0.0306784652467102  -0.1115909669181600  -0.5406232893725853  -0.0281398687000521
 -0.6408769980895341   1.0286156233825401   0.3430856840298874  -0.2029363166934439  -0.2693603392036364
  0.0713843017622433   0.0240859972877261  -0.0281398821569248   0.4244492157729696  -0.1253399568572290
global index=6  local index=3 (global=3, Rn=0 0 0 0)
 -0.1522829962824874   0.0709073114071226   0.0668662184562076  -0.0896132516061517   0.1673248887172517
  0.1025369870978169   0.1547396039998478  -0.1289660902172700   0.4176231373193996  -0.3227222096946740
 -0.9872096155059893   0.6037987615444262   0.1419433449289700   0.4764299854298447   0.3551955790994569
 -0.0565869212468818  -0.0127864470757877  -0.1591188925959452  -0.0223798763493155   0.0469657064945150
  0.3858413398895935  -0.2648789972527920  -0.1580376175892188   0.2340298925300233  -0.3954706587069766
 -0.1416021956927632  -0.0319965728845263   0.0469657197961065  -0.0560030476099665  -0.0603610486997516
  0.1917788135673757   0.0480975760103989   0.5441126382061713   0.0308054061052061  -0.1275713956575055
 -1.0902297072144314   0.4624283939659062   0.3143272353536815   0.0171008713512194   0.7865670875666729
  0.4799042002663636   0.1203583417402228  -0.1275714351244827   0.0770869557510458   0.2758599530178208
global index=6  local index=4 (global=4, Rn=0 0 0 0)
  0.1522830352110669  -0.0709072887790868   0.0668662215046782  -0.0896132889791152  -0.1673249190610952
 -0.1025375052363077  -0.1547394870075481  -0.1289663436827501   0.4176223093162393   0.3227219277261221
  0.9872094582538561  -0.6037974012487618   0.1419423624027037   0.4764281872300164  -0.3551942563441287
 -0.0565869398122359  -0.0127864679443725   0.1591189304258393   0.0223798650399585   0.0469657211292729
  0.3858413581794884  -0.2648788844805807   0.1580375664199313  -0.2340300779998394  -0.3954706015211487
  0.1416022084892333   0.0319965663294132   0.0469657165313292  -0.0560030229360137   0.0603610184319833
  0.1917788003511125   0.0480975461519790  -0.5441126473103407  -0.0308053655845145  -0.1275714214271496
 -1.0902296231363418   0.4624285659689691  -0.3143271603687298  -0.0171005139582413   0.7865671477531629
 -0.4799041023201204  -0.1203583172076360  -0.1275714232343450   0.0770869613517210  -0.2758599612218278
global index=6  local index=5 (global=5, Rn=0 0 0 0)
 -0.0055535486763090   0.0037718797322757  -0.0271797691694256  -0.0108112697042426   0.0080348459365853  -0.0076587549353423   0.0348601526531232  -0.0289500388823499   0.0246950808928198
 -0.0534127220429389   0.0136329098181391  -0.0014685920034240  -0.0133226768856025   0.0633404370016701  -0.0094379448979803  -0.0191779302647541  -0.0955874737183259  -0.0135854523613974
 -0.1515189119301842   0.1001317665019915  -0.1732828816438819  -0.1220327067358908   0.1881075338923483  -0.0864485869637179   0.2169096727719179  -0.4387726177395878   0.1536595929951679
  0.0178243934005396  -0.0292178204375823   0.0076176219778009   0.0185381121254608  -0.0203506259726128   0.0183099568226772  -0.0349476018157380   0.0576266838855216  -0.0384565846147861
  0.0157077499915404   0.0590811467096038   0.2228470057308696   0.0342018366992728  -0.0054529386434329   0.0242287418388327  -0.1258064324740599   0.0049674605868764  -0.0891218492898891
  0.0126268824828971  -0.0206977340070665   0.0053954503851086   0.0183099449310996  -0.0144164777700897   0.0056622153286029  -0.0384566337982568   0.0408230040883177  -0.0079042735375565
 -0.0761679958065061   0.1047078909191382  -0.0209967373456728  -0.0795038314730231   0.0819694205793848  -0.0774399307694285   0.1036377689535446  -0.2204233760028224   0.1241726362800216
 -0.0586999436018422  -0.0623922770416696  -0.5025174040019097  -0.1014636733693842   0.0324372225478023  -0.0718773601998230   0.3143581990138058  -0.0590622639474395   0.2226928456348423
 -0.0539577510981648   0.0741757579289134  -0.0148717707700138  -0.0774398493777699   0.0580675123229455  -0.0250466280548388   0.1241726260671613  -0.1561488941028776   0.0163173257327614


Overlap matrix with position operator z
global index=1  local index=0 (global=1, Rn=0 0 0 0)
 -0.0000000467401834  -0.0000000461278811   0.0000000194526690  -0.0000000086193128   1.0204010771023384
 -0.0000000461278811  -0.0000000863701422   0.0000001053467954  -0.0000000455188109  -1.1501897573014377
  0.0000000194526690   0.0000001053467954  -0.0000000039170651  -0.0000000024338160   0.0000000016070888
 -0.0000000086193128  -0.0000000455188109  -0.0000000024338160  -0.0000000051213867  -0.0000000020933944
  1.0204010771023384  -1.1501897573014377   0.0000000016070888  -0.0000000020933943  -0.0000000548575342
global index=1  local index=1 (global=2, Rn=0 0 0 0)
  0.0000000079898528   0.0000000159004149   0.0000000193394565  -0.0000000031306730   0.5113259256773036
  0.0000000519089092  -0.0000000569061274  -0.0000000284713972  -0.0000000566784299  -0.8213855925373803
 -0.0000000045412018  -0.0000000318883815  -0.0000000073716532   0.0000000003361365   0.7231477828114721
  0.0000000058958403   0.0000000321549118  -0.0000000032247937   0.0000000047080464   0.1937668632445633
  0.5113259265668495  -0.8213855560767226  -0.7231477566459110  -0.1937668604407940  -0.0000000249605137
global index=1  local index=2 (global=3, Rn=0 0 0 0)
  0.2208822934748912  -0.1725677679743565  -0.2058771986044288   0.2344320881960437  -0.0609984207031128
 -0.4703655683803815   0.2858014903178799   0.3284066824371372  -0.3739560739863495   0.0046810855973144
  0.2656674768174948  -0.0378027505140201   0.1052481487920804   0.2598925346010594  -0.0769350504877668
 -0.3025153893324717   0.0430461700067402   0.2598926599231147   0.0375449874204787   0.0876059269611652
  0.5939821115166862  -0.5039876142165849  -0.5571102898999053   0.6343808082167067  -0.1068637188789890
global index=1  local index=3 (global=4, Rn=0 0 0 0)
  0.2208822223922302  -0.1725676319372911  -0.0610788027074524  -0.3059626625209607  -0.0609983906687613
 -0.4703656036721249   0.2858012391831049   0.0974304743791449   0.4880585425864236   0.0046810002140071
  0.0788171088335337  -0.0112151150918866   0.3133958106981664  -0.1006299845478383  -0.0228247703714793
  0.3948197706763870  -0.0561805313427035  -0.1006300891245909  -0.1706030995039020  -0.1143365390720138
  0.5939820341617019  -0.5039874469053757  -0.1652812301500347  -0.8279449322734286  -0.1068638303068361
global index=1  local index=4 (global=5, Rn=0 0 0 0)
 -0.2081896841797269   0.2141613683001293  -0.0588086771421564  -0.1777163811353036  -0.0476189710462539   0.0554952747344166   0.2613937179563292   0.0700402289502688  -0.1992342405273002
  0.3751054956302083  -0.2882235715373785   0.1890091634104280   0.1901362612590251   0.0509469232601168  -0.1851103079981229  -0.3541083290308398  -0.0948829354067223   0.4044978781265118
  0.4412365918423235  -0.2742400580035080  -0.2073887415573412   0.1315125339769053   0.0942390232439413  -0.0925723791902085   0.0345098152763512  -0.0739417295587022   0.2779952451015471
  0.1182290324121928  -0.0734821887005870  -0.0555708376639841   0.0942389970258329  -0.1949410530400164  -0.0248046936971546  -0.0739417774811016   0.2906515520060735   0.0744885687626146
  0.4557891604912515  -0.2475642039152437   0.8671149459187916   0.4137093524450953   0.1108531051167189  -0.1629876579171165  -0.7801231635300859  -0.2090333731613185   0.0978467710281350
global index=1  local index=5 (global=6, Rn=0 0 0 0)
  0.3607769423905879  -0.1239963390940001  -0.0588375102270001  -0.1918085402487071  -0.0513949560088877   0.3132663920558739   0.0709242412942251   0.0190041181126497  -0.5608308931461498
 -0.2986462147229582   0.3819577952946046  -0.0815409951087374  -0.0024648737201099  -0.0006604854224145  -0.4489751427413176  -0.2048719526436151  -0.0548952365444308   0.8759885920196399
  0.3541330462499012  -0.0007051395010000  -0.1570873276807336   0.1709087361314406  -0.0437358717823703   0.2974380046631033  -0.2454977505347646   0.0043736275390070  -0.3206669219189097
  0.0948897122507464  -0.0001889807920418  -0.0420913090885844  -0.0437358726810116   0.3224142514656968   0.0796982701901620   0.0043736181335088  -0.2606483785029488  -0.0859224173657099
  0.6856576125306133  -0.4948149738469590   1.1282269048499713  -0.3499288353132343  -0.0937631487324016   0.3935334667277207   0.5630419906729512   0.1508666763103275  -0.0815898986877559
global index=2  local index=0 (global=2, Rn=0 0 0 0)
 -0.0000000537722474  -0.0000000247706563  -0.0000000063431083   0.0000000094490897   1.0204010824818346
 -0.0000000247706563  -0.0000000979359968  -0.0000000256953766   0.0000000358380322  -1.1501897544582755
 -0.0000000063431083  -0.0000000256953766  -0.0000000016215838  -0.0000000012918491   0.0000000016757796
  0.0000000094490897   0.0000000358380322  -0.0000000012918491  -0.0000000007561008  -0.0000000015490994
  1.0204010824818348  -1.1501897544582755   0.0000000016757796  -0.0000000015490994  -0.0000000454195946
global index=2  local index=1 (global=1, Rn=0 0 0 0)
  0.0000000079898528   0.0000000519089092  -0.0000000045412018   0.0000000058958403   0.5113259265668496
  0.0000000159004149  -0.0000000569061274  -0.0000000318883815   0.0000000321549118  -0.8213855560767225
  0.0000000193394565  -0.0000000284713972  -0.0000000073716532  -0.0000000032247937  -0.7231477566459110
 -0.0000000031306730  -0.0000000566784299   0.0000000003361365   0.0000000047080464  -0.1937668604407940
  0.5113259256773037  -0.8213855925373803   0.7231477828114721   0.1937668632445632  -0.0000000249605137
global index=2  local index=2 (global=3, Rn=0 0 0 0)
  0.2208822078573957  -0.1725675992556312   0.0610788394099567   0.3059626128574371  -0.0609983954123061
 -0.4703655647608016   0.2858011492047862  -0.0974305011196203  -0.4880584974215121   0.0046810308266164
 -0.0788170979327631   0.0112151119258202   0.3133958234994253  -0.1006300244463148   0.0228248499767599
 -0.3948197808742349   0.0561805778691794  -0.1006301859655110  -0.1706032687101247   0.1143365827129342
  0.5939820046665587  -0.5039874085646529   0.1652813469325684   0.8279448730860659  -0.1068639131744283
global index=2  local index=3 (global=4, Rn=0 0 0 0)
  0.2208822758115365  -0.1725677110791922   0.2058771359997452  -0.2344320418615516  -0.0609984168250636
 -0.4703655450252784   0.2858012302966251  -0.3284065767717224   0.3739561100905874   0.0046812066412926
 -0.2656675273452373   0.0378027465918833   0.1052481887971582   0.2598925282317459   0.0769350797482854
  0.3025154259804445  -0.0430462076072410   0.2598926087808764   0.0375449458887899  -0.0876059914936745
  0.5939821223356162  -0.5039874759801707   0.5571101966974209  -0.6343807908078405  -0.1068638855239779
global index=2  local index=4 (global=5, Rn=0 0 0 0)
 -0.0192204202128728   0.0049663956245062  -0.0839830401737697  -0.0367499354770725  -0.0098471755895800   0.0082891694088775   0.0976247963414431   0.0261585075840689  -0.0319477484633520
  0.0526789568553597  -0.0400038409290892   0.1534673561368039   0.0904303394806869   0.0242308413419978  -0.0227858386927028  -0.2036324732279896  -0.0545632467336671   0.0893104518751267
  0.0622026405420159  -0.0850640256406794   0.0984027064311726   0.0997081635603931   0.0322043601451473  -0.0201839467902641  -0.2075058796642049  -0.0714717706541796   0.0856477764623451
  0.0166671153627057  -0.0227932632474774   0.0263636225844117   0.0322040998540701  -0.0118507017766168  -0.0054082393883800  -0.0714717037540411   0.0400794758275045   0.0229492022936476
  0.0367620725644158   0.0660002006570357   0.3506980745828453   0.0839652696911082   0.0224985469855895  -0.0126399130455656  -0.2592447396878741  -0.0694644918279020   0.0310228719445112
global index=2  local index=5 (global=6, Rn=0 0 0 0)
  0.3607769107231079  -0.1239963359401269  -0.0588375322282386   0.1918085337755702   0.0513949596687560   0.3132663790941415  -0.0709242656314824  -0.0190041095681557  -0.5608308938351113
 -0.2986462387089007   0.3819577920472856  -0.0815409193990307   0.0024648748452741   0.0006604875768820  -0.4489751332468217   0.2048719593696423   0.0548952250074015   0.8759885645042575
 -0.3541330761517756   0.0007052744672827   0.1570873254031768   0.1709087400644710  -0.0437358732636157  -0.2974380072395618  -0.2454977412433388   0.0043736305552065   0.3206668977756027
 -0.0948896233417313   0.0001890171582388   0.0420916060295446  -0.0437358641171408   0.3224142458904136  -0.0796982727534281   0.0043736387765562  -0.2606483731017010   0.0859224353679158
  0.6856575855990513  -0.4948150309438565   1.1282268155167432   0.3499288224524948   0.0937631575915294   0.3935334606493077  -0.5630420415522785  -0.1508666603350993  -0.0815898859671480
global index=3  local index=0 (global=3, Rn=0 0 0 0)
 -0.0000000015245960  -0.0000000003267901   0.0000000008616430   0.0000000000689623   1.0204010382923703
 -0.0000000003267901  -0.0000000030463034   0.0000000012881559  -0.0000000011293249  -1.1501898134696396
  0.0000000008616430   0.0000000012881559   0.0000000001691371  -0.0000000000665706  -0.0000000003325600
  0.0000000000689623  -0.0000000011293249  -0.0000000000665706   0.0000000000966017  -0.0000000014482025
  1.0204010382923703  -1.1501898134696396  -0.0000000003325600  -0.0000000014482025  -0.0000000010231082
global index=3  local index=1 (global=1, Rn=0 0 0 0)
 -0.2208822106644227   0.1725677278884535  -0.2058772106212357   0.2344321114195178  -0.0609984257753958
  0.4703654329725747  -0.2858014429078412   0.3284068681591018  -0.3739562156640436   0.0046811841058760
  0.2656674302174560  -0.0378027549803183  -0.1052479065096618  -0.2598926087467271   0.0769352763800742
 -0.3025152913816158   0.0430460782085952  -0.2598926985216347  -0.0375448661219359  -0.0876060573967059
  0.5939820213932882  -0.5039876138425633   0.5571105365787358  -0.6343810118369435   0.1068637695304031
global index=3  local index=2 (global=2, Rn=0 0 0 0)
 -0.2208823073659115   0.1725677993226133   0.0610787602783756   0.3059627780035905  -0.0609983717369085
  0.4703657772641227  -0.2858015759090758  -0.0974303734762459  -0.4880589381581751   0.0046809622583732
 -0.0788171829497970   0.0112151891840296  -0.3133959597181425   0.1006300248769594  -0.0228247542729143
 -0.3948197628715048   0.0561804559993975   0.1006299796637334   0.1706026787967427  -0.1143365299371799
  0.5939822191914301  -0.5039878334662300  -0.1652811536711277  -0.8279453008205815   0.1068634998107997
global index=3  local index=3 (global=4, Rn=0 0 0 0)
 -0.0000000006321963   0.0000000018408624  -0.0000000015750994   0.0000000020608502   0.0801596086870062
  0.0000000001491125  -0.0000000013603391   0.0000000031185963  -0.0000000001611851  -0.1887802154394417
 -0.0000000004152375   0.0000000002708303   0.0000000012401108  -0.0000000006322485  -0.0574839834436908
  0.0000000003204793   0.0000000014455941  -0.0000000032914977  -0.0000000021999446   0.2145332503196519
  0.0801596438658138  -0.1887802855022713   0.0574841073018729  -0.2145335028014365  -0.0000000023606423
global index=3  local index=4 (global=5, Rn=0 0 0 0)
 -0.0122491542297327  -0.0175327653269146  -0.1237422631019880  -0.0256480988441998   0.0087293248093133  -0.0188644002282295   0.0841937527775714  -0.0286555567780503   0.0590653188388224
  0.0338929048103745   0.0078386721156614   0.2682750099529507   0.0666872059700337  -0.0226969610453841   0.0484793988703037  -0.2119557833070294   0.0721396237193350  -0.1442490786390322
  0.0300529906411193  -0.0163312585736405   0.1887056814627398   0.0499398602168042  -0.0218795724873164   0.0484582949503754  -0.1514851382933650   0.0698206327224017  -0.1466067694308311
 -0.0102286206819272   0.0055584798224594  -0.0642260957923135  -0.0218797469345631  -0.0068990487552637  -0.0164928865769708   0.0698205103696737   0.0298934517004155   0.0498978961208556
  0.0338891996177742   0.0365729781385359   0.3255183982927099   0.0754602231661327  -0.0256828751193697   0.0453518472978420  -0.2505454615456739   0.0852737558138254  -0.1385274172822644
global index=3  local index=5 (global=6, Rn=0 0 0 0)
 -0.2081895906307555   0.2141617261390868  -0.0588092629657028  -0.0476189867159582   0.1777163652622113   0.0554952611239471   0.0700402674280281  -0.2613936252743773  -0.1992342418324158
  0.3751053969424297  -0.2882241770443905   0.1890106017936209   0.0509468710776632  -0.1901363068703223  -0.1851103046930840  -0.0948831592751121   0.3541080548724018   0.4044979996257499
  0.1182289356400259  -0.0734825972788414  -0.0555700309293812  -0.1949410251346821  -0.0942390045062640  -0.0248046771479590   0.2906515437590899   0.0739417522183764   0.0744885611070673
 -0.4412363939620421   0.2742399322945415   0.2073891276648538  -0.0942390209795665   0.1315124924309240   0.0925723653262125   0.0739418619853703   0.0345097889778988  -0.2779952560580310
  0.4557889822160722  -0.2475643470119852   0.8671134204748090   0.1108531128157425  -0.4137093538354751  -0.1629876543167207  -0.2090334692142272   0.7801230804170548   0.0978466131555203
global index=4  local index=0 (global=4, Rn=0 0 0 0)
 -0.0000000011352642  -0.0000000018334479  -0.0000000004127915   0.0000000003305832   1.0204010492823596
 -0.0000000018334479  -0.0000000012937324  -0.0000000009249696  -0.0000000005141390  -1.1501897611374727
 -0.0000000004127915  -0.0000000009249696  -0.0000000003600032   0.0000000000330286   0.0000000031086302
  0.0000000003305832  -0.0000000005141390   0.0000000000330286  -0.0000000000069244  -0.0000000001110827
  1.0204010492823596  -1.1501897611374727   0.0000000031086302  -0.0000000001110827  -0.0000000015293047
global index=4  local index=1 (global=1, Rn=0 0 0 0)
 -0.2208822568733721   0.1725677563158979  -0.0610788302971303  -0.3059626939667347  -0.0609983791406226
  0.4703656811743265  -0.2858014362699506   0.0974304907814948   0.4880586623125680   0.0046809954996006
  0.0788171189806637  -0.0112151198433171  -0.3133959753530594   0.1006300270745900   0.0228248359331517
  0.3948198019603537  -0.0561806358354410   0.1006301458675139   0.1706030089850505   0.1143365905325179
  0.5939820909527479  -0.5039877394781225   0.1652813335779200   0.8279451045003435   0.1068635987252921
global index=4  local index=2 (global=2, Rn=0 0 0 0)
 -0.2208822727395079   0.1725677526545059   0.2058771476752016  -0.2344320161661929  -0.0609983917626265
  0.4703655406958509  -0.2858013401436312  -0.3284067696292451   0.3739559905557614   0.0046811881355050
 -0.2656675606816947   0.0378028647072885  -0.1052479491511867  -0.2598924910314783  -0.0769352249115619
  0.3025154300976496  -0.0430461900652085  -0.2598926016710523  -0.0375450172282625   0.0876059657718971
  0.5939821260823662  -0.5039875449401947  -0.5571103732072263   0.6343807591299844   0.1068635698849831
global index=4  local index=3 (global=3, Rn=0 0 0 0)
 -0.0000000006321963   0.0000000001491125  -0.0000000004152375   0.0000000003204793   0.0801596438658138
  0.0000000018408624  -0.0000000013603391   0.0000000002708303   0.0000000014455941  -0.1887802855022713
 -0.0000000015750994   0.0000000031185963   0.0000000012401108  -0.0000000032914977   0.0574841073018729
  0.0000000020608502  -0.0000000001611851  -0.0000000006322485  -0.0000000021999446  -0.2145335028014365
  0.0801596086870062  -0.1887802154394417  -0.0574839834436908   0.2145332503196519  -0.0000000023606423
global index=4  local index=4 (global=5, Rn=0 0 0 0)
 -0.0122491586697896  -0.0175328867910779  -0.1237425776699543  -0.0178471693861799  -0.0203839338443236  -0.0188643743240828   0.0585862713070347   0.0669133670006770   0.0590653676187071
  0.0338929722819213   0.0078387768731173   0.2682762019515017   0.0464042206890947   0.0529999727108523   0.0484793726959106  -0.1474895629978289  -0.1684527478875034  -0.1442492039650799
  0.0209123767369474  -0.0113641252908920   0.1313102883214335   0.0167815509393921   0.0355518307436117   0.0337196450823473  -0.0456741439504187  -0.1134497056926341  -0.1020163238852507
  0.0238847134817726  -0.0129794630675171   0.1499743969061566   0.0355516949574431   0.0262591006615049   0.0385123466726689  -0.1134497312611354  -0.0759176011690215  -0.1165163255804288
  0.0338892163134001   0.0365731103934209   0.3255197183362714   0.0525088606779410   0.0599723452392504   0.0453517465114310  -0.1743421590280047  -0.1991221046728174  -0.1385274728678085
global index=4  local index=5 (global=6, Rn=0 0 0 0)
 -0.2081896273216311   0.2141616755869524  -0.0588091449502803   0.0476189552878754  -0.1777163605909051   0.0554952688981069  -0.0700401996390234   0.2613935845720097  -0.1992342922440876
  0.3751053929805330  -0.2882240681835568   0.1890098370167759  -0.0509469235029583   0.1901361949574593  -0.1851103481262855   0.0948830548654201  -0.3541080752182198   0.4044980222820645
 -0.1182289438831761   0.0734825249193786   0.0555700637384415  -0.1949410395292762  -0.0942389799162266   0.0248046948436825   0.2906515990577423   0.0739417137660544  -0.0744886397518036
  0.4412364575512486  -0.2742400178724108  -0.2073882222801147  -0.0942390013728896   0.1315125155856259  -0.0925723813008847   0.0739416967272989   0.0345098907541864   0.2779953597372064
  0.4557890220507643  -0.2475644233265098   0.8671134708034554  -0.1108530873712691   0.4137092982471210  -0.1629876568346861   0.2090333247690534  -0.7801230572720270   0.0978467466969638
global index=5  local index=0 (global=5, Rn=0 0 0 0)
  0.0000003838183944   0.0000003094637110  -0.0000001193063773  -0.0000000081790075   0.0000000087985144   0.6789359116436381  -0.0000000069883822  -0.0000000000774218  -0.1575848635033971
  0.0000003094637110   0.0000000371400512  -0.0000001656619650  -0.0000000233419262  -0.0000000076853278  -0.3478253869119813   0.0000000013626409   0.0000001381199668   0.7313700249469450
 -0.0000001193063773  -0.0000001656619650  -0.0000000813490997  -0.0000000014648811   0.0000000135549095   0.3262114673822098   0.0000000421473464  -0.0000001069272077  -1.5243156860679310
 -0.0000000081790075  -0.0000000233419262  -0.0000000014648811   0.0000000108719747   0.0000000009597601  -0.0000000083074435  -0.0000000043677802   0.0000000036388632  -0.0000000117985063
  0.0000000087985144  -0.0000000076853278   0.0000000135549095   0.0000000009597601  -0.0000000040345458   0.0000000155457264   0.0000000035547827  -0.0000000002139976   0.0000000065594229
  0.6789359116436381  -0.3478253869119813   0.3262114673822099  -0.0000000083074435   0.0000000155457264  -0.0000000194595292  -0.0000000119639478   0.0000000061275159  -0.0000000169022752
 -0.0000000069883822   0.0000000013626409   0.0000000421473464  -0.0000000043677802   0.0000000035547827  -0.0000000119639479   0.0000000021126786   0.0000000030778034  -0.0000000327032628
 -0.0000000000774218   0.0000001381199668  -0.0000001069272077   0.0000000036388632  -0.0000000002139976   0.0000000061275159   0.0000000030778034   0.0000000328926678   0.0000000548745705
 -0.1575848635033970   0.7313700249469450  -1.5243156860679310  -0.0000000117985063   0.0000000065594229  -0.0000000169022752  -0.0000000327032627   0.0000000548745705   0.0000000407379740
global index=5  local index=1 (global=1, Rn=0 0 0 0)
  0.1021075317448667  -0.0475441724309830  -0.1673249469238711  -0.0448345862226868   0.0477416054830890
 -0.0687524291807190  -0.1037544040044124   0.3227213103812677   0.0864733023446201   0.1527051090745373
  0.6619359865134172  -0.4048560882710517  -0.3551963213246106  -0.0951751153073041   0.7680102017722288
  0.1416021713063986   0.0319966658289538  -0.0560029982002248  -0.0469657106010280   0.0603610418927307
  0.0379421897488594   0.0085734941577898  -0.0469657080690167   0.1066910571892124   0.0161736930962385
  0.2696020747254826  -0.2911448053729913  -0.4459207528928136  -0.1194841071905220  -0.0604440286330067
 -0.4799039648185296  -0.1203586577493190   0.0770867433112369   0.1275713807170172  -0.2758599104506191
 -0.1285898876442400  -0.0322500127170687   0.1275714147885636  -0.3648338081324889  -0.0739164734092898
 -0.6962828523072002   0.5612297105500306   0.7822583969793516   0.2096054507163461  -0.2735195218503597
global index=5  local index=2 (global=2, Rn=0 0 0 0)
  0.0091483362020882  -0.0189690048578883  -0.0302982800953390  -0.0081184682765949   0.0055634075184808
  0.0645834649674951  -0.0237362668004308  -0.0635447206671776  -0.0170262190761050   0.0732589513589288
  0.1970534457569586  -0.1945938283665160  -0.3694892886614204  -0.0990042458706652   0.1928918783835991
  0.0245900985880521  -0.0305063013058043  -0.0592150436424904  -0.0197913357443316   0.0185164000536011
  0.0065887777706380  -0.0081738969300765  -0.0197909551158779   0.0093445005541552   0.0049614873499590
  0.0289777706968773  -0.0635750054249830  -0.0856325786066657  -0.0229452758735757   0.0004128974677623
 -0.0951562839448368   0.1112236716711962   0.2245173125429754   0.0754575394713676  -0.0742986856971634
 -0.0254967992683190   0.0298017624883597   0.0754567397749389  -0.0368759242629050  -0.0199083232468081
 -0.0969684386619731   0.1955041844357131   0.2705928408565155   0.0725053528581453  -0.0229236952918833
global index=5  local index=3 (global=3, Rn=0 0 0 0)
  0.0072302763276126  -0.0176740970411388  -0.0193654309820789   0.0065910587041768  -0.0146013425163079
  0.0746065289761642  -0.0934832298734170  -0.1253725796677839   0.0426700582575873  -0.0704202645670980
  0.2042770105166398  -0.3372432538368441  -0.4136604877299018   0.1407904526213062  -0.2655339533268136
  0.0179718769554911  -0.0350476854113088  -0.0365424195168763   0.0165722700346535  -0.0353957388222963
 -0.0061167700481299   0.0119285484092308   0.0165722914181703   0.0065087759784259   0.0120469998130013
  0.0239366336975170  -0.0513454669616912  -0.0623978370376819   0.0212371964017395  -0.0369277806401304
 -0.0678865144195855   0.1353541540412891   0.1432884788242847  -0.0652177072609217   0.1387660351901564
  0.0231053545369220  -0.0460680866055207  -0.0652178861089665  -0.0261332537108406  -0.0472293028163472
 -0.0901596774697566   0.1965401205640605   0.2427050536299883  -0.0826049779265349   0.1414873551441219
global index=5  local index=4 (global=4, Rn=0 0 0 0)
  0.0072302795586924  -0.0176741107168221  -0.0134754268104570  -0.0153907424424084  -0.0146013439776059
  0.0746069885505069  -0.0934836061377099  -0.0872408860330047  -0.0996402347784918  -0.0704208087819355
  0.2042762854953019  -0.3372428729063423  -0.2878435074889307  -0.3287574668564143  -0.2655336850354482
  0.0125057213664396  -0.0243879204235551  -0.0114275676339958  -0.0269278425372428  -0.0246300901270882
  0.0142832187402058  -0.0278542963758995  -0.0269278503048328  -0.0186060419529520  -0.0281308858023468
  0.0239366395204398  -0.0513455031281044  -0.0434194767803015  -0.0495908773570682  -0.0369278181277224
 -0.0472388576935913   0.0941861713386418   0.0444527918683780   0.1059707171895958   0.0965603011638209
 -0.0539531439704754   0.1075733004769557   0.1059708215692159   0.0727025047355313   0.1102848438521132
 -0.0901597646159409   0.1965402259063025   0.1688862332258489   0.1928906225853957   0.1414874783502892
global index=5  local index=5 (global=6, Rn=0 0 0 0)
  0.0146824793649104  -0.0099714159450855   0.0718574773390000  -0.0285828792644297  -0.0076587548646273  -0.0093165396785136   0.0921634652079333   0.0246951158566446   0.0269982459188860
  0.1412119259907846  -0.0360422469809557   0.0038809570135394  -0.0352224234866445  -0.0094368563053357   0.0419574804638254  -0.0507024014806305  -0.0135858521642823  -0.1263664264028788
  0.4005862680370118  -0.2647268367017540   0.4581244360882012  -0.3226306330212292  -0.0864494295242523  -0.0077459368521433   0.5734663825188697   0.1536599002496292  -0.0906466709104211
  0.0471241243672724  -0.0772459573767220   0.0201386085992677  -0.0490110823499929  -0.0183099246358671  -0.0211316666478174   0.0923945669631725   0.0384565708144427   0.0294990251120875
  0.0126268756645747  -0.0206979819330165   0.0053956849901094  -0.0183099372152699   0.0144164741996677  -0.0056622107409949   0.0384566167991248  -0.0408229863081410   0.0079042762904096
  0.0443146560929972   0.0121886382785018   0.2350718250739282  -0.0756840832696184  -0.0202794777875245  -0.0149697734371079   0.2129321032064817   0.0570549887830348   0.0485872752525216
 -0.2013728659782470   0.2768268561580712  -0.0555094960267790   0.2101923092649615   0.0774397721377005   0.0934753769447945  -0.2739977761541330  -0.1241725878420868  -0.0608970910495869
 -0.0539577182182915   0.0741760466823416  -0.0148725093022916   0.0774398438521542  -0.0580675141819679   0.0250466169410197  -0.1241726334036402   0.1561489435849214  -0.0163173376420911
 -0.1809442090976723   0.1056574770706639  -0.5362121735526560   0.2769081919948582   0.0741972406741123   0.0385283697575849  -0.5956785970037907  -0.1596115778383136  -0.0431397761072593
global index=6  local index=0 (global=6, Rn=0 0 0 0)
  0.0000010178506485   0.0000006426389073  -0.0000002981854243  -0.0000000039244699   0.0000000020597326   0.6789356920503168  -0.0000000001948734  -0.0000000049456978  -0.1575849970548954
  0.0000006426389073   0.0000010405974691  -0.0000003419994411   0.0000000152396257  -0.0000000139516981  -0.3478253049472660  -0.0000000222537755   0.0000000783312026   0.7313699139082338
 -0.0000002981854243  -0.0000003419994411  -0.0000020139434346  -0.0000000378606803   0.0000000754724344   0.3262114010187993   0.0000000434337292  -0.0000000843299610  -1.5243150831572589
 -0.0000000039244699   0.0000000152396257  -0.0000000378606803   0.0000000105459131   0.0000000006866501  -0.0000000028473438  -0.0000000028714505  -0.0000000060766007  -0.0000000023631943
  0.0000000020597326  -0.0000000139516981   0.0000000754724344   0.0000000006866501   0.0000000157973823  -0.0000000022814985  -0.0000000058587477   0.0000000008118153  -0.0000000009993386
  0.6789356920503168  -0.3478253049472660   0.3262114010187993  -0.0000000028473438  -0.0000000022814985  -0.0000000267906709  -0.0000000023578315  -0.0000000012027903  -0.0000000372107152
 -0.0000000001948734  -0.0000000222537755   0.0000000434337292  -0.0000000028714505  -0.0000000058587477  -0.0000000023578315  -0.0000000376728164  -0.0000000035115006  -0.0000000063910826
 -0.0000000049456978   0.0000000783312026  -0.0000000843299610  -0.0000000060766007   0.0000000008118153  -0.0000000012027903  -0.0000000035115006  -0.0000000270559786   0.0000000109047731
 -0.1575849970548954   0.7313699139082338  -1.5243150831572589  -0.0000000023631943  -0.0000000009993386  -0.0000000372107152  -0.0000000063910825   0.0000000109047731  -0.0000000079380833
global index=6  local index=1 (global=1, Rn=0 0 0 0)
 -0.2204649620750806  -0.1077555601406396  -0.1477084980308578  -0.0395783661498713   0.2916561934785984
  0.2829328759840793   0.2476828929313623   0.2010209787522873   0.0538632379191799  -0.3364375217613801
 -0.3933685839900565   0.4972216850494320  -0.0590148866587981  -0.0158128451957627   1.2052251139523187
  0.1627804365703637   0.1730687188009712  -0.0881486662348804   0.0230363479371500  -0.1542813053883560
  0.0436168766584997   0.0463736052856952   0.0230363469838977  -0.1679489589375282  -0.0413395523717233
  0.5916580870427040  -0.3111618238674805   0.4930855641282749   0.1321218756353067   0.0388837019088231
 -0.2664098985822287  -0.0898902457967288   0.3269697167851437  -0.0281398829173809   0.4677750322213421
 -0.0713842828742510  -0.0240860183865993  -0.0281398571268696   0.4244492107064007   0.1253399646158843
 -0.8256755900391544   0.9662619862006391  -0.4159338674642526  -0.1114491384815382   0.5374244918652746
global index=6  local index=2 (global=2, Rn=0 0 0 0)
 -0.2204649811764373  -0.1077555783056703   0.1477084826613317   0.0395783850430232   0.2916561890720847
  0.2829329049194749   0.2476829166042029  -0.2010207980079891  -0.0538634130619750  -0.3364375820430020
 -0.3933686406213656   0.4972217638716837   0.0590147968040068   0.0158132168898861   1.2052250382828338
 -0.1627804562234509  -0.1730687229342552  -0.0881486754582687   0.0230363576466299   0.1542813019204564
 -0.0436168738998064  -0.0463736229319799   0.0230363471524426  -0.1679489515405147   0.0413395541470297
  0.5916580950419982  -0.3111617978814719  -0.4930855598823841  -0.1321218860814842   0.0388837014014078
  0.2664098684186829   0.0898902498615825   0.3269696924344521  -0.0281398715340081  -0.4677750664638450
  0.0713843018752524   0.0240859971793245  -0.0281398820549300   0.4244492158988483  -0.1253399571579742
 -0.8256755963890725   0.9662619469407813   0.4159338683892282   0.1114491357307186   0.5374245041903265
global index=6  local index=3 (global=3, Rn=0 0 0 0)
  0.1021075371545652  -0.0475442095507905  -0.0448345973089275   0.1673249738416879   0.0477415950517738
 -0.0687521629276492  -0.1037549539019526   0.0864730084120338  -0.3227219612027024   0.1527056820115422
  0.6619353906950467  -0.4048542290816283  -0.0951746971871366   0.3551954676339469   0.7680074832119883
  0.0379421795596557   0.0085735315081709   0.1066910695713117   0.0469656919148630   0.0161737079464999
 -0.1416021957279405  -0.0319965727770822   0.0469657198252130  -0.0560030476947891  -0.0603610487023510
  0.2696020487728429  -0.2911448054682327  -0.1194840953330112   0.4459206909222483  -0.0604440293996827
 -0.1285898469051512  -0.0322501227102476  -0.3648338168681964  -0.1275712651563118  -0.0739164963217598
  0.4799042000554232   0.1203583415385720  -0.1275714352260526   0.0770869558178677   0.2758599529917758
 -0.6962828938020482   0.5612296727650519   0.2096055151149592  -0.7822581630166594  -0.2735197181630429
global index=6  local index=4 (global=4, Rn=0 0 0 0)
  0.1021075422550232  -0.0475441863071457   0.0448345892206825  -0.1673249602570318   0.0477415745512934
 -0.0687524460902135  -0.1037548674953653  -0.0864731725460118   0.3227215337223764   0.1527054711548472
  0.6619356542670530  -0.4048546389582842   0.0951743767841260  -0.3551952206273926   0.7680078140291894
 -0.0379421901927300  -0.0085734856695000   0.1066910799072392   0.0469657135142303  -0.0161736862204666
  0.1416022086147847   0.0319965664693928   0.0469657165498735  -0.0560030229905207   0.0603610184085105
  0.2696020526910194  -0.2911447873689654   0.1194840921654629  -0.4459206935897543  -0.0604440421552523
  0.1285898844004008   0.0322500406507871  -0.3648337717473146  -0.1275713827055156   0.0739164466136107
 -0.4799041021304344  -0.1203583172601870  -0.1275714233164184   0.0770869612152553  -0.2758599609583224
 -0.6962828929290941   0.5612296924804763  -0.2096055202274978   0.7822583190280337  -0.2735196570411372
global index=6  local index=5 (global=5, Rn=0 0 0 0)
 -0.0146824834606263   0.0099712974539036  -0.0718573247557935  -0.0285828789906927  -0.0076587543210965  -0.0093165352885750   0.0921634420609978   0.0246951030416405   0.0269982210364651
 -0.1412123008283787   0.0360424651116176  -0.0038816102685513  -0.0352225070476065  -0.0094374869186627   0.0419579470228487  -0.0507023752531801  -0.0135856140265959  -0.1263665521824235
 -0.4005862965917736   0.2647258295052436  -0.4581255231709381  -0.3226306330573252  -0.0864491305532310  -0.0077462476179613   0.5734667621510557   0.1536590246386437  -0.0906466592487138
  0.0471241454654827  -0.0772458857877742   0.0201386151018049   0.0490110886788004   0.0183099347290064   0.0211316669454526  -0.0923945637965831  -0.0384565557598394  -0.0294990210200598
  0.0126268824923013  -0.0206977340151732   0.0053954503638099   0.0183099449397686  -0.0144164777857486   0.0056622153355812  -0.0384566337933740   0.0408230040961335  -0.0079042735380316
  0.0443146726499726   0.0121886036256370   0.2350718112048581   0.0756840941895378   0.0202794868944284   0.0149697672238586  -0.2129321262065009  -0.0570549705022196  -0.0485872615549948
 -0.2013729617208693   0.2768266599147883  -0.0555096815957947  -0.2101923559808545  -0.0774397859573329  -0.0934754245565411   0.2739977595888672   0.1241725845032324   0.0608971311329747
 -0.0539577510687878   0.0741757579393168  -0.0148717706807247  -0.0774398493404068   0.0580675123379552  -0.0250466280368119   0.1241726260436826  -0.1561488940867949   0.0163173256887406
 -0.1809442693634530   0.1056572142813266  -0.5362117237354987  -0.2769082251885548  -0.0741972537630612  -0.0385283926339117   0.5956786004533516   0.1596115586829033   0.0431398131931301


Overlap matrix with momentum operator px
global index=1  local index=0 (global=1, Rn=0 0 0 0)
 -0.0000013866949589   0.0000001735741267  -0.4720330012257160  -0.0000001726219934   0.0000001443211428
 -0.0000020810653741   0.0000005713384484  -0.2287881908794260  -0.0000008209968340   0.0000014580591017
  0.4720340060006617   0.2287885855110823   0.0000004871678385  -0.0000000095114221   0.0000001006325393
  0.0000002789638155   0.0000000167406757  -0.0000000104036370   0.0000001179452457   0.0000000445070533
 -0.0000004780935980   0.0000000038907590   0.0000001162986212   0.0000000445559408   0.0000001046220369
global index=1  local index=1 (global=2, Rn=0 0 0 0)
 -0.1927907441072881   0.0348746465931061   0.0871580272378115   0.0729356469887550  -0.0000005125106222
  0.0348713518218882  -0.0496971677239861   0.1434064878478148   0.0282704778624798  -0.0000007489371850
 -0.0871599577935501  -0.1433970923839843  -0.3575168265836016   0.0181501345883713  -0.0000002053787667
 -0.0729353130908175  -0.0282680299001327   0.0181500507570717  -0.1924978412818551  -0.0000002801944907
 -0.0000001363144889   0.0000003881910958   0.0000001865983364  -0.0000001764575033  -0.2126270357718906
global index=1  local index=2 (global=3, Rn=0 0 0 0)
 -0.0466006818563003   0.0450926986294278  -0.0171366111627495  -0.0600719427041504   0.0732776998112689
  0.0450925743687748  -0.0159201090279575   0.0444800472170578   0.0111572935915463  -0.0136111776134171
  0.0171326356211157  -0.0444739399122925  -0.1557423497253474   0.0232604055571051  -0.0283723949420104
  0.0600741603503780  -0.0111621786528652   0.0232616893610940  -0.0064181302082017  -0.0747022946145437
 -0.0732795418612996   0.0136154376311411  -0.0283746006908602  -0.0747015553403074   0.0234662184970050
global index=1  local index=3 (global=4, Rn=0 0 0 0)
 -0.0138255072777645   0.0133783809692519  -0.0652484062351348   0.0232600705106231   0.0217398208154135
  0.0133775702805681  -0.0047231070630551   0.0534180091323765  -0.0043199033756660  -0.0040370914064178
  0.0652457436530531  -0.0534129418345495  -0.0589845094684532  -0.0943694733909043  -0.0882016218963656
 -0.0232606519342631   0.0043223291998948  -0.0943720565934197   0.0108746953638151   0.0289243136018563
 -0.0217404340778207   0.0040399284665332  -0.0882039841940915   0.0289245139763366   0.0069615386613738
global index=1  local index=4 (global=5, Rn=0 0 0 0)
  0.0988860257562219  -0.1348059001089165   0.0156796010960244   0.0527886851631468   0.0293963128892631   0.0735603659606397  -0.0274618243759695  -0.0427649525793847  -0.1070136235418361
 -0.0538737983630180  -0.0261565987850459  -0.0663371330806753   0.0513562802608408   0.0062086286714817   0.0155323459534366  -0.0743239781860605  -0.0087497048212283  -0.0219019207416283
 -0.0796873680287551   0.0174799426093378   0.1210073463062697   0.1157067400683275  -0.0193377861736537  -0.0483898966866361  -0.2867317764048553  -0.0049886459609037  -0.0124865417129086
 -0.0504193115157158   0.0331963631552403   0.0253630745456779  -0.0193377363248752   0.0820126302238373  -0.0298435566818630  -0.0049884135848387  -0.1257721286165669   0.0207413162855648
 -0.1261686089889776   0.0830708496128046   0.0634670452575730  -0.0483902913197000  -0.0298436956090115   0.0192590218914647  -0.0124834152266911   0.0207420013649818  -0.0821598910988984
global index=1  local index=5 (global=6, Rn=0 0 0 0)
 -0.2316286751963298  -0.0000975439935089   0.0507418153941258  -0.0402337520820596   0.0484903701108765   0.1420814922709531   0.2208175935340394   0.0027808818709434   0.0081488051608175
 -0.1447093007847960  -0.1550953075891396   0.0665706800515011   0.1346618494897991   0.0654228633996454   0.1916993536694051   0.0552029248597586   0.0340105131892587   0.0996552913415619
  0.1446883414789387  -0.1803021355253901  -0.0069301968606286  -0.3529219853040013  -0.0112563209361466  -0.0329829867271728   0.2579416038565178   0.0285498955090027   0.0836523645567719
 -0.0451155467666326  -0.0145921923711543   0.0145368379887284  -0.0112566474029919  -0.1473112023316135   0.0238654824905866   0.0285497337651475   0.0779119345376234   0.0064903575297406
 -0.1321927371685345  -0.0427559493107448   0.0425938211177072  -0.0329822492592361   0.0238659308138451  -0.0855279882658346   0.0836522350852116   0.0064904557069718   0.0947135593045104
global index=2  local index=0 (global=2, Rn=0 0 0 0)
  0.0000009864618291   0.0000003603028974  -0.4720327087194608  -0.0000001811035263  -0.0000002308042845
  0.0000020659546982   0.0000009275318819  -0.2287867716714824  -0.0000000133073744   0.0000003583616555
  0.4720335193911290   0.2287883962920743  -0.0000005628833442  -0.0000001354472030   0.0000000971676758
 -0.0000000007468593  -0.0000000361727132  -0.0000001202621838   0.0000000547852743  -0.0000000808107929
 -0.0000002217120456  -0.0000000766093384   0.0000001139010824  -0.0000000808998846  -0.0000000530631940
global index=2  local index=1 (global=1, Rn=0 0 0 0)
  0.1927900572040477  -0.0348749122212992   0.0871566447417457   0.0729348717947012  -0.0000001513721174
 -0.0348739616834803   0.0496989360531273   0.1434073682837308   0.0282679986444698   0.0000000806291688
 -0.0871609500184062  -0.1433950283602593   0.3575200317581674  -0.0181510521289827  -0.0000001883413222
 -0.0729353215676513  -0.0282679608038810  -0.0181502046359744   0.1924978259356936  -0.0000003455009294
  0.0000000079600409  -0.0000000436115300  -0.0000001539297715  -0.0000003376239905   0.2126268747686001
global index=2  local index=2 (global=3, Rn=0 0 0 0)
  0.0138252788683000  -0.0133781233219949  -0.0652479801076468   0.0232599436598248  -0.0217395954829337
 -0.0133777078921359   0.0047237039555940   0.0534177984189057  -0.0043200205681801   0.0040382140024856
  0.0652459220195332  -0.0534132871937467   0.0589843637233367   0.0943691992206275  -0.0882014219434836
 -0.0232605187937230   0.0043222827808436   0.0943713095720373  -0.0108750585813540   0.0289247034890173
  0.0217402427990096  -0.0040397053745419  -0.0882033410382688   0.0289247305035674  -0.0069616291932758
global index=2  local index=3 (global=4, Rn=0 0 0 0)
  0.0465997579926589  -0.0450919470078415  -0.0171361935198936  -0.0600718541960626  -0.0732770030295074
 -0.0450921676907536   0.0159212205696723   0.0444791661134443   0.0111590985566737   0.0136130688621771
  0.0171332267178856  -0.0444744333720632   0.1557411886210189  -0.0232593837291876  -0.0283719940285176
  0.0600734590083873  -0.0111613620488266  -0.0232606385550246   0.0064170209902300  -0.0747024520881450
  0.0732788613940358  -0.0136147308896400  -0.0283737531216327  -0.0747021928100718  -0.0234666117115626
global index=2  local index=4 (global=5, Rn=0 0 0 0)
  0.0146790075501629   0.0074101933532506   0.0846594895760199   0.0227103374536919   0.0075595841422039   0.0095160917574440  -0.0680660062843764  -0.0228731654353754  -0.0287910701721358
 -0.0348641344833758   0.0398143230819534  -0.0418421665563187  -0.0331428289806286  -0.0117873939240098  -0.0148382414577839   0.0524390758986066   0.0216216477305542   0.0272156230957680
 -0.0449130143255823   0.0635790650317689  -0.0443028480491173  -0.0435701734724301  -0.0210018104167209  -0.0264377054722640   0.0756770029920704   0.0466390309340144   0.0587053295668701
 -0.0142565180022400   0.0175503134097183  -0.0231110654093012  -0.0209999856963986   0.0105252251437937  -0.0086553040123838   0.0466291926160640  -0.0331465496086783   0.0201711331963275
 -0.0179449995609829   0.0220913183509444  -0.0290911455761349  -0.0264337386833126  -0.0086548586280530   0.0065061234930089   0.0586942231925288   0.0201714771308916  -0.0237813658276608
global index=2  local index=5 (global=6, Rn=0 0 0 0)
  0.2316279611429447   0.0000984161510612  -0.0507417195838511  -0.0402323956709908   0.0484899432511577  -0.1420814612946719   0.2208180982890375   0.0027813067459502  -0.0081487459977026
  0.1447089602962321   0.1550971941797314  -0.0665712200266593   0.1346672394359048   0.0654241566916159  -0.1916978335743936   0.0552035557578005   0.0340122032009902  -0.0996559012461318
  0.1446881709862643  -0.1803023253714084  -0.0069312490106775   0.3529223167610376   0.0112566110047180  -0.0329825106423412  -0.2579418520318938  -0.0285494718458484   0.0836521661933634
 -0.0451157289619934  -0.0145923448752619   0.0145365458023683   0.0112565349090346   0.1473109607575112   0.0238656628822457  -0.0285495740815580  -0.0779120482011617   0.0064904100317296
  0.1321923485028796   0.0427557153671804  -0.0425944098024701  -0.0329826674934695   0.0238655550988199   0.0855280986388030   0.0836522799234709   0.0064903583473840  -0.0947136735533632
global index=3  local index=0 (global=3, Rn=0 0 0 0)
 -0.0000011137884310  -0.0000008230141670  -0.4720332938158985   0.0000001207565017  -0.0000000214202313
 -0.0000002530168379  -0.0000011114508727  -0.2287887442870782   0.0000009073039672  -0.0000000339115795
  0.4720334500833560   0.2287880761195863  -0.0000005651127551  -0.0000001517243457  -0.0000000002877486
  0.0000002222431911   0.0000000602098173  -0.0000001396439545  -0.0000000047662184  -0.0000000060587949
 -0.0000000265833553  -0.0000000426279830  -0.0000000003165312  -0.0000000060147477  -0.0000000108101603
global index=3  local index=1 (global=1, Rn=0 0 0 0)
  0.0465998097750729  -0.0450920128564980  -0.0171361393578116  -0.0600720609275089   0.0732770963969498
 -0.0450925235399105   0.0159236030128194   0.0444809497596473   0.0111599248499004  -0.0136114212803909
  0.0171336592705543  -0.0444742038870641   0.1557409845932682  -0.0232587336024167   0.0283723690199757
  0.0600730032390347  -0.0111616355031082  -0.0232602741382641   0.0064166365403970   0.0747032889967257
 -0.0732785884099315   0.0136154785531051   0.0283737976764963   0.0747038128279897  -0.0234663576123769
global index=3  local index=2 (global=2, Rn=0 0 0 0)
 -0.0138252744581529   0.0133779676905316  -0.0652477739733512   0.0232599123398607  -0.0217393140105523
  0.0133779789592073  -0.0047237653129939   0.0534179184059503  -0.0043205206686210   0.0040388060951403
  0.0652458597150835  -0.0534133012303011  -0.0589842769068752  -0.0943692283224964   0.0882015149449345
 -0.0232606244388883   0.0043221301266269  -0.0943714486600739   0.0108749078611072  -0.0289242451755356
  0.0217404276550179  -0.0040397964619716   0.0882035842198395  -0.0289245147205561   0.0069614210175240
global index=3  local index=3 (global=4, Rn=0 0 0 0)
  0.0105357330080430  -0.0162674039614853  -0.0145006418507566  -0.0289745143751767   0.0000000038734617
 -0.0162683382628285   0.0115323132861296   0.0255032994512934   0.0251791937577332  -0.0000000028995741
  0.0144977257646254  -0.0254972383717881   0.0431951637202551  -0.0402787756683507   0.0000000002906603
  0.0289770874217933  -0.0251809223346930  -0.0402832844174219  -0.0591129463217923   0.0000000083193787
  0.0000000010825526  -0.0000000024151727   0.0000000025564757   0.0000000012729168   0.0162008439638927
global index=3  local index=4 (global=5, Rn=0 0 0 0)
  0.0036067986078846   0.0075737440710273   0.0366570406839828   0.0053512707589519  -0.0024045020418285   0.0069303025198856  -0.0157209487094101   0.0073824299087740  -0.0212812800073703
 -0.0093078551607555   0.0068254623038471  -0.0413546463302142  -0.0107486587207679   0.0050187782385725  -0.0144639150454971   0.0250977527604299  -0.0131820233832180   0.0379986388862024
 -0.0079897219202263   0.0078443166218712  -0.0313729888509758  -0.0061140983605677   0.0051004830377895  -0.0147000238676862   0.0106614866806994  -0.0142280613138726   0.0410143013215199
  0.0033788635182084  -0.0012121577080070   0.0187230230903411   0.0050985967421190   0.0021850404776412   0.0064835916105166  -0.0142256327367315  -0.0089237108353392  -0.0191584281318912
 -0.0097422559876685   0.0034974419040380  -0.0539770594101828  -0.0146997046431508   0.0064853256781116  -0.0142579832641660   0.0410133106258363  -0.0191604811845258   0.0396636812451555
global index=3  local index=5 (global=6, Rn=0 0 0 0)
  0.0264966473780766  -0.0361208472184629   0.0042019375946292  -0.0490441228822134  -0.0293962724784335   0.0197108519629347   0.1206828937214403   0.0427650688514542  -0.0286747956018268
 -0.0144347325425262  -0.0070100968817909  -0.0177762135973454   0.0298534150225014  -0.0062072130702847   0.0041624922825312  -0.0440151489009263   0.0087509080019525  -0.0058681032920772
  0.0949702509287364  -0.0975194093777721   0.0331393778926349   0.0723166315896009  -0.0820123285851346   0.0549902143388572  -0.1055431539512471   0.1257714078271945  -0.0843309895739734
  0.0504192012769675  -0.0331963570394761  -0.0253629772122315  -0.0820125514231878  -0.0193377395346735   0.0298435292255404   0.1257725983102558  -0.0049883457896887  -0.0207416367881146
 -0.0338066462164849   0.0222585931438410   0.0170063865846890   0.0549903579105466   0.0298435372509426   0.0051603395353708  -0.0843319330559704  -0.0207412408966352  -0.0220140284269001
global index=4  local index=0 (global=4, Rn=0 0 0 0)
  0.0000002882327115  -0.0000000247717859  -0.4720335741824186  -0.0000000050677039   0.0000000180441407
 -0.0000021266531013  -0.0000002670343841  -0.2287859207574863   0.0000006115866096   0.0000002237311836
  0.4720333077692739   0.2287878664672603   0.0000012723837583  -0.0000000438589245  -0.0000000111934875
  0.0000000738729821   0.0000001714664645  -0.0000000415402787   0.0000002683595370  -0.0000000116904155
  0.0000000133241041   0.0000000458976898  -0.0000000103508075  -0.0000000116493082   0.0000002861253040
global index=4  local index=1 (global=1, Rn=0 0 0 0)
  0.0138253601738379  -0.0133780929380665  -0.0652479434449505   0.0232597668224653   0.0217395286996919
 -0.0133777524616699   0.0047238737668253   0.0534180636504648  -0.0043207641771693  -0.0040381918965750
  0.0652457861302215  -0.0534131395296093   0.0589845224619483   0.0943693238015726   0.0882015295950198
 -0.0232606784836058   0.0043223744335328   0.0943717520658583  -0.0108747164103841  -0.0289243959891610
 -0.0217404201267738   0.0040399136987217   0.0882037966604615  -0.0289244683968955  -0.0069615362464177
global index=4  local index=2 (global=2, Rn=0 0 0 0)
 -0.0465997847772742   0.0450921483479029  -0.0171362615198911  -0.0600721993163500  -0.0732771831379700
  0.0450918198025085  -0.0159241518760859   0.0444800113746210   0.0111598155078124   0.0136116938550505
  0.0171336471804055  -0.0444741412840944  -0.1557412683597197   0.0232589536443075   0.0283723380801584
  0.0600730495756545  -0.0111617084460301   0.0232603983431747  -0.0064167202061727   0.0747031547085230
  0.0732785959731959  -0.0136154330865182   0.0283737757854345   0.0747035234103829   0.0234664123736768
global index=4  local index=3 (global=3, Rn=0 0 0 0)
 -0.0105356571086036   0.0162671957334818  -0.0145010443601769  -0.0289742218984207   0.0000000038709571
  0.0162690314634749  -0.0115321277771591   0.0255032950830790   0.0251801098260183   0.0000000026763048
  0.0144975386036974  -0.0254971842864146  -0.0431955360685124   0.0402787387278618   0.0000000037222878
  0.0289771834637571  -0.0251807794714845   0.0402842285363311   0.0591131655939888  -0.0000000100454229
  0.0000000030688207  -0.0000000096354300   0.0000000000207938   0.0000000051432967  -0.0162006016794258
global index=4  local index=4 (global=5, Rn=0 0 0 0)
  0.0025100267989305   0.0052703060446428   0.0255081220348481   0.0017078174078977   0.0039061258598549   0.0048230849715823  -0.0045341328193985  -0.0119945521641773  -0.0148089093484108
 -0.0064765295031692   0.0047483377672560  -0.0287771183329012  -0.0031442518187148  -0.0081517212710938  -0.0100650687434199   0.0051226538117755   0.0214160008157999   0.0264414257896622
 -0.0028692559381910   0.0060044152256674  -0.0030026533666869   0.0027144654827819  -0.0039484145670486  -0.0048758984890174  -0.0131711828896533   0.0097042804061902   0.0119813192485523
 -0.0054913413153520   0.0019716291847048  -0.0304218948591433  -0.0039468415891851  -0.0054476177815542  -0.0105365520518428   0.0097029449064042   0.0143802225912466   0.0311305208275676
 -0.0067796322039049   0.0024340893991183  -0.0375592819812724  -0.0048729743494784  -0.0105354307621670  -0.0099226878102569   0.0119794444155949   0.0311302627513242   0.0276002566884238
global index=4  local index=5 (global=6, Rn=0 0 0 0)
 -0.0264965062226361   0.0361208309768048  -0.0042019382706960  -0.0490439492519689  -0.0293966073849667  -0.0197106167937685   0.1206832633523357   0.0427652577128558   0.0286748104084232
  0.0144354094808085   0.0070100174492069   0.0177756945653887   0.0298531963852243  -0.0062077163697449  -0.0041616453352441  -0.0440146283444188   0.0087517640890019   0.0058678179011607
  0.0949702642521301  -0.0975196368067279   0.0331392220679887  -0.0723166342465689   0.0820124284350818   0.0549902352485248   0.1055430162521922  -0.1257715654761479  -0.0843311005969490
  0.0504192783143273  -0.0331962345723507  -0.0253630245056185   0.0820126641211905   0.0193376811134974   0.0298435529030522  -0.1257727133436952   0.0049883181485246  -0.0207414403871955
  0.0338066905403422  -0.0222585282365311  -0.0170065235637527   0.0549904080643623   0.0298434761863367  -0.0051603414518639  -0.0843319589335500  -0.0207412003677821   0.0220141380662871
global index=5  local index=0 (global=5, Rn=0 0 0 0)
 -0.0000110777353925  -0.0000053670796984   0.0000045592670011  -0.6044618851746194  -0.0000027663376500   0.0000008183036309   0.0505729457879410  -0.0000027960105157  -0.0000000704590868
 -0.0000076505127495  -0.0000084574036791  -0.0000008001117883  -0.3109656282494015   0.0000025390964940  -0.0000044100238249  -0.4972271829827430  -0.0000033581552751  -0.0000007741802236
  0.0000015115018161   0.0000138251007816  -0.0000039268155298   0.2419226554555065  -0.0000051453652486   0.0000004417667777   0.0034709785567738   0.0000149479927694  -0.0000055963767945
  0.6044563723370830   0.3109754440936743  -0.2419220700710692  -0.0000014178646073   0.0000033781825931   0.0000026319428440  -0.0000001066975301   0.0000008782752856   0.0000012044395179
 -0.0000012853563888  -0.0000018514191164   0.0000002813607325   0.0000032350821416   0.0000006845969072   0.0000032912614541   0.0000008084390325   0.0000011932169149   0.0000014179200601
  0.0000021950956123   0.0000002912348929  -0.0000005372564572   0.0000026315990715   0.0000032915944520  -0.0000000882438653   0.0000012046518465   0.0000014175134702  -0.0000002217428662
 -0.0505758247771803   0.4972259737379527  -0.0034722135096334  -0.0000006203960041   0.0000020364710830   0.0000017058052077  -0.0000002161366758  -0.0000000506265928   0.0000005246896815
 -0.0000011459672905  -0.0000014057437636   0.0000003988303312   0.0000019641974585   0.0000000474742356   0.0000024607953927  -0.0000001011902308   0.0000015813102377   0.0000006229306983
  0.0000014495389156   0.0000006018668578  -0.0000005446743935   0.0000017068605567   0.0000024609942181   0.0000000213357224   0.0000005100618039   0.0000006226697703  -0.0000005038167512
global index=5  local index=1 (global=1, Rn=0 0 0 0)
 -0.0988869455647565   0.0538733640633742   0.0796878322464025   0.0504202997100406   0.1261695796984033
  0.1348055116142879   0.0261689670887398  -0.0174899809669946  -0.0331928682095699  -0.0830751558744341
 -0.0157002157760436   0.0663594652559298  -0.1210407960290437  -0.0253618055598087  -0.0634720158195994
 -0.0527890345671468  -0.0513529097427389  -0.1157086978243849   0.0193387611242222   0.0483912776615524
 -0.0293961504233273  -0.0062073061741004   0.0193374008209234  -0.0820133342724643   0.0298429733759178
 -0.0735609393789720  -0.0155326005122505   0.0483893526669819   0.0298433700893642  -0.0192593265116335
  0.0274635526369330   0.0743248749463305   0.2867330870639480   0.0049886539290111   0.0124811473580448
  0.0427664017711547   0.0087495095765205   0.0049873334672111   0.1257703571761312  -0.0207414027711472
  0.1070172492615929   0.0218970834182089   0.0124800057884966  -0.0207408199977728   0.0821564167578355
global index=5  local index=2 (global=2, Rn=0 0 0 0)
 -0.0146769717919109   0.0348601593858350   0.0449048335458534   0.0142549085703086   0.0179432168895316
 -0.0074254572069767  -0.0397941924840619  -0.0635774707908655  -0.0175426332320980  -0.0220837527561824
 -0.0847057724892600   0.0418806131805190   0.0442693149030748   0.0231385572840297   0.0291075862135547
 -0.0227149675398896   0.0331502953145863   0.0435758248548860   0.0210030030300610   0.0264367965623875
 -0.0075598921726620   0.0117876775764114   0.0210010908437823  -0.0105243179519553   0.0086556998730583
 -0.0095160537093688   0.0148377728859246   0.0264349187586846   0.0086558395747156  -0.0065053799731234
  0.0680685709865384  -0.0524432561155844  -0.0756822223938101  -0.0466286466864784  -0.0586945275138571
  0.0228707156497487  -0.0216171605266391  -0.0466289214835312   0.0331449980884424  -0.0201706233850731
  0.0287880669593154  -0.0272096758789048  -0.0586933473928254  -0.0201702128818137   0.0237791855963922
global index=5  local index=3 (global=3, Rn=0 0 0 0)
 -0.0036048087330713   0.0093028257937027   0.0079840129962437  -0.0033773090878038   0.0097369094127178
 -0.0075841946002549  -0.0068163915180404  -0.0078402013870289   0.0012101873046841  -0.0034866865591395
 -0.0366884507266345   0.0413703901114551   0.0313758389843463  -0.0187333791112951   0.0540043237249829
 -0.0053516321689536   0.0107466947330792   0.0061117250021636  -0.0050981114366386   0.0146981144534792
  0.0024039051128328  -0.0050161425863069  -0.0050978638819411  -0.0021847987490115  -0.0064828392037023
 -0.0069302682682672   0.0144612271994096   0.0146968421834010  -0.0064826572544140   0.0142562479235751
  0.0157214448066057  -0.0250973971882089  -0.0106622244098278   0.0142254942568338  -0.0410138863184107
 -0.0073818629259371   0.0131798678351015   0.0142259623303697   0.0089227828711986   0.0191579842999206
  0.0212812798973000  -0.0379975103846733  -0.0410132083859959   0.0191572870411426  -0.0396642732291033
global index=5  local index=4 (global=4, Rn=0 0 0 0)
 -0.0025083822678408   0.0064732609039169   0.0028656968202335   0.0054876797545658   0.0067753396485123
 -0.0052755430702393  -0.0047446951438775  -0.0060045381353647  -0.0019684150935223  -0.0024285421291533
 -0.0255285706940529   0.0287801767713851   0.0029918445897771   0.0304299121637238   0.0375757293433091
 -0.0017085474087150   0.0031445524693575  -0.0027141575728842   0.0039469699081480   0.0048733233007029
 -0.0039060499026429   0.0081504195167264   0.0039465457898987   0.0054467437995971   0.0105337797253303
 -0.0048223841388111   0.0100626451389700   0.0048724140853588   0.0105333389446389   0.0099201933668995
  0.0045348986312424  -0.0051236502700684   0.0131698924771222  -0.0097033655249820  -0.0119806381894627
  0.0119947749995062  -0.0214161538822339  -0.0097033322381952  -0.0143807584443048  -0.0311299774082772
  0.0148089605890520  -0.0264407662497358  -0.0119801551901721  -0.0311294726946414  -0.0276007482112863
global index=5  local index=5 (global=6, Rn=0 0 0 0)
 -0.0094564205490103   0.0008921015629077  -0.0718504051720693   0.0171182090533049   0.0061202463027950   0.0161806902595746  -0.0649152616397115  -0.0233397380522941  -0.0617052520273281
  0.0008906144655802  -0.0464612151847285   0.0331119683155645  -0.0494950331878957  -0.0141095418246429  -0.0373122264116156   0.0693141941474643   0.0252010190134203   0.0666293471971028
 -0.0718707948043861   0.0331470070455879  -0.0395936146466029  -0.0095935918817779   0.0043808325427440   0.0115697461187896   0.0305286773872863  -0.0045772738131768  -0.0120866493243590
 -0.0171189546122922   0.0494906635203071   0.0095727477827246   0.0082080915060218   0.0077360055191179   0.0204520468304716  -0.0110989647554159  -0.0204967262409408  -0.0541884792514227
 -0.0061203589213029   0.0141123262557872  -0.0043768965384220   0.0077357299902437  -0.0075165841360507   0.0074410005294075  -0.0204955886205647   0.0248572182778437  -0.0207253313982997
 -0.0161810840094743   0.0373100649965279  -0.0115719112546156   0.0204516631221207   0.0074410925574926   0.0093415545585970  -0.0541864445721586  -0.0207255986591730  -0.0220981311956536
  0.0649152530744545  -0.0693043928657782  -0.0304972736089792  -0.0111009971377789  -0.0204956299142418  -0.0541879448013399  -0.0654591325068817   0.0200050795927289   0.0528920169329671
  0.0233395119007016  -0.0252038947082232   0.0045687142236893  -0.0204960839558930   0.0248562906070372  -0.0207256659655357   0.0200062121931498  -0.0596702275875735   0.0274711662028724
  0.0617046796462487  -0.0666343377199401   0.0120766213792862  -0.0541874411907994  -0.0207252038555536  -0.0220994752511092   0.0528915170223206   0.0274702304704165   0.0025670502432380
global index=6  local index=0 (global=6, Rn=0 0 0 0)
  0.0000102271913454   0.0000057480942835  -0.0000025264886509  -0.6044813698038404  -0.0000017705320812  -0.0000030242509060   0.0505618900411744  -0.0000010119481988  -0.0000009538715949
  0.0000126048287371   0.0000042310340079  -0.0000015681993531  -0.3109927926700552  -0.0000096546294454  -0.0000062786283208  -0.4972338231827383  -0.0000014210148500  -0.0000038276842353
 -0.0000045958270488  -0.0000091364602028  -0.0000011064331246   0.2419241149699746   0.0000019413805204   0.0000021478209903   0.0034779861889268   0.0000035334679131   0.0000020870880499
  0.6044526353669910   0.3109718405730351  -0.2419202454786221   0.0000060099879609  -0.0000010147024735   0.0000003345353495   0.0000020656794792  -0.0000001623122006   0.0000007631929346
  0.0000025868285321   0.0000012854463620  -0.0000011491498966  -0.0000010276796540   0.0000031537956172  -0.0000012055732795  -0.0000001654699531   0.0000016115673831  -0.0000009274205402
 -0.0000015247480784  -0.0000003717543011   0.0000005164505492   0.0000003774988728  -0.0000012060890103   0.0000011866140056   0.0000007864441504  -0.0000009274833090   0.0000005654322923
 -0.0505764471508744   0.4972242100147123  -0.0034702946432615   0.0000035826810558   0.0000005585889815  -0.0000004029944887   0.0000001637575689   0.0000003782969152   0.0000018673498607
  0.0000024239960234   0.0000012086433008  -0.0000008632408871   0.0000005535816589   0.0000014987666465  -0.0000002996136173   0.0000003756563196   0.0000007201949564  -0.0000004040934855
 -0.0000004086857628   0.0000002160493334   0.0000002503692233  -0.0000003789820119  -0.0000002999797329   0.0000005284555401   0.0000018823283569  -0.0000004041589830   0.0000002046603542
global index=6  local index=1 (global=1, Rn=0 0 0 0)
  0.2316327343072438   0.1447070847600701  -0.1446848945000868   0.0451177047149331   0.1321972713518036
  0.0001078521545932   0.1550939545977847   0.1802974779817211   0.0145934170288236   0.0427589036884892
 -0.0507452304091913  -0.0665757493239652   0.0069240097245874  -0.0145376787042779  -0.0425947504963036
  0.0402322402015079  -0.1346637078980967   0.3529214640007466   0.0112558887499855   0.0329811443104651
 -0.0484898929013236  -0.0654245241987138   0.0112570119962332   0.1473119641681837  -0.0238649711651471
 -0.1420814326880957  -0.1916977610154128   0.0329812040984665  -0.0238658432439085   0.0855277496181784
 -0.2208163948643418  -0.0552024171676751  -0.2579415984813530  -0.0285489742077955  -0.0836537020925249
 -0.0027807781634929  -0.0340119671131294  -0.0285487984960022  -0.0779106336129885  -0.0064896860932658
 -0.0081480053807528  -0.0996553428590674  -0.0836535286125192  -0.0064897721128035  -0.0947127442307683
global index=6  local index=2 (global=2, Rn=0 0 0 0)
 -0.2316265214211117  -0.1447086684979226  -0.1446906075725331   0.0451146742386064  -0.1321928096154163
 -0.0000981039301893  -0.1551015312310620   0.1802926763246391   0.0145814494904568  -0.0427500761874555
  0.0507449088581433   0.0665744405047376   0.0069228559585298  -0.0145407964857625   0.0425935097388075
  0.0402338128824773  -0.1346636342612082  -0.3529197486181846  -0.0112573178270977   0.0329824117816411
 -0.0484903097544962  -0.0654248286136404  -0.0112573984296720  -0.1473109356683039  -0.0238650117081210
  0.1420803426089153   0.1916984825858871   0.0329823884158715  -0.0238650875970138  -0.0855283161822090
 -0.2208143083891665  -0.0552014938376657   0.2579434872145535   0.0285485410454703  -0.0836522261533331
 -0.0027803577120480  -0.0340113356505222   0.0285485833030258   0.0779112139448821  -0.0064894522326545
  0.0081472895148957   0.0996554963134888  -0.0836531518880515  -0.0064896690954725   0.0947127269602110
global index=6  local index=3 (global=3, Rn=0 0 0 0)
 -0.0264964984347404   0.0144338071360663  -0.0949714824634282  -0.0504182995089011   0.0338057149858068
  0.0361229184278330   0.0070089001038023   0.0975149816902753   0.0332018026835697  -0.0222633922343782
 -0.0042034054328997   0.0177795863971280  -0.0331580669520899   0.0253674522052216  -0.0170097291968054
  0.0490435164273736  -0.0298522468620567  -0.0723166966614237   0.0820123543047816  -0.0549903246655225
  0.0293969379916111   0.0062069960698226   0.0820129631533339   0.0193380111893028  -0.0298434684186310
 -0.0197110973082916  -0.0041618198030390  -0.0549906520975360  -0.0298437843789256  -0.0051601874803079
 -0.1206824030260935   0.0440113643573815   0.1055427303296275  -0.1257712749502125   0.0843306974294748
 -0.0427653113158109  -0.0087494732315697  -0.1257709915299172   0.0049883133860375   0.0207411690493099
  0.0286744748268002   0.0058669621065339   0.0843305859689345   0.0207407289050673   0.0220142581328307
global index=6  local index=4 (global=4, Rn=0 0 0 0)
  0.0264971764753678  -0.0144360283930015  -0.0949708720885119  -0.0504208381136687  -0.0338080273419859
 -0.0361202711507469  -0.0070118754546791   0.0975149021569444   0.0331940138995351   0.0222578023590276
  0.0042048632126027  -0.0177780310020485  -0.0331590185246166   0.0253661222728731   0.0170089801811344
  0.0490435206920140  -0.0298519407518801   0.0723169295846809  -0.0820119521175444  -0.0549896657102397
  0.0293968119530357   0.0062067548185448  -0.0820127837556310  -0.0193382192160309  -0.0298439400243137
  0.0197106093458170   0.0041620462511271  -0.0549904520106660  -0.0298431085112598   0.0051604902353241
 -0.1206823734547783   0.0440123118134396  -0.1055420474606070   0.1257712238811274   0.0843313492674223
 -0.0427655567529483  -0.0087504838666262   0.1257706750959366  -0.0049880618180006   0.0207406586485511
 -0.0286750515120739  -0.0058672667950368   0.0843307882217234   0.0207412880021859  -0.0220140573749732
global index=6  local index=5 (global=5, Rn=0 0 0 0)
  0.0094564965993430  -0.0008919043826052   0.0718506940217069   0.0171183767460208   0.0061202670966509   0.0161806890686204  -0.0649158756466566  -0.0233396278740509  -0.0617052627850721
 -0.0008814943190915   0.0464552271424212  -0.0331177168885346  -0.0494934030737629  -0.0141062597212719  -0.0373156465863204   0.0693078760653500   0.0251992586366083   0.0666327121983876
  0.0718553739114027  -0.0331457686979443   0.0395627492923436  -0.0095895658338630   0.0043759276594760   0.0115622056695002   0.0305067566392864  -0.0045630104781597  -0.0120561096351916
 -0.0171189675343005   0.0494906307325112   0.0095746246975684  -0.0082084895369907  -0.0077360146861335  -0.0204515675057758   0.0111003592554139   0.0204959235692457   0.0541864945634828
 -0.0061203616253064   0.0141121932811292  -0.0043773132065678  -0.0077358026685473   0.0075164024383455  -0.0074410464912862   0.0204957158137559  -0.0248567022429838   0.0207255690864608
 -0.0161812378370540   0.0373099408114618  -0.0115720699815217  -0.0204518089128337  -0.0074412617012007  -0.0093414077693421   0.0541867723651047   0.0207257962129828   0.0220979146668627
  0.0649166051037069  -0.0693052006096870  -0.0304978522299570   0.0111009330968215   0.0204965643839500   0.0541869475311983   0.0654587736040783  -0.0200062274739669  -0.0528915953988697
  0.0233395725643496  -0.0252033334194069   0.0045685296690859   0.0204958048350134  -0.0248563025641645   0.0207256005014237  -0.0200055007749117   0.0596701038619750  -0.0274709127678055
  0.0617057761740732  -0.0666343921459972   0.0120768235332692   0.0541870973347643   0.0207261721564826   0.0220982810868349  -0.0528908263356190  -0.0274712209438837  -0.0025671319374223


Overlap matrix with momentum operator py
global index=1  local index=0 (global=1, Rn=0 0 0 0)
  0.0000004695388141  -0.0000006274542364  -0.0000001726163027  -0.4720321647932033  -0.0000000783236797
 -0.0000002627848806  -0.0000018802136314  -0.0000008209162690  -0.2287851812558515  -0.0000004272685088
  0.0000002789638155   0.0000000167406757  -0.0000000104036370   0.0000001179452457   0.0000000445070533
  0.4720332744377524   0.2287881836200628   0.0000001095627539  -0.0000002396367100   0.0000001601858730
  0.0000001437894615   0.0000000153754981   0.0000000445016326   0.0000001759720837   0.0000000587998352
global index=1  local index=1 (global=2, Rn=0 0 0 0)
 -0.0516576474613035   0.0093441248986241   0.0729343553792034  -0.1654963116563503  -0.0000004314241580
  0.0093443035213551  -0.0133168216286452   0.0282689464370146   0.0454763157224446  -0.0000011521230787
 -0.0729353130908175  -0.0282680299001327   0.0181500507570717  -0.1924978412818551  -0.0000002801944907
  0.1654951136716796  -0.0454738164442432  -0.1924968670992710  -0.1655257647480840  -0.0000003256471488
 -0.0000000352618385   0.0000001894307478  -0.0000002095465280  -0.0000003018178969  -0.0569733175199642
global index=1  local index=2 (global=3, Rn=0 0 0 0)
  0.0530640748999193  -0.0513467438813994  -0.0600717887700179  -0.0014875959488564  -0.0834409469650907
 -0.0513466978779588   0.0181286715501481   0.0111569360459304   0.0415726649830028   0.0154990925432920
  0.0600741603503780  -0.0111621786528652   0.0232616893610940  -0.0064181302082017  -0.0747022946145437
  0.0014832585460514  -0.0415663507660219  -0.0064173084385338   0.1613901588607204  -0.0089123693774940
  0.0834433417502871  -0.0155040736268096  -0.0747015169118969  -0.0089143932622376  -0.0267208569599621
global index=1  local index=3 (global=4, Rn=0 0 0 0)
 -0.0692542708114013   0.0670126309138764   0.0232587640730453   0.0466254141463393   0.1088992060638993
  0.0670120822077897  -0.0236621242380448  -0.0043197158907134   0.0326342868413919  -0.0202280891753986
 -0.0232606519342631   0.0043223291998948  -0.0943720565934197   0.0108746953638151   0.0289243136018563
 -0.0466280998630592  -0.0326296126978279   0.0108735287817289  -0.1466168026308500   0.0509145471034731
 -0.1089031113340050   0.0202346922143048   0.0289234425902641   0.0509156648494122   0.0348740572299186
global index=1  local index=4 (global=5, Rn=0 0 0 0)
  0.0264965327946353  -0.0361208052465039   0.0042020732193297   0.0293965575463354  -0.0490437238574164   0.0197106977948373  -0.0427656229769462   0.1206826086800296  -0.0286751176385784
 -0.0144358038652147  -0.0070081558171853  -0.0177744890622123   0.0062070684213154   0.0298541405926215   0.0041615065036219  -0.0087505586920870  -0.0440145159613607  -0.0058683316413251
 -0.0504193115157158   0.0331963631552403   0.0253630745456779  -0.0193377363248752   0.0820126302238373  -0.0298435566818630  -0.0049884135848387  -0.1257721286165669   0.0207413162855648
  0.0949702243657304  -0.0975189974272280   0.0331403615383586   0.0820122700634550   0.0723165954349257   0.0549901122099705  -0.1257711122175222  -0.1055428330167398  -0.0843306552671942
 -0.0338067287010676   0.0222584304793242   0.0170067314278318  -0.0298435283699345   0.0549903499471823   0.0051603410612198   0.0207412153410889  -0.0843313819209318  -0.0220141868947176
global index=1  local index=5 (global=6, Rn=0 0 0 0)
 -0.0620646226598843  -0.0000268058486214   0.0135970824003757   0.0484903781912817  -0.2082092406995244   0.0380701177015320   0.0027817759530483   0.2111837898885233   0.0021839911792307
 -0.0387758778348488  -0.0415594283656961   0.0178384698932973   0.0654250949568169  -0.0919710867133625   0.0513650394436961   0.0340129457482753  -0.0626144226844412   0.0267038111496152
 -0.0451155467666326  -0.0145921923711543   0.0145368379887284  -0.0112566474029919  -0.1473112023316135   0.0238654824905866   0.0285497337651474   0.0779119345376234   0.0064903575297406
  0.3009734342023039  -0.1297533496111480  -0.0572873242464719  -0.1473109109887397  -0.1227804464448582  -0.1156554617558390   0.0779117799882012   0.0614423714974896   0.0611694021737550
 -0.0354207576266824  -0.0114565535401656   0.0114128648252464   0.0238655289051071  -0.1156556597203322  -0.0229172055173802   0.0064903446801576   0.0611695281627283   0.0253785795786287
global index=2  local index=0 (global=2, Rn=0 0 0 0)
 -0.0000015156101938  -0.0000015731496059  -0.0000001811129897  -0.4720327266676838   0.0000004053700699
 -0.0000024372560238  -0.0000027306346243  -0.0000000134237463  -0.2287863924210654   0.0000004461683419
 -0.0000000007468593  -0.0000000361727132  -0.0000001202621838   0.0000000547852743  -0.0000000808107929
  0.4720335167650055   0.2287883278016894   0.0000000700500871   0.0000003227322481   0.0000000392487904
  0.0000001100224733   0.0000001035669585  -0.0000000808183846   0.0000000559918610   0.0000000013141925
global index=2  local index=1 (global=1, Rn=0 0 0 0)
  0.0516577463243047  -0.0093442846156896   0.0729342851555830  -0.1654960207410197   0.0000004940551030
 -0.0093443393105140   0.0133170302119582   0.0282681887615785   0.0454774652953725   0.0000005164840620
 -0.0729353215676514  -0.0282679608038810  -0.0181502046359744   0.1924978259356936  -0.0000003455009294
  0.1654951208010693  -0.0454738050727032   0.1924968781423591   0.1655259586181226  -0.0000001864822451
  0.0000001133744796  -0.0000002706594278  -0.0000000712985388  -0.0000001081062975   0.0569731994033864
global index=2  local index=2 (global=3, Rn=0 0 0 0)
  0.0692541065440846  -0.0670124971708288   0.0232592761414402   0.0466253724518092  -0.1088991000499286
 -0.0670139605535384   0.0236617461244563  -0.0043205425875748   0.0326351421081016   0.0202275106649036
 -0.0232605187937230   0.0043222827808436   0.0943713095720373  -0.0108750585813540   0.0289247034890173
 -0.0466281108918823  -0.0326303003077203  -0.0108744483622181   0.1466170219215014   0.0509140344819176
  0.1089032065051054  -0.0202347179734964   0.0289243887506786   0.0509152660295263  -0.0348741812647883
global index=2  local index=3 (global=4, Rn=0 0 0 0)
 -0.0530631266572363   0.0513462646217474  -0.0600718820921765  -0.0014872784053989   0.0834405217050664
  0.0513466653481888  -0.0181301140983853   0.0111596045201865   0.0415720886415375  -0.0155018285032994
  0.0600734590083873  -0.0111613620488266  -0.0232606385550246   0.0064170209902300  -0.0747024520881450
  0.0014838133369320  -0.0415663984278269   0.0064159078496415  -0.1613892778768683  -0.0089112036083492
 -0.0834425588310190   0.0155032377823272  -0.0747021269452500  -0.0089131154343070   0.0267215214778449
global index=2  local index=4 (global=5, Rn=0 0 0 0)
  0.0039331549725839   0.0019861207621221   0.0226833276998972   0.0075591469942191  -0.0034751988926865   0.0025495312868696  -0.0228705472510799   0.0111587296634650  -0.0077139722706055
 -0.0093417247451878   0.0106667626305503  -0.0112113448804182  -0.0117867420139167   0.0076869254158814  -0.0039752198867935   0.0216173322115806  -0.0224422986927862   0.0072910444699322
 -0.0142565180022400   0.0175503134097183  -0.0231110654093012  -0.0209999856963986   0.0105252251437937  -0.0086553040123838   0.0466291926160640  -0.0331465496086783   0.0201711331963276
  0.0044739112536014   0.0027722553657929   0.0357586862839958   0.0105235264267054   0.0121451252748096   0.0035493657659237  -0.0331435596683557  -0.0352313526684528  -0.0111782517771878
 -0.0048084454835122   0.0059197289980215  -0.0077931356772797  -0.0086553310224398   0.0035499527931863   0.0017433134336457   0.0201705592728119  -0.0111795027478653  -0.0063719170725872
global index=2  local index=5 (global=6, Rn=0 0 0 0)
  0.0620642793703157   0.0000264487961841  -0.0135963243463941   0.0484899161444960  -0.2082091529938787  -0.0380697608546910   0.0027815868377969   0.2111830928822498  -0.0021839788878145
  0.0387736758068096   0.0415576920671144  -0.0178377833166192   0.0654233675340373  -0.0919725786832572  -0.0513636966967997   0.0340121800334926  -0.0626177945496236  -0.0267028434527035
 -0.0451157289619934  -0.0145923448752619   0.0145365458023683   0.0112565349090346   0.1473109607575112   0.0238656628822457  -0.0285495740815580  -0.0779120482011618   0.0064904100317296
  0.3009736024523952  -0.1297529883179185  -0.0572868672123070   0.1473110816370701   0.1227806306338815  -0.1156555295600573  -0.0779116654977912  -0.0614423190308861   0.0611693503338547
  0.0354208976634936   0.0114565871286774  -0.0114127453884274   0.0238656321113268  -0.1156554231707009   0.0229170776930702   0.0064902929291479   0.0611696221588808  -0.0253785440961707
global index=3  local index=0 (global=3, Rn=0 0 0 0)
 -0.0000006160389020  -0.0000001678287636   0.0000001207766312  -0.4720326211382584  -0.0000000242606873
  0.0000011867304601  -0.0000014891486804   0.0000009072613362  -0.2287885147883891  -0.0000002326348414
  0.0000002222431911   0.0000000602098173  -0.0000001396439545  -0.0000000047662184  -0.0000000060587949
  0.4720332758480208   0.2287883051981551  -0.0000000210101215  -0.0000000435638417  -0.0000000009216936
  0.0000000230407727   0.0000000131375493  -0.0000000059828087  -0.0000000010189797  -0.0000000168281390
global index=3  local index=1 (global=1, Rn=0 0 0 0)
 -0.0530633277215758   0.0513465206676287  -0.0600723507851918  -0.0014869965313582  -0.0834412050617349
  0.0513461517779638  -0.0181316364488930   0.0111581715441390   0.0415723081160712   0.0155009334495536
  0.0600730032390347  -0.0111616355031082  -0.0232602741382641   0.0064166365403970   0.0747032889967257
  0.0014844133287172  -0.0415664974097623   0.0064155519504000  -0.1613888513492648   0.0089108537504661
  0.0834419560241676  -0.0155032738005018   0.0747030919829462   0.0089125876137247   0.0267217490863406
global index=3  local index=2 (global=2, Rn=0 0 0 0)
 -0.0692545554277039   0.0670136162317989   0.0232595208278927   0.0466245929404512  -0.1089006876105925
  0.0670127479080643  -0.0236636263603904  -0.0043193315722231   0.0326353450282097   0.0202309779297237
 -0.0232606244388883   0.0043221301266270  -0.0943714486600739   0.0108749078611072  -0.0289242451755356
 -0.0466289375136872  -0.0326266548337356   0.0108743055179329  -0.1466196556127870  -0.0509179275511159
  0.1089029138133620  -0.0202341424906084  -0.0289233376293500  -0.0509162502894959   0.0348740549318346
global index=3  local index=3 (global=4, Rn=0 0 0 0)
 -0.0393214384194127   0.0607123090560109  -0.0289764557086553   0.0858700460030182   0.0000000003518143
  0.0607162858422316  -0.0430388946076517   0.0251819589359673  -0.0617166774625386  -0.0000000114389859
  0.0289770874217933  -0.0251809223346930  -0.0402832844174219  -0.0591129463217923   0.0000000083193787
 -0.0858855693546998   0.0617340211329655  -0.0591195238716881   0.0996821246708669   0.0000000087580306
  0.0000000015548214  -0.0000000027409154   0.0000000103970392   0.0000000013857835  -0.0604617111843704
global index=3  local index=4 (global=5, Rn=0 0 0 0)
 -0.0012274469797746  -0.0025782293621966  -0.0124766804164399  -0.0024039105108304  -0.0008937699882885  -0.0023587439284539   0.0073816394940286   0.0034553641151651   0.0072431676336809
  0.0031675556186649  -0.0023216532797131   0.0140760924587595   0.0050170257269852   0.0022853042443383   0.0049227897251225  -0.0131803402919765  -0.0091430013598212  -0.0129331541070098
  0.0033788635182084  -0.0012121577080070   0.0187230230903411   0.0050985967421190   0.0021850404776412   0.0064835916105166  -0.0142256327367315  -0.0089237108353392  -0.0191584281318912
  0.0007888531625428   0.0046905052934879   0.0172609536051792   0.0021838662415053  -0.0037613863769708   0.0021428572237836  -0.0089222838581753   0.0136343956531913  -0.0087545333599566
  0.0033154319720636  -0.0011895172550809   0.0183709581624233   0.0064836684285958   0.0021439765977691   0.0048526848450135  -0.0191580266134839  -0.0087560573949795  -0.0134994876331743
global index=3  local index=5 (global=6, Rn=0 0 0 0)
 -0.0988873284973335   0.1348055407079695  -0.0156818361116509  -0.0293966780750547   0.0527880124359554  -0.0735619565730098   0.0427655565443216  -0.0274606071976389   0.1070158322900481
  0.0538708737672165   0.0261602568780084   0.0663421001996316  -0.0062076169278672   0.0513561248757452  -0.0155332397346677   0.0087503723511202  -0.0743273678816520   0.0218959307475819
  0.0504192012769675  -0.0331963570394761  -0.0253629772122315  -0.0820125514231878  -0.0193377395346735   0.0298435292255404   0.1257725983102558  -0.0049883457896887  -0.0207416367881146
 -0.0796870298298428   0.0174761295137279   0.1209985751166793  -0.0193378636723486  -0.1157076722820432  -0.0483905705629471  -0.0049877174201450   0.2867387735424838  -0.0124806715571850
  0.1261681953085764  -0.0830700622426054  -0.0634678119240767   0.0298436077345618  -0.0483905616853594  -0.0192588718770773  -0.0207415736350628  -0.0124824924125691   0.0821584977147011
global index=4  local index=0 (global=4, Rn=0 0 0 0)
 -0.0000009260868204  -0.0000011372157397  -0.0000000049300995  -0.4720325750583616   0.0000000451122077
 -0.0000009557828487  -0.0000027095841279   0.0000006117320800  -0.2287863020628500   0.0000001537879241
  0.0000000738729821   0.0000001714664645  -0.0000000415402787   0.0000002683595370  -0.0000000116904155
  0.4720341421312425   0.2287884215806907   0.0000002851788253  -0.0000001203565814   0.0000000100226832
 -0.0000000111547406   0.0000000243558721  -0.0000000117227104   0.0000000108063039   0.0000000514336266
global index=4  local index=1 (global=1, Rn=0 0 0 0)
  0.0692544151468300  -0.0670128890235796   0.0232589935362367   0.0466248834125537   0.1088992890929670
 -0.0670133579162206   0.0236622812583199  -0.0043206724204878   0.0326354643153371  -0.0202266436531281
 -0.0232606784836058   0.0043223744335328   0.0943717520658583  -0.0108747164103841  -0.0289243959891610
 -0.0466286911084032  -0.0326287778246928  -0.0108738268113583   0.1466183576965291  -0.0509142916129494
 -0.1089035509159170   0.0202352059783314  -0.0289237306154219  -0.0509151048338209  -0.0348733331539587
global index=4  local index=2 (global=2, Rn=0 0 0 0)
  0.0530630974875248  -0.0513462062317694  -0.0600721021795265  -0.0014868065758694   0.0834403498387266
 -0.0513460240614404   0.0181321695055802   0.0111596456821777   0.0415730655277205  -0.0155004006101929
  0.0600730495756545  -0.0111617084460301   0.0232603983431747  -0.0064167202061727   0.0747031547085230
  0.0014844772408826  -0.0415670737106775  -0.0064156391993092   0.1613885007778159   0.0089121768878229
 -0.0834423159359600   0.0155038795637131   0.0747035866254054   0.0089131913520886  -0.0267212220809485
global index=4  local index=3 (global=3, Rn=0 0 0 0)
  0.0393168372429720  -0.0607101468226087  -0.0289698501512988   0.0858739603505158  -0.0000000125475043
 -0.0607090822903918   0.0430341852983524   0.0251686887466419  -0.0617261746693547   0.0000000221773868
  0.0289771834637571  -0.0251807794714845   0.0402842285363311   0.0591131655939888  -0.0000000100454229
 -0.0858687342721498   0.0617266853051982   0.0590948663482980  -0.0997000236099618   0.0000000421011124
 -0.0000000091536196   0.0000000249723835   0.0000000038612259  -0.0000000093696611   0.0604623766447318
global index=4  local index=4 (global=5, Rn=0 0 0 0)
  0.0028667806360934   0.0060192962318396   0.0291340196340639   0.0039060518325342   0.0027492162892476   0.0055085999847142  -0.0119951091045000  -0.0077313751820335  -0.0169139056543047
 -0.0073971135279814   0.0054236048785357  -0.0328679928962959  -0.0081517876780025  -0.0053174781693445  -0.0114956697387559   0.0214176999101438   0.0108312024977006   0.0301997519656629
 -0.0054913413153520   0.0019716291847048  -0.0304218948591433  -0.0039468415891851  -0.0054476177815542  -0.0105365520518428   0.0097029449064042   0.0143802225912466   0.0311305208275676
 -0.0043330953040958   0.0065307626617759  -0.0111128235818712  -0.0054486075928201   0.0008253092556496  -0.0076846478653616   0.0143831061427829  -0.0083225410951991   0.0202806138776714
 -0.0077432291202145   0.0027800337824232  -0.0428987961547595  -0.0105352523213435  -0.0076817772978316  -0.0113329921996530   0.0311315653310485   0.0202777461837719   0.0315233216879123
global index=4  local index=5 (global=6, Rn=0 0 0 0)
  0.0988867053246498  -0.1348057306041213   0.0156804483930222  -0.0293970587949328   0.0527890578313517   0.0735607769402328   0.0427652546681046  -0.0274613192694904  -0.1070142986171414
 -0.0538720282299331  -0.0261587868174571  -0.0663378772968574  -0.0062096716655537   0.0513547579157164   0.0155328050815390   0.0087508521473273  -0.0743265039273073  -0.0218992451922143
  0.0504192783143273  -0.0331962345723507  -0.0253630245056185   0.0820126641211905   0.0193376811134974   0.0298435529030522  -0.1257727133436952   0.0049883181485246  -0.0207414403871955
 -0.0796871439886954   0.0174782178304951   0.1210050552061784   0.0193375548140470   0.1157072501138900  -0.0483899546362091   0.0049884304900382  -0.2867335071109945  -0.0124852498079526
 -0.1261683998348412   0.0830701704761849   0.0634666889254494   0.0298435211444827  -0.0483901495092943   0.0192589626554701  -0.0207419175487151  -0.0124831864845294  -0.0821595374434727
global index=5  local index=0 (global=5, Rn=0 0 0 0)
  0.0000104285907183   0.0000050990182383  -0.0000054399907763  -0.0000027661507411  -0.6044455538015882  -0.0000011737458902  -0.0000027959228577   0.0505799888221806  -0.0000003610730844
  0.0000016614504300  -0.0000074659429647  -0.0000118416507444   0.0000025392977562  -0.3109665312601491  -0.0000041916500894  -0.0000033583088483  -0.4972265351675498   0.0000028793868569
 -0.0000015066803789  -0.0000125999441091   0.0000146035729402  -0.0000051455148441   0.2419196715641545   0.0000064496191371   0.0000149478129602   0.0034832441720286  -0.0000055886229877
 -0.0000012853563888  -0.0000018514191164   0.0000002813607325   0.0000032350821416   0.0000006845969073   0.0000032912614541   0.0000008084390325   0.0000011932169149   0.0000014179200601
  0.6044552093555229   0.3109730244281114  -0.2419223595123203   0.0000005939487924  -0.0000002919007425   0.0000042553401094   0.0000011388320043  -0.0000010056274874   0.0000028021847346
  0.0000001891382490   0.0000007579230426  -0.0000002890736651   0.0000032912643894   0.0000042549755395   0.0000053050011188   0.0000014175130125   0.0000028030415730   0.0000027784889326
 -0.0000011459672905  -0.0000014057437636   0.0000003988303312   0.0000019641974585   0.0000000474742356   0.0000024607953927  -0.0000001011902308   0.0000015813102377   0.0000006229306983
 -0.0505745783066443   0.4972248912253486  -0.0034718850917930  -0.0000000072795863  -0.0000005029307535   0.0000026303770390   0.0000015616784528  -0.0000019285875089   0.0000025065452132
  0.0000004062390805   0.0000004965642139   0.0000004558643875   0.0000024607869250   0.0000026314378435   0.0000040974159113   0.0000006225974004   0.0000024924568730   0.0000012752199564
global index=5  local index=1 (global=1, Rn=0 0 0 0)
 -0.0264959524797544   0.0144340807114706   0.0504180756464898  -0.0949711782170331   0.0338055177232148
  0.0361219015310068   0.0070140217710288  -0.0331946739108287   0.0975101144815439  -0.0222635783153412
 -0.0042033862190242   0.0177698943800345  -0.0253724194153368  -0.0331567951590323  -0.0170060689799823
 -0.0293961504233273  -0.0062073061741004   0.0193374008209234  -0.0820133342724643   0.0298429733759178
  0.0490436612802420  -0.0298520729382977  -0.0820124545755621  -0.0723164563086747  -0.0549902383249298
 -0.0197105719461551  -0.0041619633858977   0.0298432638852937  -0.0549907614814136  -0.0051604951231083
  0.0427664017711547   0.0087495095765205   0.0049873334672111   0.1257703571761312  -0.0207414027711472
 -0.1206820610471221   0.0440116654467869   0.1257705942426323   0.1055440030598646   0.0843308178280974
  0.0286755506597044   0.0058666405481072  -0.0207419585829721   0.0843304919734278   0.0220141811485490
global index=5  local index=2 (global=2, Rn=0 0 0 0)
 -0.0039325663725225   0.0093404729603044   0.0142543842713374  -0.0044749475660902   0.0048077353933746
 -0.0019885941876290  -0.0106635168579863  -0.0175491614980144  -0.0027810963950060  -0.0059180715777440
 -0.0226922823710499   0.0112137684316810   0.0231113229284341  -0.0357775355133097   0.0077927515396429
 -0.0075598921726620   0.0117876775764114   0.0210010908437823  -0.0105243179519553   0.0086556998730583
  0.0034742432111555  -0.0076849919271724  -0.0105231121509555  -0.0121446722674877  -0.0035492230006639
 -0.0025497222246789   0.0039755783801457   0.0086554882404926  -0.0035496650793387  -0.0017431145701801
  0.0228707156497487  -0.0216171605266391  -0.0466289214835312   0.0331449980884424  -0.0201706233850731
 -0.0111574844806224   0.0224391290652871   0.0331435464990534   0.0352310337416264   0.0111785197067252
  0.0077137769782425  -0.0072909191106568  -0.0201705013061287   0.0111789532711838   0.0063717405887945
global index=5  local index=3 (global=3, Rn=0 0 0 0)
  0.0012269206243634  -0.0031662725249783  -0.0033773978191696  -0.0007896157488799  -0.0033140066636769
  0.0025812736871903   0.0023199554424804   0.0012102373975734  -0.0046954100209610   0.0011872413626036
  0.0124860697029290  -0.0140785951731066  -0.0187284519875631  -0.0172738404651220  -0.0183779617154143
  0.0024039051128328  -0.0050161425863069  -0.0050978638819411  -0.0021847987490115  -0.0064828392037023
  0.0008932095299481  -0.0022842829105233  -0.0021841538579192   0.0037612412215986  -0.0021431058262065
  0.0023587566791312  -0.0049219375104349  -0.0064827646587689  -0.0021437706515180  -0.0048521269446172
 -0.0073818629259371   0.0131798678351014   0.0142259623303697   0.0089227828711986   0.0191579842999206
 -0.0034546819546710   0.0091415499267614   0.0089224781049148  -0.0136339736395450   0.0087550153060267
 -0.0072432885261299   0.0129324747651528   0.0191580439721556   0.0087553068401221   0.0134997203521313
global index=5  local index=4 (global=4, Rn=0 0 0 0)
 -0.0028649449665986   0.0073934165915831   0.0054877751581982   0.0043286512743066   0.0077384315172184
 -0.0060257063281504  -0.0054188995201434  -0.0019675321569575  -0.0065298848384345  -0.0027726762206851
 -0.0291564167940081   0.0328691168109180   0.0304273694005822   0.0111043255924897   0.0429139746774757
 -0.0039060499026429   0.0081504195167264   0.0039465457898987   0.0054467437995971   0.0105337797253303
 -0.0027498555773441   0.0053173570683175   0.0054472053812178  -0.0008255175269764   0.0076814371290615
 -0.0055078712928759   0.0114929798951456   0.0105334946119325   0.0076804509597517   0.0113302630344846
  0.0119947749995062  -0.0214161538822339  -0.0097033322381952  -0.0143807584443048  -0.0311299774082772
  0.0077326501063005  -0.0108330358719743  -0.0143814121410933   0.0083204988786307  -0.0202793208714871
  0.0169139760402242  -0.0301991726048695  -0.0311300463490911  -0.0202784723492738  -0.0315237648348263
global index=5  local index=5 (global=6, Rn=0 0 0 0)
 -0.0025338259822263   0.0002395645931665  -0.0192514432896589   0.0061201541435934  -0.0040829377552469   0.0043355209706527  -0.0233390915692555   0.0159352918734983  -0.0165334180801044
  0.0002392289277426  -0.0124502267164777   0.0088710130697932  -0.0141120191602298  -0.0006066401545939  -0.0099975240658108   0.0252016943500511  -0.0179966554909517   0.0178544618588493
 -0.0192561986824872   0.0088830018648438  -0.0105988093159623   0.0043738733766676  -0.0247439524421676   0.0031001591352269  -0.0045633056118767   0.0463381115035798  -0.0032350048184913
 -0.0061203589213029   0.0141123262557872  -0.0043768965384220   0.0077357299902437  -0.0075165841360507   0.0074410005294075  -0.0204955886205647   0.0248572182778437  -0.0207253313982997
  0.0040827268298641   0.0006047746741331   0.0247362832836900  -0.0075162499517659  -0.0075503762825765  -0.0053245463886779   0.0248560060104874   0.0241819837191474   0.0176080999607634
 -0.0043356971961764   0.0099971017398710  -0.0031002280927733   0.0074410308205044  -0.0053247742006952   0.0025030909613296  -0.0207255293924828   0.0176089266832039  -0.0059212009007126
  0.0233395119007016  -0.0252038947082232   0.0045687142236893  -0.0204960839558930   0.0248562906070372  -0.0207256659655357   0.0200062121931498  -0.0596702275875735   0.0274711662028724
 -0.0159347361547603   0.0180049477178017  -0.0463200059127780   0.0248559772350692   0.0241818901366264   0.0176081284735818  -0.0596696138313671  -0.0535347239376052  -0.0422701582554677
  0.0165338432195194  -0.0178550604346999   0.0032361762423134  -0.0207257385571005   0.0176083091004730  -0.0059214443126125   0.0274714216772063  -0.0422705273944004   0.0006877631723336
global index=6  local index=0 (global=6, Rn=0 0 0 0)
 -0.0000103411648155  -0.0000037692695444   0.0000036323286754  -0.0000017702676492  -0.6044807290471578   0.0000040697230594  -0.0000010119120326   0.0505623210932596   0.0000014419003316
 -0.0000137756092280   0.0000037992351734  -0.0000008934721455  -0.0000096546607009  -0.3109880264763275   0.0000076584859882  -0.0000014207114768  -0.4972281009681784   0.0000038445105539
  0.0000049096529320   0.0000101445409260   0.0000050123663112   0.0000019410521626   0.2419270572825603  -0.0000034209263022   0.0000035336272565   0.0034721871882506  -0.0000026229098796
  0.0000025868285321   0.0000012854463619  -0.0000011491498966  -0.0000010276796541   0.0000031537956171  -0.0000012055732795  -0.0000001654699531   0.0000016115673831  -0.0000009274205402
  0.6044520360325085   0.3109720688144035  -0.2419207776397627   0.0000030771178607  -0.0000058528283316   0.0000026068864500   0.0000015731485004  -0.0000013361872402   0.0000018523626875
  0.0000010098786049  -0.0000000085975406  -0.0000006909062567  -0.0000012054645076   0.0000026486503140   0.0000036551919462  -0.0000009277363899   0.0000018753495655   0.0000028021400853
  0.0000024239960234   0.0000012086433008  -0.0000008632408871   0.0000005535816589   0.0000014987666465  -0.0000002996136173   0.0000003756563196   0.0000007201949563  -0.0000004040934855
 -0.0505778710898283   0.4972249153175599  -0.0034704687368768   0.0000014597712977  -0.0000029410327363   0.0000013118608384   0.0000006965892734  -0.0000001523886909   0.0000017631889499
 -0.0000000845150132  -0.0000002925083745  -0.0000004710200667  -0.0000002995498444   0.0000013351511453   0.0000030617162909  -0.0000004042923574   0.0000017779670028   0.0000022604902479
global index=6  local index=1 (global=1, Rn=0 0 0 0)
  0.0620620058645071   0.0387755452635796   0.0451126099282231  -0.3009772910746955   0.0354197486454683
  0.0000213469461372   0.0415641325236882   0.0145829113372524   0.1297438826786216   0.0114517560883932
 -0.0135969510161101  -0.0178406635657876  -0.0145375433000587   0.0572837608392121  -0.0114124787923027
 -0.0484898929013236  -0.0654245241987138   0.0112570119962332   0.1473119641681837  -0.0238649711651471
  0.2082082287730188   0.0919723427905673   0.1473105480753966   0.1227787943582075   0.1156545676249906
 -0.0380701711725378  -0.0513657340340484  -0.0238652408563198   0.1156556257554700   0.0229170477946303
 -0.0027807781634929  -0.0340119671131293  -0.0285487984960022  -0.0779106336129885  -0.0064896860932658
 -0.2111842316966295   0.0626152602311734  -0.0779119378265349  -0.0614428513243267  -0.0611704577814393
 -0.0021834308041168  -0.0267028744042387  -0.0064899737603686  -0.0611695027534174  -0.0253788831348582
global index=6  local index=2 (global=2, Rn=0 0 0 0)
 -0.0620682028523609  -0.0387731079699919   0.0451200758523584  -0.3009751261894389  -0.0354232288008152
 -0.0000386700579218  -0.0415540359564777   0.0145979218758809   0.1297468648032153  -0.0114640874555562
  0.0135982927644196   0.0178400077311869  -0.0145420013903290   0.0572872253482763   0.0114118323440666
 -0.0484903097544961  -0.0654248286136404  -0.0112573984296720  -0.1473109356683039  -0.0238650117081210
  0.2082084364274702   0.0919726288807792  -0.1473098789941128  -0.1227819181352416   0.1156546385608724
  0.0380710913943294   0.0513653912718888  -0.0238661102463673   0.1156551936882463  -0.0229172143977214
 -0.0027803577120480  -0.0340113356505222   0.0285485833030258   0.0779112139448821  -0.0064894522326544
 -0.2111838765350791   0.0626157045775121   0.0779123007999822   0.0614412959884774  -0.0611703927654762
  0.0021834246858858   0.0267025551191747  -0.0064901381073042  -0.0611697204144302   0.0253778773385340
global index=6  local index=3 (global=3, Rn=0 0 0 0)
  0.0988869880039063  -0.0538704308396959  -0.0504189385194049   0.0796860802667812  -0.1261674934374382
 -0.1348150694593541  -0.0261608653977271   0.0332032757290670  -0.0174785340808979   0.0830765855871556
  0.0156866617584157  -0.0663423534705117   0.0253680114270391  -0.1210175385323550   0.0634862054902155
  0.0293969379916111   0.0062069960698226   0.0820129631533339   0.0193380111893028  -0.0298434684186310
 -0.0527891817996729  -0.0513559157617259   0.0193371968599198   0.1157067218689256   0.0483893441570127
  0.0735620389037314   0.0155325843296792  -0.0298431948239561   0.0483903520098790   0.0192585868932151
 -0.0427653113158109  -0.0087494732315696  -0.1257709915299172   0.0049883133860375   0.0207411690493099
  0.0274604312288430   0.0743215978675201   0.0049887748495422  -0.2867320714576697   0.0124803319297968
 -0.1070149445569566  -0.0218953283867053   0.0207409551998606   0.0124799627137956  -0.0821572442255787
global index=6  local index=4 (global=4, Rn=0 0 0 0)
 -0.0988881221987607   0.0538730811153348  -0.0504201851359889   0.0796888282253837   0.1261707103984318
  0.1347995250648432   0.0261648028207608   0.0331917708187916  -0.0174790791045374  -0.0830610577199076
 -0.0156819272566283   0.0663504834978194   0.0253743908608438  -0.1210160937064454  -0.0634878718817303
  0.0293968119530358   0.0062067548185448  -0.0820127837556310  -0.0193382192160309  -0.0298439400243137
 -0.0527899458627610  -0.0513540935456617  -0.0193382887621254  -0.1157065333416323   0.0483919207722959
 -0.0735616221102725  -0.0155327980452782  -0.0298435231361662   0.0483901929676843  -0.0192586478927112
 -0.0427655567529483  -0.0087504838666262   0.1257706750959366  -0.0049880618180006   0.0207406586485511
  0.0274614049228221   0.0743243551381128  -0.0049884884544122   0.2867335040347655   0.0124817138375243
  0.1070160059093437   0.0218966570128993   0.0207407889061764   0.0124801615858374   0.0821568999004468
global index=6  local index=5 (global=5, Rn=0 0 0 0)
  0.0025338391794559  -0.0002397102818281   0.0192513677629580   0.0061201583554757  -0.0040828629465794   0.0043355690608929  -0.0233390564508439   0.0159350432037507  -0.0165335971090407
 -0.0002380848991559   0.0124511970616234  -0.0088725282176247  -0.0141132381102912  -0.0006069438526981  -0.0099965697772384   0.0252045393021423  -0.0179993536819486   0.0178544563498979
  0.0192540289804995  -0.0088805437237618   0.0106056117820226   0.0043762504916779  -0.0247416917018835   0.0030973895542854  -0.0045678310122083   0.0463360998967589  -0.0032358317123347
 -0.0061203616253064   0.0141121932811292  -0.0043773132065678  -0.0077358026685473   0.0075164024383455  -0.0074410464912862   0.0204957158137559  -0.0248567022429838   0.0207255690864608
  0.0040827797317028   0.0006046041914099   0.0247364745481141   0.0075162734215949   0.0075502741790462   0.0053245520213016  -0.0248560951340639  -0.0241818361512515  -0.0176080607095049
 -0.0043356957548023   0.0099967564379349  -0.0031001478068293  -0.0074410470947780   0.0053246440497040  -0.0025030804349275   0.0207255044719997  -0.0176085300261141   0.0059211991618543
  0.0233395725643497  -0.0252033334194068   0.0045685296690859   0.0204958048350134  -0.0248563025641645   0.0207256005014237  -0.0200055007749117   0.0596701038619750  -0.0274709127678055
 -0.0159347953896856   0.0180053746811595  -0.0463201298943943  -0.0248561838539855  -0.0241816669246758  -0.0176081341484837   0.0596698409046899   0.0535341976210409   0.0422700987250039
  0.0165338211297576  -0.0178545352205647   0.0032358069954111   0.0207254059945956  -0.0176082493932171   0.0059213232819363  -0.0274707661713952   0.0422703215544372  -0.0006877097239037


Overlap matrix with momentum operator pz
global index=1  local index=0 (global=1, Rn=0 0 0 0)
 -0.0000015170745513   0.0000005290446171   0.0000001444229871  -0.0000000784468188  -0.4720324346197236
 -0.0000027704561970   0.0000024611454741   0.0000014581268633  -0.0000004276128835  -0.2287848478466684
 -0.0000004780935980   0.0000000038907590   0.0000001162986212   0.0000000445559408   0.0000001046220369
  0.0000001437894615   0.0000000153754981   0.0000000445016326   0.0000001759720837   0.0000000587998352
  0.4720331037869142   0.2287882155984675   0.0000000959979023   0.0000000596819078   0.0000005926512256
global index=1  local index=1 (global=2, Rn=0 0 0 0)
 -0.0000004881403173   0.0000008455991529   0.0000008806625563  -0.0000000580448235  -0.1850392934929882
 -0.0000009660222493   0.0000015232883553   0.0000019764728120  -0.0000004216659489   0.0379018611478160
 -0.0000001363144889   0.0000003881910958   0.0000001865983364  -0.0000001764575033  -0.2126270357718906
 -0.0000000352618385   0.0000001894307478  -0.0000002095465280  -0.0000003018178969  -0.0569733175199642
  0.1850380309101097  -0.0378992630878768  -0.2126259685236659  -0.0569730334718160  -0.0000000841182551
global index=1  local index=2 (global=3, Rn=0 0 0 0)
 -0.0647287198265347   0.0626341806573573   0.0732773801658839  -0.0834407968026566   0.0318918374875105
  0.0626338337919968  -0.0221142385982663  -0.0136106515865639   0.0154989901258319   0.0353726955579530
 -0.0732795418612996   0.0136154376311410  -0.0283746006908602  -0.0747015553403074   0.0234662184970050
  0.0834433417502871  -0.0155040736268096  -0.0747015169118969  -0.0089143932622376  -0.0267208569599621
 -0.0318964060307787  -0.0353640961460300   0.0234668229838031  -0.0267216038592236  -0.1553583068768832
global index=1  local index=3 (global=4, Rn=0 0 0 0)
 -0.0647285618752203   0.0626343312624837   0.0217390017649162   0.1089012201403408   0.0318916997904207
  0.0626325051354240  -0.0221161488861591  -0.0040370241826759  -0.0202286299869037   0.0353733392589448
 -0.0217404340778207   0.0040399284665332  -0.0882039841940915   0.0289245139763366   0.0069615386613738
 -0.1089031113340050   0.0202346922143048   0.0289234425902641   0.0509156648494122   0.0348740572299186
 -0.0318960207627104  -0.0353635810167033   0.0069609495452096   0.0348761153872944  -0.1553586831427926
global index=1  local index=4 (global=5, Rn=0 0 0 0)
  0.0663043403185622  -0.0903890492348242   0.0105130309164690   0.0735608094272737   0.0197106525433575  -0.0075971709247087  -0.1070139218346159  -0.0286747479993225   0.0603869173028811
 -0.0361230011246461  -0.0175363582791164  -0.0444809936162746   0.0155333733406417   0.0041628278687403   0.0386047341354139  -0.0218964679673136  -0.0058662979620341  -0.0563531842605114
 -0.1261686089889776   0.0830708496128047   0.0634670452575729  -0.0483902913197000  -0.0298436956090114   0.0192590218914647  -0.0124834152266911   0.0207420013649818  -0.0821598910988984
 -0.0338067287010676   0.0222584304793242   0.0170067314278318  -0.0298435283699345   0.0549903499471823   0.0051603410612198   0.0207412153410889  -0.0843313819209317  -0.0220141868947176
  0.0238825204675240  -0.0507115775466995   0.0689028740339797   0.0192587239234585   0.0051601532252150   0.1388869408895967  -0.0821586930038998  -0.0220133363112597  -0.2348667515305873
global index=1  local index=5 (global=6, Rn=0 0 0 0)
 -0.1818540482353617  -0.0000762083302842   0.0398376977726751   0.1420810651926305   0.0380699970644456  -0.1096533475709121   0.0081482021111395   0.0021831276576197   0.2168360002300074
 -0.1136115681305368  -0.1217652068010235   0.0522641394982730   0.1916967896340493   0.0513626005625085   0.0410012995182317   0.0996528920252808   0.0267012584914381   0.0065104776429536
 -0.1321927371685345  -0.0427559493107448   0.0425938211177072  -0.0329822492592361   0.0238659308138450  -0.0855279882658346   0.0836522350852116   0.0064904557069718   0.0947135593045104
 -0.0354207576266824  -0.0114565535401656   0.0114128648252464   0.0238655289051071  -0.1156556597203322  -0.0229172055173802   0.0064903446801576   0.0611695281627283   0.0253785795786287
  0.2092761278419207  -0.1594122314865525  -0.0277423464453073  -0.0855276437764714  -0.0229167965807600  -0.3112496001521775   0.0947138151946202   0.0253787251042709   0.1932209093058226
global index=2  local index=0 (global=2, Rn=0 0 0 0)
 -0.0000013347414021  -0.0000003612039455  -0.0000002307001573   0.0000004054801491  -0.4720327136235061
 -0.0000032028458449  -0.0000012423209097   0.0000003585820936   0.0000004464660862  -0.2287872558849494
 -0.0000002217120456  -0.0000000766093384   0.0000001139010824  -0.0000000808998846  -0.0000000530631940
  0.0000001100224733   0.0000001035669585  -0.0000000808183846   0.0000000559918610   0.0000000013141925
  0.4720337261542833   0.2287884642478854  -0.0000000377265651  -0.0000000140540782   0.0000003015186332
global index=2  local index=1 (global=1, Rn=0 0 0 0)
 -0.0000001764636878   0.0000004068633580  -0.0000006736416623   0.0000003541478371  -0.1850389537465017
 -0.0000006930006667   0.0000009396392056  -0.0000018811562382  -0.0000000091470023   0.0379014815741099
  0.0000000079600409  -0.0000000436115300  -0.0000001539297715  -0.0000003376239905   0.2126268747686001
  0.0000001133744796  -0.0000002706594278  -0.0000000712985388  -0.0000001081062975   0.0569731994033864
  0.1850381378064749  -0.0378995432028392   0.2126261495869406   0.0569730032547296  -0.0000000121165730
global index=2  local index=2 (global=3, Rn=0 0 0 0)
 -0.0647283458359694   0.0626340425105981  -0.0217393182416261  -0.1089008362554643   0.0318915351109252
  0.0626340915512667  -0.0221166764745639   0.0040387214946225   0.0202276093082055   0.0353735957329032
  0.0217402427990096  -0.0040397053745419  -0.0882033410382688   0.0289247305035674  -0.0069616291932758
  0.1089032065051054  -0.0202347179734964   0.0289243887506786   0.0509152660295263  -0.0348741812647883
 -0.0318960302076020  -0.0353636403423385  -0.0069616557233273  -0.0348760174695970  -0.1553588871976953
global index=2  local index=3 (global=4, Rn=0 0 0 0)
 -0.0647276645923800   0.0626334956216075  -0.0732772433809616   0.0834407565755096   0.0318916631713854
  0.0626334329457803  -0.0221146895014281   0.0136127713466164  -0.0155007869905718   0.0353716304595639
  0.0732788613940358  -0.0136147308896400  -0.0283737531216327  -0.0747021928100718  -0.0234666117115626
 -0.0834425588310190   0.0155032377823272  -0.0747021269452500  -0.0089131154343070   0.0267215214778449
 -0.0318955674376715  -0.0353649021927038  -0.0234674657800776   0.0267225809787765  -0.1553573280843719
global index=2  local index=4 (global=5, Rn=0 0 0 0)
  0.0049507484569783   0.0025000752095713   0.0285527064992697   0.0095150748390690   0.0025494062449568  -0.0022913157543342  -0.0287881259589791  -0.0077140664326385   0.0075772404817072
 -0.0117586629862302   0.0134267214892974  -0.0141119852658383  -0.0148365948687398  -0.0039749985613339   0.0058408756055077   0.0272106155963126   0.0072911582469141  -0.0190568193084232
 -0.0179449995609829   0.0220913183509444  -0.0290911455761349  -0.0264337386833126  -0.0086548586280530   0.0065061234930089   0.0586942231925288   0.0201714771308916  -0.0237813658276608
 -0.0048084454835122   0.0059197289980215  -0.0077931356772798  -0.0086553310224398   0.0035499527931863   0.0017433134336457   0.0201705592728119  -0.0111795027478653  -0.0063719170725872
  0.0022415174993384   0.0055209181951939   0.0321399175516803   0.0065047700641417   0.0017430993194620   0.0139319679956098  -0.0237782724957980  -0.0063707129345107  -0.0411887401364778
global index=2  local index=5 (global=6, Rn=0 0 0 0)
 -0.1818539139366743  -0.0000768670207582   0.0398381585718698  -0.1420818058342339  -0.0380698743418501  -0.1096527015050775  -0.0081486293545919  -0.0021837277024894   0.2168360448020203
 -0.1136138036677295  -0.1217681878553686   0.0522649517763816  -0.1917004019254849  -0.0513650041712862   0.0410025198482661  -0.0996564228202965  -0.0267030012913045   0.0065110588848983
  0.1321923485028796   0.0427557153671804  -0.0425944098024701  -0.0329826674934695   0.0238655550988199   0.0855280986388030   0.0836522799234709   0.0064903583473840  -0.0947136735533632
  0.0354208976634936   0.0114565871286774  -0.0114127453884274   0.0238656321113268  -0.1156554231707009   0.0229170776930702   0.0064902929291479   0.0611696221588808  -0.0253785440961707
  0.2092766117475728  -0.1594117092793446  -0.0277417748798847   0.0855281656191269   0.0229171551779506  -0.3112495483270529  -0.0947135283761719  -0.0253785578961970   0.1932211973790815
global index=3  local index=0 (global=3, Rn=0 0 0 0)
 -0.0000001924619133  -0.0000001616379195  -0.0000000214600791  -0.0000000241401050  -0.4720321859450849
 -0.0000004919676200  -0.0000003466694983  -0.0000000337951713  -0.0000002322745078  -0.2287891670255247
 -0.0000000265833553  -0.0000000426279830  -0.0000000003165312  -0.0000000060147477  -0.0000000108101603
  0.0000000230407727   0.0000000131375493  -0.0000000059828087  -0.0000000010189797  -0.0000000168281390
  0.4720335636951339   0.2287882983922272  -0.0000000271409222  -0.0000000288628617   0.0000000264915973
global index=3  local index=1 (global=1, Rn=0 0 0 0)
  0.0647275336475336  -0.0626329627702811   0.0732768528592227  -0.0834405251365502   0.0318922501133556
 -0.0626334331452238   0.0221162972150076  -0.0136100074154893   0.0155017588433522   0.0353719579686799
 -0.0732785884099315   0.0136154785531051   0.0283737976764963   0.0747038128279897  -0.0234663576123770
  0.0834419560241676  -0.0155032738005018   0.0747030919829462   0.0089125876137247   0.0267217490863406
 -0.0318946169362475  -0.0353661429146641  -0.0234662877268024   0.0267226654993532   0.1553558170618626
global index=3  local index=2 (global=2, Rn=0 0 0 0)
  0.0647279659342581  -0.0626329557394810  -0.0217388153573936  -0.1089000226275564   0.0318921035644580
 -0.0626321339744367   0.0221154021046041   0.0040372469177597   0.0202287352258152   0.0353707592603008
  0.0217404276550179  -0.0040397964619716   0.0882035842198395  -0.0289245147205561   0.0069614210175240
  0.1089029138133620  -0.0202341424906084  -0.0289233376293500  -0.0509162502894959   0.0348740549318346
 -0.0318952270845012  -0.0353663134587968   0.0069604236745709   0.0348744669621189   0.1553563086609939
global index=3  local index=3 (global=4, Rn=0 0 0 0)
 -0.0000000006663944   0.0000000018764599   0.0000000030515755   0.0000000034270690  -0.0222639698634063
 -0.0000000091565021   0.0000000232720946  -0.0000000141207076   0.0000000304482577   0.0322477167097017
  0.0000000010825526  -0.0000000024151727   0.0000000025564757   0.0000000012729168   0.0162008439638927
  0.0000000015548214  -0.0000000027409154   0.0000000103970392   0.0000000013857835  -0.0604617111843704
  0.0222622520246165  -0.0322444807597850   0.0161999264392788  -0.0604584352543724  -0.0000000028016918
global index=3  local index=4 (global=5, Rn=0 0 0 0)
  0.0035391311261195   0.0074315510198784   0.0359688062458999   0.0069306335925771  -0.0023594370345763   0.0050882243363420  -0.0212814219697652   0.0072439915302326  -0.0149139417302871
 -0.0091332191673870   0.0066973144838299  -0.0405784547193708  -0.0144646799784790   0.0049247696788265  -0.0101996571042922   0.0379994208216085  -0.0129350717400659   0.0236565689422000
 -0.0097422559876685   0.0034974419040380  -0.0539770594101828  -0.0146997046431508   0.0064853256781116  -0.0142579832641660   0.0410133106258363  -0.0191604811845258   0.0396636812451555
  0.0033154319720636  -0.0011895172550809   0.0183709581624233   0.0064836684285958   0.0021439765977691   0.0048526848450135  -0.0191580266134839  -0.0087560573949795  -0.0134994876331743
 -0.0076206756331486   0.0077115786465681  -0.0293275124671493  -0.0142601429422428   0.0048550520346763  -0.0052898630972069   0.0396657784673439  -0.0135025981029466   0.0083667239830403
global index=3  local index=5 (global=6, Rn=0 0 0 0)
  0.0663048209029403  -0.0903889325685650   0.0105139251440971   0.0197108484201667  -0.0735609283664237  -0.0075968735370261  -0.0286749762374145   0.1070152860486079   0.0603866820669784
 -0.0361211682413674  -0.0175398168478139  -0.0444805367169604   0.0041626799963608  -0.0155329296257194   0.0386043852947572  -0.0058681559908316   0.0218974679063142  -0.0563507419603844
 -0.0338066462164849   0.0222585931438410   0.0170063865846890   0.0549903579105466   0.0298435372509426   0.0051603395353708  -0.0843319330559704  -0.0207412408966352  -0.0220140284269001
  0.1261681953085764  -0.0830700622426054  -0.0634678119240767   0.0298436077345618  -0.0483905616853593  -0.0192588718770773  -0.0207415736350628  -0.0124824924125691   0.0821584977147011
  0.0238828041592553  -0.0507132627570502   0.0689022962501609   0.0051602069473009  -0.0192585611014732   0.1388867943898777  -0.0220136705966795   0.0821580347189082  -0.2348655278910298
global index=4  local index=0 (global=4, Rn=0 0 0 0)
 -0.0000002905278224  -0.0000003638789988   0.0000000180190873   0.0000000450245766  -0.4720325161945197
 -0.0000002969957761  -0.0000008270497193   0.0000002236733493   0.0000001535773816  -0.2287862425812797
  0.0000000133241041   0.0000000458976898  -0.0000000103508075  -0.0000000116493082   0.0000002861253040
 -0.0000000111547406   0.0000000243558721  -0.0000000117227104   0.0000000108063039   0.0000000514336266
  0.4720342480708686   0.2287884644940999   0.0000003029886541   0.0000000490856957  -0.0000000431894509
global index=4  local index=1 (global=1, Rn=0 0 0 0)
  0.0647281425987679  -0.0626332355557931   0.0217388677870230   0.1088995988261494   0.0318918605682375
 -0.0626336864815363   0.0221160412602635  -0.0040382452494817  -0.0202273403536862   0.0353727980423443
 -0.0217404201267738   0.0040399136987217   0.0882037966604615  -0.0289244683968955  -0.0069615362464177
 -0.1089035509159170   0.0202352059783314  -0.0289237306154219  -0.0509151048338209  -0.0348733331539587
 -0.0318957346214461  -0.0353655135731868  -0.0069608854063640  -0.0348735342301670   0.1553574087829843
global index=4  local index=2 (global=2, Rn=0 0 0 0)
  0.0647275355530725  -0.0626332173621546  -0.0732770255813645   0.0834403053062598   0.0318921942370134
 -0.0626333374364694   0.0221173772999162   0.0136120825748328  -0.0155010791647465   0.0353725235972518
  0.0732785959731959  -0.0136154330865182   0.0283737757854345   0.0747035234103829   0.0234664123736768
 -0.0834423159359600   0.0155038795637131   0.0747035866254054   0.0089131913520886  -0.0267212220809485
 -0.0318948677262872  -0.0353658993305359   0.0234668964535925  -0.0267216899889462   0.1553563704478518
global index=4  local index=3 (global=3, Rn=0 0 0 0)
  0.0000000009710236  -0.0000000032825228   0.0000000016946674  -0.0000000044478543  -0.0222640983551030
 -0.0000000042317391   0.0000000172211224   0.0000000081653884   0.0000000017113967   0.0322483831280547
  0.0000000030688207  -0.0000000096354300   0.0000000000207938   0.0000000051432967  -0.0162006016794258
 -0.0000000091536196   0.0000000249723835   0.0000000038612259  -0.0000000093696611   0.0604623766447318
  0.0222621470610658  -0.0322440681505207  -0.0161995624727327   0.0604583498401911   0.0000000302266065
global index=4  local index=4 (global=5, Rn=0 0 0 0)
  0.0035393500898278   0.0074314607626962   0.0359689540173736   0.0048225321905473   0.0055080730201513   0.0050887884111907  -0.0148092763917522  -0.0169135395183120  -0.0149142566012282
 -0.0091326108246242   0.0066961360611629  -0.0405783914938692  -0.0100644349782457  -0.0114948522517476  -0.0101997026161761   0.0264424200513279   0.0301984916366294   0.0236562907521992
 -0.0067796322039049   0.0024340893991183  -0.0375592819812724  -0.0048729743494784  -0.0105354307621670  -0.0099226878102569   0.0119794444155949   0.0311302627513242   0.0276002566884238
 -0.0077432291202145   0.0027800337824232  -0.0428987961547595  -0.0105352523213435  -0.0076817772978316  -0.0113329921996530   0.0311315653310485   0.0202777461837719   0.0315233216879123
 -0.0076211672602824   0.0077119632435005  -0.0293276848866843  -0.0099226324121382  -0.0113331724500066  -0.0052910443331811   0.0276027123069057   0.0315242850952836   0.0083672361890867
global index=4  local index=5 (global=6, Rn=0 0 0 0)
  0.0663048666725852  -0.0903889638019877   0.0105142904974247  -0.0197111169730156   0.0735615139914909  -0.0075970355067024   0.0286748939948032  -0.1070146180434013   0.0603868635174168
 -0.0361218778859503  -0.0175402103681875  -0.0444812027963417  -0.0041628858816005   0.0155325418152407   0.0386050037473194   0.0058670122739602  -0.0218985203312007  -0.0563521915472718
  0.0338066905403422  -0.0222585282365311  -0.0170065235637527   0.0549904080643623   0.0298434761863367  -0.0051603414518639  -0.0843319589335500  -0.0207412003677821   0.0220141380662871
 -0.1261683998348412   0.0830701704761849   0.0634666889254494   0.0298435211444827  -0.0483901495092943   0.0192589626554701  -0.0207419175487151  -0.0124831864845294  -0.0821595374434727
  0.0238827364185204  -0.0507132177158249   0.0689016839005563  -0.0051603145745878   0.0192589623936361   0.1388869737072102   0.0220134609285427  -0.0821588436254762  -0.2348667026732585
global index=5  local index=0 (global=5, Rn=0 0 0 0)
 -0.0000026969310185  -0.0000004328201289   0.0000019869232365   0.0000008178926795  -0.0000011738948674  -0.6044224497045035  -0.0000000704136252  -0.0000003613222391   0.0505921009641960
 -0.0000047088121486   0.0000017756333725   0.0000035848326069  -0.0000044105955876  -0.0000041916287440  -0.3109394629533506  -0.0000007740972209   0.0000028792443570  -0.4972093618568715
 -0.0000022318825349   0.0000016042708349  -0.0000054986067455   0.0000004418682601   0.0000064498923219   0.2419140551694088  -0.0000055963228393  -0.0000055882912861   0.0034705740554707
  0.0000021950956124   0.0000002912348929  -0.0000005372564572   0.0000026315990715   0.0000032915944520  -0.0000000882438652   0.0000012046518465   0.0000014175134702  -0.0000002217428662
  0.0000001891382490   0.0000007579230426  -0.0000002890736651   0.0000032912643894   0.0000042549755395   0.0000053050011188   0.0000014175130125   0.0000028030415730   0.0000027784889326
  0.6044547585328621   0.3109737194399390  -0.2419218956756358  -0.0000001784821536   0.0000054476115435   0.0000017008769868  -0.0000002757748261   0.0000028489373401   0.0000011072847526
  0.0000014495389156   0.0000006018668578  -0.0000005446743935   0.0000017068605567   0.0000024609942181   0.0000000213357224   0.0000005100618039   0.0000006226697703  -0.0000005038167512
  0.0000004062390805   0.0000004965642139   0.0000004558643875   0.0000024607869250   0.0000026314378435   0.0000040974159113   0.0000006225974004   0.0000024924568730   0.0000012752199564
 -0.0505772203503740   0.4972254723905054  -0.0034709760098413  -0.0000000331396877   0.0000041693302641   0.0000024330030818  -0.0000005233004829   0.0000013260576100   0.0000011290073355
global index=5  local index=1 (global=1, Rn=0 0 0 0)
 -0.0663039638550974   0.0361216846234109   0.1261668851284894   0.0338062871827860  -0.0238828128090549
  0.0903874942742017   0.0175456598934113  -0.0830724240015223  -0.0222616352836228   0.0507089800888099
 -0.0105244415085538   0.0444939004004818  -0.0634796916513186  -0.0170010089652875  -0.0689253667124163
 -0.0735609393789720  -0.0155326005122505   0.0483893526669819   0.0298433700893642  -0.0192593265116335
 -0.0197105719461551  -0.0041619633858977   0.0298432638852937  -0.0549907614814137  -0.0051604951231083
  0.0075970474175425  -0.0386034315224096  -0.0192589619240794  -0.0051603221817895  -0.1388872857350399
  0.1070172492615929   0.0218970834182089   0.0124800057884966  -0.0207408199977728   0.0821564167578355
  0.0286755506597044   0.0058666405481072  -0.0207419585829721   0.0843304919734278   0.0220141811485490
 -0.0603847318115247   0.0563497994512238   0.0821560495398264   0.0220148486375950   0.2348640221032350
global index=5  local index=2 (global=2, Rn=0 0 0 0)
 -0.0049500948353708   0.0117573045149947   0.0179425823589790   0.0048077422011260  -0.0022425581760701
 -0.0025034054746857  -0.0134231959361491  -0.0220904419528492  -0.0059176620994013  -0.0055264095905629
 -0.0285673119127243   0.0141204602402359   0.0290934675323098   0.0077981540164076  -0.0321639652778835
 -0.0095160537093688   0.0148377728859246   0.0264349187586846   0.0086558395747156  -0.0065053799731234
 -0.0025497222246789   0.0039755783801457   0.0086554882404926  -0.0035496650793387  -0.0017431145701801
  0.0022904275632816  -0.0058392518505626  -0.0065045814996303  -0.0017427929033256  -0.0139315118443319
  0.0287880669593154  -0.0272096758789048  -0.0586933473928253  -0.0201702128818137   0.0237791855963922
  0.0077137769782425  -0.0072909191106568  -0.0201705013061287   0.0111789532711838   0.0063717405887945
 -0.0075762192933625   0.0190544461691772   0.0237786645470120   0.0063717639630406   0.0411869242208188
global index=5  local index=3 (global=3, Rn=0 0 0 0)
 -0.0035371032858366   0.0091281058273942   0.0097368126120667  -0.0033138866515023   0.0076148791376908
 -0.0074412978525434  -0.0066889825165794  -0.0034894879046185   0.0011881456560935  -0.0077062721323350
 -0.0359986693722078   0.0405933744602117   0.0539991076355382  -0.0183810210238155   0.0293343433661290
 -0.0069302682682672   0.0144612271994096   0.0146968421834010  -0.0064826572544140   0.0142562479235751
  0.0023587566791312  -0.0049219375104349  -0.0064827646587689  -0.0021437706515180  -0.0048521269446172
 -0.0050887854229164   0.0101983433516202   0.0142569279837986  -0.0048522470086604   0.0052886104500594
  0.0212812798973000  -0.0379975103846733  -0.0410132083859959   0.0191572870411426  -0.0396642732291033
 -0.0072432885261299   0.0129324747651528   0.0191580439721556   0.0087553068401221   0.0134997203521313
  0.0149146465688279  -0.0236569578687547  -0.0396646955868265   0.0134991331968388  -0.0083683447738392
global index=5  local index=4 (global=4, Rn=0 0 0 0)
 -0.0035371093488335   0.0091280802166614   0.0067753509800935   0.0077383099301014   0.0076149061738282
 -0.0074390737647872  -0.0066906426429137  -0.0024289838834091  -0.0027744257948069  -0.0077071500544123
 -0.0359963410633767   0.0405876261202103   0.0375690157619011   0.0429098924523604   0.0293349147957137
 -0.0048223841388111   0.0100626451389700   0.0048724140853588   0.0105333389446389   0.0099201933668995
 -0.0055078712928759   0.0114929798951456   0.0105334946119325   0.0076804509597517   0.0113302630344846
 -0.0050887161801239   0.0101982120282224   0.0099205517903226   0.0113304609871541   0.0052888027945924
  0.0148089605890520  -0.0264407662497358  -0.0119801551901721  -0.0311294726946414  -0.0276007482112863
  0.0169139760402242  -0.0301991726048695  -0.0311300463490911  -0.0202784723492738  -0.0315237648348263
  0.0149152606473696  -0.0236574110006308  -0.0276013953553938  -0.0315236994998234  -0.0083688398745168
global index=5  local index=5 (global=6, Rn=0 0 0 0)
 -0.0066989439185421   0.0006321172145004  -0.0508978716382344   0.0161805466262458   0.0043355477654624   0.0057396202233425  -0.0617042616134962  -0.0165336106702432  -0.0215230583578165
  0.0006305730782667  -0.0329137575726729   0.0234589325682253  -0.0373109336175421  -0.0099954227112746  -0.0232570140987564   0.0666345909987360   0.0178553885416258   0.0224496132186742
 -0.0509123760864217   0.0234771197202857  -0.0280465947342658   0.0115642454146017   0.0031036151336084  -0.0177230976628801  -0.0120742384423800  -0.0032415744717087   0.0390086650446284
 -0.0161810840094743   0.0373100649965279  -0.0115719112546156   0.0204516631221207   0.0074410925574926   0.0093415545585970  -0.0541864445721586  -0.0207255986591730  -0.0220981311956536
 -0.0043356971961764   0.0099971017398710  -0.0031002280927733   0.0074410308205044  -0.0053247742006952   0.0025030909613296  -0.0207255293924828   0.0176089266832039  -0.0059212009007126
 -0.0057400450576254   0.0232534194073311   0.0177112985448983   0.0093417616874845   0.0025031903739361  -0.0080193205140217  -0.0220986287409120  -0.0059213819831232   0.0306692747852698
  0.0617046796462487  -0.0666343377199401   0.0120766213792862  -0.0541874411907994  -0.0207252038555536  -0.0220994752511092   0.0528915170223206   0.0274702304704165   0.0025670502432380
  0.0165338432195194  -0.0178550604346999   0.0032361762423134  -0.0207257385571005   0.0176083091004730  -0.0059214443126125   0.0274714216772063  -0.0422705273944004   0.0006877631723336
  0.0215232080633149  -0.0224458310495057  -0.0389897564476086  -0.0220991682982653  -0.0059209828062027   0.0306676426192759   0.0025676878860931   0.0006870904917787  -0.0974438325700888
global index=6  local index=0 (global=6, Rn=0 0 0 0)
 -0.0000120530400047  -0.0000051033817761   0.0000071718996084  -0.0000030242450646   0.0000040698458216  -0.6044391865913785  -0.0000009538097046   0.0000014420328411   0.0505835000679068
 -0.0000031645263416   0.0000145683743510   0.0000115848006904  -0.0000062783718607   0.0000076583552014  -0.3109657587267878  -0.0000038275304035   0.0000038445524684  -0.4972106516176910
  0.0000031465807731   0.0000068509600798  -0.0000050154375554   0.0000021481551713  -0.0000034211284042   0.2419126655921533   0.0000020870786624  -0.0000026231556918   0.0034583481516020
 -0.0000015247480784  -0.0000003717543011   0.0000005164505492   0.0000003774988728  -0.0000012060890103   0.0000011866140056   0.0000007864441504  -0.0000009274833090   0.0000005654322923
  0.0000010098786049  -0.0000000085975406  -0.0000006909062567  -0.0000012054645076   0.0000026486503140   0.0000036551919462  -0.0000009277363899   0.0000018753495655   0.0000028021400853
  0.6044552828198642   0.3109729149972583  -0.2419211207541032   0.0000011100587463   0.0000036679072791  -0.0000056258768021   0.0000005271962015   0.0000028063345051  -0.0000018260173410
 -0.0000004086857629   0.0000002160493334   0.0000002503692233  -0.0000003789820119  -0.0000002999797329   0.0000005284555400   0.0000018823283569  -0.0000004041589830   0.0000002046603542
 -0.0000000845150132  -0.0000002925083745  -0.0000004710200667  -0.0000002995498444   0.0000013351511453   0.0000030617162909  -0.0000004042923574   0.0000017779670028   0.0000022604902479
 -0.0505740805363750   0.4972237713347509  -0.0034706059755323   0.0000004895789518   0.0000030666078029  -0.0000040425228446   0.0000001811414091   0.0000022637905264  -0.0000022629223457
global index=6  local index=1 (global=1, Rn=0 0 0 0)
  0.1818508762840743   0.1136117795566968   0.1321888610418608   0.0354214951654473  -0.2092776191683747
  0.0000765618383033   0.1217689389502996   0.0427480749750508   0.0114571028236556   0.1594064511164514
 -0.0398430533716687  -0.0522641308575124  -0.0425987310174632  -0.0114136516247421   0.0277378901634661
 -0.1420814326880957  -0.1916977610154129   0.0329812040984665  -0.0238658432439085   0.0855277496181784
 -0.0380701711725378  -0.0513657340340484  -0.0238652408563198   0.1156556257554700   0.0229170477946303
  0.1096542089071830  -0.0410018902776490   0.0855300087877906   0.0229171812725666   0.3112492297061640
 -0.0081480053807528  -0.0996553428590674  -0.0836535286125192  -0.0064897721128035  -0.0947127442307683
 -0.0021834308041168  -0.0267028744042387  -0.0064899737603686  -0.0611695027534174  -0.0253788831348582
 -0.2168335577238247  -0.0065125124018257  -0.0947105804593656  -0.0253781550938002  -0.1932202732480700
global index=6  local index=2 (global=2, Rn=0 0 0 0)
  0.1818501034525649   0.1136114175059661  -0.1321898980691761  -0.0354182077904078  -0.2092781741392750
  0.0000753533913007   0.1217668590620618  -0.0427485394526934  -0.0114507428211204   0.1594054531567897
 -0.0398430898398385  -0.0522630256694321   0.0425980430325705   0.0114121012193800   0.0277382039670992
  0.1420803426089153   0.1916984825858872   0.0329823884158715  -0.0238650875970138  -0.0855283161822091
  0.0380710913943294   0.0513653912718888  -0.0238661102463673   0.1156551936882463  -0.0229172143977214
  0.1096544622861816  -0.0410019016056113  -0.0855297311145242  -0.0229183977886247   0.3112493261734987
  0.0081472895148957   0.0996554963134889  -0.0836531518880515  -0.0064896690954725   0.0947127269602110
  0.0021834246858858   0.0267025551191747  -0.0064901381073042  -0.0611697204144302   0.0253778773385340
 -0.2168332161644892  -0.0065121589478659   0.0947109149299689   0.0253770219113709  -0.1932203771615254
global index=6  local index=3 (global=3, Rn=0 0 0 0)
 -0.0663052982418901   0.0361221198452985   0.0338064822524946  -0.1261687576004422  -0.0238817338849584
  0.0903894167889257   0.0175479476401803  -0.0222601104958141   0.0830606520901490   0.0507084652761707
 -0.0105214221229097   0.0444994226420736  -0.0170077842521103   0.0634775472047440  -0.0689253993980448
 -0.0197110973082916  -0.0041618198030390  -0.0549906520975360  -0.0298437843789256  -0.0051601874803079
  0.0735620389037314   0.0155325843296792  -0.0298431948239561   0.0483903520098790   0.0192585868932151
  0.0075964086348135  -0.0386040677272079  -0.0051605700863466   0.0192585318744460  -0.1388875710401261
  0.0286744748268002   0.0058669621065339   0.0843305859689345   0.0207407289050673   0.0220142581328307
 -0.1070149445569566  -0.0218953283867053   0.0207409551998606   0.0124799627137956  -0.0821572442255787
 -0.0603856383152702   0.0563472784589271   0.0220134842922726  -0.0821548823359063   0.2348641971431211
global index=6  local index=4 (global=4, Rn=0 0 0 0)
 -0.0663048713268800   0.0361218508988809  -0.0338069813828522   0.1261684408724724  -0.0238822792611373
  0.0903850643330369   0.0175429817628970   0.0222567462973331  -0.0830627292056870   0.0507088425673686
 -0.0105201768624758   0.0444999967537064   0.0170107866150524  -0.0634739228768906  -0.0689287040288606
  0.0197106093458170   0.0041620462511271  -0.0549904520106660  -0.0298431085112598   0.0051604902353241
 -0.0735616221102725  -0.0155327980452782  -0.0298435231361662   0.0483901929676843  -0.0192586478927112
  0.0075966502667989  -0.0386040355853947   0.0051601647925658  -0.0192584834221254  -0.1388873898829366
 -0.0286750515120739  -0.0058672667950368   0.0843307882217234   0.0207412880021859  -0.0220140573749732
  0.1070160059093437   0.0218966570128992   0.0207407889061763   0.0124801615858374   0.0821568999004468
 -0.0603850049829185   0.0563481480076754  -0.0220138228127914   0.0821547369309143   0.2348634575270560
global index=6  local index=5 (global=5, Rn=0 0 0 0)
  0.0066990279254204  -0.0006323672708823   0.0508973551593490   0.0161806310447763   0.0043356305403230   0.0057395938760236  -0.0617044784924814  -0.0165337917526833  -0.0215229410300844
 -0.0006234303531098   0.0329098886280308  -0.0234624827389585  -0.0373110999040745  -0.0099904079680907  -0.0232626026817451   0.0666364706664431   0.0178517225476154   0.0224505402280158
  0.0509027547391144  -0.0234874148505733   0.0280233588121330   0.0115627310726362   0.0030973016454807  -0.0177206347134565  -0.0120715081282829  -0.0032365428676161   0.0390118291284588
 -0.0161812378370540   0.0373099408114618  -0.0115720699815217  -0.0204518089128337  -0.0074412617012007  -0.0093414077693421   0.0541867723651047   0.0207257962129828   0.0220979146668627
 -0.0043356957548023   0.0099967564379349  -0.0031001478068293  -0.0074410470947780   0.0053246440497040  -0.0025030804349276   0.0207255044719997  -0.0176085300261141   0.0059211991618543
 -0.0057402022383341   0.0232545515838030   0.0177127712693836  -0.0093417621100061  -0.0025033272217291   0.0080194640857515   0.0220985615498718   0.0059215796778617  -0.0306694503531918
  0.0617057761740732  -0.0666343921459972   0.0120768235332692   0.0541870973347643   0.0207261721564826   0.0220982810868349  -0.0528908263356190  -0.0274712209438838  -0.0025671319374223
  0.0165338211297576  -0.0178545352205647   0.0032358069954111   0.0207254059945956  -0.0176082493932171   0.0059213232819363  -0.0274707661713952   0.0422703215544372  -0.0006877097239037
  0.0215241165419086  -0.0224454425047034  -0.0389898631583139   0.0220986927089237   0.0059219776676555  -0.0306689336502626  -0.0025667641594629  -0.0006879330312913   0.0974437924201016


Density matrix spin=0
global index=1  local index=0 (global=1, Rn=0)
  0.1833676313089307   0.0395350022149623   0.0149490595834869   0.0039999485309023   0.0002479593370747
  0.0395350022149623   0.0116521483388391   0.0069966281131296   0.0018702354321808   0.0021341138131652
  0.0149490595834869   0.0069966281131296   0.0105878742115360   0.0016372309827540   0.0057725003780029
  0.0039999485309023   0.0018702354321808   0.0016372309827540   0.0048959110906797   0.0015314943671637
  0.0002479593370747   0.0021341138131652   0.0057725003780029   0.0015314943671637   0.0083523298886050
global index=1  local index=1 (global=2, Rn=0)
 -0.0724515156014031  -0.0072255357590620   0.0027196578507687   0.0006995793042049  -0.0181532148019022
 -0.0069743296782312   0.0024044039694935  -0.0009184601032731  -0.0002506244097590  -0.0035116096403632
 -0.0137449268736748   0.0011769253506268  -0.0004050893436985  -0.0011427747227625  -0.0020072700786428
 -0.0036449791990973   0.0003159572256251  -0.0011348242779265   0.0035391020819196  -0.0005350537648204
 -0.0273623503930005  -0.0024554698037619   0.0008477517066558   0.0002132404444707   0.0011227859350616
global index=1  local index=2 (global=3, Rn=0)
  0.0242064181546334  -0.0020123452277555  -0.0008482137224847  -0.0053552009507605   0.0003445673773623
 -0.0070798460105054   0.0002540991142768  -0.0001006156438343  -0.0013430612462686   0.0000313299994718
 -0.0121529823089522   0.0008444012123094  -0.0000574942234801  -0.0004514774669583  -0.0000271133784959
 -0.0155721608565933  -0.0004394404897439   0.0002216435815498  -0.0011751059850343   0.0010614379984673
 -0.0163652778591973   0.0010833057944309  -0.0006622569514038   0.0011921327110869  -0.0002293553969508
global index=1  local index=3 (global=4, Rn=0)
  0.0241600897953853  -0.0020082334231258  -0.0034073282478136   0.0042275935152774   0.0003487208174379
 -0.0070816691769568   0.0002569250081266  -0.0007616061190473   0.0011159884902103   0.0000322330626174
 -0.0183175189596886   0.0005171375209153  -0.0004425703361538   0.0008794920469993   0.0005067737677328
  0.0074993209453143   0.0007993761826840   0.0002057615788843  -0.0007941573945661  -0.0009340258888657
 -0.0163885211622546   0.0010855465675594   0.0000145444210790  -0.0013584260164497  -0.0002268992236618
global index=1  local index=4 (global=5, Rn=0)
 -0.0067021190119154  -0.0013670367542792   0.0013199280314354   0.0934531598641041   0.0250812548054582   0.0578483260396441  -0.0040476147861518  -0.0010822576704323  -0.0042834807895982
  0.0006260233616232  -0.0013189663238465   0.0010154330231090  -0.0023177987003124  -0.0006364040644488   0.0002891803237980  -0.0005474238214184  -0.0001470385890567  -0.0009197993924505
 -0.0173337841107627  -0.0020897153485269   0.0015383897526423  -0.0394450497840118  -0.0185359888907757  -0.0464483613233161   0.0000777165593370   0.0002840141995360   0.0009104592526339
 -0.0046622418915407  -0.0005581992896900   0.0004119776811600  -0.0184684717589058   0.0248279244248710  -0.0124407334742746   0.0002901657090186  -0.0009229547932932   0.0002450023850136
 -0.0091344718014566  -0.0017951676722772   0.0012019918758781  -0.0529128078753232  -0.0142207878298542  -0.0072510532550283   0.0006662727901674   0.0001750195180997  -0.0005244601472140
global index=1  local index=5 (global=6, Rn=0)
  0.0091466212758624   0.0116296632107155  -0.0005372793761007  -0.2232180601294267  -0.0598550841917489  -0.1550331349383194  -0.0359483975074291  -0.0096643833729888  -0.0174098741339201
  0.0398420787568237   0.0041768475445720   0.0000157554476916  -0.0459437021575747  -0.0122993446290964  -0.0479317871882609  -0.0064983834536264  -0.0017491754806345  -0.0068583189431938
  0.0329834155368578   0.0019374239963059   0.0000715266803417  -0.0348967384872934  -0.0215236144773570  -0.0257965341570640  -0.0040180052635327  -0.0021629889158457  -0.0035748636083502
  0.0087923787622963   0.0005213280528112   0.0000189397370344  -0.0215386362888381   0.0398592107384070  -0.0069264618524741  -0.0021442128441403   0.0034522296725468  -0.0009575608829936
  0.0410698607973139  -0.0012890340413756   0.0003078786913230  -0.0308195230157146  -0.0082833257690840   0.0272795010554768  -0.0044197299105847  -0.0012003573812821   0.0022574669078532
global index=2  local index=0 (global=2, Rn=0)
  0.2313253505617981   0.0410438611514907  -0.0147588463671551  -0.0038768579806260   0.0030877303853341
  0.0410438611514907   0.0095322414627638  -0.0035216897693431  -0.0009350551129522   0.0006498052434558
 -0.0147588463671551  -0.0035216897693431   0.0017131689132136  -0.0006881554331429  -0.0001169191353065
 -0.0038768579806260  -0.0009350551129522  -0.0006881554331429   0.0040985662179829  -0.0000263293046371
  0.0030877303853341   0.0006498052434558  -0.0001169191353065  -0.0000263293046371   0.0032108403933392
global index=2  local index=1 (global=1, Rn=0)
 -0.0724515156014031  -0.0069743296782312  -0.0137449268736748  -0.0036449791990973  -0.0273623503930005
 -0.0072255357590620   0.0024044039694935   0.0011769253506268   0.0003159572256251  -0.0024554698037619
  0.0027196578507687  -0.0009184601032731  -0.0004050893436985  -0.0011348242779265   0.0008477517066558
  0.0006995793042049  -0.0002506244097590  -0.0011427747227625   0.0035391020819196   0.0002132404444707
 -0.0181532148019022  -0.0035116096403632  -0.0020072700786428  -0.0005350537648204   0.0011227859350616
global index=2  local index=2 (global=3, Rn=0)
  0.0265595404298355  -0.0016495677789935   0.0044509413520075  -0.0061172656043960   0.0010713525196390
 -0.0096884351136111   0.0004291256430369   0.0006592145114557  -0.0010712061769438   0.0000900496481094
  0.0128544614572951  -0.0000486243670975  -0.0002515955650879   0.0007361256534676  -0.0003708418876908
 -0.0118066823234444  -0.0008404892933258   0.0001042812885231  -0.0009826076630486   0.0009944753658585
 -0.0093145150240835   0.0007781730640218  -0.0002607042502980   0.0014036157577631  -0.0004095038164180
global index=2  local index=3 (global=4, Rn=0)
  0.0266443988231823  -0.0016605699699013   0.0008149722476447   0.0075002048535682   0.0010659737657146
 -0.0097017705599901   0.0004278829070585   0.0000327922134309   0.0012562130392106   0.0000910849722102
  0.0052410227449302  -0.0004604252724390  -0.0000682703751225  -0.0002117873047634   0.0001741755765261
  0.0167125815818584   0.0007001034327394   0.0004264718185514  -0.0011612583306417  -0.0010478399851121
 -0.0092895746798738   0.0007799632187265   0.0004735526468183  -0.0013486235396487  -0.0004114755590602
global index=2  local index=4 (global=5, Rn=0)
  0.0006772532217145   0.0041316634834230  -0.0024249558369410   0.0409817233296123   0.0109611193134348   0.0339139782107114   0.0031224178210707   0.0008464208409986  -0.0006742571358061
 -0.0001827081679589  -0.0002083956409555   0.0002154788354218  -0.0080459790508596  -0.0021464093210868  -0.0021478609949792   0.0005398857912216   0.0001435248257684  -0.0002469657470785
 -0.0017383664038209   0.0001131671654775  -0.0000708907868510   0.0058049878660941   0.0006657623840330   0.0019288968777526  -0.0002928940552118  -0.0001920729514928   0.0000738475218085
 -0.0004697207242199   0.0000322776701114  -0.0000199987987970   0.0006848127648408   0.0035588028140694   0.0005340868446066  -0.0001910563209131   0.0003738371516843   0.0000194079499035
  0.0022481323002596  -0.0000314813366552  -0.0000612747990493  -0.0033552487035906  -0.0009050823950658   0.0017969569813666  -0.0001479740742119  -0.0000388171536785   0.0001366722804721
global index=2  local index=5 (global=6, Rn=0)
  0.0048856256306619   0.0143151529769644  -0.0009201887394704   0.2640519891327744   0.0707879332058680  -0.1856022339667678   0.0447453542342149   0.0120611135194570  -0.0229201473914151
  0.0354243564466724   0.0037066784088330  -0.0000101892552518   0.0382042952597133   0.0102061648717834  -0.0423121787571156   0.0071844639735472   0.0019310884553768  -0.0065678710543718
 -0.0092826446010483  -0.0012192576749635   0.0000095608556000  -0.0098370304609595  -0.0168363172508965   0.0186459734626297  -0.0023212147457123  -0.0016944299688983   0.0026600620147563
 -0.0025117473115829  -0.0003218708178393   0.0000021808742971  -0.0168053887794162   0.0486874604581727   0.0049506452483008  -0.0016751174714900   0.0035600135121848   0.0007095821328071
  0.0267146248140321  -0.0016202306231024   0.0002680928764536   0.0212701656964299   0.0057521242056687   0.0333738982889565   0.0031295336944127   0.0008433593032433   0.0022602221573532
global index=3  local index=0 (global=3, Rn=0)
  0.4375275776277441  -0.0094022264211175   0.0040037741269671  -0.0017513277456104  -0.0033771154346289
 -0.0094022264211175   0.0006941952918492  -0.0002195835078955   0.0006425900092107  -0.0003065484244194
  0.0040037741269671  -0.0002195835078955   0.0001828298645326  -0.0003304998438412   0.0001226912352454
 -0.0017513277456104   0.0006425900092107  -0.0003304998438412   0.0011833046168671  -0.0005282518236121
 -0.0033771154346289  -0.0003065484244194   0.0001226912352454  -0.0005282518236121   0.0003797980904166
global index=3  local index=1 (global=1, Rn=0)
  0.0242064181546334  -0.0070798460105054  -0.0121529823089522  -0.0155721608565933  -0.0163652778591973
 -0.0020123452277555   0.0002540991142768   0.0008444012123094  -0.0004394404897439   0.0010833057944309
 -0.0008482137224847  -0.0001006156438343  -0.0000574942234801   0.0002216435815498  -0.0006622569514038
 -0.0053552009507605  -0.0013430612462686  -0.0004514774669583  -0.0011751059850343   0.0011921327110869
  0.0003445673773623   0.0000313299994718  -0.0000271133784959   0.0010614379984673  -0.0002293553969508
global index=3  local index=2 (global=2, Rn=0)
  0.0265595404298354  -0.0096884351136111   0.0128544614572951  -0.0118066823234444  -0.0093145150240835
 -0.0016495677789935   0.0004291256430369  -0.0000486243670975  -0.0008404892933258   0.0007781730640218
  0.0044509413520075   0.0006592145114557  -0.0002515955650879   0.0001042812885231  -0.0002607042502980
 -0.0061172656043960  -0.0010712061769438   0.0007361256534676  -0.0009826076630486   0.0014036157577631
  0.0010713525196390   0.0000900496481094  -0.0003708418876908   0.0009944753658585  -0.0004095038164180
global index=3  local index=3 (global=4, Rn=0)
  0.3325505898556622  -0.0151333753477385  -0.0004254713329757   0.0107649801819659   0.0036816879175346
 -0.0151019017268270   0.0003872046694841  -0.0000431061207820  -0.0002728648295984   0.0000750417837892
  0.0049301719599385  -0.0001710062471195   0.0000160239748576   0.0002892673338583   0.0000280158353818
 -0.0096076527509072   0.0002189104957933   0.0000752579064342  -0.0006223298801127   0.0000326991928296
  0.0036852875497757   0.0000741806292351   0.0000413738110603  -0.0000142622633579  -0.0001555955873491
global index=3  local index=4 (global=5, Rn=0)
 -0.0217197287059281   0.0045543777769148  -0.0011165458728084   0.0999269366449538   0.0507633098415571   0.0575694225639093   0.0004241631734116  -0.0032491304868753  -0.0002967584817293
  0.0008023186758032  -0.0002892898164078   0.0001403520642912  -0.0045387756642924   0.0001929283167194  -0.0034589566042792  -0.0000711815484110  -0.0002078809280398   0.0000688876358852
 -0.0009165282809537   0.0000772741220733  -0.0000182413542270  -0.0001775542679681   0.0022987322485124  -0.0026488901991364   0.0001136496300555  -0.0000667573990263   0.0001254440543980
  0.0013076724523133  -0.0000903727235608   0.0000039797269938   0.0006748913599006  -0.0006335697570657   0.0005850509307900  -0.0002509283582366  -0.0001899358380544   0.0000851195119560
 -0.0007441392245604   0.0000285973654903  -0.0000149847037427  -0.0034235324417683   0.0022560884012036  -0.0011394740237508   0.0001904708870185   0.0000399271315432   0.0000117663906864
global index=3  local index=5 (global=6, Rn=0)
 -0.1320844947073922   0.0094795637125552  -0.0019409286452397   0.0576145858272679  -0.1772093499928561   0.0116565248456637   0.0025710202060216  -0.0129873542358936   0.0134128592779316
  0.0144057717795085  -0.0003700833761534   0.0001274378318849   0.0027649197310932  -0.0096774529857468   0.0057484259786872   0.0002994404218688  -0.0006616743465215  -0.0001843953926982
 -0.0039203796292886   0.0004301189327149  -0.0000586074349901   0.0034547580096717   0.0028620314056928  -0.0059593387809216   0.0007067544008775   0.0003858327679317  -0.0004350792367974
  0.0125476620006855  -0.0012326673431351   0.0001613192838271   0.0048977968781961  -0.0133210936524815   0.0218674401561832   0.0002047497079921  -0.0010473492678637   0.0017355310377066
 -0.0073702914006389   0.0001411787685185  -0.0000566644863161  -0.0035627489607189   0.0124401274752231  -0.0059923175872799  -0.0002068050740642   0.0010055169314600  -0.0002818533684603
global index=4  local index=0 (global=4, Rn=0)
  0.4377988176206796  -0.0094529175366384   0.0027207061941203   0.0034945646493322  -0.0033878702591782
 -0.0094529175366384   0.0006963381446190   0.0001272129969349  -0.0006663868156971  -0.0003062222303866
  0.0027207061941203   0.0001272129969349   0.0001479216019549  -0.0002663801569667  -0.0001584631632669
  0.0034945646493322  -0.0006663868156971  -0.0002663801569667   0.0012191178050915   0.0005193938797434
 -0.0033878702591782  -0.0003062222303866  -0.0001584631632669   0.0005193938797434   0.0003803720278489
global index=4  local index=1 (global=1, Rn=0)
  0.0241600897953853  -0.0070816691769568  -0.0183175189596886   0.0074993209453143  -0.0163885211622546
 -0.0020082334231258   0.0002569250081266   0.0005171375209153   0.0007993761826840   0.0010855465675594
 -0.0034073282478136  -0.0007616061190473  -0.0004425703361538   0.0002057615788843   0.0000145444210790
  0.0042275935152774   0.0011159884902103   0.0008794920469993  -0.0007941573945661  -0.0013584260164497
  0.0003487208174379   0.0000322330626174   0.0005067737677328  -0.0009340258888657  -0.0002268992236618
global index=4  local index=2 (global=2, Rn=0)
  0.0266443988231823  -0.0097017705599901   0.0052410227449302   0.0167125815818584  -0.0092895746798738
 -0.0016605699699013   0.0004278829070585  -0.0004604252724390   0.0007001034327394   0.0007799632187265
  0.0008149722476447   0.0000327922134309  -0.0000682703751225   0.0004264718185514   0.0004735526468183
  0.0075002048535682   0.0012562130392106  -0.0002117873047634  -0.0011612583306417  -0.0013486235396487
  0.0010659737657146   0.0000910849722102   0.0001741755765261  -0.0010478399851121  -0.0004114755590602
global index=4  local index=3 (global=3, Rn=0)
  0.3325505898556622  -0.0151019017268270   0.0049301719599385  -0.0096076527509072   0.0036852875497757
 -0.0151333753477385   0.0003872046694841  -0.0001710062471195   0.0002189104957933   0.0000741806292351
 -0.0004254713329757  -0.0000431061207820   0.0000160239748576   0.0000752579064342   0.0000413738110603
  0.0107649801819659  -0.0002728648295984   0.0002892673338583  -0.0006223298801127  -0.0000142622633579
  0.0036816879175346   0.0000750417837892   0.0000280158353818   0.0000326991928296  -0.0001555955873491
global index=4  local index=4 (global=5, Rn=0)
 -0.0217246149219822   0.0045566058890757  -0.0011178398132096   0.1118566619513714   0.0061881225112816   0.0576030760407015  -0.0012602935597902   0.0030401127788420  -0.0003009470353250
  0.0008076528312307  -0.0002901184522776   0.0001406793168640  -0.0038470333488608  -0.0024451498928083  -0.0034673956858503  -0.0001655790743759   0.0001435036651551   0.0000687002454332
 -0.0001489060632848   0.0000237835087063  -0.0000146561701455   0.0010447191939815  -0.0013558697183002  -0.0019842007213113  -0.0001005419411579   0.0001197862439687   0.0001512232514279
 -0.0015858895862443   0.0001161478560375  -0.0000122757247921   0.0002497281604592  -0.0018029890177442  -0.0018370304449844   0.0003025416171272   0.0000228384410284  -0.0000110039176941
 -0.0007399720151783   0.0000285523339974  -0.0000151596883206  -0.0018390373106604  -0.0036660694901466  -0.0011415532130556   0.0001842948284926   0.0000598659185781   0.0000118728124813
global index=4  local index=5 (global=6, Rn=0)
 -0.1321738338925496   0.0094920933948133  -0.0019420689825072  -0.0386789048042917   0.1821063481532530   0.0116359868375455  -0.0042386696847706   0.0126327169623734   0.0134283609157312
  0.0144225892774970  -0.0003706423598733   0.0001276611042029  -0.0024629419346680   0.0097466224461648   0.0057482070149201  -0.0000705285342050   0.0007179575916208  -0.0001850757030361
  0.0028196124633646  -0.0002403654650019   0.0000291721257927   0.0026245129329626   0.0063771787195926   0.0057644575211093   0.0005258159317663   0.0005254311856517   0.0004945678270085
 -0.0128150050601592   0.0012814719525926  -0.0001688940862655   0.0042864781545580  -0.0125184283902793  -0.0219175559133755   0.0006938486006620  -0.0008640227489463  -0.0017217535878073
 -0.0073625234947107   0.0001407533197652  -0.0000566464874173   0.0031378586568495  -0.0125703191099402  -0.0059940081131466   0.0003199808214251  -0.0009759148551901  -0.0002831006385773
global index=5  local index=0 (global=5, Rn=0)
  0.9829217971187887  -0.0074030055177410   0.0032090974127247  -0.0426501124610179  -0.0114217212467674  -0.0280885133501057   0.0070595605947044   0.0018727696824098   0.0051538661905813
 -0.0074030055177410   0.0006481165652375  -0.0004403842426652   0.0131407499043318   0.0034995185027121   0.0091349725525773  -0.0001493750159555  -0.0000374251291329  -0.0001713259915698
  0.0032090974127247  -0.0004403842426652   0.0003166796923713  -0.0088675497006908  -0.0023443080467070  -0.0065972274488079   0.0000897434128630   0.0000214545624558   0.0001190799442717
 -0.0426501124610179   0.0131407499043318  -0.0088675497006908   0.7072583748373866  -0.0015509116441396  -0.0024525128397630  -0.0236320361531897   0.0034664923281332   0.0081956715564023
 -0.0114217212467674   0.0034995185027121  -0.0023443080467070  -0.0015509116441396   0.7119731896526497  -0.0006698779122932   0.0034706220135075  -0.0353616337886964   0.0022037127896577
 -0.0280885133501057   0.0091349725525773  -0.0065972274488079  -0.0024525128397630  -0.0006698779122932   0.7171377797253627   0.0091655684521913   0.0024616371554284  -0.0314452807614429
  0.0070595605947044  -0.0001493750159555   0.0000897434128630  -0.0236320361531897   0.0034706220135075   0.0091655684521913   0.0011770227058565  -0.0002084199572658  -0.0005866811428889
  0.0018727696824098  -0.0000374251291329   0.0000214545624558   0.0034664923281332  -0.0353616337886964   0.0024616371554284  -0.0002084199572658   0.0018767402963727  -0.0001571120752239
  0.0051538661905813  -0.0001713259915698   0.0001190799442717   0.0081956715564023   0.0022037127896577  -0.0314452807614429  -0.0005866811428889  -0.0001571120752239   0.0015658079912012
global index=5  local index=1 (global=1, Rn=0)
 -0.0067021190119154   0.0006260233616232  -0.0173337841107627  -0.0046622418915407  -0.0091344718014566
 -0.0013670367542792  -0.0013189663238465  -0.0020897153485269  -0.0005581992896900  -0.0017951676722772
  0.0013199280314354   0.0010154330231090   0.0015383897526423   0.0004119776811600   0.0012019918758781
  0.0934531598641041  -0.0023177987003124  -0.0394450497840118  -0.0184684717589058  -0.0529128078753232
  0.0250812548054582  -0.0006364040644488  -0.0185359888907757   0.0248279244248710  -0.0142207878298542
  0.0578483260396441   0.0002891803237980  -0.0464483613233161  -0.0124407334742746  -0.0072510532550283
 -0.0040476147861518  -0.0005474238214184   0.0000777165593370   0.0002901657090186   0.0006662727901674
 -0.0010822576704323  -0.0001470385890567   0.0002840141995360  -0.0009229547932932   0.0001750195180997
 -0.0042834807895982  -0.0009197993924505   0.0009104592526339   0.0002450023850136  -0.0005244601472140
global index=5  local index=2 (global=2, Rn=0)
  0.0006772532217145  -0.0001827081679589  -0.0017383664038209  -0.0004697207242199   0.0022481323002596
  0.0041316634834230  -0.0002083956409555   0.0001131671654775   0.0000322776701114  -0.0000314813366552
 -0.0024249558369410   0.0002154788354218  -0.0000708907868510  -0.0000199987987970  -0.0000612747990493
  0.0409817233296123  -0.0080459790508596   0.0058049878660941   0.0006848127648408  -0.0033552487035906
  0.0109611193134348  -0.0021464093210868   0.0006657623840330   0.0035588028140694  -0.0009050823950658
  0.0339139782107114  -0.0021478609949792   0.0019288968777526   0.0005340868446066   0.0017969569813666
  0.0031224178210707   0.0005398857912216  -0.0002928940552118  -0.0001910563209131  -0.0001479740742119
  0.0008464208409986   0.0001435248257684  -0.0001920729514928   0.0003738371516843  -0.0000388171536785
 -0.0006742571358061  -0.0002469657470785   0.0000738475218085   0.0000194079499035   0.0001366722804721
global index=5  local index=3 (global=3, Rn=0)
 -0.0217197287059281   0.0008023186758032  -0.0009165282809537   0.0013076724523133  -0.0007441392245604
  0.0045543777769148  -0.0002892898164078   0.0000772741220733  -0.0000903727235608   0.0000285973654903
 -0.0011165458728084   0.0001403520642912  -0.0000182413542270   0.0000039797269938  -0.0000149847037427
  0.0999269366449538  -0.0045387756642924  -0.0001775542679681   0.0006748913599006  -0.0034235324417683
  0.0507633098415571   0.0001929283167194   0.0022987322485124  -0.0006335697570657   0.0022560884012036
  0.0575694225639093  -0.0034589566042792  -0.0026488901991364   0.0005850509307900  -0.0011394740237508
  0.0004241631734116  -0.0000711815484110   0.0001136496300555  -0.0002509283582366   0.0001904708870185
 -0.0032491304868753  -0.0002078809280398  -0.0000667573990263  -0.0001899358380544   0.0000399271315432
 -0.0002967584817293   0.0000688876358852   0.0001254440543980   0.0000851195119560   0.0000117663906864
global index=5  local index=4 (global=4, Rn=0)
 -0.0217246149219822   0.0008076528312307  -0.0001489060632848  -0.0015858895862443  -0.0007399720151783
  0.0045566058890757  -0.0002901184522776   0.0000237835087063   0.0001161478560375   0.0000285523339974
 -0.0011178398132096   0.0001406793168640  -0.0000146561701455  -0.0000122757247921  -0.0000151596883206
  0.1118566619513713  -0.0038470333488608   0.0010447191939815   0.0002497281604592  -0.0018390373106604
  0.0061881225112816  -0.0024451498928083  -0.0013558697183002  -0.0018029890177442  -0.0036660694901466
  0.0576030760407015  -0.0034673956858503  -0.0019842007213113  -0.0018370304449844  -0.0011415532130556
 -0.0012602935597902  -0.0001655790743759  -0.0001005419411579   0.0003025416171272   0.0001842948284926
  0.0030401127788420   0.0001435036651551   0.0001197862439687   0.0000228384410284   0.0000598659185781
 -0.0003009470353250   0.0000687002454332   0.0001512232514279  -0.0000110039176941   0.0000118728124813
global index=5  local index=5 (global=6, Rn=0)
  0.0310127118689136  -0.0053333843680384   0.0012956814146477   0.0166975696865869   0.0044908364454234   0.0294412881734442  -0.0000075586656690  -0.0000160911044566   0.0000282758625857
 -0.0139279432439215  -0.0001570930754635  -0.0000795726333544   0.0074924303208680   0.0020040969940962  -0.0003738827856196   0.0008624428779224   0.0002335009209833   0.0003707923303157
  0.0097922357117015   0.0002510984086164   0.0000427813391637  -0.0053071494111013  -0.0014194695313299  -0.0005921628073977  -0.0005903757499604  -0.0001592083198095  -0.0003138540884208
 -0.0942878107272931   0.0016223105794031  -0.0002723313092621   0.0453249440884328   0.0159112171008101   0.0297907674732876   0.0003396321522766  -0.0037623188751709  -0.0050602696059376
 -0.0252884188273881   0.0004289501253875  -0.0000698832660234   0.0159462528891772  -0.0100074865222421   0.0079375488036862  -0.0038150856168868   0.0135757143238316  -0.0013638747702765
 -0.0649861089623558   0.0025246820140549  -0.0007331147344457   0.0408756928886548   0.0109262275166844  -0.0012517573793129  -0.0056795404595239  -0.0015094332585930   0.0060696356673207
 -0.0085214341675215   0.0000678979903243  -0.0000716402681063   0.0044673522104182  -0.0009902322226859  -0.0067072799541216   0.0007266075072539   0.0002478762394690   0.0000732981455043
 -0.0022950286202055   0.0000188209186440  -0.0000194216601559  -0.0009819712842704   0.0079119263997479  -0.0017916292174660   0.0002481033520111  -0.0001253446309740   0.0000200968752764
 -0.0014314155882463  -0.0004333617901799   0.0000314197040017   0.0020342059953146   0.0005402230150247   0.0043544565296029   0.0006784388576265   0.0001822710731464   0.0002341175813759
global index=6  local index=0 (global=6, Rn=0)
  0.8869806303404497   0.0116230473465149   0.0048788618840882  -0.0156375520574033  -0.0041743030693604   0.1953382684028948   0.0022924286994736   0.0005684023719229  -0.0181402184558862
  0.0116230473465149   0.0030819730997340  -0.0001331833576847  -0.0005631312385541  -0.0001402855728775  -0.0347157661811651   0.0004744999436480   0.0001304976123709  -0.0041718918349197
  0.0048788618840882  -0.0001331833576847   0.0000419162673224  -0.0001597845678438  -0.0000421503406973   0.0033085673586699  -0.0000351606815107  -0.0000098179389082   0.0001131631474989
 -0.0156375520574033  -0.0005631312385541  -0.0001597845678438   0.4917258246315100  -0.0465137297550695   0.0238450728515122   0.0742975573724893   0.0068966383486416  -0.0005321812674306
 -0.0041743030693604  -0.0001402855728775  -0.0000421503406973  -0.0465137297550695   0.6522074231136297   0.0064198996981600   0.0068891108717715   0.0507344671235907  -0.0001213384338445
  0.1953382684028948  -0.0347157661811651   0.0033085673586699   0.0238450728515122   0.0064198996981600   0.6293438020945066  -0.0044868378958343  -0.0012292996213885   0.0607814188369006
  0.0022924286994736   0.0004744999436480  -0.0000351606815107   0.0742975573724893   0.0068891108717715  -0.0044868378958343   0.0120035422278182   0.0021821192773812  -0.0011208351831086
  0.0005684023719229   0.0001304976123709  -0.0000098179389082   0.0068966383486416   0.0507344671235907  -0.0012292996213885   0.0021821192773812   0.0045257343911707  -0.0003008884035702
 -0.0181402184558862  -0.0041718918349197   0.0001131631474989  -0.0005321812674306  -0.0001213384338445   0.0607814188369006  -0.0011208351831086  -0.0003008884035702   0.0079850506957981
global index=6  local index=1 (global=1, Rn=0)
  0.0091466212758624   0.0398420787568237   0.0329834155368578   0.0087923787622963   0.0410698607973139
  0.0116296632107155   0.0041768475445720   0.0019374239963059   0.0005213280528112  -0.0012890340413756
 -0.0005372793761007   0.0000157554476916   0.0000715266803417   0.0000189397370344   0.0003078786913230
 -0.2232180601294267  -0.0459437021575747  -0.0348967384872934  -0.0215386362888381  -0.0308195230157146
 -0.0598550841917489  -0.0122993446290964  -0.0215236144773570   0.0398592107384070  -0.0082833257690840
 -0.1550331349383194  -0.0479317871882609  -0.0257965341570640  -0.0069264618524741   0.0272795010554768
 -0.0359483975074291  -0.0064983834536264  -0.0040180052635327  -0.0021442128441403  -0.0044197299105847
 -0.0096643833729888  -0.0017491754806345  -0.0021629889158457   0.0034522296725468  -0.0012003573812821
 -0.0174098741339201  -0.0068583189431938  -0.0035748636083502  -0.0009575608829936   0.0022574669078532
global index=6  local index=2 (global=2, Rn=0)
  0.0048856256306619   0.0354243564466724  -0.0092826446010483  -0.0025117473115829   0.0267146248140321
  0.0143151529769644   0.0037066784088330  -0.0012192576749635  -0.0003218708178393  -0.0016202306231024
 -0.0009201887394704  -0.0000101892552518   0.0000095608556000   0.0000021808742971   0.0002680928764536
  0.2640519891327744   0.0382042952597133  -0.0098370304609595  -0.0168053887794162   0.0212701656964299
  0.0707879332058680   0.0102061648717834  -0.0168363172508965   0.0486874604581727   0.0057521242056687
 -0.1856022339667678  -0.0423121787571156   0.0186459734626297   0.0049506452483008   0.0333738982889565
  0.0447453542342149   0.0071844639735472  -0.0023212147457123  -0.0016751174714900   0.0031295336944127
  0.0120611135194570   0.0019310884553768  -0.0016944299688983   0.0035600135121848   0.0008433593032433
 -0.0229201473914151  -0.0065678710543718   0.0026600620147563   0.0007095821328071   0.0022602221573532
global index=6  local index=3 (global=3, Rn=0)
 -0.1320844947073922   0.0144057717795085  -0.0039203796292886   0.0125476620006855  -0.0073702914006389
  0.0094795637125552  -0.0003700833761534   0.0004301189327149  -0.0012326673431351   0.0001411787685185
 -0.0019409286452397   0.0001274378318849  -0.0000586074349901   0.0001613192838271  -0.0000566644863161
  0.0576145858272679   0.0027649197310932   0.0034547580096717   0.0048977968781961  -0.0035627489607189
 -0.1772093499928561  -0.0096774529857468   0.0028620314056928  -0.0133210936524815   0.0124401274752231
  0.0116565248456637   0.0057484259786872  -0.0059593387809216   0.0218674401561832  -0.0059923175872799
  0.0025710202060216   0.0002994404218688   0.0007067544008775   0.0002047497079921  -0.0002068050740642
 -0.0129873542358936  -0.0006616743465215   0.0003858327679317  -0.0010473492678637   0.0010055169314600
  0.0134128592779316  -0.0001843953926982  -0.0004350792367974   0.0017355310377066  -0.0002818533684603
global index=6  local index=4 (global=4, Rn=0)
 -0.1321738338925496   0.0144225892774970   0.0028196124633646  -0.0128150050601592  -0.0073625234947107
  0.0094920933948133  -0.0003706423598733  -0.0002403654650019   0.0012814719525926   0.0001407533197652
 -0.0019420689825072   0.0001276611042029   0.0000291721257927  -0.0001688940862655  -0.0000566464874173
 -0.0386789048042917  -0.0024629419346680   0.0026245129329626   0.0042864781545580   0.0031378586568495
  0.1821063481532530   0.0097466224461648   0.0063771787195926  -0.0125184283902793  -0.0125703191099402
  0.0116359868375455   0.0057482070149201   0.0057644575211093  -0.0219175559133755  -0.0059940081131466
 -0.0042386696847706  -0.0000705285342050   0.0005258159317663   0.0006938486006620   0.0003199808214251
  0.0126327169623734   0.0007179575916208   0.0005254311856517  -0.0008640227489463  -0.0009759148551901
  0.0134283609157312  -0.0001850757030361   0.0004945678270085  -0.0017217535878073  -0.0002831006385773
global index=6  local index=5 (global=5, Rn=0)
  0.0310127118689136  -0.0139279432439215   0.0097922357117015  -0.0942878107272931  -0.0252884188273881  -0.0649861089623558  -0.0085214341675215  -0.0022950286202055  -0.0014314155882463
 -0.0053333843680384  -0.0001570930754635   0.0002510984086164   0.0016223105794031   0.0004289501253875   0.0025246820140549   0.0000678979903243   0.0000188209186440  -0.0004333617901799
  0.0012956814146477  -0.0000795726333544   0.0000427813391637  -0.0002723313092621  -0.0000698832660234  -0.0007331147344457  -0.0000716402681063  -0.0000194216601559   0.0000314197040017
  0.0166975696865869   0.0074924303208680  -0.0053071494111013   0.0453249440884328   0.0159462528891772   0.0408756928886548   0.0044673522104182  -0.0009819712842704   0.0020342059953146
  0.0044908364454234   0.0020040969940962  -0.0014194695313299   0.0159112171008101  -0.0100074865222421   0.0109262275166844  -0.0009902322226859   0.0079119263997479   0.0005402230150247
  0.0294412881734442  -0.0003738827856196  -0.0005921628073977   0.0297907674732876   0.0079375488036862  -0.0012517573793129  -0.0067072799541216  -0.0017916292174660   0.0043544565296029
 -0.0000075586656690   0.0008624428779224  -0.0005903757499604   0.0003396321522766  -0.0038150856168868  -0.0056795404595239   0.0007266075072539   0.0002481033520111   0.0006784388576265
 -0.0000160911044566   0.0002335009209833  -0.0001592083198095  -0.0037623188751709   0.0135757143238316  -0.0015094332585930   0.0002478762394690  -0.0001253446309740   0.0001822710731464
  0.0000282758625857   0.0003707923303157  -0.0003138540884208  -0.0050602696059376  -0.0013638747702765   0.0060696356673207   0.0000732981455043   0.0000200968752764   0.0002341175813759


Density matrix spin=0
global index=1  local index=0 (global=1, Rn=0)
  0.0000000000000000   0.0000000000000000   0.0000000000000000   0.0000000000000000   0.0000000000000000
  0.0000000000000000   0.0000000000000000   0.0000000000000000   0.0000000000000000   0.0000000000000000
  0.0000000000000000   0.0000000000000000   0.0000000000000000   0.0000000000000000   0.0000000000000000
  0.0000000000000000   0.0000000000000000   0.0000000000000000   0.0000000000000000   0.0000000000000000
  0.0000000000000000   0.0000000000000000   0.0000000000000000   0.0000000000000000   0.0000000000000000
global index=1  local index=1 (global=2, Rn=0)
  0.0000000000000000   0.0000000000000000   0.0000000000000000   0.0000000000000000   0.0000000000000000
  0.0000000000000000   0.0000000000000000   0.0000000000000000   0.0000000000000000   0.0000000000000000
  0.0000000000000000   0.0000000000000000   0.0000000000000000   0.0000000000000000   0.0000000000000000
  0.0000000000000000   0.0000000000000000   0.0000000000000000   0.0000000000000000   0.0000000000000000
  0.0000000000000000   0.0000000000000000   0.0000000000000000   0.0000000000000000   0.0000000000000000
global index=1  local index=2 (global=3, Rn=0)
  0.0000000000000000   0.0000000000000000   0.0000000000000000   0.0000000000000000   0.0000000000000000
  0.0000000000000000   0.0000000000000000   0.0000000000000000   0.0000000000000000   0.0000000000000000
  0.0000000000000000   0.0000000000000000   0.0000000000000000   0.0000000000000000   0.0000000000000000
  0.0000000000000000   0.0000000000000000   0.0000000000000000   0.0000000000000000   0.0000000000000000
  0.0000000000000000   0.0000000000000000   0.0000000000000000   0.0000000000000000   0.0000000000000000
global index=1  local index=3 (global=4, Rn=0)
  0.0000000000000000   0.0000000000000000   0.0000000000000000   0.0000000000000000   0.0000000000000000
  0.0000000000000000   0.0000000000000000   0.0000000000000000   0.0000000000000000   0.0000000000000000
  0.0000000000000000   0.0000000000000000   0.0000000000000000   0.0000000000000000   0.0000000000000000
  0.0000000000000000   0.0000000000000000   0.0000000000000000   0.0000000000000000   0.0000000000000000
  0.0000000000000000   0.0000000000000000   0.0000000000000000   0.0000000000000000   0.0000000000000000
global index=1  local index=4 (global=5, Rn=0)
  0.0000000000000000   0.0000000000000000   0.0000000000000000   0.0000000000000000   0.0000000000000000   0.0000000000000000   0.0000000000000000   0.0000000000000000   0.0000000000000000
  0.0000000000000000   0.0000000000000000   0.0000000000000000   0.0000000000000000   0.0000000000000000   0.0000000000000000   0.0000000000000000   0.0000000000000000   0.0000000000000000
  0.0000000000000000   0.0000000000000000   0.0000000000000000   0.0000000000000000   0.0000000000000000   0.0000000000000000   0.0000000000000000   0.0000000000000000   0.0000000000000000
  0.0000000000000000   0.0000000000000000   0.0000000000000000   0.0000000000000000   0.0000000000000000   0.0000000000000000   0.0000000000000000   0.0000000000000000   0.0000000000000000
  0.0000000000000000   0.0000000000000000   0.0000000000000000   0.0000000000000000   0.0000000000000000   0.0000000000000000   0.0000000000000000   0.0000000000000000   0.0000000000000000
global index=1  local index=5 (global=6, Rn=0)
  0.0000000000000000   0.0000000000000000   0.0000000000000000   0.0000000000000000   0.0000000000000000   0.0000000000000000   0.0000000000000000   0.0000000000000000   0.0000000000000000
  0.0000000000000000   0.0000000000000000   0.0000000000000000   0.0000000000000000   0.0000000000000000   0.0000000000000000   0.0000000000000000   0.0000000000000000   0.0000000000000000
  0.0000000000000000   0.0000000000000000   0.0000000000000000   0.0000000000000000   0.0000000000000000   0.0000000000000000   0.0000000000000000   0.0000000000000000   0.0000000000000000
  0.0000000000000000   0.0000000000000000   0.0000000000000000   0.0000000000000000   0.0000000000000000   0.0000000000000000   0.0000000000000000   0.0000000000000000   0.0000000000000000
  0.0000000000000000   0.0000000000000000   0.0000000000000000   0.0000000000000000   0.0000000000000000   0.0000000000000000   0.0000000000000000   0.0000000000000000   0.0000000000000000
global index=2  local index=0 (global=2, Rn=0)
  0.0000000000000000   0.0000000000000000   0.0000000000000000   0.0000000000000000   0.0000000000000000
  0.0000000000000000   0.0000000000000000   0.0000000000000000   0.0000000000000000   0.0000000000000000
  0.0000000000000000   0.0000000000000000   0.0000000000000000   0.0000000000000000   0.0000000000000000
  0.0000000000000000   0.0000000000000000   0.0000000000000000   0.0000000000000000   0.0000000000000000
  0.0000000000000000   0.0000000000000000   0.0000000000000000   0.0000000000000000   0.0000000000000000
global index=2  local index=1 (global=1, Rn=0)
  0.0000000000000000   0.0000000000000000   0.0000000000000000   0.0000000000000000   0.0000000000000000
  0.0000000000000000   0.0000000000000000   0.0000000000000000   0.0000000000000000   0.0000000000000000
  0.0000000000000000   0.0000000000000000   0.0000000000000000   0.0000000000000000   0.0000000000000000
  0.0000000000000000   0.0000000000000000   0.0000000000000000   0.0000000000000000   0.0000000000000000
  0.0000000000000000   0.0000000000000000   0.0000000000000000   0.0000000000000000   0.0000000000000000
global index=2  local index=2 (global=3, Rn=0)
  0.0000000000000000   0.0000000000000000   0.0000000000000000   0.0000000000000000   0.0000000000000000
  0.0000000000000000   0.0000000000000000   0.0000000000000000   0.0000000000000000   0.0000000000000000
  0.0000000000000000   0.0000000000000000   0.0000000000000000   0.0000000000000000   0.0000000000000000
  0.0000000000000000   0.0000000000000000   0.0000000000000000   0.0000000000000000   0.0000000000000000
  0.0000000000000000   0.0000000000000000   0.0000000000000000   0.0000000000000000   0.0000000000000000
global index=2  local index=3 (global=4, Rn=0)
  0.0000000000000000   0.0000000000000000   0.0000000000000000   0.0000000000000000   0.0000000000000000
  0.0000000000000000   0.0000000000000000   0.0000000000000000   0.0000000000000000   0.0000000000000000
  0.0000000000000000   0.0000000000000000   0.0000000000000000   0.0000000000000000   0.0000000000000000
  0.0000000000000000   0.0000000000000000   0.0000000000000000   0.0000000000000000   0.0000000000000000
  0.0000000000000000   0.0000000000000000   0.0000000000000000   0.0000000000000000   0.0000000000000000
global index=2  local index=4 (global=5, Rn=0)
  0.0000000000000000   0.0000000000000000   0.0000000000000000   0.0000000000000000   0.0000000000000000   0.0000000000000000   0.0000000000000000   0.0000000000000000   0.0000000000000000
  0.0000000000000000   0.0000000000000000   0.0000000000000000   0.0000000000000000   0.0000000000000000   0.0000000000000000   0.0000000000000000   0.0000000000000000   0.0000000000000000
  0.0000000000000000   0.0000000000000000   0.0000000000000000   0.0000000000000000   0.0000000000000000   0.0000000000000000   0.0000000000000000   0.0000000000000000   0.0000000000000000
  0.0000000000000000   0.0000000000000000   0.0000000000000000   0.0000000000000000   0.0000000000000000   0.0000000000000000   0.0000000000000000   0.0000000000000000   0.0000000000000000
  0.0000000000000000   0.0000000000000000   0.0000000000000000   0.0000000000000000   0.0000000000000000   0.0000000000000000   0.0000000000000000   0.0000000000000000   0.0000000000000000
global index=2  local index=5 (global=6, Rn=0)
  0.0000000000000000   0.0000000000000000   0.0000000000000000   0.0000000000000000   0.0000000000000000   0.0000000000000000   0.0000000000000000   0.0000000000000000   0.0000000000000000
  0.0000000000000000   0.0000000000000000   0.0000000000000000   0.0000000000000000   0.0000000000000000   0.0000000000000000   0.0000000000000000   0.0000000000000000   0.0000000000000000
  0.0000000000000000   0.0000000000000000   0.0000000000000000   0.0000000000000000   0.0000000000000000   0.0000000000000000   0.0000000000000000   0.0000000000000000   0.0000000000000000
  0.0000000000000000   0.0000000000000000   0.0000000000000000   0.0000000000000000   0.0000000000000000   0.0000000000000000   0.0000000000000000   0.0000000000000000   0.0000000000000000
  0.0000000000000000   0.0000000000000000   0.0000000000000000   0.0000000000000000   0.0000000000000000   0.0000000000000000   0.0000000000000000   0.0000000000000000   0.0000000000000000
global index=3  local index=0 (global=3, Rn=0)
  0.0000000000000000   0.0000000000000000   0.0000000000000000   0.0000000000000000   0.0000000000000000
  0.0000000000000000   0.0000000000000000   0.0000000000000000   0.0000000000000000   0.0000000000000000
  0.0000000000000000   0.0000000000000000   0.0000000000000000   0.0000000000000000   0.0000000000000000
  0.0000000000000000   0.0000000000000000   0.0000000000000000   0.0000000000000000   0.0000000000000000
  0.0000000000000000   0.0000000000000000   0.0000000000000000   0.0000000000000000   0.0000000000000000
global index=3  local index=1 (global=1, Rn=0)
  0.0000000000000000   0.0000000000000000   0.0000000000000000   0.0000000000000000   0.0000000000000000
  0.0000000000000000   0.0000000000000000   0.0000000000000000   0.0000000000000000   0.0000000000000000
  0.0000000000000000   0.0000000000000000   0.0000000000000000   0.0000000000000000   0.0000000000000000
  0.0000000000000000   0.0000000000000000   0.0000000000000000   0.0000000000000000   0.0000000000000000
  0.0000000000000000   0.0000000000000000   0.0000000000000000   0.0000000000000000   0.0000000000000000
global index=3  local index=2 (global=2, Rn=0)
  0.0000000000000000   0.0000000000000000   0.0000000000000000   0.0000000000000000   0.0000000000000000
  0.0000000000000000   0.0000000000000000   0.0000000000000000   0.0000000000000000   0.0000000000000000
  0.0000000000000000   0.0000000000000000   0.0000000000000000   0.0000000000000000   0.0000000000000000
  0.0000000000000000   0.0000000000000000   0.0000000000000000   0.0000000000000000   0.0000000000000000
  0.0000000000000000   0.0000000000000000   0.0000000000000000   0.0000000000000000   0.0000000000000000
global index=3  local index=3 (global=4, Rn=0)
  0.0000000000000000   0.0000000000000000   0.0000000000000000   0.0000000000000000   0.0000000000000000
  0.0000000000000000   0.0000000000000000   0.0000000000000000   0.0000000000000000   0.0000000000000000
  0.0000000000000000   0.0000000000000000   0.0000000000000000   0.0000000000000000   0.0000000000000000
  0.0000000000000000   0.0000000000000000   0.0000000000000000   0.0000000000000000   0.0000000000000000
  0.0000000000000000   0.0000000000000000   0.0000000000000000   0.0000000000000000   0.0000000000000000
global index=3  local index=4 (global=5, Rn=0)
  0.0000000000000000   0.0000000000000000   0.0000000000000000   0.0000000000000000   0.0000000000000000   0.0000000000000000   0.0000000000000000   0.0000000000000000   0.0000000000000000
  0.0000000000000000   0.0000000000000000   0.0000000000000000   0.0000000000000000   0.0000000000000000   0.0000000000000000   0.0000000000000000   0.0000000000000000   0.0000000000000000
  0.0000000000000000   0.0000000000000000   0.0000000000000000   0.0000000000000000   0.0000000000000000   0.0000000000000000   0.0000000000000000   0.0000000000000000   0.0000000000000000
  0.0000000000000000   0.0000000000000000   0.0000000000000000   0.0000000000000000   0.0000000000000000   0.0000000000000000   0.0000000000000000   0.0000000000000000   0.0000000000000000
  0.0000000000000000   0.0000000000000000   0.0000000000000000   0.0000000000000000   0.0000000000000000   0.0000000000000000   0.0000000000000000   0.0000000000000000   0.0000000000000000
global index=3  local index=5 (global=6, Rn=0)
  0.0000000000000000   0.0000000000000000   0.0000000000000000   0.0000000000000000   0.0000000000000000   0.0000000000000000   0.0000000000000000   0.0000000000000000   0.0000000000000000
  0.0000000000000000   0.0000000000000000   0.0000000000000000   0.0000000000000000   0.0000000000000000   0.0000000000000000   0.0000000000000000   0.0000000000000000   0.0000000000000000
  0.0000000000000000   0.0000000000000000   0.0000000000000000   0.0000000000000000   0.0000000000000000   0.0000000000000000   0.0000000000000000   0.0000000000000000   0.0000000000000000
  0.0000000000000000   0.0000000000000000   0.0000000000000000   0.0000000000000000   0.0000000000000000   0.0000000000000000   0.0000000000000000   0.0000000000000000   0.0000000000000000
  0.0000000000000000   0.0000000000000000   0.0000000000000000   0.0000000000000000   0.0000000000000000   0.0000000000000000   0.0000000000000000   0.0000000000000000   0.0000000000000000
global index=4  local index=0 (global=4, Rn=0)
  0.0000000000000000   0.0000000000000000   0.0000000000000000   0.0000000000000000   0.0000000000000000
  0.0000000000000000   0.0000000000000000   0.0000000000000000   0.0000000000000000   0.0000000000000000
  0.0000000000000000   0.0000000000000000   0.0000000000000000   0.0000000000000000   0.0000000000000000
  0.0000000000000000   0.0000000000000000   0.0000000000000000   0.0000000000000000   0.0000000000000000
  0.0000000000000000   0.0000000000000000   0.0000000000000000   0.0000000000000000   0.0000000000000000
global index=4  local index=1 (global=1, Rn=0)
  0.0000000000000000   0.0000000000000000   0.0000000000000000   0.0000000000000000   0.0000000000000000
  0.0000000000000000   0.0000000000000000   0.0000000000000000   0.0000000000000000   0.0000000000000000
  0.0000000000000000   0.0000000000000000   0.0000000000000000   0.0000000000000000   0.0000000000000000
  0.0000000000000000   0.0000000000000000   0.0000000000000000   0.0000000000000000   0.0000000000000000
  0.0000000000000000   0.0000000000000000   0.0000000000000000   0.0000000000000000   0.0000000000000000
global index=4  local index=2 (global=2, Rn=0)
  0.0000000000000000   0.0000000000000000   0.0000000000000000   0.0000000000000000   0.0000000000000000
  0.0000000000000000   0.0000000000000000   0.0000000000000000   0.0000000000000000   0.0000000000000000
  0.0000000000000000   0.0000000000000000   0.0000000000000000   0.0000000000000000   0.0000000000000000
  0.0000000000000000   0.0000000000000000   0.0000000000000000   0.0000000000000000   0.0000000000000000
  0.0000000000000000   0.0000000000000000   0.0000000000000000   0.0000000000000000   0.0000000000000000
global index=4  local index=3 (global=3, Rn=0)
  0.0000000000000000   0.0000000000000000   0.0000000000000000   0.0000000000000000   0.0000000000000000
  0.0000000000000000   0.0000000000000000   0.0000000000000000   0.0000000000000000   0.0000000000000000
  0.0000000000000000   0.0000000000000000   0.0000000000000000   0.0000000000000000   0.0000000000000000
  0.0000000000000000   0.0000000000000000   0.0000000000000000   0.0000000000000000   0.0000000000000000
  0.0000000000000000   0.0000000000000000   0.0000000000000000   0.0000000000000000   0.0000000000000000
global index=4  local index=4 (global=5, Rn=0)
  0.0000000000000000   0.0000000000000000   0.0000000000000000   0.0000000000000000   0.0000000000000000   0.0000000000000000   0.0000000000000000   0.0000000000000000   0.0000000000000000
  0.0000000000000000   0.0000000000000000   0.0000000000000000   0.0000000000000000   0.0000000000000000   0.0000000000000000   0.0000000000000000   0.0000000000000000   0.0000000000000000
  0.0000000000000000   0.0000000000000000   0.0000000000000000   0.0000000000000000   0.0000000000000000   0.0000000000000000   0.0000000000000000   0.0000000000000000   0.0000000000000000
  0.0000000000000000   0.0000000000000000   0.0000000000000000   0.0000000000000000   0.0000000000000000   0.0000000000000000   0.0000000000000000   0.0000000000000000   0.0000000000000000
  0.0000000000000000   0.0000000000000000   0.0000000000000000   0.0000000000000000   0.0000000000000000   0.0000000000000000   0.0000000000000000   0.0000000000000000   0.0000000000000000
global index=4  local index=5 (global=6, Rn=0)
  0.0000000000000000   0.0000000000000000   0.0000000000000000   0.0000000000000000   0.0000000000000000   0.0000000000000000   0.0000000000000000   0.0000000000000000   0.0000000000000000
  0.0000000000000000   0.0000000000000000   0.0000000000000000   0.0000000000000000   0.0000000000000000   0.0000000000000000   0.0000000000000000   0.0000000000000000   0.0000000000000000
  0.0000000000000000   0.0000000000000000   0.0000000000000000   0.0000000000000000   0.0000000000000000   0.0000000000000000   0.0000000000000000   0.0000000000000000   0.0000000000000000
  0.0000000000000000   0.0000000000000000   0.0000000000000000   0.0000000000000000   0.0000000000000000   0.0000000000000000   0.0000000000000000   0.0000000000000000   0.0000000000000000
  0.0000000000000000   0.0000000000000000   0.0000000000000000   0.0000000000000000   0.0000000000000000   0.0000000000000000   0.0000000000000000   0.0000000000000000   0.0000000000000000
global index=5  local index=0 (global=5, Rn=0)
  0.0000000000000000   0.0000000000000000   0.0000000000000000   0.0000000000000000   0.0000000000000000   0.0000000000000000   0.0000000000000000   0.0000000000000000   0.0000000000000000
  0.0000000000000000   0.0000000000000000   0.0000000000000000   0.0000000000000000   0.0000000000000000   0.0000000000000000   0.0000000000000000   0.0000000000000000   0.0000000000000000
  0.0000000000000000   0.0000000000000000   0.0000000000000000   0.0000000000000000   0.0000000000000000   0.0000000000000000   0.0000000000000000   0.0000000000000000   0.0000000000000000
  0.0000000000000000   0.0000000000000000   0.0000000000000000   0.0000000000000000   0.0000000000000000   0.0000000000000000   0.0000000000000000   0.0000000000000000   0.0000000000000000
  0.0000000000000000   0.0000000000000000   0.0000000000000000   0.0000000000000000   0.0000000000000000   0.0000000000000000   0.0000000000000000   0.0000000000000000   0.0000000000000000
  0.0000000000000000   0.0000000000000000   0.0000000000000000   0.0000000000000000   0.0000000000000000   0.0000000000000000   0.0000000000000000   0.0000000000000000   0.0000000000000000
  0.0000000000000000   0.0000000000000000   0.0000000000000000   0.0000000000000000   0.0000000000000000   0.0000000000000000   0.0000000000000000   0.0000000000000000   0.0000000000000000
  0.0000000000000000   0.0000000000000000   0.0000000000000000   0.0000000000000000   0.0000000000000000   0.0000000000000000   0.0000000000000000   0.0000000000000000   0.0000000000000000
  0.0000000000000000   0.0000000000000000   0.0000000000000000   0.0000000000000000   0.0000000000000000   0.0000000000000000   0.0000000000000000   0.0000000000000000   0.0000000000000000
global index=5  local index=1 (global=1, Rn=0)
  0.0000000000000000   0.0000000000000000   0.0000000000000000   0.0000000000000000   0.0000000000000000
  0.0000000000000000   0.0000000000000000   0.0000000000000000   0.0000000000000000   0.0000000000000000
  0.0000000000000000   0.0000000000000000   0.0000000000000000   0.0000000000000000   0.0000000000000000
  0.0000000000000000   0.0000000000000000   0.0000000000000000   0.0000000000000000   0.0000000000000000
  0.0000000000000000   0.0000000000000000   0.0000000000000000   0.0000000000000000   0.0000000000000000
  0.0000000000000000   0.0000000000000000   0.0000000000000000   0.0000000000000000   0.0000000000000000
  0.0000000000000000   0.0000000000000000   0.0000000000000000   0.0000000000000000   0.0000000000000000
  0.0000000000000000   0.0000000000000000   0.0000000000000000   0.0000000000000000   0.0000000000000000
  0.0000000000000000   0.0000000000000000   0.0000000000000000   0.0000000000000000   0.0000000000000000
global index=5  local index=2 (global=2, Rn=0)
  0.0000000000000000   0.0000000000000000   0.0000000000000000   0.0000000000000000   0.0000000000000000
  0.0000000000000000   0.0000000000000000   0.0000000000000000   0.0000000000000000   0.0000000000000000
  0.0000000000000000   0.0000000000000000   0.0000000000000000   0.0000000000000000   0.0000000000000000
  0.0000000000000000   0.0000000000000000   0.0000000000000000   0.0000000000000000   0.0000000000000000
  0.0000000000000000   0.0000000000000000   0.0000000000000000   0.0000000000000000   0.0000000000000000
  0.0000000000000000   0.0000000000000000   0.0000000000000000   0.0000000000000000   0.0000000000000000
  0.0000000000000000   0.0000000000000000   0.0000000000000000   0.0000000000000000   0.0000000000000000
  0.0000000000000000   0.0000000000000000   0.0000000000000000   0.0000000000000000   0.0000000000000000
  0.0000000000000000   0.0000000000000000   0.0000000000000000   0.0000000000000000   0.0000000000000000
global index=5  local index=3 (global=3, Rn=0)
  0.0000000000000000   0.0000000000000000   0.0000000000000000   0.0000000000000000   0.0000000000000000
  0.0000000000000000   0.0000000000000000   0.0000000000000000   0.0000000000000000   0.0000000000000000
  0.0000000000000000   0.0000000000000000   0.0000000000000000   0.0000000000000000   0.0000000000000000
  0.0000000000000000   0.0000000000000000   0.0000000000000000   0.0000000000000000   0.0000000000000000
  0.0000000000000000   0.0000000000000000   0.0000000000000000   0.0000000000000000   0.0000000000000000
  0.0000000000000000   0.0000000000000000   0.0000000000000000   0.0000000000000000   0.0000000000000000
  0.0000000000000000   0.0000000000000000   0.0000000000000000   0.0000000000000000   0.0000000000000000
  0.0000000000000000   0.0000000000000000   0.0000000000000000   0.0000000000000000   0.0000000000000000
  0.0000000000000000   0.0000000000000000   0.0000000000000000   0.0000000000000000   0.0000000000000000
global index=5  local index=4 (global=4, Rn=0)
  0.0000000000000000   0.0000000000000000   0.0000000000000000   0.0000000000000000   0.0000000000000000
  0.0000000000000000   0.0000000000000000   0.0000000000000000   0.0000000000000000   0.0000000000000000
  0.0000000000000000   0.0000000000000000   0.0000000000000000   0.0000000000000000   0.0000000000000000
  0.0000000000000000   0.0000000000000000   0.0000000000000000   0.0000000000000000   0.0000000000000000
  0.0000000000000000   0.0000000000000000   0.0000000000000000   0.0000000000000000   0.0000000000000000
  0.0000000000000000   0.0000000000000000   0.0000000000000000   0.0000000000000000   0.0000000000000000
  0.0000000000000000   0.0000000000000000   0.0000000000000000   0.0000000000000000   0.0000000000000000
  0.0000000000000000   0.0000000000000000   0.0000000000000000   0.0000000000000000   0.0000000000000000
  0.0000000000000000   0.0000000000000000   0.0000000000000000   0.0000000000000000   0.0000000000000000
global index=5  local index=5 (global=6, Rn=0)
  0.0000000000000000   0.0000000000000000   0.0000000000000000   0.0000000000000000   0.0000000000000000   0.0000000000000000   0.0000000000000000   0.0000000000000000   0.0000000000000000
  0.0000000000000000   0.0000000000000000   0.0000000000000000   0.0000000000000000   0.0000000000000000   0.0000000000000000   0.0000000000000000   0.0000000000000000   0.0000000000000000
  0.0000000000000000   0.0000000000000000   0.0000000000000000   0.0000000000000000   0.0000000000000000   0.0000000000000000   0.0000000000000000   0.0000000000000000   0.0000000000000000
  0.0000000000000000   0.0000000000000000   0.0000000000000000   0.0000000000000000   0.0000000000000000   0.0000000000000000   0.0000000000000000   0.0000000000000000   0.0000000000000000
  0.0000000000000000   0.0000000000000000   0.0000000000000000   0.0000000000000000   0.0000000000000000   0.0000000000000000   0.0000000000000000   0.0000000000000000   0.0000000000000000
  0.0000000000000000   0.0000000000000000   0.0000000000000000   0.0000000000000000   0.0000000000000000   0.0000000000000000   0.0000000000000000   0.0000000000000000   0.0000000000000000
  0.0000000000000000   0.0000000000000000   0.0000000000000000   0.0000000000000000   0.0000000000000000   0.0000000000000000   0.0000000000000000   0.0000000000000000   0.0000000000000000
  0.0000000000000000   0.0000000000000000   0.0000000000000000   0.0000000000000000   0.0000000000000000   0.0000000000000000   0.0000000000000000   0.0000000000000000   0.0000000000000000
  0.0000000000000000   0.0000000000000000   0.0000000000000000   0.0000000000000000   0.0000000000000000   0.0000000000000000   0.0000000000000000   0.0000000000000000   0.0000000000000000
global index=6  local index=0 (global=6, Rn=0)
  0.0000000000000000   0.0000000000000000   0.0000000000000000   0.0000000000000000   0.0000000000000000   0.0000000000000000   0.0000000000000000   0.0000000000000000   0.0000000000000000
  0.0000000000000000   0.0000000000000000   0.0000000000000000   0.0000000000000000   0.0000000000000000   0.0000000000000000   0.0000000000000000   0.0000000000000000   0.0000000000000000
  0.0000000000000000   0.0000000000000000   0.0000000000000000   0.0000000000000000   0.0000000000000000   0.0000000000000000   0.0000000000000000   0.0000000000000000   0.0000000000000000
  0.0000000000000000   0.0000000000000000   0.0000000000000000   0.0000000000000000   0.0000000000000000   0.0000000000000000   0.0000000000000000   0.0000000000000000   0.0000000000000000
  0.0000000000000000   0.0000000000000000   0.0000000000000000   0.0000000000000000   0.0000000000000000   0.0000000000000000   0.0000000000000000   0.0000000000000000   0.0000000000000000
  0.0000000000000000   0.0000000000000000   0.0000000000000000   0.0000000000000000   0.0000000000000000   0.0000000000000000   0.0000000000000000   0.0000000000000000   0.0000000000000000
  0.0000000000000000   0.0000000000000000   0.0000000000000000   0.0000000000000000   0.0000000000000000   0.0000000000000000   0.0000000000000000   0.0000000000000000   0.0000000000000000
  0.0000000000000000   0.0000000000000000   0.0000000000000000   0.0000000000000000   0.0000000000000000   0.0000000000000000   0.0000000000000000   0.0000000000000000   0.0000000000000000
  0.0000000000000000   0.0000000000000000   0.0000000000000000   0.0000000000000000   0.0000000000000000   0.0000000000000000   0.0000000000000000   0.0000000000000000   0.0000000000000000
global index=6  local index=1 (global=1, Rn=0)
  0.0000000000000000   0.0000000000000000   0.0000000000000000   0.0000000000000000   0.0000000000000000
  0.0000000000000000   0.0000000000000000   0.0000000000000000   0.0000000000000000   0.0000000000000000
  0.0000000000000000   0.0000000000000000   0.0000000000000000   0.0000000000000000   0.0000000000000000
  0.0000000000000000   0.0000000000000000   0.0000000000000000   0.0000000000000000   0.0000000000000000
  0.0000000000000000   0.0000000000000000   0.0000000000000000   0.0000000000000000   0.0000000000000000
  0.0000000000000000   0.0000000000000000   0.0000000000000000   0.0000000000000000   0.0000000000000000
  0.0000000000000000   0.0000000000000000   0.0000000000000000   0.0000000000000000   0.0000000000000000
  0.0000000000000000   0.0000000000000000   0.0000000000000000   0.0000000000000000   0.0000000000000000
  0.0000000000000000   0.0000000000000000   0.0000000000000000   0.0000000000000000   0.0000000000000000
global index=6  local index=2 (global=2, Rn=0)
  0.0000000000000000   0.0000000000000000   0.0000000000000000   0.0000000000000000   0.0000000000000000
  0.0000000000000000   0.0000000000000000   0.0000000000000000   0.0000000000000000   0.0000000000000000
  0.0000000000000000   0.0000000000000000   0.0000000000000000   0.0000000000000000   0.0000000000000000
  0.0000000000000000   0.0000000000000000   0.0000000000000000   0.0000000000000000   0.0000000000000000
  0.0000000000000000   0.0000000000000000   0.0000000000000000   0.0000000000000000   0.0000000000000000
  0.0000000000000000   0.0000000000000000   0.0000000000000000   0.0000000000000000   0.0000000000000000
  0.0000000000000000   0.0000000000000000   0.0000000000000000   0.0000000000000000   0.0000000000000000
  0.0000000000000000   0.0000000000000000   0.0000000000000000   0.0000000000000000   0.0000000000000000
  0.0000000000000000   0.0000000000000000   0.0000000000000000   0.0000000000000000   0.0000000000000000
global index=6  local index=3 (global=3, Rn=0)
  0.0000000000000000   0.0000000000000000   0.0000000000000000   0.0000000000000000   0.0000000000000000
  0.0000000000000000   0.0000000000000000   0.0000000000000000   0.0000000000000000   0.0000000000000000
  0.0000000000000000   0.0000000000000000   0.0000000000000000   0.0000000000000000   0.0000000000000000
  0.0000000000000000   0.0000000000000000   0.0000000000000000   0.0000000000000000   0.0000000000000000
  0.0000000000000000   0.0000000000000000   0.0000000000000000   0.0000000000000000   0.0000000000000000
  0.0000000000000000   0.0000000000000000   0.0000000000000000   0.0000000000000000   0.0000000000000000
  0.0000000000000000   0.0000000000000000   0.0000000000000000   0.0000000000000000   0.0000000000000000
  0.0000000000000000   0.0000000000000000   0.0000000000000000   0.0000000000000000   0.0000000000000000
  0.0000000000000000   0.0000000000000000   0.0000000000000000   0.0000000000000000   0.0000000000000000
global index=6  local index=4 (global=4, Rn=0)
  0.0000000000000000   0.0000000000000000   0.0000000000000000   0.0000000000000000   0.0000000000000000
  0.0000000000000000   0.0000000000000000   0.0000000000000000   0.0000000000000000   0.0000000000000000
  0.0000000000000000   0.0000000000000000   0.0000000000000000   0.0000000000000000   0.0000000000000000
  0.0000000000000000   0.0000000000000000   0.0000000000000000   0.0000000000000000   0.0000000000000000
  0.0000000000000000   0.0000000000000000   0.0000000000000000   0.0000000000000000   0.0000000000000000
  0.0000000000000000   0.0000000000000000   0.0000000000000000   0.0000000000000000   0.0000000000000000
  0.0000000000000000   0.0000000000000000   0.0000000000000000   0.0000000000000000   0.0000000000000000
  0.0000000000000000   0.0000000000000000   0.0000000000000000   0.0000000000000000   0.0000000000000000
  0.0000000000000000   0.0000000000000000   0.0000000000000000   0.0000000000000000   0.0000000000000000
global index=6  local index=5 (global=5, Rn=0)
  0.0000000000000000   0.0000000000000000   0.0000000000000000   0.0000000000000000   0.0000000000000000   0.0000000000000000   0.0000000000000000   0.0000000000000000   0.0000000000000000
  0.0000000000000000   0.0000000000000000   0.0000000000000000   0.0000000000000000   0.0000000000000000   0.0000000000000000   0.0000000000000000   0.0000000000000000   0.0000000000000000
  0.0000000000000000   0.0000000000000000   0.0000000000000000   0.0000000000000000   0.0000000000000000   0.0000000000000000   0.0000000000000000   0.0000000000000000   0.0000000000000000
  0.0000000000000000   0.0000000000000000   0.0000000000000000   0.0000000000000000   0.0000000000000000   0.0000000000000000   0.0000000000000000   0.0000000000000000   0.0000000000000000
  0.0000000000000000   0.0000000000000000   0.0000000000000000   0.0000000000000000   0.0000000000000000   0.0000000000000000   0.0000000000000000   0.0000000000000000   0.0000000000000000
  0.0000000000000000   0.0000000000000000   0.0000000000000000   0.0000000000000000   0.0000000000000000   0.0000000000000000   0.0000000000000000   0.0000000000000000   0.0000000000000000
  0.0000000000000000   0.0000000000000000   0.0000000000000000   0.0000000000000000   0.0000000000000000   0.0000000000000000   0.0000000000000000   0.0000000000000000   0.0000000000000000
  0.0000000000000000   0.0000000000000000   0.0000000000000000   0.0000000000000000   0.0000000000000000   0.0000000000000000   0.0000000000000000   0.0000000000000000   0.0000000000000000
  0.0000000000000000   0.0000000000000000   0.0000000000000000   0.0000000000000000   0.0000000000000000   0.0000000000000000   0.0000000000000000   0.0000000000000000   0.0000000000000000


Density matrix spin=1
global index=1  local index=0 (global=1, Rn=0)
  0.0000000000000000   0.0000000000000000   0.0000000000000000   0.0000000000000000   0.0000000000000000
  0.0000000000000000   0.0000000000000000   0.0000000000000000   0.0000000000000000   0.0000000000000000
  0.0000000000000000   0.0000000000000000   0.0000000000000000   0.0000000000000000   0.0000000000000000
  0.0000000000000000   0.0000000000000000   0.0000000000000000   0.0000000000000000   0.0000000000000000
  0.0000000000000000   0.0000000000000000   0.0000000000000000   0.0000000000000000   0.0000000000000000
global index=1  local index=1 (global=2, Rn=0)
  0.0000000000000000   0.0000000000000000   0.0000000000000000   0.0000000000000000   0.0000000000000000
  0.0000000000000000   0.0000000000000000   0.0000000000000000   0.0000000000000000   0.0000000000000000
  0.0000000000000000   0.0000000000000000   0.0000000000000000   0.0000000000000000   0.0000000000000000
  0.0000000000000000   0.0000000000000000   0.0000000000000000   0.0000000000000000   0.0000000000000000
  0.0000000000000000   0.0000000000000000   0.0000000000000000   0.0000000000000000   0.0000000000000000
global index=1  local index=2 (global=3, Rn=0)
  0.0000000000000000   0.0000000000000000   0.0000000000000000   0.0000000000000000   0.0000000000000000
  0.0000000000000000   0.0000000000000000   0.0000000000000000   0.0000000000000000   0.0000000000000000
  0.0000000000000000   0.0000000000000000   0.0000000000000000   0.0000000000000000   0.0000000000000000
  0.0000000000000000   0.0000000000000000   0.0000000000000000   0.0000000000000000   0.0000000000000000
  0.0000000000000000   0.0000000000000000   0.0000000000000000   0.0000000000000000   0.0000000000000000
global index=1  local index=3 (global=4, Rn=0)
  0.0000000000000000   0.0000000000000000   0.0000000000000000   0.0000000000000000   0.0000000000000000
  0.0000000000000000   0.0000000000000000   0.0000000000000000   0.0000000000000000   0.0000000000000000
  0.0000000000000000   0.0000000000000000   0.0000000000000000   0.0000000000000000   0.0000000000000000
  0.0000000000000000   0.0000000000000000   0.0000000000000000   0.0000000000000000   0.0000000000000000
  0.0000000000000000   0.0000000000000000   0.0000000000000000   0.0000000000000000   0.0000000000000000
global index=1  local index=4 (global=5, Rn=0)
  0.0000000000000000   0.0000000000000000   0.0000000000000000   0.0000000000000000   0.0000000000000000   0.0000000000000000   0.0000000000000000   0.0000000000000000   0.0000000000000000
  0.0000000000000000   0.0000000000000000   0.0000000000000000   0.0000000000000000   0.0000000000000000   0.0000000000000000   0.0000000000000000   0.0000000000000000   0.0000000000000000
  0.0000000000000000   0.0000000000000000   0.0000000000000000   0.0000000000000000   0.0000000000000000   0.0000000000000000   0.0000000000000000   0.0000000000000000   0.0000000000000000
  0.0000000000000000   0.0000000000000000   0.0000000000000000   0.0000000000000000   0.0000000000000000   0.0000000000000000   0.0000000000000000   0.0000000000000000   0.0000000000000000
  0.0000000000000000   0.0000000000000000   0.0000000000000000   0.0000000000000000   0.0000000000000000   0.0000000000000000   0.0000000000000000   0.0000000000000000   0.0000000000000000
global index=1  local index=5 (global=6, Rn=0)
  0.0000000000000000   0.0000000000000000   0.0000000000000000   0.0000000000000000   0.0000000000000000   0.0000000000000000   0.0000000000000000   0.0000000000000000   0.0000000000000000
  0.0000000000000000   0.0000000000000000   0.0000000000000000   0.0000000000000000   0.0000000000000000   0.0000000000000000   0.0000000000000000   0.0000000000000000   0.0000000000000000
  0.0000000000000000   0.0000000000000000   0.0000000000000000   0.0000000000000000   0.0000000000000000   0.0000000000000000   0.0000000000000000   0.0000000000000000   0.0000000000000000
  0.0000000000000000   0.0000000000000000   0.0000000000000000   0.0000000000000000   0.0000000000000000   0.0000000000000000   0.0000000000000000   0.0000000000000000   0.0000000000000000
  0.0000000000000000   0.0000000000000000   0.0000000000000000   0.0000000000000000   0.0000000000000000   0.0000000000000000   0.0000000000000000   0.0000000000000000   0.0000000000000000
global index=2  local index=0 (global=2, Rn=0)
  0.0000000000000000   0.0000000000000000   0.0000000000000000   0.0000000000000000   0.0000000000000000
  0.0000000000000000   0.0000000000000000   0.0000000000000000   0.0000000000000000   0.0000000000000000
  0.0000000000000000   0.0000000000000000   0.0000000000000000   0.0000000000000000   0.0000000000000000
  0.0000000000000000   0.0000000000000000   0.0000000000000000   0.0000000000000000   0.0000000000000000
  0.0000000000000000   0.0000000000000000   0.0000000000000000   0.0000000000000000   0.0000000000000000
global index=2  local index=1 (global=1, Rn=0)
  0.0000000000000000   0.0000000000000000   0.0000000000000000   0.0000000000000000   0.0000000000000000
  0.0000000000000000   0.0000000000000000   0.0000000000000000   0.0000000000000000   0.0000000000000000
  0.0000000000000000   0.0000000000000000   0.0000000000000000   0.0000000000000000   0.0000000000000000
  0.0000000000000000   0.0000000000000000   0.0000000000000000   0.0000000000000000   0.0000000000000000
  0.0000000000000000   0.0000000000000000   0.0000000000000000   0.0000000000000000   0.0000000000000000
global index=2  local index=2 (global=3, Rn=0)
  0.0000000000000000   0.0000000000000000   0.0000000000000000   0.0000000000000000   0.0000000000000000
  0.0000000000000000   0.0000000000000000   0.0000000000000000   0.0000000000000000   0.0000000000000000
  0.0000000000000000   0.0000000000000000   0.0000000000000000   0.0000000000000000   0.0000000000000000
  0.0000000000000000   0.0000000000000000   0.0000000000000000   0.0000000000000000   0.0000000000000000
  0.0000000000000000   0.0000000000000000   0.0000000000000000   0.0000000000000000   0.0000000000000000
global index=2  local index=3 (global=4, Rn=0)
  0.0000000000000000   0.0000000000000000   0.0000000000000000   0.0000000000000000   0.0000000000000000
  0.0000000000000000   0.0000000000000000   0.0000000000000000   0.0000000000000000   0.0000000000000000
  0.0000000000000000   0.0000000000000000   0.0000000000000000   0.0000000000000000   0.0000000000000000
  0.0000000000000000   0.0000000000000000   0.0000000000000000   0.0000000000000000   0.0000000000000000
  0.0000000000000000   0.0000000000000000   0.0000000000000000   0.0000000000000000   0.0000000000000000
global index=2  local index=4 (global=5, Rn=0)
  0.0000000000000000   0.0000000000000000   0.0000000000000000   0.0000000000000000   0.0000000000000000   0.0000000000000000   0.0000000000000000   0.0000000000000000   0.0000000000000000
  0.0000000000000000   0.0000000000000000   0.0000000000000000   0.0000000000000000   0.0000000000000000   0.0000000000000000   0.0000000000000000   0.0000000000000000   0.0000000000000000
  0.0000000000000000   0.0000000000000000   0.0000000000000000   0.0000000000000000   0.0000000000000000   0.0000000000000000   0.0000000000000000   0.0000000000000000   0.0000000000000000
  0.0000000000000000   0.0000000000000000   0.0000000000000000   0.0000000000000000   0.0000000000000000   0.0000000000000000   0.0000000000000000   0.0000000000000000   0.0000000000000000
  0.0000000000000000   0.0000000000000000   0.0000000000000000   0.0000000000000000   0.0000000000000000   0.0000000000000000   0.0000000000000000   0.0000000000000000   0.0000000000000000
global index=2  local index=5 (global=6, Rn=0)
  0.0000000000000000   0.0000000000000000   0.0000000000000000   0.0000000000000000   0.0000000000000000   0.0000000000000000   0.0000000000000000   0.0000000000000000   0.0000000000000000
  0.0000000000000000   0.0000000000000000   0.0000000000000000   0.0000000000000000   0.0000000000000000   0.0000000000000000   0.0000000000000000   0.0000000000000000   0.0000000000000000
  0.0000000000000000   0.0000000000000000   0.0000000000000000   0.0000000000000000   0.0000000000000000   0.0000000000000000   0.0000000000000000   0.0000000000000000   0.0000000000000000
  0.0000000000000000   0.0000000000000000   0.0000000000000000   0.0000000000000000   0.0000000000000000   0.0000000000000000   0.0000000000000000   0.0000000000000000   0.0000000000000000
  0.0000000000000000   0.0000000000000000   0.0000000000000000   0.0000000000000000   0.0000000000000000   0.0000000000000000   0.0000000000000000   0.0000000000000000   0.0000000000000000
global index=3  local index=0 (global=3, Rn=0)
  0.0000000000000000   0.0000000000000000   0.0000000000000000   0.0000000000000000   0.0000000000000000
  0.0000000000000000   0.0000000000000000   0.0000000000000000   0.0000000000000000   0.0000000000000000
  0.0000000000000000   0.0000000000000000   0.0000000000000000   0.0000000000000000   0.0000000000000000
  0.0000000000000000   0.0000000000000000   0.0000000000000000   0.0000000000000000   0.0000000000000000
  0.0000000000000000   0.0000000000000000   0.0000000000000000   0.0000000000000000   0.0000000000000000
global index=3  local index=1 (global=1, Rn=0)
  0.0000000000000000   0.0000000000000000   0.0000000000000000   0.0000000000000000   0.0000000000000000
  0.0000000000000000   0.0000000000000000   0.0000000000000000   0.0000000000000000   0.0000000000000000
  0.0000000000000000   0.0000000000000000   0.0000000000000000   0.0000000000000000   0.0000000000000000
  0.0000000000000000   0.0000000000000000   0.0000000000000000   0.0000000000000000   0.0000000000000000
  0.0000000000000000   0.0000000000000000   0.0000000000000000   0.0000000000000000   0.0000000000000000
global index=3  local index=2 (global=2, Rn=0)
  0.0000000000000000   0.0000000000000000   0.0000000000000000   0.0000000000000000   0.0000000000000000
  0.0000000000000000   0.0000000000000000   0.0000000000000000   0.0000000000000000   0.0000000000000000
  0.0000000000000000   0.0000000000000000   0.0000000000000000   0.0000000000000000   0.0000000000000000
  0.0000000000000000   0.0000000000000000   0.0000000000000000   0.0000000000000000   0.0000000000000000
  0.0000000000000000   0.0000000000000000   0.0000000000000000   0.0000000000000000   0.0000000000000000
global index=3  local index=3 (global=4, Rn=0)
  0.0000000000000000   0.0000000000000000   0.0000000000000000   0.0000000000000000   0.0000000000000000
  0.0000000000000000   0.0000000000000000   0.0000000000000000   0.0000000000000000   0.0000000000000000
  0.0000000000000000   0.0000000000000000   0.0000000000000000   0.0000000000000000   0.0000000000000000
  0.0000000000000000   0.0000000000000000   0.0000000000000000   0.0000000000000000   0.0000000000000000
  0.0000000000000000   0.0000000000000000   0.0000000000000000   0.0000000000000000   0.0000000000000000
global index=3  local index=4 (global=5, Rn=0)
  0.0000000000000000   0.0000000000000000   0.0000000000000000   0.0000000000000000   0.0000000000000000   0.0000000000000000   0.0000000000000000   0.0000000000000000   0.0000000000000000
  0.0000000000000000   0.0000000000000000   0.0000000000000000   0.0000000000000000   0.0000000000000000   0.0000000000000000   0.0000000000000000   0.0000000000000000   0.0000000000000000
  0.0000000000000000   0.0000000000000000   0.0000000000000000   0.0000000000000000   0.0000000000000000   0.0000000000000000   0.0000000000000000   0.0000000000000000   0.0000000000000000
  0.0000000000000000   0.0000000000000000   0.0000000000000000   0.0000000000000000   0.0000000000000000   0.0000000000000000   0.0000000000000000   0.0000000000000000   0.0000000000000000
  0.0000000000000000   0.0000000000000000   0.0000000000000000   0.0000000000000000   0.0000000000000000   0.0000000000000000   0.0000000000000000   0.0000000000000000   0.0000000000000000
global index=3  local index=5 (global=6, Rn=0)
  0.0000000000000000   0.0000000000000000   0.0000000000000000   0.0000000000000000   0.0000000000000000   0.0000000000000000   0.0000000000000000   0.0000000000000000   0.0000000000000000
  0.0000000000000000   0.0000000000000000   0.0000000000000000   0.0000000000000000   0.0000000000000000   0.0000000000000000   0.0000000000000000   0.0000000000000000   0.0000000000000000
  0.0000000000000000   0.0000000000000000   0.0000000000000000   0.0000000000000000   0.0000000000000000   0.0000000000000000   0.0000000000000000   0.0000000000000000   0.0000000000000000
  0.0000000000000000   0.0000000000000000   0.0000000000000000   0.0000000000000000   0.0000000000000000   0.0000000000000000   0.0000000000000000   0.0000000000000000   0.0000000000000000
  0.0000000000000000   0.0000000000000000   0.0000000000000000   0.0000000000000000   0.0000000000000000   0.0000000000000000   0.0000000000000000   0.0000000000000000   0.0000000000000000
global index=4  local index=0 (global=4, Rn=0)
  0.0000000000000000   0.0000000000000000   0.0000000000000000   0.0000000000000000   0.0000000000000000
  0.0000000000000000   0.0000000000000000   0.0000000000000000   0.0000000000000000   0.0000000000000000
  0.0000000000000000   0.0000000000000000   0.0000000000000000   0.0000000000000000   0.0000000000000000
  0.0000000000000000   0.0000000000000000   0.0000000000000000   0.0000000000000000   0.0000000000000000
  0.0000000000000000   0.0000000000000000   0.0000000000000000   0.0000000000000000   0.0000000000000000
global index=4  local index=1 (global=1, Rn=0)
  0.0000000000000000   0.0000000000000000   0.0000000000000000   0.0000000000000000   0.0000000000000000
  0.0000000000000000   0.0000000000000000   0.0000000000000000   0.0000000000000000   0.0000000000000000
  0.0000000000000000   0.0000000000000000   0.0000000000000000   0.0000000000000000   0.0000000000000000
  0.0000000000000000   0.0000000000000000   0.0000000000000000   0.0000000000000000   0.0000000000000000
  0.0000000000000000   0.0000000000000000   0.0000000000000000   0.0000000000000000   0.0000000000000000
global index=4  local index=2 (global=2, Rn=0)
  0.0000000000000000   0.0000000000000000   0.0000000000000000   0.0000000000000000   0.0000000000000000
  0.0000000000000000   0.0000000000000000   0.0000000000000000   0.0000000000000000   0.0000000000000000
  0.0000000000000000   0.0000000000000000   0.0000000000000000   0.0000000000000000   0.0000000000000000
  0.0000000000000000   0.0000000000000000   0.0000000000000000   0.0000000000000000   0.0000000000000000
  0.0000000000000000   0.0000000000000000   0.0000000000000000   0.0000000000000000   0.0000000000000000
global index=4  local index=3 (global=3, Rn=0)
  0.0000000000000000   0.0000000000000000   0.0000000000000000   0.0000000000000000   0.0000000000000000
  0.0000000000000000   0.0000000000000000   0.0000000000000000   0.0000000000000000   0.0000000000000000
  0.0000000000000000   0.0000000000000000   0.0000000000000000   0.0000000000000000   0.0000000000000000
  0.0000000000000000   0.0000000000000000   0.0000000000000000   0.0000000000000000   0.0000000000000000
  0.0000000000000000   0.0000000000000000   0.0000000000000000   0.0000000000000000   0.0000000000000000
global index=4  local index=4 (global=5, Rn=0)
  0.0000000000000000   0.0000000000000000   0.0000000000000000   0.0000000000000000   0.0000000000000000   0.0000000000000000   0.0000000000000000   0.0000000000000000   0.0000000000000000
  0.0000000000000000   0.0000000000000000   0.0000000000000000   0.0000000000000000   0.0000000000000000   0.0000000000000000   0.0000000000000000   0.0000000000000000   0.0000000000000000
  0.0000000000000000   0.0000000000000000   0.0000000000000000   0.0000000000000000   0.0000000000000000   0.0000000000000000   0.0000000000000000   0.0000000000000000   0.0000000000000000
  0.0000000000000000   0.0000000000000000   0.0000000000000000   0.0000000000000000   0.0000000000000000   0.0000000000000000   0.0000000000000000   0.0000000000000000   0.0000000000000000
  0.0000000000000000   0.0000000000000000   0.0000000000000000   0.0000000000000000   0.0000000000000000   0.0000000000000000   0.0000000000000000   0.0000000000000000   0.0000000000000000
global index=4  local index=5 (global=6, Rn=0)
  0.0000000000000000   0.0000000000000000   0.0000000000000000   0.0000000000000000   0.0000000000000000   0.0000000000000000   0.0000000000000000   0.0000000000000000   0.0000000000000000
  0.0000000000000000   0.0000000000000000   0.0000000000000000   0.0000000000000000   0.0000000000000000   0.0000000000000000   0.0000000000000000   0.0000000000000000   0.0000000000000000
  0.0000000000000000   0.0000000000000000   0.0000000000000000   0.0000000000000000   0.0000000000000000   0.0000000000000000   0.0000000000000000   0.0000000000000000   0.0000000000000000
  0.0000000000000000   0.0000000000000000   0.0000000000000000   0.0000000000000000   0.0000000000000000   0.0000000000000000   0.0000000000000000   0.0000000000000000   0.0000000000000000
  0.0000000000000000   0.0000000000000000   0.0000000000000000   0.0000000000000000   0.0000000000000000   0.0000000000000000   0.0000000000000000   0.0000000000000000   0.0000000000000000
global index=5  local index=0 (global=5, Rn=0)
  0.0000000000000000   0.0000000000000000   0.0000000000000000   0.0000000000000000   0.0000000000000000   0.0000000000000000   0.0000000000000000   0.0000000000000000   0.0000000000000000
  0.0000000000000000   0.0000000000000000   0.0000000000000000   0.0000000000000000   0.0000000000000000   0.0000000000000000   0.0000000000000000   0.0000000000000000   0.0000000000000000
  0.0000000000000000   0.0000000000000000   0.0000000000000000   0.0000000000000000   0.0000000000000000   0.0000000000000000   0.0000000000000000   0.0000000000000000   0.0000000000000000
  0.0000000000000000   0.0000000000000000   0.0000000000000000   0.0000000000000000   0.0000000000000000   0.0000000000000000   0.0000000000000000   0.0000000000000000   0.0000000000000000
  0.0000000000000000   0.0000000000000000   0.0000000000000000   0.0000000000000000   0.0000000000000000   0.0000000000000000   0.0000000000000000   0.0000000000000000   0.0000000000000000
  0.0000000000000000   0.0000000000000000   0.0000000000000000   0.0000000000000000   0.0000000000000000   0.0000000000000000   0.0000000000000000   0.0000000000000000   0.0000000000000000
  0.0000000000000000   0.0000000000000000   0.0000000000000000   0.0000000000000000   0.0000000000000000   0.0000000000000000   0.0000000000000000   0.0000000000000000   0.0000000000000000
  0.0000000000000000   0.0000000000000000   0.0000000000000000   0.0000000000000000   0.0000000000000000   0.0000000000000000   0.0000000000000000   0.0000000000000000   0.0000000000000000
  0.0000000000000000   0.0000000000000000   0.0000000000000000   0.0000000000000000   0.0000000000000000   0.0000000000000000   0.0000000000000000   0.0000000000000000   0.0000000000000000
global index=5  local index=1 (global=1, Rn=0)
  0.0000000000000000   0.0000000000000000   0.0000000000000000   0.0000000000000000   0.0000000000000000
  0.0000000000000000   0.0000000000000000   0.0000000000000000   0.0000000000000000   0.0000000000000000
  0.0000000000000000   0.0000000000000000   0.0000000000000000   0.0000000000000000   0.0000000000000000
  0.0000000000000000   0.0000000000000000   0.0000000000000000   0.0000000000000000   0.0000000000000000
  0.0000000000000000   0.0000000000000000   0.0000000000000000   0.0000000000000000   0.0000000000000000
  0.0000000000000000   0.0000000000000000   0.0000000000000000   0.0000000000000000   0.0000000000000000
  0.0000000000000000   0.0000000000000000   0.0000000000000000   0.0000000000000000   0.0000000000000000
  0.0000000000000000   0.0000000000000000   0.0000000000000000   0.0000000000000000   0.0000000000000000
  0.0000000000000000   0.0000000000000000   0.0000000000000000   0.0000000000000000   0.0000000000000000
global index=5  local index=2 (global=2, Rn=0)
  0.0000000000000000   0.0000000000000000   0.0000000000000000   0.0000000000000000   0.0000000000000000
  0.0000000000000000   0.0000000000000000   0.0000000000000000   0.0000000000000000   0.0000000000000000
  0.0000000000000000   0.0000000000000000   0.0000000000000000   0.0000000000000000   0.0000000000000000
  0.0000000000000000   0.0000000000000000   0.0000000000000000   0.0000000000000000   0.0000000000000000
  0.0000000000000000   0.0000000000000000   0.0000000000000000   0.0000000000000000   0.0000000000000000
  0.0000000000000000   0.0000000000000000   0.0000000000000000   0.0000000000000000   0.0000000000000000
  0.0000000000000000   0.0000000000000000   0.0000000000000000   0.0000000000000000   0.0000000000000000
  0.0000000000000000   0.0000000000000000   0.0000000000000000   0.0000000000000000   0.0000000000000000
  0.0000000000000000   0.0000000000000000   0.0000000000000000   0.0000000000000000   0.0000000000000000
global index=5  local index=3 (global=3, Rn=0)
  0.0000000000000000   0.0000000000000000   0.0000000000000000   0.0000000000000000   0.0000000000000000
  0.0000000000000000   0.0000000000000000   0.0000000000000000   0.0000000000000000   0.0000000000000000
  0.0000000000000000   0.0000000000000000   0.0000000000000000   0.0000000000000000   0.0000000000000000
  0.0000000000000000   0.0000000000000000   0.0000000000000000   0.0000000000000000   0.0000000000000000
  0.0000000000000000   0.0000000000000000   0.0000000000000000   0.0000000000000000   0.0000000000000000
  0.0000000000000000   0.0000000000000000   0.0000000000000000   0.0000000000000000   0.0000000000000000
  0.0000000000000000   0.0000000000000000   0.0000000000000000   0.0000000000000000   0.0000000000000000
  0.0000000000000000   0.0000000000000000   0.0000000000000000   0.0000000000000000   0.0000000000000000
  0.0000000000000000   0.0000000000000000   0.0000000000000000   0.0000000000000000   0.0000000000000000
global index=5  local index=4 (global=4, Rn=0)
  0.0000000000000000   0.0000000000000000   0.0000000000000000   0.0000000000000000   0.0000000000000000
  0.0000000000000000   0.0000000000000000   0.0000000000000000   0.0000000000000000   0.0000000000000000
  0.0000000000000000   0.0000000000000000   0.0000000000000000   0.0000000000000000   0.0000000000000000
  0.0000000000000000   0.0000000000000000   0.0000000000000000   0.0000000000000000   0.0000000000000000
  0.0000000000000000   0.0000000000000000   0.0000000000000000   0.0000000000000000   0.0000000000000000
  0.0000000000000000   0.0000000000000000   0.0000000000000000   0.0000000000000000   0.0000000000000000
  0.0000000000000000   0.0000000000000000   0.0000000000000000   0.0000000000000000   0.0000000000000000
  0.0000000000000000   0.0000000000000000   0.0000000000000000   0.0000000000000000   0.0000000000000000
  0.0000000000000000   0.0000000000000000   0.0000000000000000   0.0000000000000000   0.0000000000000000
global index=5  local index=5 (global=6, Rn=0)
  0.0000000000000000   0.0000000000000000   0.0000000000000000   0.0000000000000000   0.0000000000000000   0.0000000000000000   0.0000000000000000   0.0000000000000000   0.0000000000000000
  0.0000000000000000   0.0000000000000000   0.0000000000000000   0.0000000000000000   0.0000000000000000   0.0000000000000000   0.0000000000000000   0.0000000000000000   0.0000000000000000
  0.0000000000000000   0.0000000000000000   0.0000000000000000   0.0000000000000000   0.0000000000000000   0.0000000000000000   0.0000000000000000   0.0000000000000000   0.0000000000000000
  0.0000000000000000   0.0000000000000000   0.0000000000000000   0.0000000000000000   0.0000000000000000   0.0000000000000000   0.0000000000000000   0.0000000000000000   0.0000000000000000
  0.0000000000000000   0.0000000000000000   0.0000000000000000   0.0000000000000000   0.0000000000000000   0.0000000000000000   0.0000000000000000   0.0000000000000000   0.0000000000000000
  0.0000000000000000   0.0000000000000000   0.0000000000000000   0.0000000000000000   0.0000000000000000   0.0000000000000000   0.0000000000000000   0.0000000000000000   0.0000000000000000
  0.0000000000000000   0.0000000000000000   0.0000000000000000   0.0000000000000000   0.0000000000000000   0.0000000000000000   0.0000000000000000   0.0000000000000000   0.0000000000000000
  0.0000000000000000   0.0000000000000000   0.0000000000000000   0.0000000000000000   0.0000000000000000   0.0000000000000000   0.0000000000000000   0.0000000000000000   0.0000000000000000
  0.0000000000000000   0.0000000000000000   0.0000000000000000   0.0000000000000000   0.0000000000000000   0.0000000000000000   0.0000000000000000   0.0000000000000000   0.0000000000000000
global index=6  local index=0 (global=6, Rn=0)
  0.0000000000000000   0.0000000000000000   0.0000000000000000   0.0000000000000000   0.0000000000000000   0.0000000000000000   0.0000000000000000   0.0000000000000000   0.0000000000000000
  0.0000000000000000   0.0000000000000000   0.0000000000000000   0.0000000000000000   0.0000000000000000   0.0000000000000000   0.0000000000000000   0.0000000000000000   0.0000000000000000
  0.0000000000000000   0.0000000000000000   0.0000000000000000   0.0000000000000000   0.0000000000000000   0.0000000000000000   0.0000000000000000   0.0000000000000000   0.0000000000000000
  0.0000000000000000   0.0000000000000000   0.0000000000000000   0.0000000000000000   0.0000000000000000   0.0000000000000000   0.0000000000000000   0.0000000000000000   0.0000000000000000
  0.0000000000000000   0.0000000000000000   0.0000000000000000   0.0000000000000000   0.0000000000000000   0.0000000000000000   0.0000000000000000   0.0000000000000000   0.0000000000000000
  0.0000000000000000   0.0000000000000000   0.0000000000000000   0.0000000000000000   0.0000000000000000   0.0000000000000000   0.0000000000000000   0.0000000000000000   0.0000000000000000
  0.0000000000000000   0.0000000000000000   0.0000000000000000   0.0000000000000000   0.0000000000000000   0.0000000000000000   0.0000000000000000   0.0000000000000000   0.0000000000000000
  0.0000000000000000   0.0000000000000000   0.0000000000000000   0.0000000000000000   0.0000000000000000   0.0000000000000000   0.0000000000000000   0.0000000000000000   0.0000000000000000
  0.0000000000000000   0.0000000000000000   0.0000000000000000   0.0000000000000000   0.0000000000000000   0.0000000000000000   0.0000000000000000   0.0000000000000000   0.0000000000000000
global index=6  local index=1 (global=1, Rn=0)
  0.0000000000000000   0.0000000000000000   0.0000000000000000   0.0000000000000000   0.0000000000000000
  0.0000000000000000   0.0000000000000000   0.0000000000000000   0.0000000000000000   0.0000000000000000
  0.0000000000000000   0.0000000000000000   0.0000000000000000   0.0000000000000000   0.0000000000000000
  0.0000000000000000   0.0000000000000000   0.0000000000000000   0.0000000000000000   0.0000000000000000
  0.0000000000000000   0.0000000000000000   0.0000000000000000   0.0000000000000000   0.0000000000000000
  0.0000000000000000   0.0000000000000000   0.0000000000000000   0.0000000000000000   0.0000000000000000
  0.0000000000000000   0.0000000000000000   0.0000000000000000   0.0000000000000000   0.0000000000000000
  0.0000000000000000   0.0000000000000000   0.0000000000000000   0.0000000000000000   0.0000000000000000
  0.0000000000000000   0.0000000000000000   0.0000000000000000   0.0000000000000000   0.0000000000000000
global index=6  local index=2 (global=2, Rn=0)
  0.0000000000000000   0.0000000000000000   0.0000000000000000   0.0000000000000000   0.0000000000000000
  0.0000000000000000   0.0000000000000000   0.0000000000000000   0.0000000000000000   0.0000000000000000
  0.0000000000000000   0.0000000000000000   0.0000000000000000   0.0000000000000000   0.0000000000000000
  0.0000000000000000   0.0000000000000000   0.0000000000000000   0.0000000000000000   0.0000000000000000
  0.0000000000000000   0.0000000000000000   0.0000000000000000   0.0000000000000000   0.0000000000000000
  0.0000000000000000   0.0000000000000000   0.0000000000000000   0.0000000000000000   0.0000000000000000
  0.0000000000000000   0.0000000000000000   0.0000000000000000   0.0000000000000000   0.0000000000000000
  0.0000000000000000   0.0000000000000000   0.0000000000000000   0.0000000000000000   0.0000000000000000
  0.0000000000000000   0.0000000000000000   0.0000000000000000   0.0000000000000000   0.0000000000000000
global index=6  local index=3 (global=3, Rn=0)
  0.0000000000000000   0.0000000000000000   0.0000000000000000   0.0000000000000000   0.0000000000000000
  0.0000000000000000   0.0000000000000000   0.0000000000000000   0.0000000000000000   0.0000000000000000
  0.0000000000000000   0.0000000000000000   0.0000000000000000   0.0000000000000000   0.0000000000000000
  0.0000000000000000   0.0000000000000000   0.0000000000000000   0.0000000000000000   0.0000000000000000
  0.0000000000000000   0.0000000000000000   0.0000000000000000   0.0000000000000000   0.0000000000000000
  0.0000000000000000   0.0000000000000000   0.0000000000000000   0.0000000000000000   0.0000000000000000
  0.0000000000000000   0.0000000000000000   0.0000000000000000   0.0000000000000000   0.0000000000000000
  0.0000000000000000   0.0000000000000000   0.0000000000000000   0.0000000000000000   0.0000000000000000
  0.0000000000000000   0.0000000000000000   0.0000000000000000   0.0000000000000000   0.0000000000000000
global index=6  local index=4 (global=4, Rn=0)
  0.0000000000000000   0.0000000000000000   0.0000000000000000   0.0000000000000000   0.0000000000000000
  0.0000000000000000   0.0000000000000000   0.0000000000000000   0.0000000000000000   0.0000000000000000
  0.0000000000000000   0.0000000000000000   0.0000000000000000   0.0000000000000000   0.0000000000000000
  0.0000000000000000   0.0000000000000000   0.0000000000000000   0.0000000000000000   0.0000000000000000
  0.0000000000000000   0.0000000000000000   0.0000000000000000   0.0000000000000000   0.0000000000000000
  0.0000000000000000   0.0000000000000000   0.0000000000000000   0.0000000000000000   0.0000000000000000
  0.0000000000000000   0.0000000000000000   0.0000000000000000   0.0000000000000000   0.0000000000000000
  0.0000000000000000   0.0000000000000000   0.0000000000000000   0.0000000000000000   0.0000000000000000
  0.0000000000000000   0.0000000000000000   0.0000000000000000   0.0000000000000000   0.0000000000000000
global index=6  local index=5 (global=5, Rn=0)
  0.0000000000000000   0.0000000000000000   0.0000000000000000   0.0000000000000000   0.0000000000000000   0.0000000000000000   0.0000000000000000   0.0000000000000000   0.0000000000000000
  0.0000000000000000   0.0000000000000000   0.0000000000000000   0.0000000000000000   0.0000000000000000   0.0000000000000000   0.0000000000000000   0.0000000000000000   0.0000000000000000
  0.0000000000000000   0.0000000000000000   0.0000000000000000   0.0000000000000000   0.0000000000000000   0.0000000000000000   0.0000000000000000   0.0000000000000000   0.0000000000000000
  0.0000000000000000   0.0000000000000000   0.0000000000000000   0.0000000000000000   0.0000000000000000   0.0000000000000000   0.0000000000000000   0.0000000000000000   0.0000000000000000
  0.0000000000000000   0.0000000000000000   0.0000000000000000   0.0000000000000000   0.0000000000000000   0.0000000000000000   0.0000000000000000   0.0000000000000000   0.0000000000000000
  0.0000000000000000   0.0000000000000000   0.0000000000000000   0.0000000000000000   0.0000000000000000   0.0000000000000000   0.0000000000000000   0.0000000000000000   0.0000000000000000
  0.0000000000000000   0.0000000000000000   0.0000000000000000   0.0000000000000000   0.0000000000000000   0.0000000000000000   0.0000000000000000   0.0000000000000000   0.0000000000000000
  0.0000000000000000   0.0000000000000000   0.0000000000000000   0.0000000000000000   0.0000000000000000   0.0000000000000000   0.0000000000000000   0.0000000000000000   0.0000000000000000
  0.0000000000000000   0.0000000000000000   0.0000000000000000   0.0000000000000000   0.0000000000000000   0.0000000000000000   0.0000000000000000   0.0000000000000000   0.0000000000000000
