epoch,step,train_abs_error_E,train_abs_error_N,train_loss,train_loss_E,train_loss_N,train_loss_matrix,train_percent_E,train_percent_N,train_percent_matrix,run_id
0,0,258.1366577148437,970.3773803710938,1008.2730102539062,66634.53125,941632.25,0.006156537681818,6.608778953552246,93.39061737060548,0.0006106022046878,0
1,1,224.36358642578125,832.4952392578125,743.3934936523438,50339.01953125,693048.3125,0.0061121182516217,6.771517753601074,93.22765350341795,0.0008221914758905,0
2,2,190.96170043945312,697.631591796875,523.162353515625,36466.37109375,486689.84375,0.00608098693192,6.97037410736084,93.0284652709961,0.0011623518075793,0
3,3,157.80007934570312,565.5411376953125,344.74371337890625,24900.865234375,319836.78125,0.0060654478147625,7.223007678985596,92.77523803710938,0.0017594078090041,0
4,4,124.80186462402344,436.3104248046875,205.9483642578125,15575.505859375,190366.78125,0.0060638636350631,7.562821388244629,92.43423461914062,0.0029443611856549,0
5,5,92.02915954589844,310.42529296875,104.83930206298828,8469.3662109375,96363.859375,0.0060746534727513,8.0784273147583,91.91577911376952,0.00579425226897,0
6,6,59.71220397949219,188.9068603515625,39.2574462890625,3565.54736328125,35685.80078125,0.0060956981033086,9.082474708557127,90.90199279785156,0.015527494251728,0
7,7,28.31922912597656,73.524658203125,6.213978290557861,801.978759765625,5405.87548828125,0.0061239004135131,12.906044960021973,86.99540710449219,0.0985504016280174,0
8,8,1.354949951171875,32.97833251953125,1.095560908317566,1.8358893394470213,1087.5704345703125,0.0061546005308628,0.1675752997398376,99.27064514160156,0.5617762207984924,0
9,9,28.11932373046875,126.78009033203124,16.87006950378418,790.6963500976562,16073.19140625,0.0061809956096112,4.686977863311768,95.27638244628906,0.0366388261318206,0
10,10,50.49215698242188,203.48468017578125,43.961669921875,2549.4580078125,41406.015625,0.0061950124800205,5.799274921417236,94.18663024902344,0.0140918493270874,0
11,11,67.18484497070312,259.69891357421875,71.9635238647461,4513.80322265625,67443.5234375,0.006190906278789,6.2723493576049805,93.71904754638672,0.0086028389632701,0
12,12,77.64202880859375,294.45477294921875,92.73807525634766,6028.28466796875,86703.6171875,0.0061677545309066,6.5003342628479,93.49301147460938,0.0066507249139249,0
13,13,82.08627319335938,309.07720947265625,102.27301025390624,6738.15625,95528.71875,0.0061279428191483,6.588401794433594,93.40560150146484,0.0059917494654655,0
14,14,81.252685546875,306.2577514648437,100.40188598632812,6601.9990234375,93793.8125,0.0060749650001525,6.575573444366455,93.41838073730467,0.0060506481677293,0
15,15,76.12005615234375,289.26397705078125,89.47393035888672,5794.26318359375,83673.6484375,0.0060123400762677,6.475924015045166,93.5173568725586,0.0067196553573012,0
16,16,67.72982788085938,261.4296264648437,72.93873596191406,4587.32958984375,68345.453125,0.0059432662092149,6.2892913818359375,93.70255279541016,0.0081482995301485,0
17,17,57.08395385742188,225.89508056640625,54.29303741455078,3258.577880859375,51028.5859375,0.0058705657720565,6.001834392547607,93.9873504638672,0.0108127417042851,0
18,18,45.09201049804688,185.48858642578125,36.44510269165039,2033.2894287109373,34406.015625,0.0057966881431639,5.579046726226807,94.4050521850586,0.0159052591770887,0
19,19,32.544677734375,142.66473388671875,21.418107986450195,1059.156005859375,20353.2265625,0.0057237297296524,4.94514274597168,95.02812957763672,0.0267237890511751,0
20,20,20.1083984375,99.51080322265624,10.31240177154541,404.3476867675781,9902.400390625,0.0056534763425588,3.920984983444214,96.02420043945312,0.0548221096396446,0
21,21,8.321075439453125,57.737060546875,3.408396005630493,69.24029541015625,3333.568115234375,0.0055873896926641,2.0314629077911377,97.80460357666016,0.1639301776885986,0
22,22,2.408050537109375,18.6865234375,0.3605114817619324,5.798707485198975,349.1861572265625,0.0055265789851546,1.608466863632202,96.85855102539062,1.5329827070236206,0
23,23,11.789779663085938,16.63592529296875,0.4212247431278229,138.9989013671875,276.7539978027344,0.0054718181490898,32.99875259399414,65.70222473144531,1.2990257740020752,0
24,24,19.641921997070312,47.5252685546875,2.6498799324035645,385.80511474609375,2258.651123046875,0.0054235788993537,14.559343338012695,85.2359848022461,0.2046726197004318,0
25,25,25.872970581054688,73.54022216796875,6.082957267761231,669.4105834960938,5408.1640625,0.0053820624016225,11.004690170288086,88.90682983398438,0.0884777307510376,0
26,26,30.46714782714844,94.4581298828125,9.85593318939209,928.2470703125,8922.337890625,0.0053472509607672,9.418155670166016,90.527587890625,0.0542541332542896,0
27,27,33.46673583984375,110.23809814453124,13.277780532836914,1120.0224609375,12152.4384765625,0.0053189545869827,8.435314178466797,91.52462768554688,0.0400590635836124,0
28,28,34.95819091796875,120.9810791015625,15.863794326782228,1222.0750732421875,14636.421875,0.0052968584932386,7.703548431396484,92.2630615234375,0.0333896055817604,0
29,29,35.06103515625,126.90374755859376,17.33911895751953,1229.2762451171875,16104.5615234375,0.0052805598825216,7.089612007141113,92.87993621826172,0.0304546039551496,0
30,30,33.917724609375,128.31170654296875,17.619577407836914,1150.4119873046875,16463.89453125,0.0052695991471409,6.52916955947876,93.44092559814452,0.0299076382070779,0
31,31,31.687545776367188,125.581787109375,16.7801513671875,1004.1005859375,15770.78515625,0.005263477563858,5.983859539031982,93.9847640991211,0.0313672833144664,0
32,32,28.542556762695312,119.14849853515624,15.016304969787598,814.6775512695312,14196.3642578125,0.0052616707980632,5.425286769866943,94.5396728515625,0.0350397154688835,0
33,33,24.6641845703125,109.49407958984376,12.6025390625,608.322021484375,11988.953125,0.0052636279724538,4.826979637145996,95.13125610351562,0.0417664088308811,0
34,34,20.241287231445312,97.14324951171876,9.851789474487305,409.709716796875,9436.810546875,0.0052687833085656,4.158734321594238,95.78778839111328,0.0534804724156856,0
35,35,15.466552734375,82.653564453125,7.0761027336120605,239.21424865722656,6831.61181640625,0.005276545882225,3.3805932998657227,96.54483795166016,0.0745685324072837,0
36,36,10.534881591796877,66.6112060546875,4.553322792053223,110.98372650146484,4437.052734375,0.0052863024175167,2.437422752380371,97.44647979736328,0.1160976812243461,0
37,37,5.639373779296875,49.62158203125,2.499401807785034,31.802536010742188,2462.301513671875,0.0052974228747189,1.272405982017517,98.51564025878906,0.2119476199150085,0
38,38,0.965576171875,32.3013916015625,1.0496214628219604,0.9323373436927797,1043.3798828125,0.0053092609159648,0.0888260602951049,99.40535736083984,0.5058262348175049,0
39,39,3.31378173828125,15.26025390625,0.2491776943206787,10.981149673461914,232.87535095214844,0.0053211748600006,4.406955242156982,93.45755004882812,2.1354939937591557,0
40,40,7.04693603515625,0.91668701171875,0.0558321624994277,49.65930938720703,0.8403151035308838,0.0053325365297496,88.94391632080078,1.5050736665725708,9.55101203918457,0
41,41,10.109527587890623,15.68792724609375,0.3536563813686371,102.20254516601562,246.11106872558597,0.0053427615202963,28.898828506469727,69.5904541015625,1.5107210874557495,0
42,42,12.412689208984377,28.5828857421875,0.9764076471328736,154.07485961914062,816.9813842773438,0.0053513394668698,15.779767990112305,83.67216491699219,0.5480640530586243,0
43,43,13.907135009765623,39.21759033203125,1.7367857694625854,193.4084014892578,1538.0194091796875,0.0053578475490212,11.13599681854248,88.55551147460938,0.3084921240806579,0
44,44,14.5865478515625,47.32147216796875,2.457451343536377,212.7673797607422,2239.32177734375,0.0053619891405105,8.658050537109375,91.1237564086914,0.2181930989027023,0
45,45,14.486541748046877,52.74468994140625,2.997225761413574,209.85989379882807,2782.002197265625,0.0053635998629033,7.001805305480957,92.81924438476562,0.1789521425962448,0
46,46,13.681884765625,55.46588134765625,3.269020795822144,187.1939697265625,3076.464111328125,0.0053626578301191,5.726301193237305,94.10965728759766,0.1640447825193405,0
47,47,12.27972412109375,55.58868408203125,3.2462527751922607,150.7916259765625,3090.101806640625,0.0053592775948345,4.645098209381104,95.1898193359375,0.1650912016630172,0
48,48,10.409393310546877,53.32635498046875,2.957409620285034,108.35546875,2843.7001953125,0.0053536933846771,3.663864374160767,96.15510559082033,0.1810264438390731,0
49,49,8.215484619140625,48.98638916015625,2.4725067615509038,67.49418640136719,2399.666259765625,0.0053462353534996,2.729787826538086,97.0539779663086,0.2162273228168487,0
50,50,5.8450927734375,42.94677734375,1.8839281797409055,34.16510772705078,1844.4256591796875,0.0053373090922832,1.8135038614273071,97.90319061279295,0.2833074629306793,0
51,51,3.439788818359375,35.62554931640625,1.286339282989502,11.832146644592283,1269.1798095703125,0.0053273565135896,0.9198309779167176,98.66602325439452,0.4141486287117004,0
52,52,1.1282958984375,27.46368408203125,0.7608438730239868,1.273051619529724,754.2539672851562,0.005316833499819,0.1673210114240646,99.13387298583984,0.698807418346405,0
53,53,0.98004150390625,18.893798828125,0.3632423281669616,0.960481345653534,356.97564697265625,0.0053061824291944,0.2644189298152923,98.2748031616211,1.4607831239700315,0
54,54,2.799652099609375,10.32550048828125,0.1197498217225074,7.838051795959473,106.61595916748048,0.0052958116866648,6.545355796813965,89.0322494506836,4.422396659851074,0
55,55,4.269287109375,2.12890625,0.0280451346188783,18.2268123626709,4.532241821289063,0.0052860789000988,64.99100494384766,16.16053009033203,18.84847068786621,0
56,56,5.352996826171875,5.380859375,0.062885507941246,28.65457534790039,28.95364761352539,0.0052772820927202,45.56626510620117,46.04184722900391,8.391889572143555,0
57,57,6.038787841796875,11.947021484375,0.1844679415225982,36.46695709228516,142.7313232421875,0.0052696503698825,19.76872444152832,77.37459564208984,2.856675386428833,0
58,58,6.3368988037109375,17.37548828125,0.3473272323608398,40.156288146972656,301.9075927734375,0.0052633471786975,11.561514854431152,86.923095703125,1.5153857469558716,0
59,59,6.275680541992188,21.53955078125,0.5085949301719666,39.3841667175293,463.9522399902344,0.0052584637887775,7.743720054626465,91.22235870361328,1.0339198112487793,0
60,60,5.89801025390625,24.37408447265625,0.6341376304626465,34.78652572631836,594.0960083007812,0.0052550304681062,5.485642910003662,93.6856689453125,0.8286892175674438,0
61,61,5.258148193359375,25.87469482421875,0.7024010419845581,27.648122787475582,669.4998168945312,0.0052530188113451,3.9362306594848633,95.3158950805664,0.7478660345077515,0
62,62,4.418548583984375,26.0936279296875,0.7056533694267273,19.523571014404297,680.87744140625,0.0052523463964462,2.7667369842529297,96.48893737792967,0.7443238496780396,0
63,63,3.444793701171875,25.1290283203125,0.6485875844955444,11.86660385131836,631.4680786132812,0.0052528860978782,1.8296070098876955,97.3604965209961,0.8098961710929871,0
64,64,2.402069091796875,23.12261962890625,0.5456799864768982,5.7699360847473145,534.655517578125,0.0052544763311743,1.0573846101760864,97.97969818115234,0.9629226922988892,0
65,65,1.353851318359375,20.24786376953125,0.4170658588409424,1.832913398742676,409.9759826660156,0.0052569261752069,0.439478188753128,98.30006408691406,1.2604546546936035,0
66,66,0.356781005859375,16.70379638671875,0.2844041287899017,0.1272926926612854,279.0168151855469,0.0052600242197513,0.0447576828300952,98.1057586669922,1.849489450454712,0
67,67,0.540191650390625,12.70574951171875,0.1669914275407791,0.2918070256710052,161.43606567382812,0.005263552069664,0.1747437268495559,96.67327117919922,3.151989459991455,0
68,68,1.298187255859375,8.4725341796875,0.0787364169955253,1.6852900981903076,71.7838363647461,0.0052672866731882,2.140420198440552,91.16980743408205,6.689772129058838,0
69,69,1.890167236328125,4.2196044921875,0.0266488082706928,3.5727322101593018,17.80506134033203,0.0052710133604705,13.40672492980957,66.81372833251953,19.7795467376709,0
70,70,2.300537109375,0.15045166015625,0.010589643381536,5.292470932006836,0.0226357020437717,0.005274536088109,49.97780227661133,0.213753193616867,49.808441162109375,0
71,71,2.526947021484375,3.556884765625,0.0243145748972892,6.385461330413818,12.651429176330566,0.005277685355395,26.261865615844727,52.03228759765625,21.70585060119629,0
72,72,2.575927734375,6.752197265625,0.0575078949332237,6.635403633117676,45.592166900634766,0.0052803200669586,11.538248062133787,79.27984619140625,9.181904792785645,0
73,73,2.466094970703125,9.32012939453125,0.09822878241539,6.081624507904053,86.86481475830078,0.0052823363803327,6.191286087036133,88.4311294555664,5.377584934234619,0
74,74,2.221893310546875,11.18414306640625,0.1353055387735366,4.93681001663208,125.08505249023438,0.0052836700342595,3.6486387252807617,92.44636535644533,3.904991626739502,0
75,75,1.875701904296875,12.3123779296875,0.1603972166776657,3.5182576179504395,151.5946502685547,0.005284302867949,2.1934657096862797,94.51202392578124,3.2945103645324707,0
76,76,1.460174560546875,12.709228515625,0.168940857052803,2.1321096420288086,161.5244903564453,0.0052842460572719,1.26204514503479,95.6100845336914,3.1278674602508545,0
77,77,1.010284423828125,12.41790771484375,0.1605086773633957,1.0206745862960815,154.20443725585938,0.0052835550159215,0.6358999013900757,96.07234191894533,3.291756629943848,0
78,78,0.558868408203125,11.51275634765625,0.1381382048130035,0.3123339116573334,132.54356384277344,0.0052823107689619,0.2261024862527847,95.94996643066406,3.823931932449341,0
79,79,0.134429931640625,10.09613037109375,0.107230544090271,0.0180714055895805,101.93184661865234,0.0052806171588599,0.0168528538197278,95.05860137939452,4.924545764923096,0
80,80,0.239227294921875,8.2861328125,0.0739958211779594,0.0572296977043151,68.65999603271484,0.0052785952575504,0.0773418024182319,92.78902435302734,7.133639812469482,0
81,81,0.544708251953125,6.21246337890625,0.0441677793860435,0.2967070937156677,38.59469985961914,0.0052763717249035,0.6717727780342102,87.38202667236328,11.94620132446289,0
82,82,0.771575927734375,4.0084228515625,0.0219368562102317,0.5953294038772583,16.067453384399414,0.0052740732207894,2.713832139968872,73.24411010742188,24.042064666748047,0
83,83,0.91583251953125,1.80035400390625,0.0093518421053886,0.8387492299079895,3.24127459526062,0.0052718184888362,8.9688138961792,34.65921401977539,56.37198257446289,0
84,84,0.9794921875,0.29449462890625,0.0063158483244478,0.9594049453735352,0.0867270827293396,0.0052697164937853,15.190437316894531,1.3731660842895508,83.4364013671875,0
85,85,0.96923828125,2.17657470703125,0.0109447557479143,0.939422845840454,4.7374773025512695,0.00526785524562,8.583314895629883,43.28536605834961,48.13132095336914,0
86,86,0.89691162109375,3.76434326171875,0.0202410351485013,0.8044504523277283,14.170280456542969,0.0052663027308881,3.974354267120361,70.0076904296875,26.01795196533203,0
87,87,0.776153564453125,4.999267578125,0.0308601986616849,0.6024143695831299,24.99267578125,0.0052651083096861,1.9520756006240845,80.98676300048828,17.061161041259766,0
88,88,0.622711181640625,5.84869384765625,0.0398592837154865,0.3877692222595215,34.207218170166016,0.0052642947994172,0.972845494747162,85.81996154785156,13.207199096679688,0
89,89,0.451568603515625,6.300048828125,0.0451583936810493,0.2039142102003097,39.690616607666016,0.0052638640627264,0.4515532851219177,87.89199829101562,11.65644645690918,0
90,90,0.277740478515625,6.36474609375,0.0458509363234043,0.0771397724747657,40.50999450683594,0.0052638016641139,0.1682403534650802,88.35150909423828,11.48024845123291,0
91,91,0.114166259765625,6.0745849609375,0.0421776883304119,0.0130339348688721,36.90058135986328,0.005264070816338,0.0309024415910244,87.48839569091797,12.48069953918457,0
92,92,0.0296630859375,5.47515869140625,0.0352428704500198,0.0008798986673355,29.97736358642578,0.0052646249532699,0.0024966716300696,85.05937194824219,14.938127517700195,0
93,93,0.14599609375,4.6275634765625,0.0267010610550642,0.0213148593902587,21.414342880249023,0.0052654026076197,0.0798277631402015,80.20034790039062,19.719825744628903,0
94,94,0.2305908203125,3.60003662109375,0.0182797741144895,0.0531721264123916,12.9602632522583,0.0052663390524685,0.2908795773983001,70.89947509765625,28.80965232849121,0
95,95,0.2825927734375,2.46624755859375,0.0114296013489365,0.0798586755990982,6.082376956939697,0.0052673653699457,0.6987004280090332,53.21600341796875,46.085296630859375,0
96,96,0.303253173828125,1.29925537109375,0.007048440631479,0.0919624865055084,1.6880645751953125,0.0052684135735034,1.304721117019653,23.94947624206543,74.74580383300781,0
97,97,0.2962646484375,0.16729736328125,0.0053851837292313,0.0877727419137954,0.0279884077608585,0.0052694221958518,1.6298930644989014,0.5197299122810364,97.85037231445312,0
98,98,0.267822265625,0.86688232421875,0.0060935486108064,0.071728765964508,0.7514849901199341,0.0052703348919749,1.177126407623291,12.33246898651123,86.49040222167969,0
99,99,0.224334716796875,1.7540283203125,0.0083980485796928,0.0503260642290115,3.076615333557129,0.0052711069583892,0.5992590188980103,36.6348876953125,62.76585388183594,0
0,0,463.1589965820313,704.6339111328125,711.0289306640625,214516.25,496508.9375,0.003708183998242,30.169836044311523,69.82964324951172,0.0005215236451476,1
1,1,432.6282958984375,659.6663818359375,622.3306884765625,187167.25,435159.75,0.0037089597899466,30.0752067565918,69.92420196533203,0.0005959789268672,1
2,2,402.9558715820313,614.0508422851562,539.4356079101562,162373.4375,377058.4375,0.0037149786949157,30.100616455078125,69.89869689941406,0.0006886788178235,1
3,3,374.1026306152344,567.4771728515625,461.9868774414063,139952.78125,322030.34375,0.0037261070683598,30.293672561645508,69.70552062988281,0.0008065396104939,1
4,4,345.8879699707031,519.759521484375,389.792236328125,119638.484375,270149.96875,0.0037420969456434,30.692886352539062,69.30615234375,0.0009600234916433,1
5,5,318.1493225097656,470.7518005371094,322.8300170898437,101218.9921875,221607.25,0.0037627089768648,31.353649139404297,68.64518737792969,0.0011655387934297,1
6,6,290.7336730957031,420.3612365722656,261.2334289550781,84526.0703125,176703.5625,0.0037877582944929,32.356529235839844,67.64202117919922,0.0014499515527859,1
7,7,263.50341796875,368.5474853515625,205.26513671875,69434.0546875,135827.25,0.0038170863408595,33.82652282714844,66.17161560058594,0.0018595881992951,1
8,8,236.33709716796875,315.3333740234375,155.29421997070312,55855.22265625,99435.140625,0.0038505266420543,35.96735763549805,64.03016662597656,0.0024795040953904,1
9,9,209.12664794921875,260.8343505859375,111.77239990234376,43733.953125,68034.5546875,0.00388785591349,39.127685546875,60.86883544921875,0.0034783682785928,1
10,10,181.77706909179688,205.29766845703125,75.1939697265625,33042.90234375,42147.1328125,0.0039287456311285,43.94355392456055,56.05121994018555,0.0052248146384954,1
11,11,154.2122802734375,149.16204833984375,46.03472137451172,23781.427734375,22249.31640625,0.0039726910181343,51.659767150878906,48.33160018920898,0.0086297709494829,1
12,12,126.38961791992188,93.1282958984375,24.651235580444336,15974.3359375,8672.8798828125,0.0040189148858189,64.8013687133789,35.182334899902344,0.0163030978292226,1
13,13,98.32609558105467,38.24578857421875,11.134828567504885,9668.021484375,1462.7403564453125,0.004066246561706,86.82685852050781,13.136622428894045,0.0365182682871818,1
14,14,70.1397705078125,14.01507568359375,5.120123386383057,4919.58740234375,196.4223480224609,0.004112999420613,96.08338165283205,3.836281538009644,0.0803300812840461,1
15,15,42.09478759765625,61.75555419921875,5.589876651763916,1771.97119140625,3813.74853515625,0.004156928975135,31.699647903442383,68.22598266601562,0.074365310370922,1
16,16,14.6463623046875,102.81671142578124,10.789987564086914,214.51593017578125,10571.2763671875,0.0041953912004828,1.9881017208099363,97.9730224609375,0.0388822592794895,1
17,17,11.560821533203123,135.19598388671875,18.41583251953125,133.652587890625,18277.953125,0.0042258300818502,0.7257483601570129,99.25130462646484,0.0229467228055,1
18,18,35.764801025390625,157.57330322265625,26.11271476745605,1279.1209716796875,24829.345703125,0.0042463997378945,4.898460388183594,95.08528137207033,0.0162618085741996,1
19,19,57.220703125,169.60272216796875,32.043548583984375,3274.208984375,28765.083984375,0.004256329499185,10.217997550964355,89.76872253417969,0.0132829528301954,1
20,20,75.32620239257812,171.86614990234375,35.21626663208008,5674.03662109375,29537.97265625,0.0042558759450912,16.111976623535156,83.87593841552734,0.0120849721133708,1
21,21,89.69119262695312,165.59429931640625,35.47023010253906,8044.51025390625,27421.47265625,0.0042460220865905,22.679611206054688,77.30842590332031,0.0119706634432077,1
22,22,100.15505981445312,152.36920166015625,33.25164031982422,10031.0361328125,23216.373046875,0.004228170029819,30.16704368591309,69.82023620605469,0.0127156730741262,1
23,23,106.763427734375,133.89501953125,29.33051109313965,11398.4296875,17927.876953125,0.0042039095424115,38.86202239990234,61.1236457824707,0.0143328886479139,1
24,24,109.727783203125,111.8460693359375,24.553905487060547,12040.1865234375,12509.54296875,0.0041748704388737,49.03573226928711,50.947265625,0.0170028768479824,1
25,25,109.38201904296876,87.7696533203125,19.672080993652344,11964.42578125,7703.51220703125,0.0041426261886954,60.81932067871094,39.15962219238281,0.0210584048181772,1
26,26,106.14047241210938,63.03277587890625,15.243040084838867,11265.7998046875,3973.130859375,0.0041086398996412,73.9078369140625,26.06521224975586,0.0269542019814252,1
27,27,100.46234130859376,38.78302001953125,11.600878715515137,10092.681640625,1504.1226806640625,0.0040742112323641,86.99928283691406,12.96559238433838,0.0351198501884937,1
28,28,92.819580078125,15.943603515625,8.873713493347168,8615.474609375,254.198486328125,0.0040404545143246,97.08984375,2.864623546600342,0.0455328486859798,1
29,29,83.67333984375,4.78485107421875,7.028131484985352,7001.22802734375,22.894800186157227,0.0040082861669361,99.6172103881836,0.3257594406604767,0.0570320300757885,1
30,30,73.45355224609375,22.90869140625,5.924210548400879,5395.42431640625,524.8081665039062,0.0039784191176295,91.07415008544922,8.858702659606934,0.0671552643179893,1
31,31,62.548614501953125,38.11590576171875,5.369102954864502,3912.3291015625,1452.822265625,0.0039513716474175,72.86746215820312,27.05894088745117,0.0735946372151374,1
32,32,51.29855346679688,50.249267578125,5.160458564758301,2631.54150390625,2524.989013671875,0.0039274902082979,50.99433517456055,48.92955017089844,0.0761073902249336,1
33,33,39.99411010742188,59.27838134765625,5.1173624992370605,1599.52880859375,3513.926513671875,0.0039069671183824,31.256898880004883,68.66675567626953,0.0763472840189933,1
34,34,28.880035400390625,65.2744140625,5.098695755004883,834.0564575195312,4260.7490234375,0.003889868967235,16.358232498168945,83.56547546386719,0.076291449368,1
35,35,18.15805053710937,68.38336181640625,5.009875297546387,329.7148132324219,4676.2841796875,0.0038761589676141,6.581298351287842,93.3413314819336,0.0773703679442405,1
36,36,7.99542236328125,68.81494140625,4.80328893661499,63.92677688598633,4735.49609375,0.0038657181430608,1.330896019935608,98.58863067626952,0.0804806500673294,1
37,37,1.472076416015625,66.822509765625,4.471273422241211,2.167008876800537,4465.248046875,0.0038583639543503,0.0484651401638984,99.86524963378906,0.0862922817468643,1
38,38,10.133163452148438,62.696044921875,4.037329196929932,102.68099975585938,3930.7939453125,0.0038538621738553,2.543290376663208,97.36125183105467,0.0954557359218597,1
39,39,17.89776611328125,56.75750732421875,3.5455968379974365,320.3300170898437,3221.41455078125,0.0038519348017871,9.034586906433104,90.85677337646484,0.1086399555206298,1
40,40,24.69305419921875,49.35247802734375,3.0492663383483887,609.7469482421875,2435.6669921875,0.0038522710092365,19.99651527404785,79.87715148925781,0.1263343542814254,1
41,41,30.462188720703125,40.8492431640625,2.600460290908813,927.9449462890624,1668.66064453125,0.0038545313291251,35.683876037597656,64.16790008544922,0.1482249647378921,1
42,42,35.16290283203125,31.62774658203125,2.240602493286133,1236.4296875,1000.3143310546876,0.0038583553396165,55.18291091918945,44.64488220214844,0.1722016781568527,1
43,43,38.76841735839844,22.0750732421875,1.9941625595092771,1502.990234375,487.3088684082031,0.0038633686490356,75.36949920654297,24.436769485473636,0.1937338858842849,1
44,44,41.268798828125,12.5784912109375,1.865201473236084,1703.11376953125,158.21844482421875,0.0038691898807883,91.3099136352539,8.482646942138672,0.2074408531188964,1
45,45,42.67164611816406,3.50421142578125,1.837024450302124,1820.869384765625,12.279498100280762,0.0038754474371671,99.12059020996094,0.6684449911117554,0.2109633088111877,1
46,46,43.005157470703125,4.806884765625,1.8764315843582156,1849.443603515625,23.106142044067383,0.0038817841559648,98.5617446899414,1.231387495994568,0.2068705409765243,1
47,47,42.31828308105469,12.06219482421875,1.9402216672897337,1790.8370361328125,145.49655151367188,0.0038878787308931,92.30064392089844,7.498966217041016,0.2003832310438156,1
48,48,40.68223571777344,18.0252685546875,1.983848214149475,1655.0443115234375,324.9103088378906,0.0038934522308409,83.42596435546875,16.37778091430664,0.1962575614452362,1
49,49,38.18768310546875,22.536865234375,1.9701077938079836,1458.2991943359375,507.9103088378906,0.0038982867263257,74.02129364013672,25.780838012695312,0.1978717446327209,1
50,50,34.944732666015625,25.5086669921875,1.875728726387024,1221.1343994140625,650.6920776367188,0.0039022250566631,65.10186767578125,34.69009780883789,0.2080378085374832,1
51,51,31.079086303710938,26.9388427734375,1.6955161094665527,965.9096069335938,725.7012329101562,0.0039051813073456,56.96847534179688,42.80120086669922,0.2303240299224853,1
52,52,26.727081298828125,26.8994140625,1.441822528839111,714.3368530273438,723.5784912109375,0.003907133359462,49.54402160644531,50.18498992919922,0.2709857523441314,1
53,53,22.032928466796875,25.5302734375,1.1411529779434204,485.449951171875,651.7948608398438,0.0039081200957298,42.540306091308594,57.117225646972656,0.342471182346344,1
54,54,17.142669677734375,23.02899169921875,0.8281137943267822,293.8711242675781,530.33447265625,0.0039082313887774,35.4868049621582,64.041259765625,0.4719437658786773,1
55,55,12.200515747070312,19.62811279296875,0.5380229949951172,148.8525848388672,385.2628173828125,0.0039075911045074,27.666584014892575,71.60713958740234,0.7262870073318481,1
56,56,7.344207763671875,15.587646484375,0.3008184731006622,53.9373893737793,242.97471618652344,0.0039063524454832,17.930212020874023,80.7712173461914,1.298574686050415,1
57,57,2.701263427734375,11.17242431640625,0.1360245794057846,7.296823978424072,124.82306671142578,0.0039046781603246,5.364342212677002,91.7650909423828,2.870568037033081,1
58,58,1.61480712890625,6.64013671875,0.0506017543375492,2.607602119445801,44.09141540527344,0.0039027323946356,5.15318489074707,87.13417053222656,7.712642192840576,1
59,59,5.5064697265625,2.23016357421875,0.0391955077648162,30.321208953857425,4.973629474639893,0.0039006695151329,77.35888671875,12.689285278320312,9.951828002929688,1
60,60,8.895355224609375,1.8507080078125,0.0864510983228683,79.1273422241211,3.425120115280152,0.0038986278232187,91.5284423828125,3.96191668510437,4.509634017944336,1
61,61,11.722991943359377,5.430419921875,0.1708147376775741,137.4285430908203,29.48945999145508,0.0038967228028923,80.4547348022461,17.264001846313477,2.281256675720215,1
62,62,13.951812744140623,8.379150390625,0.2687582969665527,194.653076171875,70.21015930175781,0.0038950480520725,72.42681121826172,26.12390518188477,1.4492754936218262,1
63,63,15.56561279296875,10.61077880859375,0.3587706089019775,242.28829956054688,112.58863067626952,0.0038936680648475,67.5329360961914,31.38178825378418,1.0852806568145752,1
64,64,16.5675048828125,12.0792236328125,0.4242824912071228,274.4822082519531,145.9076385498047,0.0038926226552575,64.69327545166016,34.38926696777344,0.9174601435661316,1
65,65,16.979522705078125,12.78143310546875,0.4555611610412597,288.30419921875,163.3650360107422,0.0038919269572943,63.2855110168457,35.86017990112305,0.8543149828910828,1
66,66,16.840484619140625,12.750244140625,0.4500622749328613,283.6019287109375,162.5687255859375,0.0038915728218853,63.01393508911133,36.12138748168945,0.8646743297576904,1
67,67,16.20281982421875,12.0521240234375,0.4116765856742859,262.5313720703125,145.25369262695312,0.003891531843692,63.77126693725586,35.283451080322266,0.9452885985374452,1
68,68,15.13043212890625,10.77886962890625,0.3490057587623596,228.9299774169922,116.18402862548828,0.0038917581550776,65.59490203857422,33.29000473022461,1.1150985956192017,1
69,69,13.69561767578125,9.043212890625,0.2732418775558471,187.5699462890625,81.77970123291016,0.0038921933155506,68.64612579345703,29.92941665649414,1.424449801445007,1
70,70,11.975738525390623,6.97540283203125,0.1959673464298248,143.41831970214844,48.656246185302734,0.003892766777426,73.18480682373047,24.828752517700195,1.986436367034912,1
71,71,10.05126953125,4.70941162109375,0.1270999908447265,101.02802276611328,22.17855834960937,0.0038934061303734,79.48704528808594,17.44969367980957,3.063262224197388,1
72,72,8.0020751953125,2.380615234375,0.0735945776104927,64.03321075439453,5.667328834533691,0.0038940357044339,87.008056640625,7.700742721557617,5.291199207305908,1
73,73,5.904998779296875,0.12060546875,0.0387781411409378,34.86901092529297,0.0145456790924072,0.003894583787769,89.91924285888672,0.0375099964439868,10.04324436187744,1
74,74,3.8319091796875,1.95367431640625,0.022395359352231,14.683527946472168,3.816843271255493,0.0038949879817664,65.56504821777344,17.043010711669922,17.391942977905273,1
75,75,1.847686767578125,3.74359130859375,0.0213236212730407,3.413946390151977,14.01447582244873,0.0038951968308538,16.010164260864258,65.7227783203125,18.267051696777344,1
76,76,0.007781982421875,5.172119140625,0.030646052211523,6.055925041437149e-05,26.750816345214844,0.0038951742462813,0.0001976086641661,87.28960418701172,12.710198402404783,1
77,77,1.64178466796875,6.186767578125,0.0448664501309394,2.6954569816589355,38.27609252929688,0.0038948999717831,6.007734298706055,85.31117248535156,8.681097030639648,1
78,78,3.066314697265625,6.76446533203125,0.0590546578168869,9.4022855758667,45.75799179077149,0.0038943756371736,15.9213285446167,77.48414611816406,6.594527721405029,1
79,79,4.241912841796875,6.90740966796875,0.0695997476577758,17.993824005126953,47.71230697631836,0.003893616143614,25.853290557861328,68.55241394042969,5.594296455383301,1
80,80,5.15557861328125,6.64117431640625,0.0745778456330299,26.57999038696289,44.10519790649414,0.0038926547858864,35.640602111816406,59.13981246948242,5.21958589553833,1
81,81,5.804656982421875,6.01416015625,0.0737557113170623,33.69404220581055,36.17012405395508,0.0038915378972887,45.68330001831055,49.04043960571289,5.2762532234191895,1
82,82,6.19561767578125,5.091796875,0.0682023912668228,38.38567733764648,25.92639541625977,0.0038903220556676,56.282012939453125,38.01391220092773,5.704084396362305,1
83,83,6.3432464599609375,3.95159912109375,0.0597409829497337,40.23677444458008,15.615135192871094,0.0038890708237886,67.35204315185547,26.138063430786133,6.509887218475342,1
84,84,6.269073486328125,2.677001953125,0.0503554716706275,39.3012809753418,7.16633939743042,0.0038878470659255,78.04769134521484,14.231501579284668,7.720803260803223,1
85,85,5.999420166015625,1.3519287109375,0.0417074672877788,35.9930419921875,1.8277112245559688,0.0038867122493684,86.29879760742188,4.382215976715088,9.318984031677246,1
86,86,5.564727783203125,0.05657958984375,0.0348551198840141,30.966196060180664,0.0032012499868869,0.0038857222534716,88.84261322021484,0.0091844471171498,11.148210525512695,1
87,87,4.997039794921875,1.1370849609375,0.0301482938230037,24.970407485961918,1.2929621934890747,0.0038849236443638,82.82527923583984,4.288674354553223,12.88604736328125,1
88,88,4.330230712890625,2.16839599609375,0.0273371897637844,18.75089836120605,4.701941013336182,0.0038843497168272,68.59117126464844,17.199798583984375,14.209030151367188,1
89,89,3.596893310546875,2.99139404296875,0.0257701016962528,12.937641143798828,8.94843864440918,0.0038840230554342,50.20407485961914,34.7241096496582,15.071818351745604,1
90,90,2.82830810546875,3.57562255859375,0.0246683545410633,7.999326705932617,12.785077095031738,0.003883950645104,32.42748260498047,51.82785415649414,15.744668006896973,1
91,91,2.054046630859375,3.906494140625,0.0233639292418956,4.219107627868652,15.260696411132812,0.0038841255009174,18.05821228027344,65.31733703613281,16.624454498291016,1
92,92,1.2996826171875,3.98492431640625,0.0214533265680074,1.6891748905181885,15.879621505737305,0.0038845301605761,7.873720645904541,74.01939392089844,18.106889724731445,1
93,93,0.587493896484375,3.82647705078125,0.0188722088932991,0.3451490700244903,14.641926765441896,0.0038851331919431,1.8288748264312744,77.58460235595703,20.586530685424805,1
94,94,0.063446044921875,3.46051025390625,0.0158650521188974,0.0040254006162285,11.975131034851074,0.0038858954794704,0.0253727547824382,75.481201171875,24.493431091308597,1
95,95,0.63916015625,2.9224853515625,0.012836217880249,0.4085257053375244,8.54092025756836,0.0038867716211825,3.182601928710937,66.53767395019531,30.279726028442383,1
96,96,1.1297607421875,2.25885009765625,0.010266475379467,1.2763593196868896,5.10240364074707,0.0038877120241522,12.43230438232422,49.69966506958008,37.8680305480957,1
97,97,1.528289794921875,1.51873779296875,0.008530898950994,2.335669755935669,2.3065645694732666,0.0038886643014848,27.378944396972656,27.037769317626957,45.583290100097656,1
98,98,1.832611083984375,0.7501220703125,0.0078107272274792,3.358463287353516,0.56268310546875,0.0038895807228982,42.99808883666992,7.203979015350342,49.79793548583984,1
99,99,2.043548583984375,0.00335693359375,0.0080665173009037,4.176090717315674,1.126900315284729e-05,0.0038904151879251,51.77067947387695,0.0001397009764332,48.22918319702149,1
0,0,267.3320007324219,826.4374389648438,754.4680786132812,71466.3984375,682998.8125,0.0028453231789171,9.47242259979248,90.5271987915039,0.0003771296760533,2
1,1,260.34136962890625,809.4230346679688,722.9461059570312,67777.625,655165.625,0.0028500379994511,9.375197410583496,90.6244125366211,0.000394225527998,2
2,2,253.24655151367188,791.84619140625,691.1570434570312,64133.81640625,627020.375,0.0028557679615914,9.279196739196776,90.72039031982422,0.0004131865280214,2
3,3,246.04046630859372,773.6309204101562,659.0435791015625,60535.91015625,598504.8125,0.0028626718558371,9.185418128967283,90.81414794921876,0.0004343676264397,2
4,4,238.68765258789065,754.7021484375,626.5499877929688,56971.796875,569575.3125,0.0028708286117762,9.092937469482422,90.90660095214844,0.000458196242107,2
5,5,231.14678955078125,734.9710693359375,593.6142578125,53428.83984375,540182.5,0.0028803306631743,9.000598907470703,90.99891662597656,0.0004852192359976,2
6,6,223.38226318359372,714.3374633789062,560.1805419921875,49899.63671875,510278.0,0.0028912569396197,8.907777786254883,91.09170532226562,0.0005161294830031,2
7,7,215.35708618164065,692.6976318359375,526.2116088867188,46378.67578125,479830.0,0.00290367170237,8.813693046569824,91.18575286865234,0.0005518068792298,2
8,8,207.03372192382807,669.9450073242188,491.6921997070313,42862.9609375,448826.3125,0.0029176399111747,8.717438697814941,91.28196716308594,0.0005933874635957,2
9,9,198.3741455078125,645.96826171875,456.6302490234375,39352.30078125,417275.0,0.0029332325793802,8.617980003356934,91.38138580322266,0.0006423649028874,2
10,10,189.34088134765625,620.6502075195312,421.05963134765625,35849.96875,385206.6875,0.0029505286365747,8.514226913452148,91.48506927490234,0.0007007388630881,2
11,11,179.89797973632812,593.8680419921875,385.0455017089844,32363.283203125,352679.25,0.0029696112032979,8.405054092407227,91.59417724609376,0.0007712364313192,2
12,12,170.01214599609375,565.495361328125,348.692138671875,28904.12890625,319785.0,0.0029905634000897,8.289298057556152,91.7098388671875,0.0008576515247114,2
13,13,159.65252685546875,535.4022216796875,312.1474914550781,25488.9296875,286655.53125,0.0030134732369333,8.165669441223145,91.83336639404295,0.0009654004243202,2
14,14,148.79241943359375,503.4573059082031,275.61151123046875,22139.18359375,253469.265625,0.0030384303536266,8.032750129699707,91.96614837646484,0.0011024322593584,2
15,15,137.40780639648438,469.53070068359375,239.3430633544922,18880.904296875,220459.078125,0.0030655236914753,7.888636589050293,92.11007690429688,0.0012808074243366,2
16,16,125.48040771484376,433.4986267089844,203.66949462890625,15745.3330078125,187921.0625,0.0030948384664952,7.730825901031494,92.26765441894533,0.0015195395098999,2
17,17,112.99827575683594,395.2503967285156,168.99462890625,12768.6103515625,156222.875,0.003126448020339,7.555631637573242,92.44251251220705,0.0018500280566513,2
18,18,99.95956420898438,354.70086669921875,135.8077850341797,9991.9140625,125812.703125,0.0031604045070707,7.357394695281982,92.64027404785156,0.0023271159734576,2
19,19,86.37701416015625,311.8006591796875,104.683837890625,7460.98876953125,97219.6484375,0.0031967263203114,7.127164363861084,92.86978149414062,0.0030536961276084,2
20,20,72.28280639648438,266.55975341796875,76.28215026855469,5224.80419921875,71054.1015625,0.0032353796996176,6.849314212799072,93.14644622802734,0.004241332411766,2
21,21,57.73741149902344,219.07696533203125,51.33160018920898,3333.608642578125,47994.71484375,0.0032762493938207,6.4942626953125,93.49935913085938,0.0063825193792581,2
22,22,42.840606689453125,169.58905029296875,30.599082946777344,1835.317626953125,28760.4453125,0.0033190925605595,5.997950077056885,93.99120330810548,0.0108470320701599,2
23,23,27.74546813964844,118.52655029296876,14.821718215942385,769.8109741210938,14048.54296875,0.0033634863793849,5.193804264068604,94.78350067138672,0.0226929578930139,2
24,24,12.678543090820312,66.5986328125,4.599532127380371,160.74545288085938,4435.3779296875,0.0034087439998984,3.494821786880493,96.43106842041016,0.074110671877861,2
25,25,2.0418701171875,14.88543701171875,0.2291993051767349,4.169233798980713,221.57623291015625,0.0034538279287517,1.8190430402755735,96.6740493774414,1.5069103240966797,2
26,26,15.994293212890623,35.0841064453125,1.4902092218399048,255.81741333007807,1230.89453125,0.0034972713328897,17.166542053222656,82.5987777709961,0.2346832603216171,2
27,27,28.662567138671875,81.321533203125,7.438271999359131,821.542724609375,6613.19189453125,0.0035371715202927,11.044806480407717,88.90763854980469,0.0475536733865737,2
28,28,39.48825073242188,121.5516357421875,16.33769416809082,1559.3218994140625,14774.7998046875,0.0035713627003133,9.544321060180664,90.4338150024414,0.0218596495687961,2
29,29,47.9705810546875,153.60040283203125,25.897859573364254,2301.1767578125,23593.083984375,0.0035978120286017,8.885586738586426,91.10051727294922,0.0138923143967986,2
30,30,53.77716064453125,175.89886474609375,33.83600997924805,2891.98291015625,30940.41015625,0.00361510948278,8.547057151794434,91.4422607421875,0.0106842070817947,2
31,31,56.81265258789063,187.84539794921875,38.51719665527344,3227.677490234375,35285.89453125,0.0036227921955287,8.37983512878418,91.61075592041016,0.0094056483358144,2
32,32,57.211822509765625,189.83038330078125,39.3123893737793,3273.192626953125,36035.57421875,0.0036213309504091,8.326109886169434,91.66468048095705,0.0092116789892315,2
33,33,55.2794189453125,183.00396728515625,36.54988098144531,3055.814208984375,33490.453125,0.0036118756979703,8.360668182373047,91.62944793701172,0.0098820449784398,2
34,34,51.41940307617188,168.95379638671875,31.19293594360352,2643.955078125,28545.384765625,0.0035959456581622,8.476134300231934,91.51233673095705,0.0115280766040086,2
35,35,46.07293701171875,149.4354248046875,24.457237243652344,2122.715576171875,22330.9453125,0.0035751804243773,8.67929458618164,91.30608367919922,0.0146180875599384,2
36,36,39.67840576171875,126.180419921875,17.499425888061523,1574.3758544921875,15921.498046875,0.0035511751193553,8.996729850769043,90.98297882080078,0.0202930960804224,2
37,37,32.64227294921875,100.77862548828124,11.225374221801758,1065.5179443359375,10156.3310546875,0.0035253840032964,9.49204921722412,90.47654724121094,0.0314054936170578,2
38,38,25.325164794921875,74.61346435546875,6.212032318115234,641.3639526367188,5567.1689453125,0.0034990680869668,10.324543952941896,89.61913299560547,0.0563272684812545,2
39,39,18.0335693359375,48.8319091796875,2.713238477706909,325.2096252441406,2384.555419921875,0.0034732727799564,11.986032485961914,87.88595581054688,0.1280120760202407,2
40,40,11.01800537109375,24.34381103515625,0.7174664735794067,121.3964385986328,592.6211547851562,0.0034488271921873,16.920154571533203,82.59915161132812,0.4806952476501465,2
41,41,4.47283935546875,1.83013916015625,0.0267820544540882,20.00629234313965,3.349409341812134,0.0034263525158166,74.70037078857422,12.506170272827148,12.793463706970217,2
42,42,1.4581298828125,18.231689453125,0.3379269242286682,2.126142740249634,332.3945007324219,0.0034062839113175,0.6291723847389221,98.3628387451172,1.007994294166565,2
43,43,6.67608642578125,35.5369873046875,1.3108365535736084,44.57012939453125,1262.87744140625,0.0033888968173414,3.4001290798187256,96.34133911132812,0.2585293352603912,2
44,44,11.121109008789062,49.9239501953125,2.6194543838500977,123.67906188964844,2492.40087890625,0.0033743355888873,4.721558094024658,95.14962005615234,0.1288182586431503,2
45,45,14.765213012695312,61.343017578125,3.984340190887451,218.0115203857422,3762.9658203125,0.0033626393415033,5.471709728240967,94.4438934326172,0.0843963921070098,2
46,46,17.604949951171875,69.8306884765625,5.1896138191223145,309.93426513671875,4876.3251953125,0.0033537661656737,5.972203254699707,93.96317291259766,0.0646245777606964,2
47,47,19.657150268554688,75.48541259765625,6.087799072265625,386.403564453125,5698.04736328125,0.0033476173412054,6.347180366516113,93.59783172607422,0.0549889579415321,2
48,48,20.954421997070312,78.4564208984375,6.597842216491699,439.0877990722656,6155.41015625,0.0033440459519624,6.655021190643311,93.29429626464844,0.0506839305162429,2
49,49,21.540313720703125,78.92413330078125,6.696347236633301,463.985107421875,6229.01904296875,0.0033428759779781,6.928928375244141,93.02114868164062,0.0499208867549896,2
50,50,21.468429565429688,77.101318359375,6.40885066986084,460.8934631347656,5944.61328125,0.0033439025282859,7.191515922546387,92.75630950927734,0.0521763227880001,2
51,51,20.800018310546875,73.21954345703125,5.797089099884033,432.6407470703125,5361.1015625,0.0033469030167907,7.463069438934326,92.4792022705078,0.0577341988682746,2
52,52,19.602340698242188,67.5333251953125,4.948353290557861,384.2517700195313,4560.75,0.0033516341354697,7.765246391296387,92.16702270507812,0.0677323117852211,2
53,53,17.948989868164062,60.31610107421875,3.963556289672852,322.1662292480469,3638.031982421875,0.0033578369766473,8.128211975097656,91.78707122802734,0.0847177803516388,2
54,54,15.918487548828123,51.86138916015625,2.9463672637939453,253.3982391357422,2689.603759765625,0.0033652358688414,8.600361824035645,91.2854232788086,0.1142164468765258,2
55,55,13.593765258789062,42.4779052734375,1.992536544799805,184.7904510498047,1804.3724365234373,0.0033735390752553,9.274131774902344,90.55656433105467,0.1693087667226791,2
56,56,11.061660766601562,32.4927978515625,1.1815247535705566,122.36033630371094,1055.7818603515625,0.0033824418205767,10.356138229370115,89.35758209228516,0.2862776815891266,2
57,57,8.410919189453125,22.2418212890625,0.5688338279724121,70.74356079101562,494.6986083984375,0.0033916314132511,12.436595916748049,86.9671630859375,0.5962429046630859,2
58,58,5.7310791015625,12.06488037109375,0.1818074136972427,32.84526824951172,145.56134033203125,0.0034007909707725,18.065967559814453,80.06348419189453,1.870545744895935,2
59,59,3.11041259765625,2.29742431640625,0.0183624345809221,9.67466640472412,5.278158664703369,0.0034096094314008,52.68727493286133,28.74433135986328,18.568395614624023,2
60,60,0.632415771484375,6.74456787109375,0.0493069440126419,0.399949699640274,45.48919677734375,0.0034177931956946,0.8111428618431091,92.25718688964844,6.931666851043701,2
61,61,1.62713623046875,14.776123046875,0.2244064807891845,2.6475722789764404,218.3338165283203,0.0034250770695507,1.1798111200332642,97.2938995361328,1.5262826681137085,2
62,62,3.603515625,21.55828857421875,0.4811763763427734,12.98532485961914,464.7597961425781,0.0034312384668737,2.698662281036377,96.58824920654295,0.7130936980247498,2
63,63,5.245269775390625,26.9100341796875,0.7550989389419556,27.51285552978516,724.1499633789062,0.0034361081197857,3.643609523773194,95.90133666992188,0.4550540447235107,2
64,64,6.517303466796875,30.71942138671875,0.989597737789154,42.475242614746094,943.682861328125,0.00343957869336,4.292172908782959,95.3602523803711,0.3475734293460846,2
65,65,7.40185546875,32.94549560546875,1.143634796142578,54.7874641418457,1085.4056396484375,0.0034416103735566,4.790643692016602,94.9084243774414,0.3009361326694488,2
66,66,7.89923095703125,33.62432861328125,1.1964356899261477,62.39785003662109,1130.595458984375,0.00344223016873,5.215312004089356,94.49697875976562,0.2877070903778076,2
67,67,8.026031494140625,32.85760498046875,1.1474809646606443,64.41718292236328,1079.6221923828125,0.0034415281843394,5.613790988922119,94.08628845214844,0.2999202907085418,2
68,68,7.81365966796875,30.80548095703125,1.0134706497192385,61.05327606201172,948.9776611328124,0.0034396480768918,6.024178504943848,93.6364288330078,0.3393929600715637,2
69,69,7.305877685546875,27.67315673828125,0.8226162791252136,53.37584686279297,765.8035888671875,0.0034367744810879,6.488547325134277,93.09366607666016,0.4177858531475067,2
70,70,6.5552978515625,23.6966552734375,0.6079366207122803,42.97193145751953,561.531494140625,0.003433120669797,7.0684895515441895,92.36679077148438,0.5647168755531311,2
71,71,5.618896484375,19.1263427734375,0.4008179306983948,31.571998596191406,365.8169860839844,0.0034289141185581,7.876893043518066,91.2676239013672,0.8554791808128357,2
72,72,4.556365966796875,14.21209716796875,0.2261685729026794,20.76047134399414,201.98370361328125,0.0034243834670633,9.179203033447266,89.30670928955078,1.5140845775604248,2
73,73,3.42572021484375,9.19403076171875,0.0996855199337005,11.735559463500977,84.53020477294922,0.0034197466447949,11.7725830078125,84.79688262939453,3.430534839630127,2
74,74,2.281707763671875,4.28948974609375,0.0270211193710565,5.20619010925293,18.39972305297852,0.0034152045845985,19.26711654663086,68.09386444091797,12.639019966125488,2
75,75,1.17303466796875,0.31268310546875,0.0048847114667296,1.3760102987289429,0.0977707207202911,0.0034109302796423,28.169736862182617,2.001566171646118,69.82869720458984,2
76,76,0.14166259765625,4.45391845703125,0.0232645273208618,0.0200682915747165,19.83738899230957,0.0034070692490786,0.0862613320350647,85.26882934570312,14.64491081237793,2
77,77,0.77813720703125,8.01422119140625,0.0682369768619537,0.6054975390434265,64.22774505615234,0.0034037344157695,0.8873452544212341,94.12454223632812,4.9881086349487305,2
78,78,1.5609130859375,10.9066162109375,0.1247917413711547,2.4364497661590576,118.95427703857422,0.0034010056406259,1.9524129629135127,95.3222427368164,2.7253451347351074,2
79,79,2.189483642578125,13.0802001953125,0.1792844235897064,4.7938385009765625,171.09164428710938,0.0033989320509135,2.6738734245300293,95.43029022216795,1.8958323001861568,2
80,80,2.654052734375,14.5157470703125,0.2211484462022781,7.0439958572387695,210.7069091796875,0.0033975322730839,3.185189247131348,95.27850341796876,1.5363129377365112,2
81,81,2.95233154296875,15.2244873046875,0.2438980937004089,8.716261863708496,231.78501892089844,0.0033967979252338,3.573730945587158,95.03355407714844,1.3927119970321655,2
82,82,3.089630126953125,15.242919921875,0.2452891170978546,9.545814514160156,232.3466033935547,0.0033966968767344,3.891658782958984,94.72357177734376,1.384772777557373,2
83,83,3.07659912109375,14.63177490234375,0.2269514799118042,9.465461730957031,214.08883666992188,0.0033971746452152,4.170698642730713,94.33242797851562,1.4968726634979248,2
84,84,2.928680419921875,13.46929931640625,0.1933973729610443,8.577169418334961,181.42202758789065,0.0033981599844992,4.434998035430908,93.80791473388672,1.757086992263794,2
85,85,2.665985107421875,11.85089111328125,0.1509506702423095,7.107476711273193,140.44361877441406,0.0033995672129094,4.708476543426514,93.03941345214844,2.2521047592163086,2
86,86,2.310943603515625,9.88006591796875,0.1063574701547622,5.340460300445557,97.6156997680664,0.0034013018012046,5.021237373352051,91.78076934814452,3.1979904174804688,2
87,87,1.888275146484375,7.668212890625,0.0657703429460525,3.5655829906463623,58.801490783691406,0.0034032624680548,5.421262741088867,89.40426635742188,5.174463748931885,2
88,88,1.423492431640625,5.32867431640625,0.0338264480233192,2.026330709457397,28.3947696685791,0.0034053465351462,5.990374565124512,83.94251251220703,10.067112922668455,2
89,89,0.941131591796875,2.971923828125,0.0131255127489566,0.885728657245636,8.832331657409668,0.003407452488318,6.74814510345459,67.29132843017578,25.960529327392575,2
90,90,0.46575927734375,0.7005615234375,0.0041172062046825,0.2169317007064819,0.4907864332199096,0.0034094881266355,5.2689056396484375,11.92037582397461,82.81071472167969,2
91,91,0.018341064453125,1.39227294921875,0.0053501278162002,0.0003363946452736,1.938423991203308,0.0034113670699298,0.0062876003794372,36.23136138916016,63.76234817504883,2
92,92,0.382568359375,3.22833251953125,0.0139815080910921,0.1463585495948791,10.422130584716797,0.0034130187705159,1.0468008518218994,74.54225158691406,24.410947799682617,2
93,93,0.7220458984375,4.74786376953125,0.0264779478311538,0.5213502645492554,22.54220962524414,0.0034143873490393,1.9689980745315552,85.13579559326172,12.895211219787598,2
94,94,0.98992919921875,5.90887451171875,0.0393101945519447,0.9799598455429076,34.914798736572266,0.0034154339227825,2.492889881134033,88.81868743896484,8.688417434692383,2
95,95,1.17950439453125,6.6871337890625,0.0495251268148422,1.391230583190918,44.71775817871094,0.0034161377698183,2.809140920639038,90.29307556152344,6.897787094116211,2
96,96,1.289154052734375,7.082275390625,0.0552370399236679,1.6619181632995603,50.15862655639648,0.0034164963290095,3.008702516555786,90.80614471435548,6.185154438018799,2
97,97,1.321044921875,7.10882568359375,0.0556970909237861,1.74515962600708,50.535404205322266,0.0034165224060416,3.133305072784424,90.73258209228516,6.13411283493042,2
98,98,1.28125,6.79833984375,0.0512752756476402,1.6416015625,46.21742630004883,0.0034162453375756,3.201546192169189,90.1358871459961,6.662558555603027,2
99,99,1.178802490234375,6.1976318359375,0.0432159230113029,1.3895753622055054,38.410640716552734,0.0034157047048211,3.2154247760772705,88.8807601928711,7.903810501098633,2
0,0,257.48785400390625,908.091796875,890.93359375,66299.9921875,824630.6875,0.0028814258985221,7.44163179397583,92.55805206298828,0.0003234164614696,3
1,1,252.00987243652344,893.5075073242188,861.8675537109375,63508.9765625,798355.6875,0.0028752861544489,7.368763446807861,92.6309051513672,0.0003336111258249,3
2,2,246.65725708007807,879.2464599609375,833.9169921875,60839.80078125,773074.3125,0.002870952244848,7.295666694641113,92.70399475097656,0.0003442731394898,3
3,3,241.45314025878903,865.1880493164062,806.8529052734375,58299.6171875,748550.375,0.0028681973926723,7.225557327270508,92.77408599853516,0.000355479598511,3
4,4,236.3334197998047,851.2444458007812,780.4735717773438,55853.484375,724617.125,0.0028670011088252,7.15635871887207,92.84326934814452,0.0003673412138596,3
5,5,231.21820068359372,837.3247680664062,754.5775146484375,53461.85546875,701112.75,0.0028673680499196,7.085005283355713,92.91461944580078,0.0003799964906647,3
6,6,226.039306640625,823.3272705078125,728.9644775390625,51093.76953125,677867.8125,0.0028693005442619,7.009089946746826,92.99051666259766,0.000393613212509,3
7,7,220.73519897460935,809.1477661132812,703.4470825195312,48724.02734375,654720.125,0.0028727778699249,6.926467418670654,93.0731201171875,0.0004083857638761,3
8,8,215.24429321289065,794.683837890625,677.8554077148438,46330.10546875,631522.375,0.002877781400457,6.834807395935059,93.16476440429688,0.000424542085966,3
9,9,209.50328063964844,779.8314208984375,652.0316162109375,43891.625,608137.0625,0.0028843141626566,6.731518268585205,93.26803588867188,0.000442358024884,3
10,10,203.4459686279297,764.482177734375,625.826171875,41390.26171875,584433.0,0.0028924096841365,6.613699436187744,93.38584899902344,0.0004621745902113,3
11,11,197.0030212402344,748.5236206054688,599.1007690429688,38810.19140625,560287.625,0.0029021201189607,6.478074073791504,93.5214385986328,0.000484412710648,3
12,12,190.10382080078125,731.83837890625,571.7298583984375,36139.4609375,535587.4375,0.0029135120566934,6.321073532104492,93.67841339111328,0.0005095959058962,3
13,13,182.6779022216797,714.3067016601562,543.6082153320312,33371.21484375,510234.0625,0.0029266609344631,6.138835906982422,93.86063385009766,0.0005383769166655,3
14,14,174.6569061279297,695.8070678710938,514.6554565429688,30505.03515625,484147.46875,0.0029416461475193,5.927273750305176,94.07215881347656,0.0005715758306905,3
15,15,165.97454833984375,676.2176513671875,484.8208312988281,27547.55078125,457270.3125,0.0029585531447082,5.6820068359375,94.3173828125,0.000610236369539,3
16,16,156.56692504882812,655.4154052734375,454.0855407714844,24513.201171875,429569.34375,0.0029774734284728,5.398366451263428,94.60098266601562,0.000655707612168,3
17,17,146.37246704101562,633.2774658203125,422.46826171875,21424.8984375,401040.34375,0.0029985068831592,5.07136344909668,94.9279327392578,0.0007097590714693,3
18,18,135.33383178710938,609.67919921875,390.0270080566406,18315.24609375,371708.71875,0.003021758981049,4.695891857147217,95.30332946777344,0.0007747563067823,3
19,19,123.39878845214844,584.4945678710938,356.8642272949219,15227.2607421875,341633.90625,0.0030473442748188,4.266962051391602,95.73218536376952,0.0008539225673303,3
20,20,110.52326965332033,557.59716796875,323.1330871582031,12215.3935546875,310914.59375,0.0030753791797906,3.780297994613648,96.21875,0.0009517376311123,3
21,21,96.6748504638672,528.8612060546875,289.0433349609375,9346.0263671875,279694.1875,0.0031059796456247,3.233434200286865,96.76549530029295,0.0010745723266154,3
22,22,81.83905029296875,498.1644592285156,254.86862182617188,6697.63037109375,248167.828125,0.0031392520759254,2.627875804901123,97.3708953857422,0.0012317138025537,3
23,23,66.02947998046875,465.3907470703125,220.95162963867188,4359.89208984375,216588.546875,0.0031752865761518,1.973233938217163,98.02532958984376,0.0014370958087965,3
24,24,49.29869079589844,430.4362182617188,187.7089385986328,2430.36083984375,185275.34375,0.0032141422852873,1.294749736785889,98.70353698730467,0.0017123011639341,3
25,25,31.75546264648437,393.2166137695313,155.6309814453125,1008.409423828125,154619.3125,0.0032558338716626,0.6479490399360657,99.34996032714844,0.0020920217502862,3
26,26,13.5859375,353.6791381835937,125.27681732177734,184.57769775390625,125088.9296875,0.003300298936665,0.1473358869552612,99.85002899169922,0.0026344051584601,3
27,27,4.916412353515625,311.82135009765625,97.26007843017578,24.17111015319824,97232.5546875,0.0033473642542958,0.0248520374298095,99.9717025756836,0.0034416632261127,3
28,28,23.32162475585937,267.71356201171875,72.21784973144531,543.898193359375,71670.5546875,0.0033967045601457,0.7531354427337646,99.2421646118164,0.0047034141607582,3
29,29,41.039886474609375,221.53436279296875,50.76519775390625,1684.2723388671875,49077.47265625,0.0034477941226214,3.317770004272461,96.6754379272461,0.0067916493862867,3
30,30,57.33026123046875,173.61346435546875,33.4318962097168,3286.7587890625,30141.634765625,0.0034998897463083,9.831207275390623,90.15831756591795,0.0104687148705124,3
31,31,71.36849975585938,124.4864501953125,20.593891143798828,5093.462890625,15496.8759765625,0.0035520473029464,24.73288345336914,75.2498779296875,0.0172480642795562,3
32,32,82.35647583007812,74.94970703125,12.403650283813477,6782.5888671875,5617.45849609375,0.0036031645722687,54.68220138549805,45.28875732421875,0.0290492288768291,3
33,33,89.63296508789062,26.107666015625,8.719330787658691,8034.068359375,681.6102294921875,0.0036520082503557,92.1408920288086,7.81723165512085,0.0418840423226356,3
34,34,92.74496459960938,20.6163330078125,9.030360221862791,8601.62890625,425.0331726074219,0.0036972095258533,95.2523422241211,4.706713676452637,0.0409419946372509,3
35,35,91.49288940429688,63.54754638671875,12.412978172302246,8370.94921875,4038.290771484375,0.003737294813618,67.43707275390625,32.532814025878906,0.0301079619675874,3
36,36,85.96636962890625,100.92730712890624,17.580310821533203,7390.216796875,10186.3212890625,0.0037708049640059,42.036895751953125,57.941650390625,0.0214490238577127,3
37,37,76.55947875976562,131.1806640625,23.07351875305176,5861.35400390625,17208.3671875,0.0037965073715895,25.4029483795166,74.58059692382812,0.0164539590477943,3
38,38,63.9412841796875,153.19854736328125,27.56209754943848,4088.48779296875,23469.794921875,0.0038136295042932,14.833733558654783,85.15242767333984,0.0138364993035793,3
39,39,48.9827880859375,166.52349853515625,30.13321304321289,2399.3134765625,27730.076171875,0.0038220153655856,7.962355613708496,92.02496337890624,0.012683730572462,3
40,40,32.65362548828125,171.37945556640625,30.441001892089844,1066.25927734375,29370.91796875,0.0038221296854317,3.5027079582214355,96.48473358154295,0.0125558609142899,3
41,41,15.919708251953123,168.55072021484375,28.66659927368164,253.4371032714844,28409.345703125,0.0038149310275912,0.884084939956665,99.10260772705078,0.013307929970324,3
42,42,0.338226318359375,159.19970703125,25.34846305847168,0.1143970414996147,25344.546875,0.0038016838952898,0.0004512977611739,99.98455047607422,0.0149976899847388,3
43,43,15.384414672851562,144.67999267578125,21.172765731811523,236.6802215576172,20932.30078125,0.0037837764248251,1.1178522109985352,98.8642807006836,0.0178709588944911,3
44,44,28.6600341796875,126.38671875,16.798763275146484,821.3975830078125,15973.6025390625,0.0037625876720994,4.889631271362305,95.08796691894533,0.0223980043083429,3
45,45,39.79585266113281,105.6527099609375,12.749944686889648,1583.7098388671875,11162.4951171875,0.0037394012324512,12.421308517456056,87.54936218261719,0.0293287653475999,3
46,46,48.60128784179688,83.68084716796875,9.368285179138184,2362.085205078125,7002.484375,0.0037153617013245,25.2136344909668,74.74671173095703,0.0396589301526546,3
47,47,55.03729248046875,61.50390625,6.815526008605957,3029.103515625,3782.73046875,0.0036914478987455,44.44416809082031,55.50167083740234,0.0541623346507549,3
48,48,59.181427001953125,39.97222900390625,5.103889465332031,3502.44140625,1597.779052734375,0.0036684763617813,68.62299346923828,31.30512809753418,0.0718760937452316,3
49,49,61.18768310546875,19.75152587890625,4.137702465057373,3743.9326171875,390.1227722167969,0.0036470941267907,90.4833755493164,9.428488731384276,0.0881429761648178,3
50,50,61.25459289550781,1.3370361328125,3.7575409412384033,3752.125244140625,1.787665605545044,0.003627794329077,99.85587310791016,0.0475754141807556,0.0965470299124717,3
51,51,59.60069274902344,14.92816162109375,3.7787036895751953,3552.24267578125,222.8500061035156,0.0036109259817749,94.00691223144533,5.897525310516357,0.0955599099397659,3
52,52,56.44842529296875,28.8323974609375,4.021328926086426,3186.4248046875,831.30712890625,0.0035967142321169,79.23811340332031,20.67244911193848,0.0894409343600273,3
53,53,52.01640319824219,40.2720947265625,4.331133365631104,2705.706298828125,1621.841552734375,0.0035852710716426,62.47109222412109,37.44612503051758,0.082779049873352,3
54,54,46.51609802246094,49.2283935546875,4.590758800506592,2163.747314453125,2423.434814453125,0.0035766176879405,47.13267517089844,52.78942108154297,0.0779090747237205,3
55,55,40.15177917480469,55.7525634765625,4.724084854125977,1612.1654052734375,3108.348388671875,0.0035706991329789,34.12651443481445,65.79789733886719,0.0755849927663803,3
56,56,33.12310791015625,59.947265625,4.694382190704346,1097.1402587890625,3593.674560546875,0.0035673943348228,23.37134552001953,76.55266571044922,0.0759928375482559,3
57,57,25.62841796875,61.95556640625,4.498874664306641,656.8157958984375,3838.4921875,0.003566529136151,14.59955883026123,85.3211669921875,0.0792760252952575,3
58,58,17.867019653320312,61.9559326171875,4.1613359451293945,319.2303771972656,3838.53759765625,0.003567884908989,7.6713433265686035,92.242919921875,0.0857389271259307,3
59,59,10.040298461914062,60.14923095703125,3.722308874130249,100.8075942993164,3617.929931640625,0.0035712025128304,2.708200693130493,97.19586181640624,0.0959405228495597,3
60,60,2.352508544921875,56.7591552734375,3.230712413787842,5.53429651260376,3221.601806640625,0.0035761939361691,0.1713026762008667,99.71800231933594,0.1106936633586883,3
61,61,4.991455078125,52.02728271484375,2.7353355884552,24.914623260498047,2706.838134765625,0.0035825432278215,0.9108434319496156,98.95818328857422,0.1309727132320404,3
62,62,11.790771484375,46.20953369140625,2.277933359146118,139.0222930908203,2135.321044921875,0.0035899165086448,6.103001594543457,93.7394027709961,0.1575953215360641,3
63,63,17.855987548828125,39.5697021484375,1.8881957530975344,318.8363037109375,1565.7613525390625,0.003597971284762,16.885766983032227,82.9236831665039,0.1905507594347,3
64,64,23.01617431640625,32.38177490234375,1.581930160522461,529.7442626953125,1048.579345703125,0.0036063645966351,33.48720932006836,66.2848129272461,0.2279724180698394,3
65,65,27.12982177734375,24.91510009765625,1.3604042530059814,736.0272216796875,620.76220703125,0.00361476582475,54.10356521606445,45.63071823120117,0.2657126188278198,3
66,66,30.09197998046875,17.4346923828125,1.2131187915802002,905.5272827148438,303.968505859375,0.0036228669341653,74.64456939697266,25.056781768798828,0.2986407279968261,3
67,67,31.84326171875,10.189697265625,1.1214537620544434,1013.9933471679688,103.8299331665039,0.0036303966771811,90.41776275634766,9.258512496948242,0.3237223625183105,3
68,68,32.37335205078125,3.40765380859375,1.063283085823059,1048.033935546875,11.612104415893556,0.0036371250171214,98.56584930419922,1.0920990705490112,0.3420655429363251,3
69,69,31.72259521484375,2.7177734375,1.0173523426055908,1006.3230590820312,7.386292457580566,0.0036428747698664,98.91588592529295,0.7260309457778931,0.3580740392208099,3
70,70,29.978759765625,8.02752685546875,0.9668147563934326,898.7260131835938,64.4411849975586,0.0036475250963121,92.9574203491211,6.665308952331543,0.3772723972797394,3
71,71,27.272369384765625,12.40863037109375,0.9014073014259338,743.7821044921875,153.97410583496094,0.0036510089412331,82.51344299316406,17.081525802612305,0.4050343334674835,3
72,72,23.76718139648437,15.79132080078125,0.8178980350494385,564.87890625,249.3658142089844,0.0036533153615891,69.06471252441406,30.488618850708008,0.4466712474822998,3
73,73,19.650634765625,18.154296875,0.7193804979324341,386.1474609375,329.5784912109375,0.0036544818431138,53.67778015136719,45.814212799072266,0.5080040097236633,3
74,74,15.122894287109377,19.517578125,0.613292396068573,228.70193481445312,380.9358520507813,0.0036545887123793,37.29085159301758,62.11325454711914,0.5958966612815857,3
75,75,10.38629150390625,19.94366455078125,0.5092785954475403,107.87505340576172,397.749755859375,0.0036537507548928,21.181934356689453,78.10062408447266,0.7174365520477295,3
76,76,5.63592529296875,19.52471923828125,0.4166304469108581,31.763654708862305,381.2146606445313,0.0036521067377179,7.623940467834473,91.49948120117188,0.8765818476676941,3
77,77,1.05084228515625,18.37872314453125,0.3425315916538238,1.1042695045471191,337.7774658203125,0.0036498131230473,0.3223847150802612,98.61206817626952,1.0655405521392822,3
78,78,3.21185302734375,16.64154052734375,0.2909039258956909,10.315999984741213,276.9408569335937,0.0036470331251621,3.5461881160736084,95.20011901855467,1.253689885139465,3
79,79,7.021408081054688,14.45623779296875,0.261926919221878,49.3001708984375,208.9828186035156,0.0036439311224967,18.82210922241211,79.78669738769531,1.3912014961242676,3
80,80,10.27630615234375,11.968017578125,0.2524765729904175,105.60247039794922,143.2334442138672,0.0036406647413969,41.82664108276367,56.73138046264648,1.4419811964035034,3
81,81,12.905014038085938,9.3177490234375,0.2569972276687622,166.5393829345703,86.82044982910156,0.003637382062152,64.80201721191406,33.78264236450195,1.4153389930725098,3
82,82,14.864776611328123,6.6337890625,0.268602967262268,220.96157836914065,44.00715637207031,0.0036342144012451,82.26327514648438,16.38372039794922,1.35300612449646,3
83,83,16.141494750976562,4.0311279296875,0.2804291248321533,260.5478515625,16.24999237060547,0.0036312744487076,92.9104232788086,5.7946882247924805,1.2948992252349854,3
84,84,16.745071411132812,1.60687255859375,0.2866081297397613,280.3974304199219,2.582039356231689,0.0036286553367972,97.83303833007812,0.9008954167366028,1.266068458557129,3
85,85,16.70831298828125,0.560791015625,0.283108651638031,279.167724609375,0.314486563205719,0.00362642807886,98.60798645019533,0.1110833585262298,1.28093159198761,3
86,86,16.082290649414062,2.41424560546875,0.2680933177471161,258.6400756835937,5.828581809997559,0.00362464110367,96.4738998413086,2.1740870475769043,1.352007269859314,3
87,87,14.934341430664062,3.91619873046875,0.2419945150613784,223.03456115722656,15.336612701416016,0.0036233216524124,92.1651382446289,6.337586879730225,1.4972742795944214,3
88,88,13.343597412109377,5.04742431640625,0.2071505784988403,178.0515899658203,25.476491928100582,0.0036224746145308,85.95274353027344,12.298538208007812,1.7487157583236694,3
89,89,11.39886474609375,5.8076171875,0.1672846227884292,129.93411254882812,33.728416442871094,0.003622084390372,77.6724853515625,20.16229248046875,2.165222644805908,3
90,90,9.194686889648438,6.2100830078125,0.1267295330762863,84.54226684570312,38.56513214111328,0.0036221195477992,66.7107925415039,30.431053161621094,2.858149528503418,3
91,91,6.828460693359375,6.28369140625,0.0897351950407028,46.62787628173828,39.48477935791016,0.003622532589361,51.96164321899414,44.001441955566406,4.036913871765137,3
92,92,4.39764404296875,6.068115234375,0.0597845613956451,19.33927345275879,36.822021484375,0.0036232629790902,32.34827423095703,61.59119415283203,6.060533046722412,3
93,93,1.9962158203125,5.6087646484375,0.0390673615038394,3.984877586364746,31.458240509033203,0.0036242408677935,10.200017929077148,80.52307891845703,9.276902198791504,3
94,94,0.28851318359375,4.95965576171875,0.0283068194985389,0.0832398533821106,24.59818458557129,0.0036253938451409,0.2940629124641418,86.8984375,12.807493209838867,3
95,95,2.3779296875,4.1751708984375,0.0267132483422756,5.654549598693848,17.432052612304688,0.0036266455426812,21.167585372924805,65.25621032714844,13.576205253601074,3
96,96,4.20599365234375,3.31024169921875,0.0322760045528411,17.69038200378418,10.9576997756958,0.003627922385931,54.80970764160156,33.949989318847656,11.240307807922363,3
97,97,5.7197265625,2.41778564453125,0.0421901196241378,32.71527099609375,5.845687389373779,0.0036291577853262,77.54249572753906,13.855585098266602,8.601913452148438,3
98,98,6.882843017578125,1.544189453125,0.0533883422613143,47.37352752685547,2.384521007537842,0.0036302921362221,88.73384857177734,4.466370582580566,6.799784183502197,3
99,99,7.674652099609375,0.73236083984375,0.0630679130554199,58.90028381347656,0.5363523960113525,0.0036312777083367,93.39183807373048,0.850436270236969,5.757726192474365,3
0,0,254.66661071777344,834.6875610351562,761.5613403320312,64855.08203125,696703.3125,0.0028970709536224,8.516068458557129,91.48355102539062,0.000380412035156,4
1,1,243.51942443847656,824.8968505859375,739.7594604492188,59301.7109375,680454.8125,0.002904551802203,8.016350746154785,91.9832534790039,0.0003926346253138,4
2,2,231.9151611328125,814.6832885742188,717.4964599609375,53784.640625,663708.875,0.0029134976211935,7.496155261993408,92.5034408569336,0.0004060643841512,4
3,3,219.8370819091797,803.9361572265625,694.6447143554688,48328.34375,646313.375,0.00292414217256,6.957275390625,93.04230499267578,0.0004209550679661,4
4,4,207.2300720214844,792.5699462890625,671.1144409179688,42944.3046875,628167.125,0.0029364286456257,6.398954391479492,93.6006088256836,0.0004375451244413,4
5,5,194.01866149902344,780.5099487304688,646.8419799804688,37643.2421875,609195.75,0.0029503405094146,5.81954288482666,94.18000793457033,0.0004561145615298,4
6,6,180.14224243164062,767.6752319335938,621.7794189453125,32451.2265625,589325.25,0.0029659052379429,5.219090461730957,94.78044128417967,0.000477002817206,4
7,7,165.55889892578125,753.9772338867188,595.8944091796875,27409.748046875,568481.6875,0.0029831686988472,4.599766254425049,95.39973449707033,0.000500620342791,4
8,8,150.23214721679688,739.322265625,569.170166015625,22569.697265625,546597.4375,0.0030021932907402,3.96536922454834,96.03410339355467,0.000527468509972,4
9,9,134.12709045410156,723.6100463867188,541.6046142578125,17990.076171875,523611.5,0.0030230653937906,3.3216257095336914,96.67781829833984,0.0005581683362834,4
10,10,117.21551513671876,706.7335205078125,513.21484375,13739.4765625,499472.28125,0.0030458804685622,2.6771395206451416,97.32225799560548,0.0005934903165325,4
11,11,99.47930908203124,688.577392578125,484.03802490234375,9896.1328125,474138.8125,0.0030707374680787,2.044495105743408,97.95487213134766,0.0006344000576063,4
12,12,80.91836547851562,669.020751953125,454.1396789550781,6547.78173828125,447588.78125,0.0030977304559201,1.4417991638183594,98.5575180053711,0.0006821096176281,4
13,13,61.55943298339844,647.9368286132812,423.6148376464844,3789.563720703125,419822.125,0.0031269355677068,0.89457768201828,99.10468292236328,0.0007381553295999,4
14,14,41.47047424316406,625.1905517578125,392.5862121582031,1719.80029296875,390863.21875,0.0031584119424223,0.4380694627761841,99.56112670898438,0.0008045142749324,4
15,15,20.77680969238281,600.6407470703125,361.2041931152344,431.6758117675781,360769.3125,0.003192177740857,0.1195101886987686,99.87960815429688,0.0008837599307298,4
16,16,0.312896728515625,574.143798828125,329.6444396972656,0.0979043617844581,329641.09375,0.0032281924504786,2.969998968183063e-05,99.99899291992188,0.0009792953496798,4
17,17,21.474609375,545.5576171875,298.0975646972656,461.1588439941406,297633.125,0.0032663291785866,0.1547006517648697,99.84420776367188,0.001095724874176,4
18,18,42.247467041015625,514.7432861328125,266.7488098144531,1784.8485107421875,264960.65625,0.003306363010779,0.6691120862960815,99.32965087890624,0.0012395043158903,4
19,19,62.042327880859375,481.5699462890625,235.76222229003903,3849.25048828125,231909.609375,0.0033479949925094,1.6326833963394165,98.36589813232422,0.0014200727455317,4
20,20,80.21347045898438,445.9221801757813,205.28419494628903,6434.20068359375,198846.59375,0.0033909301273524,3.134289264678955,96.8640594482422,0.0016518222400918,4
21,21,96.1705322265625,407.7093811035156,175.47915649414062,9248.771484375,166226.9375,0.0034349719062447,5.270581245422363,94.72745513916016,0.0019574814941734,4
22,22,109.46051025390624,366.8803405761719,146.58627319335938,11981.603515625,134601.1875,0.0034800597932189,8.173755645751953,91.8238754272461,0.0023740692995488,4
23,23,119.78814697265624,323.43719482421875,118.96435546875,14349.2001953125,104611.6171875,0.0035262319725006,12.06176471710205,87.93527221679688,0.0029641080182045,4
24,24,126.98394775390624,277.45721435546875,93.11100769042967,16124.9228515625,76982.5078125,0.003573551075533,17.317956924438477,82.67820739746094,0.0038379468023777,4
25,25,130.96014404296875,229.13104248046875,69.65522003173828,17150.55859375,52501.03515625,0.0036220082547515,24.622072219848636,75.37272644042969,0.005199909210205,4
26,26,131.67300415039062,178.809814453125,49.31439971923828,17337.779296875,31972.94921875,0.0036714400630444,35.15764236450195,64.83491516113281,0.0074449656531214,4
27,27,129.09640502929688,127.0692138671875,32.81618881225586,16665.880859375,16146.5849609375,0.00372143718414,50.78554916381836,49.20310974121094,0.0113402474671602,4
28,28,123.2205810546875,74.78631591796875,20.78007698059082,15183.3115234375,5592.9931640625,0.0037712499033659,73.06668090820312,26.915172576904297,0.0181483924388885,4
29,29,114.06381225585938,23.21966552734375,13.553526878356934,13010.5537109375,539.1528930664062,0.0038196996320039,95.99386596679688,3.97795295715332,0.0281823296099901,4
30,30,101.720703125,25.95880126953125,11.024827003479004,10347.1015625,673.859375,0.0038651442155241,93.8527374267578,6.112199783325195,0.0350585468113422,4
31,31,86.4173583984375,70.71649169921875,12.472688674926758,7467.9599609375,5000.822265625,0.0039055375382304,59.87450408935547,40.094181060791016,0.0313127152621746,4
32,32,68.57528686523438,108.8828125,16.56197738647461,4702.56982421875,11855.466796875,0.0039386716671288,28.39377212524414,71.58244323730469,0.0237814094871282,4
33,33,48.84210205078125,138.53216552734375,21.58067321777344,2385.551025390625,19191.16015625,0.0039626071229577,11.05410861968994,88.92752838134766,0.0183618329465389,4
34,34,28.064483642578125,158.41046142578125,25.885467529296875,787.615234375,25093.875,0.003976141102612,3.0426928997039795,96.94194793701172,0.0153605146333575,4
35,35,7.19451904296875,168.18023681640625,28.340333938598636,51.76110458374024,28284.591796875,0.0039790645241737,0.1826411187648773,99.80331420898438,0.0140402875840663,4
36,36,12.828216552734377,168.41485595703125,28.532100677490234,164.56314086914062,28363.564453125,0.0039721326902508,0.5767648816108704,99.40930938720705,0.013921626843512,4
37,37,31.18394470214844,160.36614990234375,26.69369888305664,972.4384155273438,25717.302734375,0.0039567914791405,3.642951250076294,96.34223175048828,0.0148229412734508,4
38,38,47.24342346191406,145.68524169921875,23.460065841674805,2231.941162109375,21224.189453125,0.0039348690770566,9.513789176940918,90.4694366455078,0.0167726259678602,4
39,39,60.60108947753906,126.1646728515625,19.59392547607422,3672.491943359375,15917.5244140625,0.0039083082228899,18.743013381958008,81.23704528808594,0.0199465304613113,4
40,40,71.06802368164062,103.55133056640624,15.777421951293944,5050.6640625,10722.8779296875,0.0038789790123701,32.0119743347168,67.96343994140625,0.0245856326073408,4
41,41,78.63752746582031,79.430908203125,12.496978759765623,6183.86083984375,6309.26904296875,0.0038485729601234,49.48284912109375,50.48635482788086,0.0307960268110036,4
42,42,83.43548583984375,55.15740966796875,10.007638931274414,6961.48046875,3042.33984375,0.0038185357116162,69.5616683959961,30.400177001953125,0.0381562113761901,4
43,43,85.67063903808594,31.82830810546875,8.356289863586426,7339.45849609375,1013.0411987304688,0.0037900409661233,87.83155059814453,12.123098373413086,0.0453555472195148,4
44,44,85.59449768066406,10.279541015625,7.435851573944092,7326.41796875,105.66896057128906,0.0037639886140823,98.52830505371094,1.421074151992798,0.0506194718182086,4
45,45,83.470458984375,8.895263671875,7.05018424987793,6967.3173828125,79.12571716308594,0.0037410189397633,98.82461547851562,1.1223212480545044,0.0530627071857452,4
46,46,79.55868530273438,25.31103515625,6.973954677581787,6329.58447265625,640.6484985351562,0.0037215468473732,90.76033020019533,9.186302185058594,0.0533635094761848,4
47,47,74.10589599609375,38.758056640625,6.99757719039917,5491.68359375,1502.18701171875,0.0037057895679026,78.47978973388672,21.467247009277344,0.0529581792652606,4
48,48,67.34419250488281,49.16632080078125,6.95626163482666,4535.240234375,2417.3271484375,0.0036938104312866,65.19651794433594,34.7503776550293,0.0531005077064037,4
49,49,59.49237060546875,56.57427978515625,6.743677139282227,3539.342041015625,3200.649169921875,0.0036855430807918,52.483863830566406,47.46148300170898,0.0546518303453922,4
50,50,50.761260986328125,61.10174560546875,6.313809871673584,2576.70556640625,3733.42333984375,0.0036808240693062,40.81063079833984,59.13107299804688,0.0582979880273342,4
51,51,41.35990905761719,62.93310546875,5.674897193908691,1710.64208984375,3960.57568359375,0.0036794100888073,30.144020080566406,69.79114532470703,0.0648365914821624,4
52,52,31.499969482421875,62.29840087890625,4.877020359039307,992.2481079101562,3881.0908203125,0.0036809935700148,20.34537696838379,79.57914733886719,0.0754762813448906,4
53,53,21.40126037597656,59.47149658203125,3.998558282852173,458.0139465332031,3536.85888671875,0.003685213625431,11.45447826385498,88.45336151123047,0.0921635627746582,4
54,54,11.294876098632812,54.75677490234375,3.129570484161377,127.57422637939452,2998.304443359375,0.0036916625685989,4.076413631439209,95.80562591552734,0.1179606765508651,4
55,55,1.42193603515625,48.49041748046875,2.3570425510406494,2.021902084350586,2351.320556640625,0.0036998935975134,0.0857813209295272,99.75724792480467,0.1569718569517135,4
56,56,7.967681884765625,41.03326416015625,1.7509222030639648,63.48395538330078,1683.728759765625,0.0037094252184033,3.625744104385376,96.1623992919922,0.2118555158376693,4
57,57,16.623687744140625,32.7655029296875,1.353644847869873,276.34698486328125,1073.578125,0.0037197563797235,20.41502952575684,79.3101806640625,0.2747955918312073,4
58,58,24.304473876953125,24.0789794921875,1.1742351055145264,590.7074584960938,579.7972412109375,0.0037303760182112,50.30572509765625,49.376590728759766,0.317685604095459,4
59,59,30.790252685546875,15.36614990234375,1.187899112701416,948.0396728515624,236.1185607910156,0.0037407791242003,79.80809783935547,19.87698745727539,0.3149071335792541,4
60,60,35.89898681640625,7.00482177734375,1.34155535697937,1288.7373046875,49.067527770996094,0.0037504939828068,96.06293487548828,3.657510757446289,0.2795630991458893,4
61,61,39.49945068359375,0.66180419921875,1.5644038915634155,1560.2066650390625,0.4379847943782806,0.0037591021973639,99.7317123413086,0.0279969163239002,0.2402897477149963,4
62,62,41.52511596679688,7.33636474609375,1.7819238901138306,1724.335205078125,53.82224655151367,0.0037662610411643,96.76818084716795,3.0204572677612305,0.2113592624664306,4
63,63,41.976806640625,12.7901611328125,1.9294122457504272,1762.05224609375,163.58822631835938,0.0037717204540967,91.32585906982422,8.478656768798828,0.1954854726791381,4
64,64,40.92730712890625,16.87286376953125,1.9635134935379028,1675.04443359375,284.69354248046875,0.0037753419019281,85.30853271484375,14.499190330505373,0.1922748237848281,4
65,65,38.513031005859375,19.5201416015625,1.868066668510437,1483.2535400390625,381.0359191894531,0.0037770948838442,79.40045928955078,20.397340774536133,0.2021927088499069,4
66,66,34.924285888671875,20.74951171875,1.654024958610535,1219.7056884765625,430.542236328125,0.0037770553026348,73.7416763305664,26.02997398376465,0.2283554077148437,4
67,67,30.389923095703125,20.65728759765625,1.3540464639663696,923.5474243164062,426.7235412597656,0.0037753900978714,68.20648193359375,31.514692306518555,0.2788228094577789,4
68,68,25.162322998046875,19.40435791015625,1.013443946838379,633.1425170898438,376.5291137695313,0.0037723411805927,62.4743537902832,37.15342330932617,0.3722298741340637,4
69,69,19.500701904296875,17.19732666015625,0.679793655872345,380.2773742675781,295.748046875,0.0037681991234421,55.94012069702149,43.50556182861328,0.5543151497840881,4
70,70,13.657440185546877,14.274658203125,0.3940548300743103,186.52566528320312,203.765869140625,0.0037632845342159,47.33495330810547,51.71003341674805,0.9550154209136964,4
71,71,7.8670654296875,10.88446044921875,0.1841201335191726,61.89072036743164,118.4714813232422,0.0037579205818474,33.614315032958984,64.34466552734375,2.041015625,4
72,72,2.335906982421875,7.27191162109375,0.0620895773172378,5.456461429595947,52.88069915771485,0.0037524169310927,8.788047790527344,85.16840362548828,6.043553829193115,4
73,73,2.761077880859375,3.66497802734375,0.0248026736080646,7.623550891876221,13.432064056396484,0.0037470578681677,30.73681259155273,54.15571212768555,15.10747528076172,4
74,74,7.2844085693359375,0.262451171875,0.0568735748529434,53.06260681152344,0.0688806176185607,0.0037420853041112,93.29923248291016,0.1211118176579475,6.579655647277832,4
75,75,11.131454467773438,2.77130126953125,0.1353271007537841,123.9092788696289,7.680110931396484,0.0037376952823251,91.56280517578124,5.675220489501953,2.761970996856689,4
76,76,14.233993530273438,5.30755615234375,0.2345107644796371,202.6065673828125,28.17015266418457,0.0037340356502681,86.39542388916016,12.012307167053224,1.5922662019729614,4
77,77,16.556747436523438,7.261962890625,0.3305931985378265,274.1258850097656,52.736106872558594,0.0037312027998268,82.91940307617188,15.951964378356934,1.128638744354248,4
78,78,18.093658447265625,8.58563232421875,0.404822826385498,327.3804626464844,73.71308135986328,0.0037292456254363,80.87006378173828,18.20872688293457,0.921204388141632,4
79,79,18.865646362304688,9.26812744140625,0.4455389976501465,355.91259765625,85.89818572998047,0.0037281683180481,79.88360595703125,19.279613494873047,0.8367771506309509,4
80,80,18.916580200195312,9.33074951171875,0.4486278593540191,357.8370056152344,87.0628890991211,0.0037279352545738,79.7625503540039,19.40648460388184,0.8309637904167175,4
81,81,18.30963134765625,8.82659912109375,0.4168799519538879,335.2426147460937,77.90885162353516,0.0037284742575138,80.41706848144531,18.688560485839844,0.8943759799003601,4
82,82,17.124404907226562,7.83209228515625,0.3583166003227234,293.2452392578125,61.34167098999024,0.0037296838127076,81.83970642089844,17.11940574645996,1.0408905744552612,4
83,83,15.452651977539062,6.44110107421875,0.2840036749839782,238.78445434570312,41.4877815246582,0.0037314407527446,84.07794952392578,14.608184814453123,1.313870549201965,4
84,84,13.396041870117188,4.764404296875,0.2058870941400528,179.4539337158203,22.69954872131348,0.0037336028181016,87.16133117675781,11.02524185180664,1.8134225606918333,4
85,85,11.06170654296875,2.91851806640625,0.1346151232719421,122.3613510131836,8.51774787902832,0.0037360216956585,90.89718627929688,6.327483177185059,2.775335788726806,4
86,86,8.5587158203125,1.0196533203125,0.0780298560857772,73.25161743164062,1.0396928787231443,0.0037385446485131,93.87639617919922,1.3324296474456787,4.791172027587891,4
87,87,5.99517822265625,0.81683349609375,0.0403504073619842,35.942161560058594,0.667216956615448,0.0037410245276987,89.0750961303711,1.653557062149048,9.271342277526855,4
88,88,3.472869873046875,2.48858642578125,0.0219972133636474,12.06082534790039,6.19306230545044,0.0037433246616274,54.828880310058594,28.153852462768555,17.01726722717285,4
89,89,1.084991455078125,3.9080810546875,0.020195635035634,1.1772065162658691,15.27309799194336,0.0037453300319612,5.829014778137207,75.62574005126953,18.545244216918945,4
90,90,1.088104248046875,5.0076904296875,0.0300078839063644,1.1839708089828491,25.076963424682617,0.003746947273612,3.945532321929932,83.56792449951172,12.486542701721191,4
91,91,2.9814453125,5.74200439453125,0.0456077456474304,8.889016151428223,32.97061538696289,0.0037481121253222,19.49014663696289,72.29170989990234,8.218148231506348,4
92,92,4.546478271484375,6.09088134765625,0.0615180917084217,20.67046546936035,37.09883499145508,0.003748788498342,33.60062789916992,60.305572509765625,6.093798637390137,4
93,93,5.754425048828125,6.05731201171875,0.0735534131526947,33.113407135009766,36.6910285949707,0.003748973365873,45.01953887939453,49.88351440429688,5.096940040588379,4
94,94,6.59375,5.66729736328125,0.0793444961309433,43.4775390625,32.11825942993164,0.003748690476641,54.79591369628906,40.47950744628906,4.724575042724609,4
95,95,7.070892333984375,4.96533203125,0.0784000307321548,49.99751663208008,24.654521942138672,0.0037479891907423,63.77231979370117,31.44708251953125,4.780596733093262,4
96,96,7.2071533203125,4.0133056640625,0.0717966258525848,51.943058013916016,16.10662269592285,0.0037469398230314,72.34748840332031,22.43367958068848,5.21882438659668,4
97,97,7.037384033203125,2.88232421875,0.0615781992673873,49.52477264404297,8.307792663574219,0.0037456285208463,80.42582702636719,13.491451263427734,6.082718372344971,4
98,98,6.60540771484375,1.64935302734375,0.0500959306955337,43.63141250610352,2.720365524291992,0.0037441477179527,87.09573364257812,5.430312633514404,7.473956108093262,4
99,99,5.962738037109375,0.3924560546875,0.0394508615136146,35.55424499511719,0.154021754860878,0.0037425952032208,90.12286376953124,0.3904142081737518,9.48672580718994,4
0,0,46.08403015136719,532.0079956054688,285.1600952148437,2123.73779296875,283032.5,0.0038433605805039,0.744752824306488,99.25389099121094,0.0013477904722094,5
1,1,17.086563110351562,467.40716552734375,218.76531982421875,291.9506530761719,218469.453125,0.0038952049799263,0.1334538161754608,99.86476135253906,0.0017805405659601,5
2,2,10.379791259765623,400.2337341308594,160.2987518310547,107.74006652832033,160187.046875,0.0039505413733422,0.0672120451927185,99.9303207397461,0.0024644867517054,5
3,3,31.575439453125,330.6121826171875,110.30543518066406,997.0083618164062,109304.4140625,0.0040089874528348,0.9038615226745604,99.0925064086914,0.0036344423424452,5
4,4,43.12130737304688,258.83770751953125,68.86048126220703,1859.4471435546875,66996.9609375,0.0040697865188121,2.700311183929444,97.29377746582033,0.0059101921506226,5
5,5,47.129791259765625,185.486328125,36.63053131103516,2221.21728515625,34405.1796875,0.0041325893253088,6.063841819763184,93.92488098144533,0.0112818172201514,5
6,6,45.8131103515625,111.60064697265624,14.55774211883545,2098.841064453125,12454.7041015625,0.0041964771226048,14.417353630065918,85.55381774902344,0.0288264267146587,5
7,7,40.32418823242188,38.966064453125,3.148653984069824,1626.0401611328125,1518.3541259765625,0.0042594927363097,51.64239501953125,48.22232437133789,0.1352797895669937,5
8,8,31.265625,29.58831787109375,1.8573262691497805,977.539306640625,875.4685668945312,0.0043183220550417,52.63153839111328,47.13595962524414,0.2325020730495453,5
9,9,19.15487670898437,90.12347412109376,8.493518829345703,366.9093017578125,8122.24072265625,0.0043682944960892,4.319874286651611,95.62869262695312,0.0514309145510196,5
10,10,4.874114990234375,138.294189453125,19.15344619750977,23.75699615478516,19125.283203125,0.0044044214300811,0.1240351125597953,99.85296630859376,0.022995451465249,5
11,11,10.060256958007812,170.92510986328125,29.321025848388672,101.20877075195312,29215.392578125,0.0044234753586351,0.3451747298240661,99.63973999023438,0.0150863593444228,5
12,12,23.697341918945312,187.21417236328125,35.615135192871094,561.5640258789062,35049.14453125,0.0044252760708332,1.576756715774536,98.41081237792967,0.0124252680689096,5
13,13,34.30854797363281,188.56427001953125,36.73797225952149,1177.076416015625,35556.484375,0.0044120512902736,3.203977584838867,96.78401184082033,0.0120095126330852,5
14,14,41.045501708984375,177.61627197265625,33.236663818359375,1684.733154296875,31547.541015625,0.0043870620429515,5.068900108337402,94.91790008544922,0.0131994662806391,5
15,15,43.96730041503906,157.39471435546875,26.710573196411133,1933.12353515625,24773.095703125,0.0043536815792322,7.237297058105469,92.74640655517578,0.0162994693964719,5
16,16,43.60758972167969,130.83154296875,19.02283096313477,1901.621826171875,17116.892578125,0.0043150102719664,9.996524810791016,89.98078918457031,0.0226833224296569,5
17,17,40.60713195800781,100.5654296875,11.766618728637695,1648.939208984375,10113.4052734375,0.0042737694457173,14.013704299926758,85.9499740600586,0.0363211333751678,5
18,18,35.560638427734375,68.86920166015625,6.011758327484131,1264.5589599609375,4742.966796875,0.0042322794906795,21.034761428833008,78.89484405517578,0.0704000294208526,5
19,19,28.98838806152344,37.6258544921875,2.2602241039276123,840.32666015625,1415.7049560546875,0.0041924454271793,37.17891311645508,62.63560104370117,0.1854880303144455,5
20,20,21.35639953613281,8.328125,0.5296092629432678,456.0957946777344,69.357666015625,0.0041557541117072,86.11930847167969,13.096007347106934,0.7846830487251282,5
21,21,13.106216430664062,17.9127197265625,0.4967617392539978,171.7729034423828,320.86553955078125,0.0041232695803046,34.57853317260742,64.59143829345703,0.8300296068191528,5
22,22,4.675262451171875,40.3358154296875,1.6529319286346436,21.85807991027832,1626.97802734375,0.0040956558659672,1.3223824501037598,98.4298324584961,0.2477812767028808,5
23,23,3.496917724609375,58.48773193359375,3.4371163845062256,12.228433609008787,3420.814697265625,0.0040732221677899,0.3557759523391723,99.52571868896484,0.1185069531202316,5
24,24,10.9805908203125,72.17327880859375,5.333611488342285,120.57337188720705,5208.98193359375,0.0040559861809015,2.2606329917907715,97.66332244873048,0.076045773923397,5
25,25,17.383819580078125,81.39898681640625,6.932036399841309,302.1971740722656,6625.794921875,0.0040437481366097,4.359428405761719,95.58223724365234,0.0583342052996158,5
26,26,22.38925170898437,86.32818603515625,7.957870960235596,501.2785949707031,7452.5556640625,0.0040361606515944,6.299155235290527,93.6501235961914,0.0507191009819507,5
27,27,25.785552978515625,87.23614501953125,8.279072761535645,664.8947143554688,7610.14501953125,0.0040327878668904,8.03102970123291,91.9202651977539,0.0487106218934059,5
28,28,27.4835205078125,84.48504638671875,7.897100448608398,755.3438720703125,7137.72314453125,0.0040331501513719,9.564826011657717,90.38410186767578,0.0510712787508964,5
29,29,27.510162353515625,78.50244140625,6.923479080200195,756.8090209960938,6162.63330078125,0.0040367450565099,10.93105125427246,89.0106430053711,0.0583051517605781,5
30,30,25.99176025390625,69.76861572265625,5.547274589538574,675.5715942382812,4867.65966796875,0.0040430570952594,12.178442001342772,87.7486801147461,0.072883665561676,5
31,31,23.13055419921875,58.81494140625,3.9982717037200928,535.0225219726562,3459.197265625,0.0040515544824302,13.381345748901367,86.51731872558594,0.1013326495885849,5
32,32,19.1826171875,46.21343994140625,2.5077168941497803,367.9728088378906,2135.68212890625,0.0040616858750581,14.673619270324709,85.16441345214844,0.1619674861431121,5
33,33,14.44256591796875,32.57708740234375,1.2739272117614746,208.58770751953125,1061.2666015625,0.0040728733874857,16.373598098754883,83.30669403076172,0.3197100460529327,5
34,34,9.22894287109375,18.54693603515625,0.4332467317581177,85.17338562011719,343.98883056640625,0.0040845153853297,19.659326553344727,79.39790344238281,0.942768931388855,5
35,35,3.87066650390625,4.7763671875,0.0418917387723922,14.982059478759766,22.813682556152344,0.0040959920734167,35.76375961303711,54.45867156982422,9.777565002441406,5
36,36,1.305999755859375,8.09478759765625,0.0713379234075546,1.7056353092193604,65.52558898925781,0.0041066948324441,2.3909237384796143,91.8523941040039,5.756678581237793,5
37,37,5.998199462890625,19.47479248046875,0.4193620085716247,35.978397369384766,379.2675476074219,0.0041160462424159,8.579317092895508,90.4391860961914,0.9815019369125366,5
38,38,9.9453125,28.8572998046875,0.9357765913009644,98.90924072265624,832.7437744140625,0.004123548977077,10.56974983215332,88.9896011352539,0.4406552910804748,5
39,39,12.949722290039062,35.85845947265625,1.457653284072876,167.6953125,1285.8291015625,0.0041288174688816,11.504471778869627,88.2122802734375,0.283251017332077,5
40,40,14.891265869140623,40.252685546875,1.8461601734161377,221.7498016357422,1620.2786865234375,0.0041316184215247,12.011406898498535,87.7647933959961,0.2237952351570129,5
41,41,15.732391357421877,41.98309326171875,2.0142202377319336,247.5081329345703,1762.580078125,0.0041318871080875,12.288037300109863,87.50682830810547,0.2051358073949813,5
42,42,15.515060424804688,41.1632080078125,1.9392565488815308,240.71710205078125,1694.40966796875,0.0041297287680208,12.412856101989746,87.37419128417969,0.2129542231559753,5
43,43,14.34967041015625,38.0606689453125,1.6586530208587646,205.9130401611328,1448.614501953125,0.0041254041716456,12.414474487304688,87.33680725097656,0.2487201541662216,5
44,44,12.399063110351562,33.06396484375,1.251081943511963,153.7367706298828,1093.225830078125,0.00411929609254,12.28830623626709,87.38243103027344,0.3292586803436279,5
45,45,9.861434936523438,26.64288330078125,0.8112030029296875,97.2479019165039,709.8432006835938,0.0041118683293461,11.988109588623049,87.50499725341797,0.5068852305412292,5
46,46,6.95355224609375,19.31170654296875,0.4253975450992584,48.35189056396485,372.9420166015625,0.0041036247275769,11.366283416748049,87.66905975341797,0.9646563529968262,5
47,47,3.896209716796875,11.5814208984375,0.1534048318862915,15.180450439453123,134.12930297851562,0.0040950672701001,9.89568042755127,87.43486785888672,2.6694514751434326,5
48,48,0.89892578125,3.9356689453125,0.0203842259943485,0.8080675601959229,15.489490509033203,0.0040866658091545,3.9641809463500977,75.98764038085938,20.04817771911621,5
49,49,1.850555419921875,3.1993408203125,0.0177391674369573,3.42455530166626,10.2357816696167,0.0040788296610116,19.305051803588867,57.70159530639648,22.99335479736328,5
50,50,4.197357177734375,9.47222900390625,0.1114128306508064,17.617807388305664,89.7231216430664,0.0040718945674598,15.813088417053224,80.5321273803711,3.654780626296997,5
51,51,6.027435302734375,14.6146240234375,0.2539833188056946,36.32997512817383,213.5872344970703,0.0040661147795617,14.304080963134766,84.09498596191406,1.6009377241134644,5
52,52,7.27215576171875,18.44525146484375,0.3971732258796692,52.88425064086914,340.227294921875,0.004061659798026,13.315160751342772,85.66220092773438,1.022641897201538,5
53,53,7.908477783203125,20.87152099609375,0.5022230744361877,62.54402160644531,435.6203918457031,0.0040586199611425,12.453434944152832,86.73843383789062,0.8081309795379639,5
54,54,7.957305908203125,21.88134765625,0.546169102191925,63.31871795654297,478.7933654785156,0.0040570073761045,11.593244552612305,87.6639404296875,0.7428115606307983,5
55,55,7.47698974609375,21.536865234375,0.5237987637519836,55.90537643432617,463.8365783691406,0.0040567675605416,10.673065185546877,88.55244445800781,0.77448970079422,5
56,56,6.555755615234375,19.9683837890625,0.445772111415863,42.97793197631836,398.7363586425781,0.0040577817708253,9.641233444213867,89.44847869873047,0.9102816581726074,5
57,57,5.30279541015625,17.360107421875,0.3335528373718261,28.119638442993164,301.3733215332031,0.0040598772466182,8.430340766906738,90.35250091552734,1.2171616554260254,5
58,58,3.838165283203125,13.941650390625,0.2131639719009399,14.731513023376465,194.3696136474609,0.0040628374554216,6.91088342666626,91.1831512451172,1.905968189239502,5
59,59,2.284271240234375,9.9736328125,0.1087576597929,5.217895030975342,99.47335052490234,0.0040664114058017,4.797726631164551,91.46331024169922,3.7389655113220215,5
60,60,0.756683349609375,5.734375,0.0375259518623352,0.5725696682929993,32.883056640625,0.0040703248232603,1.5257965326309204,87.62751770019531,10.84669303894043,5
61,61,0.64312744140625,1.503173828125,0.0067474427632987,0.4136129021644592,2.2595314979553223,0.0040742983110249,6.129921436309815,33.48722839355469,60.382850646972656,5
62,62,1.833831787109375,2.4578857421875,0.0134822055697441,3.3629391193389893,6.041202545166016,0.004078063648194,24.943538665771484,44.808712005615234,30.24774742126465,5
63,63,2.757232666015625,5.914794921875,0.0466685108840465,7.60233211517334,34.984798431396484,0.0040813763625919,16.290069580078125,74.96446990966797,8.745460510253906,5
64,64,3.3817138671875,8.67987060546875,0.0908601805567741,11.435988426208496,75.34015655517578,0.0040840348228812,12.586359977722168,82.91878509521484,4.494856834411621,5
65,65,3.699920654296875,10.62310791015625,0.1306257247924804,13.689413070678713,112.85041809082033,0.0040858923457562,10.479875564575195,86.3921890258789,3.1279385089874268,5
66,66,3.72760009765625,11.678466796875,0.1543684601783752,13.895002365112305,136.38658142089844,0.004086869303137,9.001193046569824,88.35133361816406,2.6474769115448,5
67,67,3.49957275390625,11.845458984375,0.1566488742828369,12.24700927734375,140.3148956298828,0.0040869517251849,7.818128108978271,89.5728759765625,2.6089887619018555,5
68,68,3.063934326171875,11.18548583984375,0.1385889798402786,9.387693405151367,125.11509704589844,0.0040861908346414,6.773766994476318,90.2778091430664,2.9484241008758545,5
69,69,2.477630615234375,9.81427001953125,0.1065432503819465,6.13865327835083,96.31989288330078,0.0040846969932317,5.761653900146484,90.40450286865234,3.833839416503906,5
70,70,1.800537109375,7.888671875,0.0695557072758674,3.241933822631836,62.231143951416016,0.0040826248005032,4.660917282104492,89.4695053100586,5.869575500488281,5
71,71,1.08966064453125,5.5911865234375,0.0365288853645324,1.1873602867126465,31.26136589050293,0.0040801609866321,3.25046968460083,85.5798568725586,11.169683456420898,5
72,72,0.397186279296875,3.11614990234375,0.0139456503093242,0.1577569395303726,9.710390090942385,0.0040775034576654,1.131226897239685,69.63024139404297,29.2385311126709,5
73,73,0.23382568359375,0.65386962890625,0.0045570698566734,0.0546744503080844,0.4275454878807068,0.0040748501196503,1.1997721195220947,9.38202667236328,89.41820526123047,5
74,74,0.770477294921875,1.625244140625,0.0073074344545602,0.5936352610588074,2.64141845703125,0.0040723807178437,8.123717308044434,36.147003173828125,55.72928237915039,5
75,75,1.1905517578125,3.57666015625,0.0182801596820354,1.4174134731292725,12.792497634887695,0.0040702479891479,7.753835678100586,69.980224609375,22.265932083129883,5
76,76,1.4832763671875,5.09210205078125,0.032198179513216,2.200108766555786,25.929502487182617,0.0040685678832232,6.833023071289063,80.53096008300781,12.63601779937744,5
77,77,1.64678955078125,6.10186767578125,0.0440121218562126,2.7119157314300537,37.2327880859375,0.0040674176998436,6.161747455596924,84.59667205810547,9.241585731506348,5
78,78,1.686737060546875,6.57989501953125,0.0502069294452667,2.8450818061828613,43.29501724243164,0.0040668272413313,5.666711807250977,86.233154296875,8.100131034851074,5
79,79,1.61639404296875,6.537841796875,0.0494228936731815,2.612729787826538,42.74337387084961,0.0040667857974767,5.286477088928223,86.48497772216797,8.228546142578125,5
80,80,1.452484130859375,6.02496337890625,0.0424771383404731,2.109710216522217,36.3001823425293,0.0040672468021512,4.966695785522461,85.45816802978516,9.575143814086914,5
81,81,1.215728759765625,5.11749267578125,0.0317348577082157,1.4779964685440063,26.1887321472168,0.0040681278333067,4.657328605651856,82.52355194091797,12.819114685058594,5
82,82,0.927825927734375,3.916015625,0.0202653650194406,0.8608609437942505,15.33517837524414,0.0040693255141377,4.247941970825195,75.67185974121094,20.080198287963867,5
83,83,0.610443115234375,2.5343017578125,0.0108660450205206,0.3726407885551452,6.422685623168945,0.004070718307048,3.42940616607666,59.107852935791016,37.46274185180664,5
84,84,0.284820556640625,1.091796875,0.0053453240543603,0.0811227485537529,1.1920204162597656,0.0040721804834902,1.5176395177841189,22.30024719238281,76.1821060180664,5
85,85,0.029388427734375,0.2989501953125,0.0041638272814452,0.0008636796846985,0.0893712192773819,0.0040735923685133,0.0207424480468034,2.146372079849243,97.8328857421875,5
86,86,0.314544677734375,1.5360107421875,0.0065331133082509,0.0989383533596992,2.3593289852142334,0.0040748459286987,1.514413595199585,36.11339569091797,62.372188568115234,5
87,87,0.556488037109375,2.5379638671875,0.0108267925679683,0.3096789419651031,6.441260814666748,0.0040758531540632,2.860301971435547,59.49371337890625,37.64598846435547,5
88,88,0.743377685546875,3.24713134765625,0.0151730282232165,0.5526103973388672,10.543862342834473,0.0040765544399619,3.642057657241821,69.49082946777344,26.86711311340332,5
89,89,0.867279052734375,3.6353759765625,0.0180450528860092,0.7521729469299316,13.21595859527588,0.0040769204497337,4.168305397033691,73.23868560791016,22.59300994873047,5
90,90,0.923919677734375,3.69964599609375,0.018617957830429,0.8536275625228882,13.68738079071045,0.0040769493207335,4.5849690437316895,73.51709747314453,21.89793968200684,5
91,91,0.9139404296875,3.46612548828125,0.0169259812682867,0.8352870941162109,12.014025688171388,0.004076668061316,4.934940814971924,70.97978973388672,24.085268020629883,5
92,92,0.8406982421875,2.9794921875,0.0136602744460105,0.7067735195159912,8.877373695373535,0.0040761269629001,5.173933982849121,64.9867935180664,29.83927345275879,5
93,93,0.71246337890625,2.30230712890625,0.0098836161196231,0.5076040625572205,5.300618171691895,0.0040753930807113,5.1358137130737305,53.63035202026367,41.23382568359375,5
94,94,0.54034423828125,1.50738525390625,0.006638724822551,0.291971892118454,2.2722103595733643,0.0040745423175394,4.398011684417725,34.22661209106445,61.37537384033203,5
95,95,0.338226318359375,0.669921875,0.0046368488110601,0.1143970414996147,0.4487953186035156,0.0040736561641097,2.4671289920806885,9.67888641357422,87.8539810180664,5
96,96,0.122772216796875,0.14007568359375,0.0041075004264712,0.0150730172172188,0.0196211971342563,0.0040728063322603,0.366963267326355,0.4776919186115265,99.15534973144533,5
97,97,0.089813232421875,0.8580322265625,0.0048163454048335,0.0080664167180657,0.7362192869186401,0.0040720598772168,0.1674800366163253,15.285849571228027,84.54667663574219,5
98,98,0.283050537109375,1.43646240234375,0.0062150061130523,0.0801176056265831,2.0634243488311768,0.004071463830769,1.2890993356704712,33.20068359375,65.51021575927734,5
99,99,0.4422607421875,1.8408203125,0.0076552666723728,0.1955945640802383,3.3886194229125977,0.0040710526518523,2.555032730102539,44.26520538330078,53.17976379394531,5
0,0,314.8002319335937,952.2405395507812,1005.8642578125,99099.1875,906762.0625,0.0029716463759541,9.852143287658691,90.1475601196289,0.0002954321389552,6
1,1,305.5100402832031,931.4246826171876,960.891357421875,93336.3828125,867551.9375,0.0029667627532035,9.71352195739746,90.28617095947266,0.0003087511286139,6
2,2,296.3729553222656,910.8794555664062,917.5413208007812,87836.9296875,829701.375,0.0029628835618495,9.573076248168944,90.42659759521484,0.0003229155554436,6
3,3,287.36212158203125,890.552734375,875.6641845703125,82576.9921875,793084.1875,0.0029603149741888,9.43021297454834,90.56945037841795,0.0003380650887265,6
4,4,278.446044921875,870.369140625,835.07763671875,77532.203125,757542.4375,0.0029592469800263,9.284430503845217,90.71521759033205,0.0003543678903952,6
5,5,269.5919189453125,850.2183837890625,795.5540771484375,72679.8046875,722871.3125,0.0029598877299576,9.135746955871582,90.86388397216795,0.0003720536187756,6
6,6,260.7488708496094,829.968017578125,756.8399047851562,67989.9765625,688846.9375,0.0029623673763126,8.983403205871582,91.0162124633789,0.000391412700992,6
7,7,251.8531646728516,809.4801025390625,718.6911010742188,63430.015625,655258.0625,0.0029667334165424,8.825769424438477,91.17381286621094,0.0004127967404201,6
8,8,242.83958435058597,788.6162719726562,680.8897094726562,58971.0625,621915.625,0.0029730014503002,8.660883903503418,91.33867645263672,0.0004366348148323,6
9,9,233.64566040039065,767.23828125,643.2478637695312,54590.29296875,588654.5625,0.0029811798594892,8.486664772033691,91.51287078857422,0.0004634573997464,6
10,10,224.21018981933597,745.2083740234375,605.6087036132812,50270.2109375,555335.5,0.0029912840109318,8.300774574279785,91.69873809814452,0.0004939301288686,6
11,11,214.47164916992188,722.38818359375,567.8458251953125,45998.08984375,521844.6875,0.0030033395159989,8.100454330444336,91.89901733398438,0.0005289004766382,6
12,12,204.3673095703125,698.6392822265625,529.8659057617188,41765.99609375,488096.84375,0.0030173789709806,7.882371425628662,92.11705017089844,0.0005694608553312,6
13,13,193.83355712890625,673.8211669921875,491.6094970703125,37571.44921875,454034.96875,0.0030334484763443,7.6425395011901855,92.35684204101562,0.0006170443375594,6
14,14,182.80874633789065,647.7918090820312,453.0563354492188,33419.0390625,419634.21875,0.0030516001861542,7.376354217529297,92.62297058105467,0.0006735586794093,6
15,15,171.23373413085938,620.408203125,414.2304382324219,29320.9921875,384906.34375,0.0030718925409018,7.078425407409668,92.92083740234376,0.0007415902218781,6
16,16,159.05413818359375,591.5283203125,375.2070617675781,25298.21875,349905.75,0.003094388404861,6.742469310760498,93.2567138671875,0.0008247148944064,6
17,17,146.22215270996094,561.0091552734375,336.1153259277344,21380.91796875,314731.28125,0.0031191571615636,6.361185073852539,93.63788604736328,0.0009280021185986,6
18,18,132.6983184814453,528.7108154296875,297.1471252441406,17608.84375,279535.125,0.0031462688930332,5.925968170166016,94.07296752929688,0.0010588252916932,6
19,19,118.4544677734375,494.5003051757813,258.565185546875,14031.4609375,244530.546875,0.0031757911201566,5.426663398742676,94.57211303710938,0.0012282361276447,6
20,20,103.476318359375,458.2477722167969,220.7015838623047,10707.3486328125,209991.015625,0.0032077918294817,4.851505279541016,95.14704132080078,0.0014534521615132,6
21,21,87.77003479003906,419.8476257324219,183.97885131835935,7703.5791015625,176272.03125,0.0032423126976937,4.187209129333496,95.81103515625,0.0017623290186747,6
22,22,71.36802673339844,379.21722412109375,148.9023895263672,5093.39501953125,143805.703125,0.003279369790107,3.420626640319824,96.57716369628906,0.0022023620549589,6
23,23,54.33880615234375,336.31549072265625,116.06414031982422,2952.705810546875,113108.109375,0.0033189384266734,2.544029474258423,97.45310974121094,0.0028595726471394,6
24,24,36.79862976074219,291.1605224609375,86.1319580078125,1354.13916015625,84774.453125,0.0033609294332563,1.5721681118011477,98.42393493652344,0.0039020702242851,6
25,25,18.926971435546875,243.8560791015625,59.827430725097656,358.2302551269531,59465.7890625,0.0034051646944135,0.5987726449966431,99.3955307006836,0.005691644269973,6
26,26,0.987152099609375,194.63897705078125,37.88875961303711,0.9744692444801332,37884.33203125,0.003451321972534,0.0025719217956066,99.9883270263672,0.0091090919449925,6
27,27,16.656005859375,143.91290283203125,20.991846084594727,277.42254638671875,20710.923828125,0.0034989055711776,1.3215728998184204,98.66175842285156,0.0166679266840219,6
28,28,33.519500732421875,92.32806396484376,9.651576042175291,1123.556884765625,8524.4716796875,0.0035471629817038,11.641176223754885,88.32207489013672,0.036752164363861,6
29,29,49.00469970703125,40.8345947265625,4.0725202560424805,2401.460693359375,1667.464111328125,0.0035950359888374,58.96744155883789,40.94428253173828,0.0882754623889923,6
30,30,62.43585205078125,9.25054931640625,3.9874496459960938,3898.235595703125,85.57266235351562,0.0036411071196198,97.76263427734376,2.146050214767456,0.0913141816854476,6
31,31,73.13653564453125,56.26690673828125,8.518601417541504,5348.95263671875,3165.96484375,0.0036836399231106,62.79144287109375,37.165313720703125,0.0432423092424869,6
32,32,80.5394287109375,98.2822265625,16.149717330932617,6486.599609375,9659.396484375,0.0037206918932497,40.165409088134766,59.81155776977539,0.0230387430638074,6
33,33,84.29177856445312,133.36474609375,24.89501190185547,7105.10400390625,17786.15625,0.0037504006177186,28.54027366638184,71.44466400146484,0.0150648672133684,6
34,34,84.32684326171875,159.94500732421875,32.69719696044922,7111.0166015625,25582.40625,0.0037713525816798,21.748092651367188,78.24036407470703,0.0115341767668724,6
35,35,80.87429809570312,177.13653564453125,37.92178726196289,6540.65185546875,31377.3515625,0.0037828711792826,17.24774169921875,82.7422866821289,0.0099754557013511,6
36,36,74.4007568359375,184.86932373046875,39.71592712402344,5535.47265625,34176.66796875,0.003785100299865,13.937665939331056,86.05280303955078,0.009530434384942,6
37,37,65.5230712890625,183.80438232421875,38.08110427856445,4293.27294921875,33784.05078125,0.0037788755726069,11.27402400970459,88.71605682373047,0.0099232299253344,6
38,38,54.918243408203125,175.12530517578125,33.68865203857422,3016.013427734375,30668.873046875,0.0037654952611774,8.95261001586914,91.03621673583984,0.0111773395910859,6
39,39,43.2559814453125,160.30303955078125,27.57189178466797,1871.0799560546875,25697.064453125,0.0037464867345988,6.786187171936035,93.20022583007812,0.0135880662128329,6
40,40,31.150054931640625,140.9010009765625,20.82714080810547,970.325927734375,19853.091796875,0.0037234262563288,4.658949375152588,95.32317352294922,0.017877759411931,6
41,41,19.134002685546875,118.43841552734376,14.397466659545898,366.1100463867188,14027.658203125,0.0036978106945753,2.5428783893585205,97.43143463134766,0.0256837606430053,6
42,42,7.64703369140625,94.3033447265625,8.955269813537598,58.47712326049805,8893.12109375,0.0036709893029183,0.6529912352561951,99.30601501464844,0.0409925021231174,6
43,43,2.96966552734375,69.69573974609375,4.869959354400635,8.818913459777832,4857.49609375,0.0036441180855035,0.1810880452394485,99.74407958984376,0.0748285055160522,6
44,44,12.468154907226562,45.6107177734375,2.239410877227783,155.4548797607422,2080.337646484375,0.0036181441973894,6.941775798797607,92.89665222167967,0.1615667790174484,6
45,45,20.68589782714844,22.83441162109375,0.952910542488098,427.9063720703125,521.4103393554688,0.0035938089713454,44.90520095825195,54.71765899658203,0.3771402239799499,6
46,46,27.53363037109375,1.95416259765625,0.765491247177124,758.100830078125,3.818751573562622,0.003571658860892,99.03456115722656,0.4988628923892975,0.4665839076042175,6
47,47,32.98100280761719,16.620361328125,1.36753511428833,1087.74658203125,276.2364196777344,0.0035520694218575,79.5406723022461,20.199586868286133,0.2597424685955047,6
48,48,37.044525146484375,32.62701416015625,2.440354347229004,1372.296875,1064.5220947265625,0.0035352692939341,56.23351287841797,43.621620178222656,0.1448670476675033,6
49,49,39.773529052734375,45.9300537109375,3.695024967193604,1581.93359375,2109.56982421875,0.003521368606016,42.812530517578125,57.09217071533203,0.0953002646565437,6
50,50,41.24247741699219,56.49102783203125,4.895689010620117,1700.94189453125,3191.236328125,0.0035103824920952,34.74366760253906,65.18462371826172,0.0717035457491874,6
51,51,41.54078674316406,64.3468017578125,5.869650363922119,1725.636962890625,4140.5107421875,0.0035022525116801,29.399316787719727,70.541015625,0.0596671439707279,6
52,52,40.76876831054688,69.592529296875,6.508709907531738,1662.092529296875,4843.1201171875,0.0034968634136021,25.536436080932617,74.40983581542969,0.0537259057164192,6
53,53,39.0341796875,72.36572265625,6.763959884643555,1523.667236328125,5236.7978515625,0.0034940605983138,22.526262283325195,77.42207336425781,0.0516570284962654,6
54,54,36.44966125488281,72.8392333984375,6.637625694274902,1328.5777587890625,5305.5537109375,0.0034936543088406,20.01585960388184,79.93150329589844,0.052634097635746,6
55,55,33.13203430175781,71.20941162109375,6.1720075607299805,1097.731689453125,5070.7802734375,0.0034954296424984,17.7856502532959,82.15771484375,0.0566335916519165,6
56,56,29.203170776367188,67.6978759765625,5.439326763153076,852.8251953125,4583.00244140625,0.0034991493448615,15.678874969482422,84.25679779052734,0.0643305629491806,6
57,57,24.78857421875,62.54376220703125,4.52970027923584,614.473388671875,3911.72216796875,0.0035045577678829,13.565431594848633,86.3572006225586,0.0773684233427047,6
58,58,20.019363403320312,56.00445556640625,3.540785551071167,400.77490234375,3136.4990234375,0.0035113787744194,11.318814277648926,88.58201599121094,0.099169485270977,6
59,59,15.030197143554688,48.35302734375,2.567441463470459,225.9068298339844,2338.01513671875,0.0035193229559808,8.798909187316895,91.06401824951172,0.1370750963687896,6
60,60,9.95928955078125,39.87713623046875,1.692901611328125,99.18744659423828,1590.18603515625,0.003528086002916,5.859020233154297,93.9325714111328,0.2084046602249145,6
61,61,4.947052001953125,30.87554931640625,0.981310248374939,24.473323822021484,953.299560546875,0.0035373517312109,2.493943691253662,97.14558410644533,0.3604723215103149,6
62,62,0.131439208984375,21.652099609375,0.4723775386810303,0.0172762647271156,468.81341552734375,0.0035468011628836,0.0036573000252246,99.24549865722656,0.7508403658866882,6
63,63,4.35406494140625,12.5107421875,0.1790326833724975,18.957881927490234,156.5186767578125,0.0035561160184442,10.589062690734863,87.42464447021484,1.986294269561768,6
64,64,8.387054443359375,3.74493408203125,0.0879322066903114,70.34268188476562,14.024531364440918,0.0035649919882416,79.99649810791016,15.949254989624023,4.054250717163086,6
65,65,11.85968017578125,4.3726806640625,0.1633455008268356,140.65200805664062,19.120336532592773,0.0035731452517211,86.10706329345703,11.70545768737793,2.1874771118164062,6
66,66,14.6854248046875,11.5960693359375,0.3537108898162842,215.6616973876953,134.4688262939453,0.0035803276114165,60.97118377685547,38.016597747802734,1.0122185945510864,6
67,67,16.8035888671875,17.72705078125,0.6001952886581421,282.360595703125,314.2483215332031,0.0035863372031599,47.0447883605957,52.35768127441406,0.597528338432312,6
68,68,18.18121337890625,22.61309814453125,0.8454998135566711,330.5565185546875,511.3522033691406,0.0035910247825086,39.09599304199219,60.47928237915039,0.4247221052646637,6
69,69,18.81698608398437,26.16357421875,1.0422059297561646,354.0789794921875,684.5325927734375,0.0035943053662776,33.9739990234375,65.6811294555664,0.344874769449234,6
70,70,18.73858642578125,28.34722900390625,1.1582961082458496,351.1346130371094,803.5653686523438,0.0035961563698947,30.314754486083984,69.3747787475586,0.3104695081710815,6
71,71,18.00152587890625,29.19268798828125,1.1798646450042725,324.054931640625,852.2130126953125,0.0035966192372143,27.46543502807617,72.22972869873047,0.3048332035541534,6
72,72,16.684661865234375,28.78564453125,1.1105871200561523,278.3779296875,828.6133422851562,0.0035957912914454,25.06583595275879,74.61039733886719,0.3237738907337188,6
73,73,14.884033203125,27.2586669921875,0.968163251876831,221.5344390869141,743.034912109375,0.003593819681555,22.88193130493164,76.74687194824219,0.371199756860733,6
74,74,12.708404541015623,24.78173828125,0.7792290449142456,161.5035400390625,614.1345825195312,0.0035908881109207,20.72607040405273,78.81310272216797,0.4608257710933685,6
75,75,10.271514892578123,21.54937744140625,0.573466956615448,105.50402069091795,464.3756713867188,0.0035872033331543,18.3975772857666,80.97689056396484,0.6255292296409607,6
76,76,7.686981201171875,17.7698974609375,0.3784419596195221,59.08967971801758,315.7692565917969,0.0035829865373671,15.613935470581056,83.43929290771484,0.9467730522155762,6
77,77,5.06298828125,13.653564453125,0.2156321406364441,25.63385009765625,186.41981506347656,0.0035784561187028,11.88776969909668,86.45271301269531,1.659518837928772,6
78,78,2.49853515625,9.40155029296875,0.0982056558132171,6.242677688598633,88.38914489746094,0.0035738234873861,6.3567399978637695,90.00413513183594,3.6391217708587646,6
79,79,0.080322265625,5.1995849609375,0.0306114163249731,0.006451666355133,27.03568458557129,0.0035692790988832,0.021076014265418,88.31896209716797,11.659960746765137,6
80,80,2.118988037109375,1.211669921875,0.0095232473686337,4.490110397338867,1.4681439399719238,0.0035649922210723,47.14894104003906,15.416422843933104,37.43462753295898,6
81,81,4.0418701171875,2.4239501953125,0.0257733538746833,16.336713790893555,5.875534534454346,0.0035611037164926,63.38606643676758,22.796934127807617,13.816997528076172,6
82,82,5.646697998046875,5.60101318359375,0.0668142735958099,31.88519859313965,31.3713493347168,0.0035577223170548,47.72213745117188,46.953067779541016,5.324793815612793,6
83,83,6.90692138671875,8.23760986328125,0.1191187128424644,47.705562591552734,67.85821533203125,0.003554928349331,40.04875564575195,56.96688461303711,2.9843575954437256,6
84,84,7.80987548828125,10.2838134765625,0.1703037619590759,60.99415588378906,105.75682067871094,0.0035527711734175,35.81492233276367,62.09893798828125,2.0861377716064453,6
85,85,8.355819702148438,11.715576171875,0.2106257379055023,69.8197250366211,137.25473022460938,0.003551272675395,33.14871597290039,65.16522216796875,1.6860581636428833,6
86,86,8.557998657226562,12.535888671875,0.2339382767677307,73.23934173583984,157.14849853515625,0.0035504265688359,31.30712509155273,67.17520141601562,1.5176767110824585,6
87,87,8.43841552734375,12.76849365234375,0.2377914935350418,71.20685577392578,163.034423828125,0.0035502053797245,29.945083618164062,68.56192016601562,1.4929909706115725,6
88,88,8.028854370117188,12.45794677734375,0.2232135236263275,64.4625015258789,155.200439453125,0.0035505592823028,28.87929916381836,69.53003692626953,1.5906559228897097,6
89,89,7.368194580078125,11.66632080078125,0.1939447671175003,54.29029083251953,136.10304260253906,0.0035514228511601,27.992656707763672,70.17619323730469,1.8311517238616943,6
90,90,6.5,10.46728515625,0.1553667783737182,42.25,109.56405639648438,0.0035527157597243,27.1937198638916,70.51962280273438,2.28666353225708,6
91,91,5.473358154296875,8.9454345703125,0.1135327965021133,29.95764923095703,80.02079772949219,0.0035543476697057,26.38677978515625,70.4825439453125,3.130679130554199,6
92,92,4.337188720703125,7.18988037109375,0.0740618109703064,18.811206817626957,51.69437789916992,0.0035562256816774,25.399333953857425,69.7989730834961,4.801699638366699,6
93,93,3.142669677734375,5.2939453125,0.0414604805409908,9.876372337341309,28.025856018066406,0.0035582492128014,23.8211727142334,67.5965576171875,8.582266807556152,6
94,94,1.93829345703125,3.3497314453125,0.0185380056500434,3.756981611251831,11.220701217651367,0.0035603225696831,20.26637458801269,60.528099060058594,19.20553207397461,6
95,95,0.770294189453125,1.44122314453125,0.006232832558453,0.5933531522750854,2.077124118804932,0.003562354715541,9.519800186157228,33.32552719116211,57.154666900634766,6
96,96,0.319488525390625,0.35040283203125,0.0037891173269599,0.1020729169249534,0.1227821409702301,0.0035642622970044,2.6938443183898926,3.240389347076416,94.06576538085938,6
97,97,1.296142578125,1.9586181640625,0.0090821450576186,1.679985523223877,3.8361852169036874,0.0035659736022353,18.4976749420166,42.23876190185547,39.2635612487793,6
98,98,2.130950927734375,3.3291015625,0.0191913023591041,4.540951728820801,11.08291721343994,0.0035674325190484,23.661510467529297,57.74968719482422,18.58879852294922,6
99,99,2.80291748046875,4.42138671875,0.0309736039489507,7.856346607208252,19.548660278320312,0.0035685950424522,25.364652633666992,63.11394119262695,11.521407127380373,6
0,0,330.42608642578125,397.8844604492188,267.4978942871094,109181.3984375,158312.046875,0.0044343490153551,40.815799713134766,59.18254089355469,0.0016577136702835,7
1,1,308.5347595214844,317.1947021484375,195.8106689453125,95193.6953125,100612.4765625,0.0044813277199864,48.615177154541016,51.38253021240234,0.0022886025253683,7
2,2,285.2037658691406,235.023193359375,136.58163452148438,81341.1875,55235.90234375,0.0045330463908612,59.55500030517578,40.44167709350586,0.003318928182125,7
3,3,260.36578369140625,152.37164306640625,91.01205444335938,67790.34375,23217.1171875,0.0045891590416431,74.48501586914062,25.509939193725582,0.0050423643551766,7
4,4,233.66180419921875,71.5528564453125,59.7223014831543,54597.83984375,5119.81103515625,0.004647821187973,91.41952514648438,8.5726957321167,0.0077823884785175,7
5,5,204.8871154785156,3.62274169921875,41.996559143066406,41978.73046875,13.12425708770752,0.0047052069567143,99.95755767822266,0.0312507897615432,0.0112037919461727,7
6,6,174.1678466796875,67.84735107421875,34.94245910644531,30334.439453125,4603.26318359375,0.0047551938332617,86.81255340576172,13.173839569091797,0.0136086409911513,7
7,7,142.21749877929688,115.8668212890625,33.65572738647461,20225.81640625,13425.1201171875,0.0047909813001751,60.09621047973633,39.889556884765625,0.0142352627590298,7
8,8,110.14930725097656,144.76446533203125,33.09442901611328,12132.8701171875,20956.75,0.0048085246235132,36.66136932373047,63.32410430908203,0.0145297106355428,7
9,9,79.06451416015625,154.970703125,30.27192497253418,6251.197265625,24015.91796875,0.0048082405701279,20.650148391723636,79.33396911621094,0.0158834978938102,7
10,10,49.82038879394531,149.2689208984375,24.768075942993164,2482.071044921875,22281.2109375,0.004793282598257,10.021251678466797,89.95939636230469,0.0193526651710271,7
11,11,23.01606750488281,131.3427734375,17.785432815551758,529.7393798828125,17250.923828125,0.0047675240784883,2.978501558303833,96.99468994140624,0.0268057808279991,7
12,12,0.941162109375,104.921630859375,11.014169692993164,0.8857861161231995,11008.548828125,0.0047346320934593,0.0080422414466738,99.948974609375,0.0429867357015609,7
13,13,21.77789306640625,73.4541015625,5.874479293823242,474.276611328125,5395.5048828125,0.0046978201717138,8.073509216308594,91.84651947021484,0.0799699872732162,7
14,14,39.3251953125,40.021240234375,3.1528306007385254,1546.470947265625,1601.69970703125,0.0046598175540566,49.05024337768555,50.80196380615234,0.1477978974580764,7
15,15,53.51678466796875,7.30303955078125,2.922003746032715,2864.046142578125,53.33438491821289,0.0046229008585214,98.01651763916016,1.825267672538757,0.1582099646329879,7
16,16,64.39981079101562,22.470703125,4.656857013702393,4147.33544921875,504.9324951171875,0.0045888950116932,89.05868530273438,10.842774391174316,0.0985405966639518,7
17,17,72.13784790039062,47.58709716796875,7.472960472106934,5203.869140625,2264.53173828125,0.0045591425150632,69.63597869873047,30.30300712585449,0.061008520424366,7
18,18,76.99078369140625,66.90704345703125,10.408668518066406,5927.58056640625,4476.55224609375,0.0045344978570938,56.94850158691406,43.00792694091797,0.0435646288096904,7
19,19,79.28359985351562,79.86468505859375,12.66877269744873,6285.88916015625,6378.36767578125,0.004515360109508,49.61719512939453,50.34716796875,0.0356416553258895,7
20,20,79.36642456054688,86.40032958984375,13.768548965454102,6299.029296875,7465.01708984375,0.0045017483644187,45.74940872192383,54.217891693115234,0.0326958820223808,7
21,21,77.58340454101562,86.863525390625,13.568950653076172,6019.1845703125,7545.27197265625,0.0044933971948921,44.359989166259766,55.606895446777344,0.0331152901053428,7
22,22,74.25045776367188,81.894287109375,12.224294662475586,5513.13037109375,6706.67431640625,0.0044898414053022,45.09978485107422,54.86348724365234,0.0367288403213024,7
23,23,69.64773559570312,72.33709716796875,10.087953567504885,4850.80712890625,5232.65576171875,0.0044904663227498,48.085147857666016,51.870338439941406,0.0445131547749042,7
24,24,64.01815795898438,59.18121337890625,7.605235576629639,4098.32470703125,3502.416015625,0.0044945362024009,53.88820266723633,46.052696228027344,0.0590979233384132,7
25,25,57.572296142578125,43.5186767578125,5.212945938110352,3314.5693359375,1893.875244140625,0.0045011988840997,63.58341979980469,36.33023071289063,0.0863465517759323,7
26,26,50.49530029296875,26.51214599609375,3.257179021835327,2549.775390625,702.8938598632812,0.0045094978995621,78.2817153930664,21.579835891723636,0.13844795525074,7
27,27,42.955596923828125,9.3582763671875,1.937279224395752,1845.183349609375,87.57733917236328,0.0045183859765529,95.24613189697266,4.520636081695557,0.2332336008548736,7
28,28,35.111968994140625,6.77008056640625,1.2832111120224,1232.850341796875,45.83399200439453,0.0045267781242728,96.0754165649414,3.5718202590942383,0.3527695536613464,7
29,29,27.120086669921875,20.79901123046875,1.1726317405700684,735.4990844726562,432.598876953125,0.0045336256735026,62.72209167480469,36.89128112792969,0.3866197168827057,7
30,30,19.1365966796875,31.844482421875,1.384818434715271,366.2093200683594,1014.071044921875,0.0045380219817161,26.44457244873047,73.22772979736328,0.3276979923248291,7
31,31,11.318206787109377,39.2982177734375,1.6769911050796509,128.101806640625,1544.3499755859375,0.0045393146574497,7.638789176940918,92.0905303955078,0.2706820964813232,7
32,32,3.819091796875,42.8861083984375,1.8583409786224363,14.58546257019043,1839.21826171875,0.0045371777378022,0.7848647236824036,98.97098541259766,0.2441520541906356,7
33,33,3.213958740234375,42.68389892578125,1.836776614189148,10.329530715942385,1821.915283203125,0.0045316503383219,0.5623727440834045,99.19091033935548,0.2467175424098968,7
34,34,9.648590087890623,39.0845947265625,1.6252241134643557,93.09529113769533,1527.6055908203125,0.0045231115072965,5.728151321411133,93.99353790283205,0.2783069312572479,7
35,35,15.371566772460938,32.73187255859375,1.312172770500183,236.2850646972656,1071.37548828125,0.0045122071169316,18.00716209411621,81.64896392822266,0.3438729345798492,7
36,36,20.292770385742188,24.435791015625,1.0134042501449585,411.7965393066406,597.10791015625,0.0044997632503509,40.63497543334961,58.92100524902344,0.4440245330333709,7
37,37,24.346725463867188,15.0762939453125,0.824544370174408,592.7630615234375,227.2946319580078,0.0044866851530969,71.8897705078125,27.566089630126957,0.5441411137580872,7
38,38,27.494293212890625,5.52410888671875,0.7909258604049683,755.9361572265625,30.515779495239254,0.0044738636352121,95.57611083984376,3.858235120773315,0.5656489133834839,7
39,39,29.720443725585938,3.43072509765625,0.8995367884635925,883.3047485351562,11.769874572753906,0.004462101496756,98.19551849365234,1.3084373474121094,0.4960443377494812,7
40,40,31.03353881835937,11.13104248046875,1.0914326906204224,963.0805053710938,123.90010833740234,0.0044520567171275,88.24002838134766,11.352062225341797,0.4079094231128692,7
41,41,31.46319580078125,17.0853271484375,1.286285400390625,989.9326782226562,291.9084167480469,0.0044442093931138,76.96057891845703,22.693910598754883,0.345507264137268,7
42,42,31.057449340820312,20.98736572265625,1.409473538398743,964.565185546875,440.4695129394531,0.0044388421811163,68.43443298339844,31.25064468383789,0.3149290680885315,7
43,43,29.881881713867188,22.7152099609375,1.4133436679840088,892.9268798828125,515.9807739257812,0.004436045885086,63.17832946777344,36.50780487060547,0.3138688802719116,7
44,44,28.016571044921875,22.32421875,1.2877347469329834,784.92822265625,498.3707275390625,0.0044357273727655,60.95418930053711,38.70135116577149,0.3444597125053406,7
45,45,25.55477905273437,20.02557373046875,1.058508038520813,653.0467529296875,401.0235900878906,0.0044376333244144,61.69502258300781,37.8857421875,0.4192347228527069,7
46,46,22.60166931152344,16.16339111328125,0.7765320539474487,510.83544921875,261.2552185058594,0.0044413758441805,65.78421020507812,33.64384460449219,0.5719500780105591,7
47,47,19.2723388671875,11.18206787109375,0.5009081363677979,371.4230346679688,125.03864288330078,0.0044464617967605,74.14993286132812,24.96239280700684,0.8876800537109375,7
48,48,15.6900634765625,5.59320068359375,0.2819142937660217,246.17808532714844,31.28389358520508,0.0044523291289806,87.32373809814453,11.096952438354492,1.5793200731277466,7
49,49,11.9815673828125,0.07025146484375,0.1480212807655334,143.55795288085938,0.0049352683126926,0.0044583897106349,96.98468017578124,0.0033341613598167,3.0119924545288086,7
50,50,8.274932861328125,5.2916259765625,0.1009398996829986,68.4745101928711,28.001304626464844,0.0044640731066465,67.8369140625,27.74057388305664,4.422505855560303,7
51,51,4.692047119140625,9.62188720703125,0.1190648972988128,22.01530647277832,92.5807113647461,0.0044688754715025,18.490175247192383,77.75651550292969,3.753310918807984,7
52,52,1.343475341796875,12.71661376953125,0.1679895967245102,1.8049260377883911,161.71226501464844,0.0044724037870764,1.0744272470474243,96.26326751708984,2.6623101234436035,7
53,53,1.67681884765625,14.3668212890625,0.21369169652462,2.8117215633392334,206.40554809570312,0.004474411252886,1.315784215927124,96.5903549194336,2.093863010406494,7
54,54,4.297332763671875,14.51739501953125,0.2336966544389724,18.46706962585449,210.7547607421875,0.0044748140498995,7.902154445648193,90.18305206298828,1.9147958755493164,7
55,55,6.470703125,13.26202392578125,0.2222249805927276,41.869998931884766,175.8812713623047,0.004473689943552,18.84126663208008,79.14559173583984,2.013135433197021,7
56,56,8.176025390625,10.82684326171875,0.1885392069816589,66.8473892211914,117.22053527832033,0.0044712629169225,35.4554328918457,62.17303466796875,2.3715295791625977,7
57,57,9.4146728515625,7.536865234375,0.1499082744121551,88.63606262207031,56.80433654785156,0.0044678621925413,59.12687301635742,37.89273071289063,2.980397224426269,7
58,58,10.209808349609377,3.77581787109375,0.1229608803987503,104.2401885986328,14.256800651550291,0.0044638835825026,84.77509307861328,11.59458351135254,3.6303281784057617,7
59,59,10.598968505859377,0.05755615234375,0.1168011948466301,112.338134765625,0.0033127106726169,0.004459741525352,96.1789321899414,0.0028361959848552,3.818233013153076,7
60,60,10.630584716796877,3.5904541015625,0.1303565204143524,113.00933074951172,12.89136028289795,0.0044558262452483,86.6925048828125,9.889309883117676,3.418184518814087,7
61,61,10.35791015625,6.50958251953125,0.1541134417057037,107.28630065917967,42.37466430664063,0.0044524660333991,69.61515045166016,27.49576187133789,2.8890836238861084,7
62,62,9.83544921875,8.58673095703125,0.174917921423912,96.7360610961914,73.73194885253906,0.004449906758964,55.30369186401367,42.15231704711914,2.543997049331665,7
63,63,9.114715576171877,9.6915283203125,0.181452065706253,83.07804107666016,93.92572021484376,0.0044482909142971,45.785118103027344,51.76337814331055,2.451496362686157,7
64,64,8.242828369140625,9.79852294921875,0.1684029400348663,67.94422149658203,96.01105499267578,0.0044476599432528,40.346221923828125,57.0126953125,2.641082286834717,7
65,65,7.260467529296875,8.9764404296875,0.137738823890686,52.71438980102539,80.57648468017578,0.004447953775525,38.27126693725586,58.499473571777344,3.229266405105591,7
66,66,6.201873779296875,7.380126953125,0.0973785445094108,38.46323776245117,54.46627426147461,0.0044490285217761,39.49867630004883,55.93252182006836,4.568797111511231,7
67,67,5.0960693359375,5.22747802734375,0.0577471256256103,25.96992301940918,27.326526641845703,0.0044506727717816,44.971805572509766,47.32101821899414,7.707176208496094,7
68,68,3.967437744140625,2.77435302734375,0.0278902351856231,15.740562438964844,7.69703483581543,0.0044526359997689,56.43754577636719,27.597597122192383,15.96485710144043,7
69,69,2.83709716796875,0.28851318359375,0.0125870117917656,8.04911994934082,0.0832398533821106,0.0044546518474817,63.94782638549805,0.6613155007362366,35.39086151123047,7
70,70,1.724609375,1.9781494140625,0.0113438200205564,2.97427749633789,3.913075208663941,0.0044564679265022,26.21936416625977,34.495216369628906,39.285423278808594,7
71,71,0.648101806640625,3.81573486328125,0.0194377414882183,0.4200359582901001,14.559832572937012,0.004457872826606,2.160929918289185,74.90496826171875,22.93410873413086,7
72,72,0.373016357421875,5.07342529296875,0.0303375031799078,0.1391412019729614,25.73964500427246,0.0044587170705199,0.4586442410945892,84.84430694580078,14.697046279907228,7
73,73,1.3199462890625,5.67413330078125,0.0383969731628894,1.7422581911087036,32.1957893371582,0.0044589238241314,4.537488460540772,83.84981536865234,11.612696647644045,7
74,74,2.1719970703125,5.61785888671875,0.0407364070415496,4.717571258544922,31.560338973999023,0.0044584963470697,11.58072566986084,77.47452545166016,10.944746017456056,7
75,75,2.91033935546875,4.97259521484375,0.0376542918384075,8.470075607299805,24.726703643798828,0.0044575091451406,22.49431800842285,65.66769409179688,11.837985038757324,7
76,76,3.51690673828125,3.8671875,0.031779870390892,12.368633270263672,14.95513916015625,0.0044560986571013,38.91971206665039,47.05852890014648,14.021764755249023,7
77,77,3.975921630859375,2.46783447265625,0.026352597400546,15.807952880859377,6.090207099914551,0.0044544381089508,59.9863166809082,23.110464096069336,16.903221130371094,7
78,78,4.276947021484375,0.95648193359375,0.0236598551273345,18.29227638244629,0.9148576855659484,0.0044527184218168,77.31356811523438,3.866708993911743,18.819719314575195,7
79,79,4.413726806640625,0.4871826171875,0.0241694562137126,19.48098373413086,0.2373469024896621,0.0044511244632303,80.60166931152344,0.98201185464859,18.416318893432617,7
80,80,4.38690185546875,1.710205078125,0.0266195219010114,19.24490737915039,2.9248013496398926,0.004449812695384,72.29621887207031,10.987430572509766,16.716350555419922,7
81,81,4.20343017578125,2.5963134765625,0.028858570381999,17.668825149536133,6.740843772888184,0.0044488999992609,61.2255744934082,23.35820579528809,15.416216850280762,7
82,82,3.877288818359375,3.07855224609375,0.0289593003690242,15.033368110656738,9.477483749389648,0.0044484473764896,51.91205596923828,32.72690963745117,15.361031532287598,7
83,83,3.428192138671875,3.14129638671875,0.0260687135159969,11.752501487731934,9.867742538452148,0.0044484678655862,45.08278274536133,37.85281753540039,17.064393997192383,7
84,84,2.8814697265625,2.8175048828125,0.0206901207566261,8.302867889404297,7.938333988189697,0.0044489176943898,40.1296272277832,38.36775588989258,21.50261878967285,7
85,85,2.266204833984375,2.181640625,0.0143449511379003,5.135684490203857,4.759555816650391,0.0044497111812233,35.80133819580078,33.17931365966797,31.01935386657715,7
86,86,1.613800048828125,1.338623046875,0.0088469944894313,2.6043505668640137,1.7919116020202637,0.0044507323764264,29.43768882751465,20.254467010498047,50.30784606933594,7
87,87,0.955718994140625,0.40753173828125,0.0055313287302851,0.913398802280426,0.1660821139812469,0.0044518476352095,16.51319122314453,3.002572059631348,80.48423767089844,7
88,88,0.322479248046875,0.4896240234375,0.0047966493293643,0.1039928644895553,0.2397316843271255,0.0044529247097671,2.168031454086304,4.997899532318115,92.83406829833984,7
89,89,0.2593994140625,1.24798583984375,0.0060786036774516,0.0672880560159683,1.5574686527252195,0.0044538471847772,1.1069656610488892,25.62214469909668,73.27088928222656,7
90,90,0.7681884765625,1.78460693359375,0.0082294587045907,0.5901135206222534,3.184821844100952,0.0044545233249664,7.170745849609375,38.70026016235352,54.12899398803711,7
91,91,1.1875,2.05224609375,0.0100767686963081,1.41015625,4.211713790893555,0.0044548981823027,13.994132041931152,41.7962760925293,44.209590911865234,7
92,92,1.508331298828125,2.039794921875,0.0108907874673604,2.2750632762908936,4.160763263702393,0.0044549601152539,20.88979721069336,38.20442962646485,40.90576934814453,7
93,93,1.7276611328125,1.77069091796875,0.0105748893693089,2.9848129749298096,3.1353464126586914,0.0044547296129167,28.22547912597656,29.64897727966309,42.12554550170898,7
94,94,1.848480224609375,1.2991943359375,0.0095590492710471,3.416879177093506,1.6879059076309204,0.0044542639516294,35.744972229003906,17.657676696777344,46.59735107421875,7
95,95,1.879241943359375,0.70025634765625,0.0084755504503846,3.531550168991089,0.4903589487075805,0.0044536413624882,41.6675033569336,5.785570621490479,52.54692840576172,7
96,96,1.83135986328125,0.057861328125,0.0078101800754666,3.353878974914551,0.0033479332923889,0.0044529526494443,42.9424057006836,0.0428662784397602,57.01472091674805,7
97,97,1.718414306640625,0.544677734375,0.0077019077725708,2.9529476165771484,0.296673834323883,0.0044522862881422,38.34046936035156,3.851952791213989,57.80757522583008,7
98,98,1.555908203125,1.0357666015625,0.0079453811049461,2.420850276947021,1.0728124380111694,0.0044517181813716,30.46864891052246,13.502341270446776,56.02901077270508,7
99,99,1.35809326171875,1.36407470703125,0.0081564243882894,1.8444173336029053,1.8606997728347776,0.0044513074681162,22.61306381225586,22.81269073486328,54.574249267578125,7
0,0,260.1018981933594,835.2568359375,765.3109130859375,67653.0,697654.0,0.0038770036771893,8.839936256408691,91.15956115722656,0.0005065919831395,8
1,1,218.927490234375,789.5255126953125,671.28369140625,47929.24609375,623350.5625,0.003885090816766,7.139939308166504,92.85948944091795,0.0005787554546259,8
2,2,178.91700744628906,742.2353515625,582.9285278320312,32011.294921875,550913.3125,0.0038957968354225,5.491461753845215,94.50786590576172,0.0006683146930299,8
3,3,139.99462890625,693.3223266601562,500.29827880859375,19598.49609375,480695.84375,0.0039100940339267,3.9173624515533447,96.08185577392578,0.0007815525168552,8
4,4,102.27833557128906,642.701904296875,423.5305480957031,10460.8583984375,413065.75,0.0039280643686652,2.4699184894561768,97.5291519165039,0.0009274571202695,8
5,5,66.03825378417969,590.2783203125,352.79351806640625,4361.05078125,348428.5,0.0039497721008956,1.236148238182068,98.76273345947266,0.0011195705737918,8
6,6,31.66938781738281,535.9640502929688,288.264404296875,1002.9501342773438,287257.46875,0.0039752209559082,0.3479271531105041,99.65069580078124,0.0013790189987048,8
7,7,0.29705810546875,479.6975708007813,230.1138610839844,0.0882435142993927,230109.765625,0.0040043061599135,3.834776362054981e-05,99.99822235107422,0.0017401413060724,8
8,8,29.157928466796875,421.46820068359375,178.4896697998047,850.184814453125,177635.4375,0.0040367688052356,0.4763216376304626,99.52141571044922,0.0022616260685026,8
9,9,54.04489135742188,361.3517456054688,133.50001525878906,2920.850341796875,130575.0859375,0.0040721883997321,2.1879026889801025,97.80904388427734,0.0030503279995173,8
10,10,74.08590698242188,299.54522705078125,95.22017669677734,5488.7216796875,89727.34375,0.0041100247763097,5.764242649078369,94.2314453125,0.0043163383379578,8
11,11,88.66778564453125,236.39404296875,63.74827575683594,7861.97607421875,55882.14453125,0.0041497168131172,12.332846641540527,87.66064453125,0.0065095359459519,8
12,12,97.52682495117188,172.46240234375,39.25895309448242,9511.4814453125,29743.279296875,0.0041906246915459,24.227548599243164,75.76177978515625,0.0106743155047297,8
13,13,100.69522094726562,108.595703125,21.936786651611328,10139.52734375,11793.0263671875,0.0042319362983107,46.22157669067383,53.75913238525391,0.0192915052175521,8
14,14,98.411376953125,45.99798583984375,11.804885864257812,9684.798828125,2115.814697265625,0.0042725168168544,82.04060363769531,17.9232120513916,0.0361927859485149,8
15,15,91.064453125,13.7158203125,8.485169410705566,8292.734375,188.1237335205078,0.0043108509853482,97.73210906982422,2.2170889377593994,0.0508045367896556,8
16,16,79.19131469726562,68.5469970703125,10.974300384521484,6271.26416015625,4698.69091796875,0.0043450822122395,57.14500427246094,42.815406799316406,0.0395932495594024,8
17,17,63.51290893554688,116.28680419921876,17.560884475708008,4033.8896484375,13522.62109375,0.0043731946498155,22.97088050842285,77.00421905517578,0.0249030422419309,8
18,18,44.972412109375,154.8795166015625,26.014575958251957,2022.517822265625,23987.6640625,0.0043933885172009,7.774556636810303,92.20855712890624,0.0168881807476282,8
19,19,24.72640991210937,182.86529541015625,34.05551528930664,611.3953247070312,33439.71484375,0.0044044815003871,1.795290231704712,98.19178009033205,0.0129332402721047,8
20,20,4.066864013671875,199.68988037109372,39.8969955444336,16.539382934570312,39876.046875,0.0044061448425054,0.0414552092552185,99.94750213623048,0.011043800972402,8
21,21,15.706192016601562,205.73101806640625,42.57633590698242,246.68446350097656,42325.25,0.0043988516554236,0.5793933868408203,99.4102783203125,0.0103316819295287,8
22,22,33.420257568359375,202.10418701171875,41.96739959716797,1116.91357421875,40846.1015625,0.004383664112538,2.661384105682373,97.3281707763672,0.0104454029351472,8
23,23,48.15098571777344,190.37762451171875,38.56652069091797,2318.517333984375,36243.640625,0.0043619833886623,6.011735916137695,93.9769515991211,0.0113102849572896,8
24,24,59.30075073242188,172.31976318359375,33.21501922607422,3516.5791015625,29694.1015625,0.0043353578075766,10.587315559387209,89.39962768554688,0.0130524011328816,8
25,25,66.61405944824219,149.708740234375,26.85444641113281,4437.43310546875,22412.70703125,0.0043053515255451,16.524017333984375,83.45995330810547,0.0160321742296218,8
26,26,70.134033203125,124.2132568359375,20.35198974609375,4918.78271484375,15428.93359375,0.004273448139429,24.16856002807617,75.8104476928711,0.020997691899538,8
27,27,70.12486267089844,97.31390380859376,14.39173412322998,4917.49658203125,9469.99609375,0.0042409845627844,34.16889572143555,65.8016357421875,0.0294681955128908,8
28,28,66.99560546875,70.2664794921875,9.429998397827148,4488.4111328125,4937.3779296875,0.0042091133072972,47.59716033935547,52.35820388793945,0.0446353554725647,8
29,29,61.237060546875,44.09588623046875,5.698603630065918,3749.9775390625,1944.4471435546875,0.0041787768714129,65.80520629882812,34.12146759033203,0.0733298361301422,8
30,30,53.376251220703125,19.59423828125,3.2371091842651367,2849.024169921875,383.9341735839844,0.0041507044807076,88.0113754272461,11.860403060913086,0.128222569823265,8
31,31,43.94905090332031,2.6572265625,1.942705512046814,1931.51904296875,7.060853004455566,0.0041254172101616,99.42418670654295,0.3634546399116516,0.2123542129993438,8
32,32,33.48060607910156,22.26019287109375,1.620570421218872,1120.950927734375,495.5161743164063,0.0041032494045794,69.17015075683594,30.5766544342041,0.2531978487968445,8
33,33,22.475341796875,38.98040771484375,2.0286974906921387,505.1409912109375,1519.47216796875,0.0040843673050403,24.899770736694336,74.8989028930664,0.2013295441865921,8
34,34,11.407577514648438,52.70623779296875,2.912149429321289,130.13282775878906,2777.947509765625,0.004068799316883,4.468618392944336,95.39166259765624,0.13971808552742,8
35,35,0.715423583984375,63.42901611328125,4.02780818939209,0.5118309259414673,4023.239990234375,0.0040564653463661,0.0127074308693408,99.88658142089844,0.1007114797830581,8
36,36,9.20709228515625,71.22100830078125,5.161250114440918,84.77054595947266,5072.43212890625,0.0040471972897648,1.6424423456192017,98.2791519165039,0.0784150585532188,8
37,37,18.019195556640625,76.2113037109375,6.136894702911377,324.69140625,5808.16259765625,0.0040407688356935,5.290809631347656,94.64334869384766,0.065843865275383,8
38,38,25.4415283203125,78.57489013671875,6.825322151184082,647.2713623046875,6174.01318359375,0.0040369145572185,9.48338222503662,90.45746612548828,0.0591461360454559,8
39,39,31.2642822265625,78.52197265625,7.147191047668457,977.455322265625,6165.7001953125,0.0040353471413254,13.676076889038086,86.26746368408203,0.0564606040716171,8
40,40,35.3546142578125,76.287353515625,7.073744773864746,1249.94873046875,5819.76025390625,0.0040357750840485,17.67025375366211,82.27268981933594,0.0570528805255889,8
41,41,37.658111572265625,72.1243896484375,6.6240997314453125,1418.1334228515625,5201.927734375,0.0040379087440669,21.4086971282959,78.53034210205078,0.0609578490257263,8
42,42,38.1981201171875,66.30279541015625,5.859199047088623,1459.096435546875,4396.060546875,0.0040414691902697,24.90266227722168,75.02835845947266,0.0689764767885208,8
43,43,37.07086181640625,59.10662841796875,4.871888637542725,1374.248779296875,3493.593505859375,0.0040461886674165,28.20772171020508,71.709228515625,0.08305174857378,8
44,44,34.4365234375,50.82861328125,3.7734742164611816,1185.8741455078125,2583.5478515625,0.0040518096648156,31.42658805847168,68.46603393554688,0.1073761060833931,8
45,45,30.51019287109375,41.76849365234375,2.679537057876587,930.8718872070312,1744.6070556640625,0.0040580835193395,34.740028381347656,65.10852813720703,0.1514471769332885,8
46,46,25.549285888671875,32.2322998046875,1.6957520246505735,652.7659912109375,1038.921142578125,0.0040647680871188,38.49419403076172,61.26610565185547,0.239702969789505,8
47,47,19.8431396484375,22.52471923828125,0.9051848649978638,393.7501831054688,507.3629760742188,0.0040716268122196,43.499420166015625,56.05076599121094,0.4498116075992584,8
48,48,13.69677734375,12.9453125,0.3592612743377685,187.60171508789065,167.58111572265625,0.0040784259326756,52.218746185302734,46.64603042602539,1.135225534439087,8
49,49,7.420562744140625,3.77862548828125,0.0734277069568634,55.06475067138672,14.278010368347168,0.0040849419310688,74.99179077148438,19.444992065429688,5.563215732574463,8
50,50,1.3138427734375,4.70745849609375,0.0279773101210594,1.7261828184127808,22.160165786743164,0.0040909596718847,6.169938564300537,79.2076416015625,14.62242031097412,8
51,51,4.347381591796875,12.2791748046875,0.1737741529941558,18.89972686767578,150.77813720703125,0.0040962845087051,10.876029014587402,86.7667236328125,2.357246160507202,8
52,52,9.323974609375,18.7401123046875,0.4422290623188019,86.9365005493164,351.1918029785156,0.0041007492691278,19.65870475769043,79.41400146484375,0.9272907972335817,8
53,53,13.42474365234375,23.940673828125,0.7574838995933533,180.22373962402344,573.1558837890625,0.0041042198427021,23.79241943359375,75.66575622558594,0.5418227314949036,8
54,54,16.5152587890625,27.787109375,1.0489839315414429,272.7537841796875,772.1234741210938,0.0041066082194447,26.00171661376953,73.60680389404297,0.3914843797683716,8
55,55,18.52227783203125,30.2415771484375,1.2617356777191162,343.07476806640625,914.552978515625,0.0041078734211623,27.19070243835449,72.48372650146484,0.325573205947876,8
56,56,19.434814453125,31.32354736328125,1.3629846572875977,377.7120056152344,981.1646118164062,0.0041080238297581,27.71212387084961,71.98648071289062,0.3013991415500641,8
57,57,19.30043029785156,31.10577392578125,1.3441829681396484,372.5066223144531,967.5691528320312,0.0041071153245866,27.71249771118164,71.9819564819336,0.3055473268032074,8
58,58,18.218048095703125,29.7076416015625,1.2185465097427368,331.89727783203125,882.5439453125,0.0041052489541471,27.23714637756348,72.42595672607422,0.3368971943855285,8
59,59,16.328948974609375,27.2891845703125,1.015436768531799,266.63458251953125,744.6995849609375,0.0041025541722774,26.25811767578125,73.33786010742188,0.4040186703205108,8
60,60,13.804336547851562,24.0364990234375,0.7724121809005737,190.5597076416016,577.7532958984375,0.0040991911664605,24.67072868347168,74.79857635498047,0.5306999683380127,8
61,61,10.834259033203123,20.15325927734375,0.5276303887367249,117.38117218017578,406.1538696289063,0.0040953308343887,22.246856689453125,76.97697448730469,0.7761741876602173,8
62,62,7.614349365234375,15.848876953125,0.3132563829421997,57.97831726074219,251.18690490722656,0.0040911491960287,18.508264541625977,80.18572998046875,1.306006669998169,8
63,63,4.336212158203125,11.33026123046875,0.1512643843889236,18.802736282348636,128.37481689453125,0.0040868176147341,12.430379867553713,84.86784362792969,2.7017712593078613,8
64,64,1.17669677734375,6.79168701171875,0.0515941306948661,1.3846153020858765,46.12701416015625,0.0040824962779879,2.68366813659668,89.40361022949219,7.912714958190918,8
65,65,1.710784912109375,2.4100341796875,0.0128133781254291,2.9267849922180176,5.80826473236084,0.0040783276781439,22.84163475036621,45.32969284057617,31.82866859436035,8
66,66,4.201812744140625,1.6624755859375,0.0244934931397438,17.655229568481445,2.7638251781463623,0.0040744375437498,72.08130645751953,11.283916473388672,16.634775161743164,8
67,67,6.204437255859375,5.2972412109375,0.0706267356872558,38.49504089355469,28.06076431274414,0.0040709287859499,54.504913330078125,39.731082916259766,5.764005184173584,8
68,68,7.662750244140625,8.39532470703125,0.1332671046257019,58.71774291992188,70.48147583007812,0.0040678833611309,44.06019592285156,52.88737869262695,3.052428722381592,8
69,69,8.5550537109375,10.88665771484375,0.1957736313343048,73.1889419555664,118.51931762695312,0.0040653594769537,37.38447570800781,60.53895950317383,2.076561450958252,8
70,70,8.892608642578125,12.72808837890625,0.2451461255550384,79.0784912109375,162.0042266845703,0.0040633962489664,32.25769805908203,66.08476257324219,1.6575405597686768,8
71,71,8.71588134765625,13.903076171875,0.2733241319656372,75.96659088134766,193.2955322265625,0.0040620127692818,27.79359245300293,70.72026062011719,1.486152172088623,8
72,72,8.089447021484375,14.42108154296875,0.2774679660797119,65.43915557861328,207.96759033203125,0.0040612071752548,23.584400177001957,74.9519271850586,1.4636670351028442,8
73,73,7.09576416015625,14.31591796875,0.2593563497066498,50.34986877441406,204.9455108642578,0.0040609589777886,19.41339492797852,79.02082061767578,1.5657835006713867,8
74,74,5.82977294921875,13.6383056640625,0.2240508794784546,33.98625183105469,186.00338745117188,0.0040612341836094,15.168989181518556,83.01837158203125,1.8126392364501955,8
75,75,4.39141845703125,12.45989990234375,0.178595632314682,19.284555435180664,155.2490997314453,0.004061977379024,10.797886848449709,86.92771911621094,2.2743990421295166,8
76,76,2.880706787109375,10.86480712890625,0.1304056346416473,8.298471450805664,118.04403686523438,0.0040631243027746,6.363583564758301,90.52066040039062,3.115758419036865,8
77,77,1.391387939453125,8.9476318359375,0.0860606729984283,1.935960412025452,80.06011199951172,0.0040645962581038,2.249529838562012,93.02752685546876,4.72294282913208,8
78,78,0.006378173828125,6.810546875,0.050449900329113,4.068110138177872e-05,46.383548736572266,0.0040663080289959,8.063664427027106e-05,91.93983459472656,8.060091018676758,8
79,79,1.206451416015625,4.55914306640625,0.0263094771653413,1.455525040626526,20.785785675048828,0.0040681660175323,5.532321929931641,79.00493621826172,15.462739944458008,8
80,80,2.195953369140625,2.29681396484375,0.0141676450148224,4.822211265563965,5.275354385375977,0.0040700789541006,34.03678894042969,37.23522567749024,28.72798538208008,8
81,81,2.93011474609375,0.121337890625,0.0126722510904073,8.585572242736816,0.0147228837013244,0.0040719555690884,67.75096893310547,0.1161820814013481,32.132850646972656,8
82,82,3.396148681640625,1.87744140625,0.0191323235630989,11.533825874328612,3.524786233901977,0.004073710180819,60.28450775146485,18.423200607299805,21.29229164123535,8
83,83,3.5985107421875,3.623046875,0.0301510207355022,12.94927978515625,13.126468658447266,0.0040752692148089,42.94806671142578,43.535736083984375,13.516189575195312,8
84,84,3.55810546875,5.0557861328125,0.0422976613044738,12.660114288330078,25.56097412109375,0.0040765698067843,29.931005477905277,60.4311752319336,9.637813568115234,8
85,85,3.308441162109375,6.1324462890625,0.0526302531361579,10.945782661437988,37.60689926147461,0.0040775667876005,20.79751205444336,71.45491027832031,7.74757194519043,8
86,86,2.892913818359375,6.83123779296875,0.0591129884123802,8.368949890136719,46.665809631347656,0.0040782303549349,14.157548904418944,78.94341278076172,6.89904260635376,8
87,87,2.35986328125,7.14593505859375,0.0607118941843509,5.5689544677734375,51.06438827514648,0.0040785493329167,9.172757148742676,84.10936737060547,6.717875480651856,8
88,88,1.759185791015625,7.09283447265625,0.0574815683066844,3.094734668731689,50.30830001831055,0.0040785302408039,5.383873462677002,87.520751953125,7.095370292663574,8
89,89,1.139556884765625,6.70318603515625,0.0503094941377639,1.2985899448394775,44.93270492553711,0.0040781963616609,2.581202507019043,89.31258392333984,8.106216430664062,8
90,90,0.544219970703125,6.02215576171875,0.0406401231884956,0.2961753904819488,36.266361236572266,0.004077585414052,0.7287758588790894,89.23783111572266,10.033397674560549,8
91,91,0.00860595703125,5.1070556640625,0.0301588363945484,7.406249642372131e-05,26.08201789855957,0.0040767448954284,0.0002455747744534,86.482177734375,13.51758098602295,8
92,92,0.43994140625,4.02001953125,0.0204298384487628,0.1935484409332275,16.16055679321289,0.0040757320821285,0.9473811984062196,79.10271453857422,19.94989776611328,8
93,93,0.785125732421875,2.8306884765625,0.0127038285136222,0.6164224147796631,8.012797355651855,0.0040746084414422,4.852257251739502,63.07387924194336,32.07386016845703,8
94,94,1.019622802734375,1.6058349609375,0.0076917754486203,1.039630651473999,2.5787060260772705,0.0040734382346272,13.51613426208496,33.5255012512207,52.9583625793457,8
95,95,1.145172119140625,0.408447265625,0.0055505293421447,1.311419129371643,0.1668291687965393,0.0040722810663282,23.62692070007324,3.005644559860229,73.367431640625,8
96,96,1.171112060546875,0.7030029296875,0.0059369117952883,1.371503472328186,0.4942131042480469,0.0040711951442062,23.101295471191406,8.324414253234863,68.57429504394531,8
97,97,1.113006591796875,1.68011474609375,0.0081317964941263,1.2387837171554563,2.8227856159210205,0.0040702265687286,15.233826637268066,34.71294021606445,50.05322647094727,8
98,98,0.98974609375,2.48492431640625,0.0112238619476556,0.9795973300933838,6.174849033355713,0.0040694158524274,8.72780990600586,55.01537322998047,36.2568244934082,8
99,99,0.822021484375,3.091064453125,0.0142991915345191,0.6757193207740784,9.554679870605469,0.0040687914006412,4.725577354431152,66.8197250366211,28.454694747924805,8
0,0,138.59457397460938,862.5343017578125,763.1769409179688,19208.455078125,743965.4375,0.0030016412492841,2.516907215118408,97.48269653320312,0.000393308699131,9
1,1,132.9599609375,845.4634399414062,732.4898071289062,17678.3515625,714808.4375,0.0030088257044553,2.413460731506348,97.58612823486328,0.0004107669228687,9
2,2,127.4833526611328,828.4047241210938,702.5093994140625,16252.0048828125,686254.375,0.0030174546409398,2.3134219646453857,97.6861572265625,0.0004295251565054,9
3,3,122.12742614746094,811.2764282226562,673.087646484375,14915.1083984375,658169.4375,0.0030277271289378,2.21592378616333,97.78362274169922,0.0004498265625443,9
4,4,116.71408081054688,794.0023193359375,644.06494140625,13622.1767578125,630439.6875,0.0030398024246096,2.115031719207764,97.88449096679688,0.0004719714052043,9
5,5,111.17243957519533,776.4940185546875,615.3053588867188,12359.3115234375,602942.9375,0.0030537135899066,2.0086469650268555,97.99085998535156,0.0004962923703715,9
6,6,105.4801025390625,758.65576171875,586.687744140625,11126.0517578125,575558.5625,0.0030694678425788,1.8964180946350095,98.1030502319336,0.000523185939528,9
7,7,99.63517761230467,740.38525390625,558.1005859375,9927.1689453125,548170.3125,0.0030870484188199,1.7787420749664309,98.220703125,0.0005531347705982,9
8,8,93.63072204589844,721.577880859375,529.4444580078125,8766.7119140625,520674.625,0.0031064376235008,1.655832290649414,98.34357452392578,0.0005867353174835,9
9,9,87.44804382324219,702.1279907226562,500.634033203125,7647.16015625,492983.71875,0.0031276301015168,1.5274951457977295,98.4718780517578,0.0006247338023968,9
10,10,81.06166076660156,681.9317626953125,471.6051025390625,6570.99267578125,465030.9375,0.003150625154376,1.3933252096176147,98.6060028076172,0.0006680642836727,9
11,11,74.44297790527344,660.8873291015625,442.3170166015625,5541.7568359375,436772.0625,0.0031754279043525,1.2528926134109497,98.74639129638672,0.0007179076783359,9
12,12,67.56631469726562,638.8946533203125,412.75482177734375,4565.20703125,408186.375,0.0032020490616559,1.1060338020324707,98.8931884765625,0.0007757750572636,9
13,13,60.41267395019531,615.854736328125,382.9299926757813,3649.691162109375,379277.0625,0.0032305065542459,0.9530962705612184,99.04605865478516,0.00084362848429,9
14,14,52.9744873046875,591.6693725585938,352.8822326660156,2806.29638671875,350072.65625,0.0032608211040496,0.7952501773834229,99.20382690429688,0.0009240536019206,9
15,15,45.25846862792969,566.2410888671875,322.6806335449219,2048.3291015625,320628.96875,0.0032930166926234,0.6347852945327759,99.36418914794922,0.001020518830046,9
16,16,37.290802001953125,539.4743041992188,292.42645263671875,1390.6038818359375,291032.53125,0.0033271154388785,0.4755396842956543,99.52332305908205,0.0011377613991498,9
17,17,29.12289428710937,511.2760009765625,262.2546691894531,848.1429443359375,261403.15625,0.0033631327096372,0.3234043419361114,99.6753158569336,0.0012823918368667,9
18,18,20.836257934570312,481.5545959472656,232.33238220214844,434.149658203125,231894.828125,0.003401078749448,0.1868657618761062,99.81167602539062,0.0014638849534094,9
19,19,12.55029296875,450.2268676757813,202.8651885986328,157.50985717773438,202704.234375,0.0034409477375447,0.0776426270604133,99.92066192626952,0.0016961744986474,9
20,20,4.4276123046875,417.2197570800781,174.09542846679688,19.60375022888184,174072.328125,0.0034827108029276,0.0112603483721613,99.98674011230467,0.0020004608668386,9
21,21,3.322784423828125,382.4778442382813,146.3038787841797,11.04089641571045,146289.296875,0.0035263122990727,0.0075465510599315,99.99004364013672,0.0024102656170725,9
22,22,10.444000244140623,345.968505859375,119.8068618774414,109.07714080810548,119694.2109375,0.0035716616548597,0.0910441577434539,99.90597534179688,0.0029811828862875,9
23,23,16.644012451171875,307.694580078125,94.95659637451172,277.0231628417969,94675.953125,0.0036186296492815,0.2917366027832031,99.70445251464844,0.0038108250591903,9
24,24,21.616973876953125,267.70562744140625,72.13726806640625,467.2935485839844,71666.3046875,0.0036670425906777,0.6477838158607483,99.34712982177734,0.0050834231078624,9
25,25,25.07843017578125,226.12054443359372,51.763145446777344,628.9276733398438,51130.5,0.003716676030308,1.215010643005371,98.7778091430664,0.0071801585145294,9
26,26,26.8037109375,183.14654541015625,34.264862060546875,718.4389038085938,33542.65625,0.0037672445178031,2.09672212600708,97.8922882080078,0.0109944837167859,9
27,27,26.66070556640625,139.11090087890625,20.06645393371582,710.793212890625,19351.841796875,0.0038183694705367,3.542196750640869,96.43877410888672,0.0190286207944154,9
28,28,24.62744140625,94.49163818359376,9.539050102233888,606.5108642578125,8928.669921875,0.0038695386610925,6.358189105987549,93.60124969482422,0.0405652411282062,9
29,29,20.8076171875,49.95916748046875,2.932795524597168,432.9569396972656,2495.91845703125,0.0039200573228299,14.762602806091309,85.10372924804688,0.1336628198623657,9
30,30,15.440643310546877,6.40625,0.2834225296974182,238.41346740722656,41.0400390625,0.003969001583755,84.11945343017578,14.480161666870115,1.400383234024048,9
31,31,8.91436767578125,35.04425048828125,1.311580777168274,79.46595001220703,1228.0994873046875,0.0040151947177946,6.058792591094971,93.63507080078124,0.3061339855194092,9
32,32,1.768951416015625,73.07025146484375,5.346448421478272,3.1291890144348145,5339.26171875,0.0040572392754256,0.0585283674299716,99.86558532714844,0.0758866220712661,9
33,33,5.32550048828125,106.26385498046876,11.324461936950684,28.3609561920166,11292.0068359375,0.0040936339646577,0.2504397928714752,99.71341705322266,0.0361485965549945,9
34,34,11.638397216796877,133.32318115234375,17.914648056030273,135.45228576660156,17775.0703125,0.0041229836642742,0.7560979723930359,99.22088623046876,0.0230145938694477,9
35,35,16.503814697265625,153.27093505859375,23.76850128173828,272.3758850097656,23491.98046875,0.0041442480869591,1.1459531784057615,98.83660888671876,0.0174358841031789,9
36,36,19.45928955078125,165.62908935546875,27.81581687927246,378.6639404296875,27432.99609375,0.0041569368913769,1.361325979232788,98.6237335205078,0.0149445068091154,9
37,37,20.3310546875,170.47271728515625,29.47846221923828,413.3517761230469,29060.947265625,0.0041611711494624,1.4022163152694702,98.58367156982422,0.0141159705817699,9
38,38,19.232208251953125,168.36407470703125,28.720497131347656,369.8778381347656,28346.4609375,0.0041576079092919,1.2878532409667969,98.69767761230467,0.0144760999828577,9
39,39,16.498825073242188,160.21234130859375,25.94435310363769,272.21124267578125,25667.994140625,0.0041472818702459,1.0492119789123535,98.93480682373048,0.0159852970391511,9
40,40,12.6036376953125,147.1304931640625,21.81036758422852,158.8516845703125,21647.3828125,0.0041314382106065,0.7283311486244202,99.25272369384766,0.018942542374134,9
41,41,8.078887939453125,130.30364990234375,17.04842185974121,65.2684326171875,16979.041015625,0.0041113924235105,0.3828414976596832,99.5930404663086,0.0241159703582525,9
42,42,3.450439453125,110.8953857421875,12.313780784606934,11.905532836914062,12297.7861328125,0.0040884213522076,0.0966846272349357,99.87010955810548,0.0332019999623298,9
43,43,0.81439208984375,89.981689453125,8.101432800292969,0.6632344722747803,8096.70458984375,0.0040637026540935,0.0081866327673196,99.941650390625,0.0501602962613105,9
44,44,4.34869384765625,68.51458740234375,4.717197895050049,18.9111385345459,4694.24853515625,0.0040382798761129,0.4008977711200714,99.51350402832033,0.0856076031923294,9
45,45,6.91143798828125,47.302978515625,2.2893528938293457,47.767974853515625,2237.57177734375,0.0040130438283085,2.0865273475646973,97.7381820678711,0.1752916276454925,9
46,46,8.395721435546875,27.0045166015625,0.8037208318710327,70.4881362915039,729.243896484375,0.0039887339808046,8.77022647857666,90.73348999023438,0.4962835013866424,9
47,47,8.820953369140625,8.13006591796875,0.1478731334209442,77.80921936035156,66.09796905517578,0.0039659459143877,52.61890411376953,44.69911193847656,2.681992292404175,9
48,48,8.308441162109375,8.94049072265625,0.1529077291488647,69.03019714355469,79.932373046875,0.0039451410993933,45.14500427246094,52.27490615844727,2.5800795555114746,9
49,49,7.052734375,23.94842529296875,0.6271948218345642,49.74106216430664,573.527099609375,0.0039266613312065,7.93071985244751,91.4432144165039,0.6260672807693481,9
50,50,5.289154052734375,36.73388671875,1.381264328956604,27.97515106201172,1349.37841796875,0.0039107417687773,2.02532958984375,97.6915512084961,0.2831276953220367,9
51,51,3.26556396484375,47.22259521484375,2.244534969329834,10.663908004760742,2229.973388671875,0.0038975202478468,0.4751054942607879,99.35124969482422,0.1736448854207992,9
52,52,1.2191162109375,55.4052734375,3.075117826461792,1.4862443208694458,3069.744384765625,0.0038870549760758,0.0483312979340553,99.82527160644533,0.1264034509658813,9
53,53,0.641632080078125,61.32763671875,3.76537036895752,0.4116917252540588,3761.0791015625,0.0038793333806097,0.0109336320310831,99.8860321044922,0.1030266061425209,9
54,54,2.151824951171875,65.07769775390625,4.243611812591553,4.630350589752197,4235.10693359375,0.0038742809556424,0.1091134399175643,99.7995834350586,0.0912967771291732,9
55,55,3.197601318359375,66.77606201171875,4.473138809204102,10.224654197692873,4459.04248046875,0.0038717747665941,0.228578969836235,99.68486785888672,0.0865561068058013,9
56,56,3.720733642578125,66.571044921875,4.449419975280762,13.84385871887207,4431.7041015625,0.0038716453127563,0.3111385405063629,99.60184478759766,0.0870146080851554,9
57,57,3.717498779296875,64.63092041015625,4.194849491119385,13.81979751586914,4177.15576171875,0.0038736897986382,0.3294468224048614,99.57820892333984,0.0923439487814903,9
58,58,3.235595703125,61.1436767578125,3.752896308898926,10.469079971313477,3738.54931640625,0.0038776719011366,0.2789600193500519,99.61771392822266,0.1033247783780098,9
59,59,2.364959716796875,56.312744140625,3.1806018352508545,5.593034267425537,3171.125244140625,0.0038833292201161,0.1758483052253723,99.70205688476562,0.1220941692590713,9
60,60,1.228759765625,50.35516357421875,2.5410428047180176,1.5098505020141602,2535.642578125,0.0038903790991753,0.0594185441732406,99.78748321533205,0.1531016826629638,9
61,61,0.029327392578125,43.50006103515625,1.896154761314392,0.0008600959554314,1892.25537109375,0.0038985214196145,4.5360011426964775e-05,99.79435729980467,0.2056014239788055,9
62,62,1.260284423828125,35.98712158203125,1.300568699836731,1.588316798210144,1295.0728759765625,0.0039074439555406,0.1221247911453247,99.57743072509766,0.300441175699234,9
63,63,2.32391357421875,28.06182861328125,0.7967836856842041,5.400574207305908,787.4662475585938,0.003916828893125,0.6777967810630798,98.83061981201172,0.4915799498558044,9
64,64,3.102783203125,19.97161865234375,0.4124191701412201,9.627264022827148,398.8655395507813,0.0039263628423213,2.3343396186828613,96.71363067626952,0.9520320892333984,9
65,65,3.515625,11.96142578125,0.1593710780143737,12.359619140625,143.07571411132812,0.0039357440546154,7.755246639251709,89.77520751953125,2.469547271728516,9
66,66,3.525848388671875,4.2662353515625,0.0345770642161369,12.431607246398926,18.200763702392575,0.0039446898736059,35.95333480834961,52.63825607299805,11.408400535583496,9
67,67,3.143768310546875,2.896728515625,0.0222272612154483,9.883278846740724,8.391036033630371,0.0039529465138912,44.46467208862305,37.75110626220703,17.784225463867188,9
68,68,2.42535400390625,9.33404541015625,0.0969670489430427,5.8823418617248535,87.12440490722656,0.0039602993056178,6.066331386566162,89.84949493408203,4.084170341491699,9
69,69,1.465545654296875,14.88470458984375,0.2276688367128372,2.147824048995972,221.55442810058597,0.0039665754884481,0.9433983564376832,97.31434631347656,1.7422566413879397,9
70,70,0.382843017578125,19.4259033203125,0.3814839720726013,0.1465687751770019,377.36572265625,0.0039716507308185,0.0384206920862197,98.92047119140624,1.0411056280136108,9
71,71,0.694091796875,22.8785400390625,0.5278849005699158,0.4817634224891662,523.4276123046875,0.0039754537865519,0.091262973845005,99.1556396484375,0.753091037273407,9
72,72,1.643218994140625,25.20684814453125,0.642063319683075,2.7001686096191406,635.3851928710938,0.0039779604412615,0.4205455482006073,98.95989990234376,0.6195588707923889,9
73,73,2.364410400390625,26.41998291015625,0.7075851559638977,5.590436458587647,698.0155029296875,0.0039791977033019,0.7900726199150085,98.64756774902344,0.5623630881309509,9
74,74,2.791656494140625,26.5701904296875,0.7177476286888123,7.793345928192139,705.9750366210938,0.0039792344905436,1.0858060121536257,98.35978698730467,0.5544058084487915,9
75,75,2.89837646484375,25.746337890625,0.6752526760101318,8.400586128234863,662.8739013671875,0.0039781788364052,1.2440656423568726,98.16680145263672,0.5891392827033997,9
76,76,2.69842529296875,24.0670166015625,0.5904790163040161,7.281498908996582,579.2213134765625,0.0039761681109666,1.2331513166427612,98.09347534179688,0.6733800768852234,9
77,77,2.240386962890625,21.6734619140625,0.4787316620349884,5.019333839416504,469.7389526367188,0.0039733597077429,1.0484650135040283,98.1215591430664,0.8299763202667236,9
78,78,1.600250244140625,18.72100830078125,0.3570069074630737,2.560800790786743,350.4761657714844,0.0039699263870716,0.7172973155975342,98.1707000732422,1.112002730369568,9
79,79,0.86810302734375,15.37298583984375,0.2410483509302139,0.7536028623580933,236.3286895751953,0.0039660446345806,0.3126355707645416,98.0420379638672,1.645331621170044,9
80,80,0.13677978515625,11.78973388671875,0.1429784148931503,0.0187087096273899,138.99781799316406,0.0039618890732526,0.01308498904109,97.21595001220705,2.770970106124878,9
81,81,0.5108642578125,8.125,0.0702342391014099,0.2609822750091553,66.015625,0.0039576282724738,0.3715884089469909,93.99351501464844,5.634898662567139,9
82,82,1.009918212890625,4.51953125,0.0253995154052972,1.0199347734451294,20.42616271972656,0.0039534168317914,4.015567779541016,80.41950225830078,15.564929962158203,9
83,83,1.32110595703125,1.09918212890625,0.0069029186852276,1.7453209161758425,1.2082014083862305,0.0039493963122367,25.283809661865234,17.502763748168945,57.21342468261719,9
84,84,1.43096923828125,2.03082275390625,0.0101176016032695,2.047672986984253,4.124240875244141,0.0039456877857446,20.238719940185547,40.763031005859375,38.99825286865234,9
85,85,1.3531494140625,4.78582763671875,0.0286775529384613,1.8310133218765257,22.904146194458008,0.0039423936977982,6.384830951690674,79.86785888671875,13.747315406799316,9
86,86,1.1224365234375,7.1025390625,0.0556455217301845,1.2598637342453003,50.44606018066406,0.0039395941421389,2.2640883922576904,90.6561050415039,7.07980489730835,9
87,87,0.787872314453125,8.9384765625,0.0844544544816017,0.6207427978515625,79.8963623046875,0.0039373468607664,0.7350030541419983,94.6029052734375,4.662095069885254,9
88,88,0.4068603515625,10.272705078125,0.1096297055482864,0.1655353456735611,105.52847290039062,0.0039356863126158,0.1509949862957,96.25901794433594,3.5899817943573,9
89,89,0.035614013671875,11.10247802734375,0.1272009164094925,0.0012683579698204,123.2650146484375,0.0039346246048808,0.0009971295949071,96.90576171875,3.093236207962036,9
90,90,0.276641845703125,11.44305419921875,0.1349541842937469,0.076530709862709,130.94349670410156,0.0039341514930129,0.0567086637020111,97.0281219482422,2.915175676345825,9
91,91,0.494293212890625,11.32659912109375,0.1324704140424728,0.2443257868289947,128.29185485839844,0.0039342348463833,0.1844380348920822,96.84566497802734,2.9698970317840576,9
92,92,0.597930908203125,10.79718017578125,0.1208714544773101,0.3575213849544525,116.5791015625,0.0039348257705569,0.2957864701747894,96.4488296508789,3.255380630493164,9
93,93,0.585205078125,9.90997314453125,0.1024858951568603,0.3424649834632873,98.2075653076172,0.0039358576759696,0.334158182144165,95.82545471191406,3.840389490127564,9
94,94,0.470794677734375,8.72900390625,0.0803544148802757,0.221647635102272,76.19551086425781,0.0039372537285089,0.2758375406265259,94.82431030273438,4.89985990524292,9
95,95,0.281707763671875,7.3253173828125,0.0576785616576671,0.0793592631816864,53.660274505615234,0.0039389263838529,0.1375888437032699,93.03330993652344,6.829099178314209,9
96,96,0.053314208984375,5.76983642578125,0.037234641611576,0.0028424048796296,33.291011810302734,0.0039407853037118,0.00763376429677,89.40870666503906,10.583653450012209,9
97,97,0.176300048828125,4.13525390625,0.0210741441696882,0.0310817062854766,17.100324630737305,0.0039427373558282,0.1474874019622802,81.14363098144531,18.708885192871094,9
98,98,0.371124267578125,2.49249267578125,0.0102949477732181,0.1377332210540771,6.212519645690918,0.0039446949958801,1.33787202835083,60.34532928466797,38.316802978515625,9
99,99,0.503173828125,0.90594482421875,0.0050204959698021,0.253183901309967,0.8207360506057739,0.0039465762674808,5.04300594329834,16.34770965576172,78.60929107666016,9
