epoch,step,train_abs_error_E,train_abs_error_N,train_loss,train_loss_E,train_loss_N,train_loss_matrix,train_mae_matrix,train_percent_E,train_percent_N,train_percent_matrix,run_id
0,0,21199.87109375,4297.37060546875,0.0436463430523872,449434528.0,18467394.0,0.0436463430523872,0.1166811287403106,0.0,0.0,100.0,0
1,1,19245.0,3855.144287109375,0.0401746183633804,370370016.0,14862137.0,0.0401746183633804,0.1119386404752731,0.0,0.0,100.0,0
2,2,17457.798828125,3447.427490234375,0.0369941294193267,304774752.0,11884756.0,0.0369941294193267,0.107417419552803,0.0,0.0,100.0,0
3,3,15829.1005859375,3073.865478515625,0.0340862274169921,250560432.0,9448649.0,0.0340862274169921,0.1031158566474914,0.0,0.0,100.0,0
4,4,14347.779296875,2732.6279296875,0.0314310416579246,205858768.0,7467255.5,0.0314310416579246,0.0990236550569534,0.0,0.0,100.0,0
5,5,13002.9404296875,2421.363525390625,0.0290099047124385,169076464.0,5863001.5,0.0290099047124385,0.0951344966888427,0.0,0.0,100.0,0
6,6,11784.017578125,2137.822021484375,0.0268045142292976,138863072.0,4570283.0,0.0268045142292976,0.0914453268051147,0.0,0.0,100.0,0
7,7,10680.486328125,1879.864013671875,0.024797648191452,114072792.0,3533888.75,0.024797648191452,0.087954044342041,0.0,0.0,100.0,0
8,8,9682.7919921875,1645.50390625,0.0229736343026161,93756464.0,2707683.0,0.0229736343026161,0.0846532434225082,0.0,0.0,100.0,0
9,9,8781.6005859375,1432.55419921875,0.0213161818683147,77116512.0,2052211.5,0.0213161818683147,0.0815347284078598,0.0,0.0,100.0,0
10,10,7968.44580078125,1239.18505859375,0.0198115706443786,63496128.0,1535579.625,0.0198115706443786,0.0785941332578659,0.0,0.0,100.0,0
11,11,7235.365234375,1063.763427734375,0.0184468254446983,52350512.0,1131592.625,0.0184468254446983,0.0758272260427475,0.0,0.0,100.0,0
12,12,6574.8701171875,904.5482788085938,0.0172086581587791,43228916.0,818207.5625,0.0172086581587791,0.0732219964265823,0.0,0.0,100.0,0
13,13,5979.97265625,760.0374145507812,0.0160850472748279,35760072.0,577656.875,0.0160850472748279,0.0707689970731735,0.0,0.0,100.0,0
14,14,5444.259765625,628.9085083007812,0.0150653263553977,29639964.0,395525.90625,0.0150653263553977,0.0684907212853431,0.0,0.0,100.0,0
15,15,4961.8427734375,509.81353759765625,0.0141390450298786,24619884.0,259909.84375,0.0141390450298786,0.0663469433784484,0.0,0.0,100.0,0
16,16,4527.361328125,401.6167602539063,0.0132972178980708,20497000.0,161296.015625,0.0132972178980708,0.0643284395337104,0.0,0.0,100.0,0
17,17,4136.0029296875,303.28338623046875,0.0125317070633172,17106520.0,91980.8125,0.0125317070633172,0.0624843835830688,0.0,0.0,100.0,0
18,18,3783.36328125,213.87347412109372,0.0118351764976978,14313838.0,45741.86328125,0.0118351764976978,0.0608074441552162,0.0,0.0,100.0,0
19,19,3465.515380859375,132.5296630859375,0.0112010966986417,12009797.0,17564.111328125,0.0112010966986417,0.0592317655682563,0.0,0.0,100.0,0
20,20,3178.806884765625,58.4761962890625,0.0106231682002544,10104813.0,3419.465576171875,0.0106231682002544,0.0577610619366169,0.0,0.0,100.0,0
21,21,2919.931640625,9.01007080078125,0.0100956438109278,8526001.0,81.1813735961914,0.0100956438109278,0.0563935339450836,0.0,0.0,100.0,0
22,22,2685.992919921875,70.57257080078125,0.0096135707572102,7214558.0,4980.48779296875,0.0096135707572102,0.0551105067133903,0.0,0.0,100.0,0
23,23,2474.36962890625,126.79986572265624,0.0091724535450339,6122505.0,16078.2060546875,0.0091724535450339,0.0539133287966251,0.0,0.0,100.0,0
24,24,2282.737548828125,178.2227783203125,0.0087683070451021,5210890.5,31763.359375,0.0087683070451021,0.0528068467974662,0.0,0.0,100.0,0
25,25,2108.999755859375,225.3233642578125,0.0083975177258253,4447880.0,50770.6171875,0.0083975177258253,0.0517652034759521,0.0,0.0,100.0,0
26,26,1951.2935791015625,268.53076171875,0.0080568492412567,3807546.75,72108.7734375,0.0080568492412567,0.0507793202996254,0.0,0.0,100.0,0
27,27,1807.9532470703125,308.22509765625,0.0077434121631085,3268695.0,95002.7109375,0.0077434121631085,0.0498445481061935,0.0,0.0,100.0,0
28,28,1677.5,344.7510986328125,0.0074546113610267,2814006.25,118853.3203125,0.0074546113610267,0.0489574000239372,0.0,0.0,100.0,0
29,29,1558.612060546875,378.4205627441406,0.0071881115436553,2429271.5,143202.125,0.0071881115436553,0.048114076256752,0.0,0.0,100.0,0
30,30,1450.1134033203125,409.5102233886719,0.006941826082766,2102829.0,167698.625,0.006941826082766,0.0473114550113678,0.0,0.0,100.0,0
31,31,1350.95556640625,438.2697448730469,0.0067138914018869,1825081.0,192080.375,0.0067138914018869,0.0465467572212219,0.0,0.0,100.0,0
32,32,1260.1973876953125,464.9211730957031,0.0065026246011257,1588097.5,216151.703125,0.0065026246011257,0.0458173975348472,0.0,0.0,100.0,0
33,33,1177.0015869140625,489.66204833984375,0.0063065374270081,1385332.75,239768.921875,0.0063065374270081,0.0451210811734199,0.0,0.0,100.0,0
34,34,1100.619873046875,512.6685791015625,0.0061242990195751,1211364.125,262829.0625,0.0061242990195751,0.0444559268653392,0.0,0.0,100.0,0
35,35,1030.3995361328125,534.0972290039062,0.0059547433629632,1061723.25,285259.84375,0.0059547433629632,0.0438201837241649,0.0,0.0,100.0,0
36,36,965.7266845703124,554.09228515625,0.005796717479825,932628.0,307018.25,0.005796717479825,0.0432120561599731,0.0,0.0,100.0,0
37,37,906.0633544921876,572.781005859375,0.0056492118164896,820950.8125,328078.09375,0.0056492118164896,0.0426298603415489,0.0,0.0,100.0,0
38,38,850.9302978515625,590.2769775390625,0.0055113323032855,724082.375,348426.90625,0.0055113323032855,0.0420722514390945,0.0,0.0,100.0,0
39,39,799.8955078125,606.6817626953125,0.005382265895605,639832.8125,368062.75,0.005382265895605,0.0415378846228122,0.0,0.0,100.0,0
40,40,752.575439453125,622.0859375,0.0052612740546464,566369.8125,386990.90625,0.0052612740546464,0.0410255268216133,0.0,0.0,100.0,0
41,41,708.6295166015625,636.5706176757812,0.0051477034576237,502155.78125,405222.15625,0.0051477034576237,0.040534071624279,0.0,0.0,100.0,0
42,42,667.7498779296875,650.2070922851562,0.0050409627147018,445889.90625,422769.25,0.0050409627147018,0.0400624275207519,0.0,0.0,100.0,0
43,43,629.6590576171875,663.060791015625,0.0049405032768845,396470.53125,439649.625,0.0049405032768845,0.0396095626056194,0.0,0.0,100.0,0
44,44,594.104736328125,675.189453125,0.0048458301462233,352960.4375,455880.8125,0.0048458301462233,0.0391745045781135,0.0,0.0,100.0,0
45,45,560.8572998046875,686.6450805664062,0.0047564851120114,314560.90625,471481.46875,0.0047564851120114,0.0387567207217216,0.0,0.0,100.0,0
46,46,529.7159423828125,697.4742431640625,0.0046720607206225,280598.96875,486470.3125,0.0046720607206225,0.0383555181324481,0.0,0.0,100.0,0
47,47,500.5001525878906,707.7186279296875,0.0045921811833977,250500.40625,500865.65625,0.0045921811833977,0.0379693657159805,0.0,0.0,100.0,0
48,48,473.0451965332031,717.4158935546875,0.0045165121555328,223771.765625,514685.5625,0.0045165121555328,0.0375974550843238,0.0,0.0,100.0,0
49,49,447.2020568847656,726.60009765625,0.0044447495602071,199989.671875,527947.6875,0.0044447495602071,0.0372391194105148,0.0,0.0,100.0,0
50,50,422.8365783691406,735.3020629882812,0.0043766107410192,178790.765625,540669.125,0.0043766107410192,0.036893580108881,0.0,0.0,100.0,0
51,51,399.8261413574219,743.5504760742188,0.004311837721616,159860.9375,552867.3125,0.004311837721616,0.0365601927042007,0.0,0.0,100.0,0
52,52,378.0594177246094,751.3705444335938,0.0042501911520957,142928.921875,564557.6875,0.0042501911520957,0.036238394677639,0.0,0.0,100.0,0
53,53,357.4360656738281,758.785400390625,0.004191449843347,127760.5390625,575755.3125,0.004191449843347,0.035927690565586,0.0,0.0,100.0,0
54,54,337.8648986816406,765.8160400390625,0.0041354210115969,114152.6875,586474.1875,0.0041354210115969,0.0356275588274002,0.0,0.0,100.0,0
55,55,319.2640686035156,772.48291015625,0.0040819253772497,101929.546875,596729.875,0.0040819253772497,0.0353374108672142,0.0,0.0,100.0,0
56,56,301.5585021972656,778.8045654296875,0.0040307948365807,90937.53125,606536.5625,0.0040307948365807,0.0350565426051616,0.0,0.0,100.0,0
57,57,284.6802673339844,784.7984008789062,0.0039818789809942,81042.8515625,615908.5,0.0039818789809942,0.0347844287753105,0.0,0.0,100.0,0
58,58,268.5679016113281,790.4806518554688,0.0039350376464426,72128.71875,624859.6875,0.0039350376464426,0.0345206148922443,0.0,0.0,100.0,0
59,59,253.1639709472656,795.8663330078125,0.003890138817951,64091.99609375,633403.25,0.003890138817951,0.0342645831406116,0.0,0.0,100.0,0
60,60,238.41705322265625,800.9697875976562,0.0038470632862299,56842.69140625,641552.625,0.0038470632862299,0.0340158902108669,0.0,0.0,100.0,0
61,61,224.2777404785156,805.8043212890625,0.0038056916091591,50300.50390625,649320.625,0.0038056916091591,0.0337740890681743,0.0,0.0,100.0,0
62,62,210.70233154296875,810.3824462890625,0.003765913657844,44395.47265625,656719.6875,0.003765913657844,0.0335388109087944,0.0,0.0,100.0,0
63,63,197.6517333984375,814.7161254882812,0.003727635834366,39066.20703125,663762.375,0.003727635834366,0.0333097651600837,0.0,0.0,100.0,0
64,64,185.0904235839844,818.816650390625,0.0036907703615725,34258.46484375,670460.6875,0.0036907703615725,0.0330866873264312,0.0,0.0,100.0,0
65,65,172.98818969726562,822.69384765625,0.0036552445963025,29924.9140625,676825.1875,0.0036552445963025,0.0328693464398384,0.0,0.0,100.0,0
66,66,161.3167724609375,826.3575439453125,0.0036209858953952,26023.1015625,682866.8125,0.0036209858953952,0.0326574966311454,0.0,0.0,100.0,0
67,67,150.04940795898438,829.817138671875,0.0035879232455044,22514.82421875,688596.5,0.0035879232455044,0.0324508920311927,0.0,0.0,100.0,0
68,68,139.158935546875,833.0812377929688,0.0035559921525418,19365.208984375,694024.375,0.0035559921525418,0.0322493575513362,0.0,0.0,100.0,0
69,69,128.62185668945312,836.1585693359375,0.0035251302178949,16543.58203125,699161.125,0.0035251302178949,0.0320527106523513,0.0,0.0,100.0,0
70,70,118.41656494140624,839.0573120117188,0.0034952815622091,14022.482421875,704017.1875,0.0034952815622091,0.0318608060479164,0.0,0.0,100.0,0
71,71,108.52297973632812,841.785400390625,0.0034663905389606,11777.2373046875,708602.6875,0.0034663905389606,0.0316734164953231,0.0,0.0,100.0,0
72,72,98.92300415039062,844.3506469726562,0.0034384080208837,9785.7607421875,712928.0,0.0034384080208837,0.0314903557300567,0.0,0.0,100.0,0
73,73,89.59869384765625,846.7605590820312,0.0034112846478819,8027.92578125,717003.4375,0.0034112846478819,0.0313115455210208,0.0,0.0,100.0,0
74,74,80.5360107421875,849.0222778320312,0.0033849780447781,6486.048828125,720838.8125,0.0033849780447781,0.0311368890106678,0.0,0.0,100.0,0
75,75,71.71975708007812,851.1426391601562,0.0033594463020563,5143.7236328125,724443.8125,0.0033594463020563,0.0309662204235792,0.0,0.0,100.0,0
76,76,63.13726806640625,853.1284790039062,0.0033346493728458,3986.314697265625,727828.1875,0.0033346493728458,0.0308003090322017,0.0,0.0,100.0,0
77,77,54.776885986328125,854.9860229492188,0.003310551866889,3000.50732421875,731001.125,0.003310551866889,0.0306397918611764,0.0,0.0,100.0,0
78,78,46.62701416015625,856.7213745117188,0.0032871179282665,2174.078369140625,733971.5,0.0032871179282665,0.0304830484092235,0.0,0.0,100.0,0
79,79,38.67578125,858.3405151367188,0.0032643154263496,1495.8160400390625,736748.4375,0.0032643154263496,0.0303296037018299,0.0,0.0,100.0,0
80,80,30.914215087890625,859.8489990234375,0.0032421147916465,955.688720703125,739340.3125,0.0032421147916465,0.0301790684461593,0.0,0.0,100.0,0
81,81,23.33184814453125,861.2518310546875,0.0032204864546656,544.3751220703125,741754.6875,0.0032204864546656,0.030031356960535,0.0,0.0,100.0,0
82,82,15.920501708984377,862.5542602539062,0.003199404105544,253.46237182617188,743999.875,0.003199404105544,0.0298863984644413,0.0,0.0,100.0,0
83,83,8.671539306640625,863.7607421875,0.003178842831403,75.19559478759766,746082.625,0.003178842831403,0.0297440979629755,0.0,0.0,100.0,0
84,84,1.5771484375,864.8759155273438,0.003158779349178,2.4873971939086914,748010.375,0.003158779349178,0.0296044908463954,0.0,0.0,100.0,0
85,85,5.369659423828125,865.90380859375,0.0031391908414661,28.83324241638184,749789.375,0.0031391908414661,0.029467400163412,0.0,0.0,100.0,0
86,86,12.175796508789062,866.8483276367188,0.0031200554221868,148.25001525878906,751426.0,0.0031200554221868,0.0293328016996383,0.0,0.0,100.0,0
87,87,18.847320556640625,867.7130126953125,0.0031013553962111,355.22149658203125,752925.875,0.0031013553962111,0.0292006004601717,0.0,0.0,100.0,0
88,88,25.39019775390625,868.5012817382812,0.0030830716714262,644.6621704101562,754294.5,0.0030830716714262,0.029070645570755,0.0,0.0,100.0,0
89,89,31.80976867675781,869.2161254882812,0.0030651870183646,1011.8613891601562,755536.6875,0.0030651870183646,0.0289428830146789,0.0,0.0,100.0,0
90,90,38.11163330078125,869.8603515625,0.0030476844403892,1452.49658203125,756657.0,0.0030476844403892,0.0288173481822013,0.0,0.0,100.0,0
91,91,44.299896240234375,870.4365234375,0.0030305497348308,1962.4808349609373,757659.75,0.0030305497348308,0.0286941453814506,0.0,0.0,100.0,0
92,92,50.37960815429688,870.947021484375,0.0030137686990201,2538.10498046875,758548.6875,0.0030137686990201,0.0285728424787521,0.0,0.0,100.0,0
93,93,56.35456848144531,871.39404296875,0.0029973282944411,3175.83740234375,759327.5625,0.0029973282944411,0.0284531377255916,0.0,0.0,100.0,0
94,94,62.22871398925781,871.7796630859375,0.0029812161810696,3872.412841796875,759999.75,0.0029812161810696,0.0283349379897117,0.0,0.0,100.0,0
95,95,68.00602722167969,872.1057739257812,0.0029654214158654,4624.81982421875,760568.5,0.0029654214158654,0.0282182209193706,0.0,0.0,100.0,0
96,96,73.68966674804688,872.3740234375,0.0029499328229576,5430.1669921875,761036.4375,0.0029499328229576,0.0281029772013425,0.0,0.0,100.0,0
97,97,79.28260803222656,872.5859985351562,0.0029347417876124,6285.73193359375,761406.3125,0.0029347417876124,0.0279891956597566,0.0,0.0,100.0,0
98,98,84.78779602050781,872.7432250976562,0.0029198387637734,7188.97021484375,761680.75,0.0029198387637734,0.0278767459094524,0.0,0.0,100.0,0
99,99,90.20803833007812,872.8471069335938,0.0029052160680294,8137.490234375,761862.0625,0.0029052160680294,0.0277655832469463,0.0,0.0,100.0,0
100,100,95.54579162597656,872.8991088867188,0.0028908671811223,9128.998046875,761952.875,0.0028908671811223,0.027655690908432,0.0,0.0,100.0,0
101,101,100.80331420898438,872.9006958007812,0.0028767851181328,10161.30859375,761955.625,0.0028767851181328,0.027547039091587,0.0,0.0,100.0,0
102,102,105.98251342773438,872.853271484375,0.0028629640582948,11232.29296875,761872.8125,0.0028629640582948,0.0274396184831857,0.0,0.0,100.0,0
103,103,111.08563232421876,872.7581176757812,0.0028493981808423,12340.017578125,761706.75,0.0028493981808423,0.0273333899676799,0.0,0.0,100.0,0
104,104,116.1139678955078,872.6168823242188,0.0028360830619931,13482.453125,761460.25,0.0028360830619931,0.0272283740341663,0.0,0.0,100.0,0
105,105,121.06817626953124,872.4309692382812,0.0028230166062712,14657.5029296875,761135.8125,0.0028230166062712,0.0271246749907732,0.0,0.0,100.0,0
106,106,125.9491729736328,872.2020263671875,0.0028101978823542,15863.1943359375,760736.375,0.0028101978823542,0.0270228534936904,0.0,0.0,100.0,0
107,107,130.75836181640625,871.9317626953125,0.002797624329105,17097.75,760265.0,0.002797624329105,0.0269234739243984,0.0,0.0,100.0,0
108,108,135.49603271484375,871.621826171875,0.0027852945495396,18359.17578125,759724.625,0.0027852945495396,0.0268259104341268,0.0,0.0,100.0,0
109,109,140.16250610351562,871.2740478515625,0.0027732092421501,19645.52734375,759118.4375,0.0027732092421501,0.0267298631370067,0.0,0.0,100.0,0
110,110,144.7579345703125,870.8904418945312,0.0027613688725978,20954.859375,758450.1875,0.0027613688725978,0.0266356989741325,0.0,0.0,100.0,0
111,111,149.28244018554688,870.4728393554688,0.0027497727423906,22285.24609375,757722.9375,0.0027497727423906,0.0265438985079526,0.0,0.0,100.0,0
112,112,153.7357635498047,870.0233154296875,0.0027384229470044,23634.685546875,756940.5625,0.0027384229470044,0.0264539457857608,0.0,0.0,100.0,0
113,113,158.11697387695312,869.5440063476562,0.0027273211162537,25000.9765625,756106.75,0.0027273211162537,0.0263652447611093,0.0,0.0,100.0,0
114,114,162.42568969726562,869.037109375,0.0027164693456143,26382.10546875,755225.5,0.0027164693456143,0.026277732104063,0.0,0.0,100.0,0
115,115,166.6607208251953,868.5048828125,0.0027058699633926,27775.794921875,754300.75,0.0027058699633926,0.0261916033923625,0.0,0.0,100.0,0
116,116,170.82110595703125,867.9496459960938,0.0026955255307257,29179.849609375,753336.5625,0.0026955255307257,0.0261078998446464,0.0,0.0,100.0,0
117,117,174.9054718017578,867.3738403320312,0.0026854407042264,30591.923828125,752337.375,0.0026854407042264,0.0260260887444019,0.0,0.0,100.0,0
118,118,178.91183471679688,866.77978515625,0.002675618045032,32009.4453125,751307.1875,0.002675618045032,0.025945633649826,0.0,0.0,100.0,0
119,119,182.83856201171875,866.1700439453125,0.0026660617440938,33429.94140625,750250.5625,0.0026660617440938,0.0258666630834341,0.0,0.0,100.0,0
120,120,186.68365478515625,865.5470581054688,0.0026567755267024,34850.78515625,749171.6875,0.0026567755267024,0.0257894210517406,0.0,0.0,100.0,0
121,121,190.44503784179688,864.9132080078125,0.0026477628853172,36269.3125,748074.875,0.0026477628853172,0.0257143732160329,0.0,0.0,100.0,0
122,122,194.1204833984375,864.2710571289062,0.0026390277780592,37682.76171875,746964.4375,0.0026390277780592,0.0256418175995349,0.0,0.0,100.0,0
123,123,197.7075653076172,863.623046875,0.0026305736973881,39088.28125,745844.75,0.0026305736973881,0.0255708061158657,0.0,0.0,100.0,0
124,124,201.20364379882807,862.9716796875,0.0026224046014249,40482.90625,744720.125,0.0026224046014249,0.0255008451640605,0.0,0.0,100.0,0
125,125,204.60630798339844,862.3195190429688,0.0026145228184759,41863.7421875,743594.9375,0.0026145228184759,0.0254318714141845,0.0,0.0,100.0,0
126,126,207.91262817382807,861.6688842773438,0.0026069306768476,43227.66015625,742473.25,0.0026069306768476,0.0253638606518507,0.0,0.0,100.0,0
127,127,211.12026977539065,861.022216796875,0.0025996305048465,44571.76953125,741359.25,0.0025996305048465,0.0252967812120914,0.0,0.0,100.0,0
128,128,214.22659301757807,860.3817138671875,0.0025926232337951,45893.03125,740256.6875,0.0025926232337951,0.025230623781681,0.0,0.0,100.0,0
129,129,217.2290496826172,859.7495727539062,0.0025859083980321,47188.4609375,739169.3125,0.0025859083980321,0.025165382772684,0.0,0.0,100.0,0
130,130,220.1253662109375,859.1279296875,0.0025794852990657,48455.17578125,738100.8125,0.0025794852990657,0.0251010544598102,0.0,0.0,100.0,0
131,131,222.91293334960935,858.518798828125,0.0025733523070812,49690.17578125,737054.5,0.0025733523070812,0.0250376127660274,0.0,0.0,100.0,0
132,132,225.5896148681641,857.9239501953125,0.0025675070937722,50890.67578125,736033.5,0.0025675070937722,0.024975050240755,0.0,0.0,100.0,0
133,133,228.1534423828125,857.3450927734375,0.0025619457010179,52053.9921875,735040.625,0.0025619457010179,0.0249134264886379,0.0,0.0,100.0,0
134,134,230.6025848388672,856.78369140625,0.0025566634722054,53177.55078125,734078.3125,0.0025566634722054,0.0248526986688375,0.0,0.0,100.0,0
135,135,232.9357147216797,856.2410278320312,0.0025516543537378,54259.046875,733148.6875,0.0025516543537378,0.0247927717864513,0.0,0.0,100.0,0
136,136,235.15138244628903,855.7183227539062,0.0025469115935266,55296.171875,732253.875,0.0025469115935266,0.0247336085885763,0.0,0.0,100.0,0
137,137,237.24896240234372,855.21630859375,0.0025424261111766,56287.0703125,731394.9375,0.0025424261111766,0.0246752053499221,0.0,0.0,100.0,0
138,138,239.2278289794922,854.7359008789062,0.0025381899904459,57229.953125,730573.4375,0.0025381899904459,0.0246175657957792,0.0,0.0,100.0,0
139,139,241.0881500244141,854.2774658203125,0.0025341915898025,58123.49609375,729790.0,0.0025341915898025,0.0245607309043407,0.0,0.0,100.0,0
140,140,242.8302764892578,853.8413696289062,0.0025304208975285,58966.54296875,729045.0625,0.0025304208975285,0.024504704400897,0.0,0.0,100.0,0
141,141,244.4550628662109,853.4276733398438,0.0025268667377531,59758.27734375,728338.8125,0.0025268667377531,0.0244494248181581,0.0,0.0,100.0,0
142,142,245.96383666992188,853.0362548828125,0.0025235153734683,60498.20703125,727670.875,0.0025235153734683,0.0243948232382535,0.0,0.0,100.0,0
143,143,247.3584899902344,852.666748046875,0.0025203565601259,61186.22265625,727040.5625,0.0025203565601259,0.0243408866226673,0.0,0.0,100.0,0
144,144,248.6413726806641,852.3187255859375,0.0025173751637339,61822.53125,726447.1875,0.0025173751637339,0.0242876410484313,0.0,0.0,100.0,0
145,145,249.8153076171875,851.991455078125,0.0025145600084215,62407.6875,725889.4375,0.0025145600084215,0.0242350213229656,0.0,0.0,100.0,0
146,146,250.88357543945312,851.6839599609375,0.0025118980556726,62942.5703125,725365.5625,0.0025118980556726,0.0241828858852386,0.0,0.0,100.0,0
147,147,251.84996032714844,851.3953247070312,0.0025093774311244,63428.40234375,724874.0,0.0025093774311244,0.0241311490535736,0.0,0.0,100.0,0
148,148,252.7186279296875,851.1244506835938,0.0025069860275834,63866.703125,724412.8125,0.0025069860275834,0.0240797810256481,0.0,0.0,100.0,0
149,149,253.49395751953125,850.8700561523438,0.0025047133676707,64259.1875,723979.875,0.0025047133676707,0.0240288004279136,0.0,0.0,100.0,0
150,150,254.18081665039065,850.6309204101562,0.0025025480426847,64607.88671875,723572.9375,0.0025025480426847,0.0239782556891441,0.0,0.0,100.0,0
151,151,254.78421020507807,850.40576171875,0.0025004805065691,64914.9921875,723189.9375,0.0025004805065691,0.0239282511174678,0.0,0.0,100.0,0
152,152,255.3093719482422,850.1934204101562,0.002498501446098,65182.875,722828.875,0.002498501446098,0.0238788649439811,0.0,0.0,100.0,0
153,153,255.76173400878903,849.9924926757812,0.002496603410691,65414.06640625,722487.25,0.002496603410691,0.0238302554935216,0.0,0.0,100.0,0
154,154,256.146728515625,849.8018188476562,0.0024947770871222,65611.1484375,722163.125,0.0024947770871222,0.0237825941294431,0.0,0.0,100.0,0
155,155,256.4698181152344,849.620361328125,0.0024930173531174,65776.765625,721854.75,0.0024930173531174,0.0237360037863254,0.0,0.0,100.0,0
156,156,256.7364807128906,849.4469604492188,0.0024913162924349,65913.6171875,721560.125,0.0024913162924349,0.0236905049532651,0.0,0.0,100.0,0
157,157,256.9519958496094,849.2806396484375,0.002489669015631,66024.328125,721277.625,0.002489669015631,0.0236460827291011,0.0,0.0,100.0,0
158,158,257.12158203125,849.12060546875,0.0024880697019398,66111.5078125,721005.8125,0.0024880697019398,0.0236026979982852,0.0,0.0,100.0,0
159,159,257.2502136230469,848.9660034179688,0.0024865141604095,66177.671875,720743.25,0.0024865141604095,0.0235603041946887,0.0,0.0,100.0,0
160,160,257.3427124023437,848.8162231445312,0.0024849970359355,66225.2734375,720489.0,0.0024849970359355,0.0235188864171504,0.0,0.0,100.0,0
161,161,257.4035339355469,848.6707153320312,0.002483514836058,66256.578125,720242.0,0.002483514836058,0.0234784446656703,0.0,0.0,100.0,0
162,162,257.4369812011719,848.5289916992188,0.0024820626713335,66273.796875,720001.4375,0.0024820626713335,0.0234389714896678,0.0,0.0,100.0,0
163,163,257.44696044921875,848.390625,0.0024806370493024,66278.9375,719766.625,0.0024806370493024,0.0234004743397235,0.0,0.0,100.0,0
164,164,257.4371643066406,848.2553100585938,0.0024792342446744,66273.890625,719537.0625,0.0024792342446744,0.0233630072325468,0.0,0.0,100.0,0
165,165,257.4109191894531,848.1229248046875,0.0024778502993285,66260.3828125,719312.5,0.0024778502993285,0.0233266539871692,0.0,0.0,100.0,0
166,166,257.3712463378906,847.9932250976562,0.0024764812551438,66239.9609375,719092.5,0.0024764812551438,0.0232914537191391,0.0,0.0,100.0,0
167,167,257.3208923339844,847.8660888671875,0.00247512338683,66214.0390625,718876.875,0.00247512338683,0.023257378488779,0.0,0.0,100.0,0
168,168,257.2623291015625,847.741455078125,0.0024737727362662,66183.90625,718665.5625,0.0024737727362662,0.0232243649661541,0.0,0.0,100.0,0
169,169,257.1977233886719,847.6192626953125,0.0024724246468394,66150.671875,718458.4375,0.0024724246468394,0.0231923572719097,0.0,0.0,100.0,0
170,170,257.1290283203125,847.4994506835938,0.0024710756260901,66115.3359375,718255.3125,0.0024710756260901,0.0231612734496593,0.0,0.0,100.0,0
171,171,257.0578308105469,847.382080078125,0.0024697210174053,66078.7265625,718056.375,0.0024697210174053,0.0231310352683067,0.0,0.0,100.0,0
172,172,256.9856872558594,847.26708984375,0.0024683568626642,66041.640625,717861.5,0.0024683568626642,0.023101583123207,0.0,0.0,100.0,0
173,173,256.91375732421875,847.1544799804688,0.0024669775739312,66004.6796875,717670.6875,0.0024669775739312,0.0230728592723608,0.0,0.0,100.0,0
174,174,256.8431396484375,847.044189453125,0.0024655787274241,65968.3984375,717483.875,0.0024655787274241,0.0230448376387357,0.0,0.0,100.0,0
175,175,256.77471923828125,846.936279296875,0.0024641558993607,65933.2578125,717301.0625,0.0024641558993607,0.0230174921452999,0.0,0.0,100.0,0
176,176,256.709228515625,846.8306274414062,0.002462703268975,65899.625,717122.125,0.002462703268975,0.0229908153414726,0.0,0.0,100.0,0
177,177,256.6473693847656,846.7271728515625,0.0024612157139927,65867.875,716946.875,0.0024612157139927,0.0229648016393184,0.0,0.0,100.0,0
178,178,256.58953857421875,846.6259155273438,0.0024596862494945,65838.1875,716775.4375,0.0024596862494945,0.022939471527934,0.0,0.0,100.0,0
179,179,256.5361633300781,846.5267333984375,0.0024581085890531,65810.8046875,716607.5,0.0024581085890531,0.0229147858917713,0.0,0.0,100.0,0
180,180,256.487548828125,846.429443359375,0.0024564757477492,65785.859375,716442.8125,0.0024564757477492,0.022890705615282,0.0,0.0,100.0,0
181,181,256.44390869140625,846.333984375,0.0024547805078327,65763.4765625,716281.1875,0.0024547805078327,0.022867202758789,0.0,0.0,100.0,0
182,182,256.40533447265625,846.2400512695312,0.0024530156515538,65743.6953125,716122.25,0.0024530156515538,0.0228442698717117,0.0,0.0,100.0,0
183,183,256.3720092773437,846.1475219726562,0.0024511725641787,65726.609375,715965.625,0.0024511725641787,0.0228218957781791,0.0,0.0,100.0,0
184,184,256.3439636230469,846.0560302734375,0.0024492421653121,65712.2265625,715810.8125,0.0024492421653121,0.0228000916540622,0.0,0.0,100.0,0
185,185,256.3211975097656,845.9653930664062,0.0024472153745591,65700.5546875,715657.4375,0.0024472153745591,0.0227788500487804,0.0,0.0,100.0,0
186,186,256.3036804199219,845.8751831054688,0.0024450817145407,65691.578125,715504.8125,0.0024450817145407,0.0227581523358821,0.0,0.0,100.0,0
187,187,256.2914123535156,845.7850952148438,0.002442829310894,65685.2890625,715352.4375,0.002442829310894,0.0227379575371742,0.0,0.0,100.0,0
188,188,256.28436279296875,845.6946411132812,0.0024404453579336,65681.671875,715199.4375,0.0024404453579336,0.0227182414382696,0.0,0.0,100.0,0
189,189,256.28240966796875,845.6033935546875,0.0024379165843129,65680.671875,715045.125,0.0024379165843129,0.0226989928632974,0.0,0.0,100.0,0
190,190,256.2856140136719,845.5109252929688,0.0024352276232093,65682.3125,714888.75,0.0024352276232093,0.0226801820099353,0.0,0.0,100.0,0
191,191,256.2939453125,845.4166870117188,0.0024323626421391,65686.5859375,714729.375,0.0024323626421391,0.0226617641746997,0.0,0.0,100.0,0
192,192,256.30731201171875,845.3201904296875,0.0024293034803122,65693.4375,714566.25,0.0024293034803122,0.0226437076926231,0.0,0.0,100.0,0
193,193,256.3258056640625,845.220703125,0.002426030114293,65702.921875,714398.0625,0.002426030114293,0.0226259753108024,0.0,0.0,100.0,0
194,194,256.34942626953125,845.11767578125,0.0024225213564932,65715.03125,714223.875,0.0024225213564932,0.0226085484027862,0.0,0.0,100.0,0
195,195,256.37823486328125,845.0103759765625,0.0024187536910176,65729.796875,714042.5625,0.0024187536910176,0.0225914306938648,0.0,0.0,100.0,0
196,196,256.41229248046875,844.8980102539062,0.0024147003423422,65747.265625,713852.625,0.0024147003423422,0.0225746072828769,0.0,0.0,100.0,0
197,197,256.4517517089844,844.7797241210938,0.0024103329051285,65767.5,713652.8125,0.0024103329051285,0.0225580595433712,0.0,0.0,100.0,0
198,198,256.4967346191406,844.654541015625,0.002405620412901,65790.578125,713441.3125,0.002405620412901,0.0225417874753475,0.0,0.0,100.0,0
199,199,256.5474548339844,844.5213012695312,0.0024005291052162,65816.59375,713216.25,0.0024005291052162,0.022525817155838,0.0,0.0,100.0,0
0,0,262.8089294433594,855.8958129882812,0.002762344200164,69068.53125,732557.625,0.002762344200164,0.0272798854857683,0.0,0.0,100.0,1
1,1,262.5520935058594,856.02587890625,0.0027333551552146,68933.6015625,732780.3125,0.0027333551552146,0.0267987716943025,0.0,0.0,100.0,1
2,2,262.3407592773437,856.1677856445312,0.0027076066471636,68822.671875,733023.25,0.0027076066471636,0.0263497121632099,0.0,0.0,100.0,1
3,3,262.1693115234375,856.3233032226562,0.0026848330162465,68732.75,733289.625,0.0026848330162465,0.0259319022297859,0.0,0.0,100.0,1
4,4,262.0314025878906,856.4938354492188,0.0026647616177797,68660.453125,733581.6875,0.0026647616177797,0.0255446620285511,0.0,0.0,100.0,1
5,5,261.9230041503906,856.6806030273438,0.0026471256278455,68603.65625,733901.625,0.0026471256278455,0.025187037885189,0.0,0.0,100.0,1
6,6,261.8404846191406,856.88427734375,0.0026316635776311,68560.4375,734250.6875,0.0026316635776311,0.0248581860214471,0.0,0.0,100.0,1
7,7,261.7802734375,857.1045532226562,0.0026181347202509,68528.9140625,734628.1875,0.0026181347202509,0.0245562754571437,0.0,0.0,100.0,1
8,8,261.7388610839844,857.3400268554688,0.0026063178665935,68507.234375,735031.9375,0.0026063178665935,0.0242807418107986,0.0,0.0,100.0,1
9,9,261.7131652832031,857.5882568359375,0.0025960099883377,68493.78125,735457.625,0.0025960099883377,0.0240302011370658,0.0,0.0,100.0,1
10,10,261.7003173828125,857.84619140625,0.0025870262179523,68487.0546875,735900.0625,0.0025870262179523,0.0238024815917015,0.0,0.0,100.0,1
11,11,261.69793701171875,858.1106567382812,0.0025792000815272,68485.8125,736353.875,0.0025792000815272,0.0235953517258167,0.0,0.0,100.0,1
12,12,261.7038879394531,858.37841796875,0.0025723832659423,68488.921875,736813.5,0.0025723832659423,0.0234072506427764,0.0,0.0,100.0,1
13,13,261.7164001464844,858.6466064453125,0.0025664416607469,68495.4765625,737274.0,0.0025664416607469,0.0232363082468509,0.0,0.0,100.0,1
14,14,261.7339782714844,858.9127197265625,0.0025612590834498,68504.671875,737731.0625,0.0025612590834498,0.0230813343077898,0.0,0.0,100.0,1
15,15,261.7554016113281,859.17431640625,0.0025567368138581,68515.890625,738180.5,0.0025567368138581,0.0229413192719221,0.0,0.0,100.0,1
16,16,261.7796325683594,859.429443359375,0.0025527863763272,68528.578125,738618.9375,0.0025527863763272,0.0228149853646755,0.0,0.0,100.0,1
17,17,261.805908203125,859.6766357421875,0.0025493293069303,68542.3359375,739043.9375,0.0025493293069303,0.0227010603994131,0.0,0.0,100.0,1
18,18,261.8334655761719,859.9147338867188,0.0025462978519499,68556.765625,739453.375,0.0025462978519499,0.0225994288921356,0.0,0.0,100.0,1
19,19,261.8618469238281,860.142822265625,0.0025436331052333,68571.625,739845.6875,0.0025436331052333,0.0225073266774415,0.0,0.0,100.0,1
20,20,261.8905639648437,860.3602905273438,0.0025412852410227,68586.6640625,740219.8125,0.0025412852410227,0.0224236268550157,0.0,0.0,100.0,1
21,21,261.9192810058594,860.5667724609375,0.0025392088573426,68601.7109375,740575.1875,0.0025392088573426,0.0223477408289909,0.0,0.0,100.0,1
22,22,261.9476928710937,860.7620849609375,0.0025373669341206,68616.59375,740911.375,0.0025373669341206,0.0222784541547298,0.0,0.0,100.0,1
23,23,261.9756164550781,860.9461059570312,0.0025357268750667,68631.2265625,741228.1875,0.0025357268750667,0.0222147889435291,0.0,0.0,100.0,1
24,24,262.0028686523437,861.1190795898438,0.0025342602748423,68645.5,741526.0625,0.0025342602748423,0.0221561938524246,0.0,0.0,100.0,1
25,25,262.029296875,861.2811279296875,0.0025329429190605,68659.3515625,741805.1875,0.0025329429190605,0.0221023205667734,0.0,0.0,100.0,1
26,26,262.0548400878906,861.4324340820312,0.0025317550171166,68672.7421875,742065.8125,0.0025317550171166,0.0220525544136762,0.0,0.0,100.0,1
27,27,262.07940673828125,861.5734252929688,0.0025306781753897,68685.6171875,742308.75,0.0025306781753897,0.0220063533633947,0.0,0.0,100.0,1
28,28,262.1029663085937,861.7044677734375,0.002529697259888,68697.96875,742534.5625,0.002529697259888,0.0219632610678672,0.0,0.0,100.0,1
29,29,262.1255187988281,861.825927734375,0.0025287992320954,68709.7890625,742743.9375,0.0025287992320954,0.0219229962676763,0.0,0.0,100.0,1
30,30,262.14703369140625,861.9383544921875,0.0025279722176492,68721.0703125,742937.75,0.0025279722176492,0.0218857321888208,0.0,0.0,100.0,1
31,31,262.1675109863281,862.0421142578125,0.0025272071361541,68731.8046875,743116.625,0.0025272071361541,0.0218507330864667,0.0,0.0,100.0,1
32,32,262.18701171875,862.1376953125,0.0025264951400458,68742.03125,743281.375,0.0025264951400458,0.0218177624046802,0.0,0.0,100.0,1
33,33,262.2055053710937,862.2255249023438,0.0025258290115743,68751.7265625,743432.875,0.0025258290115743,0.021787017583847,0.0,0.0,100.0,1
34,34,262.2230529785156,862.3060913085938,0.0025252024643123,68760.9296875,743571.8125,0.0025252024643123,0.0217581167817115,0.0,0.0,100.0,1
35,35,262.2396850585937,862.3797607421875,0.0025246101431548,68769.65625,743698.875,0.0025246101431548,0.021732460707426,0.0,0.0,100.0,1
36,36,262.2554626464844,862.447021484375,0.0025240466929972,68777.9296875,743814.875,0.0025240466929972,0.0217086113989353,0.0,0.0,100.0,1
37,37,262.2704162597656,862.50830078125,0.002523508388549,68785.7734375,743920.5625,0.002523508388549,0.0216859765350818,0.0,0.0,100.0,1
38,38,262.2845764160156,862.56396484375,0.0025229919701814,68793.1953125,744016.5625,0.0025229919701814,0.021664498373866,0.0,0.0,100.0,1
39,39,262.2980041503906,862.6143798828125,0.0025224932469427,68800.2421875,744103.5625,0.0025224932469427,0.0216441191732883,0.0,0.0,100.0,1
40,40,262.3107604980469,862.659912109375,0.0025220098905265,68806.9375,744182.125,0.0025220098905265,0.0216248054057359,0.0,0.0,100.0,1
41,41,262.3228454589844,862.7008056640625,0.0025215395726263,68813.2734375,744252.6875,0.0025215395726263,0.021606508642435,0.0,0.0,100.0,1
42,42,262.3343200683594,862.7374877929688,0.0025210794992744,68819.296875,744316.0,0.0025210794992744,0.0215891562402248,0.0,0.0,100.0,1
43,43,262.34521484375,862.7702026367188,0.0025206285063177,68825.015625,744372.4375,0.0025206285063177,0.021572720259428,0.0,0.0,100.0,1
44,44,262.3555908203125,862.7991943359375,0.0025201837997883,68830.453125,744422.4375,0.0025201837997883,0.0215571392327547,0.0,0.0,100.0,1
45,45,262.3654479980469,862.8246459960938,0.0025197446811944,68835.625,744466.375,0.0025197446811944,0.0215423703193664,0.0,0.0,100.0,1
46,46,262.37481689453125,862.846923828125,0.0025193095207214,68840.546875,744504.8125,0.0025193095207214,0.0215283967554569,0.0,0.0,100.0,1
47,47,262.3837585449219,862.8660888671875,0.0025188759900629,68845.234375,744537.875,0.0025188759900629,0.0215152017772197,0.0,0.0,100.0,1
48,48,262.3922424316406,862.88232421875,0.0025184436235576,68849.6875,744565.875,0.0025184436235576,0.021502785384655,0.0,0.0,100.0,1
49,49,262.4003295898437,862.8958740234375,0.0025180110242217,68853.9296875,744589.3125,0.0025180110242217,0.0214911010116338,0.0,0.0,100.0,1
50,50,262.4079895019531,862.9067993164062,0.0025175772607326,68857.953125,744608.125,0.0025175772607326,0.0214800965040922,0.0,0.0,100.0,1
51,51,262.415283203125,862.9152221679688,0.002517141168937,68861.78125,744622.6875,0.002517141168937,0.0214697532355785,0.0,0.0,100.0,1
52,52,262.4221496582031,862.9212646484375,0.0025167013518512,68865.3828125,744633.125,0.0025167013518512,0.021460035815835,0.0,0.0,100.0,1
53,53,262.4286499023437,862.9249877929688,0.002516257809475,68868.796875,744639.5625,0.002516257809475,0.0214509256184101,0.0,0.0,100.0,1
54,54,262.4347229003906,862.9263916015625,0.0025158082135021,68871.984375,744641.9375,0.0025158082135021,0.0214424319565296,0.0,0.0,100.0,1
55,55,262.4403991699219,862.9256591796875,0.0025153530295938,68874.9609375,744640.6875,0.0025153530295938,0.0214345455169677,0.0,0.0,100.0,1
56,56,262.44561767578125,862.9226684570312,0.0025148908607661,68877.703125,744635.5625,0.0025148908607661,0.0214272513985633,0.0,0.0,100.0,1
57,57,262.45037841796875,862.91748046875,0.0025144203100353,68880.203125,744626.5625,0.0025144203100353,0.0214205607771873,0.0,0.0,100.0,1
58,58,262.4546813964844,862.9100341796875,0.0025139411445707,68882.4609375,744613.75,0.0025139411445707,0.021414503455162,0.0,0.0,100.0,1
59,59,262.4584350585937,862.900390625,0.0025134524330496,68884.4296875,744597.0625,0.0025134524330496,0.0214090533554554,0.0,0.0,100.0,1
60,60,262.4616394042969,862.888427734375,0.0025129534769803,68886.109375,744576.4375,0.0025129534769803,0.0214041583240032,0.0,0.0,100.0,1
61,61,262.4642639160156,862.8740844726562,0.0025124438107013,68887.4921875,744551.6875,0.0025124438107013,0.0213998332619667,0.0,0.0,100.0,1
62,62,262.4661865234375,862.8572998046875,0.0025119222700595,68888.5,744522.75,0.0025119222700595,0.0213961899280548,0.0,0.0,100.0,1
63,63,262.4674377441406,862.8379516601562,0.0025113879237324,68889.15625,744489.3125,0.0025113879237324,0.0213932711631059,0.0,0.0,100.0,1
64,64,262.4678955078125,862.8158569335938,0.0025108403060585,68889.3984375,744451.1875,0.0025108403060585,0.0213909409940242,0.0,0.0,100.0,1
65,65,262.4674987792969,862.7908935546875,0.0025102794170379,68889.1875,744408.125,0.0025102794170379,0.0213891752064228,0.0,0.0,100.0,1
66,66,262.4661560058594,862.762939453125,0.0025097036268562,68888.484375,744359.875,0.0025097036268562,0.0213879980146884,0.0,0.0,100.0,1
67,67,262.4638366699219,862.7318115234375,0.0025091131683439,68887.265625,744306.1875,0.0025091131683439,0.0213874131441116,0.0,0.0,100.0,1
68,68,262.4604187011719,862.6972045898438,0.0025085071101784,68885.46875,744246.4375,0.0025085071101784,0.0213874764740467,0.0,0.0,100.0,1
69,69,262.455810546875,862.658935546875,0.0025078849866986,68883.0546875,744180.4375,0.0025078849866986,0.0213882401585578,0.0,0.0,100.0,1
70,70,262.4499206542969,862.61669921875,0.002507246332243,68879.9609375,744107.5625,0.002507246332243,0.0213897936046123,0.0,0.0,100.0,1
71,71,262.442626953125,862.5703125,0.0025065906811505,68876.1328125,744027.5625,0.0025065906811505,0.0213924013078212,0.0,0.0,100.0,1
72,72,262.433837890625,862.5194091796875,0.0025059189647436,68871.515625,743939.75,0.0025059189647436,0.02139613032341,0.0,0.0,100.0,1
73,73,262.4234313964844,862.463623046875,0.0025052297860383,68866.0546875,743843.5,0.0025052297860383,0.021401647478342,0.0,0.0,100.0,1
74,74,262.4112548828125,862.402587890625,0.0025045236106961,68859.6640625,743738.25,0.0025045236106961,0.0214079096913337,0.0,0.0,100.0,1
75,75,262.3971862792969,862.3359985351562,0.0025038002058863,68852.28125,743623.375,0.0025038002058863,0.0214149598032236,0.0,0.0,100.0,1
76,76,262.3811340332031,862.2633666992188,0.0025030600372701,68843.859375,743498.125,0.0025030600372701,0.0214228928089141,0.0,0.0,100.0,1
77,77,262.3629150390625,862.1842651367188,0.0025023035705089,68834.296875,743361.6875,0.0025023035705089,0.0214317888021469,0.0,0.0,100.0,1
78,78,262.3424072265625,862.0982055664062,0.002501530572772,68823.5390625,743213.3125,0.002501530572772,0.021441526710987,0.0,0.0,100.0,1
79,79,262.3194580078125,862.0046997070312,0.0025007419753819,68811.5,743052.125,0.0025007419753819,0.0214519724249839,0.0,0.0,100.0,1
80,80,262.2939147949219,861.9032592773438,0.0024999387096613,68798.1015625,742877.25,0.0024999387096613,0.0214629843831062,0.0,0.0,100.0,1
81,81,262.265625,861.7933959960938,0.0024991212412714,68783.2578125,742687.875,0.0024991212412714,0.0214744806289672,0.0,0.0,100.0,1
82,82,262.2344665527344,861.674560546875,0.0024982914328575,68766.9140625,742483.0625,0.0024982914328575,0.0214864592999219,0.0,0.0,100.0,1
83,83,262.2002258300781,861.546142578125,0.00249744951725,68748.9609375,742261.75,0.00249744951725,0.0214989110827446,0.0,0.0,100.0,1
84,84,262.1628112792969,861.40771484375,0.0024965978227555,68729.3359375,742023.25,0.0024965978227555,0.0215116962790489,0.0,0.0,100.0,1
85,85,262.1220397949219,861.2586669921875,0.0024957372806966,68707.9609375,741766.5,0.0024957372806966,0.0215247496962547,0.0,0.0,100.0,1
86,86,262.0777587890625,861.0986328125,0.0024948695208877,68684.75,741490.875,0.0024948695208877,0.0215379688888788,0.0,0.0,100.0,1
87,87,262.0298156738281,860.9271240234375,0.0024939966388046,68659.625,741195.5,0.0024939966388046,0.0215512439608573,0.0,0.0,100.0,1
88,88,261.97808837890625,860.7437133789062,0.0024931197986006,68632.515625,740879.75,0.0024931197986006,0.021564457565546,0.0,0.0,100.0,1
89,89,261.92242431640625,860.5481567382812,0.0024922415614128,68603.359375,740543.125,0.0024922415614128,0.0215775091201066,0.0,0.0,100.0,1
90,90,261.8626708984375,860.3402099609375,0.0024913633242249,68572.0546875,740185.25,0.0024913633242249,0.0215903110802173,0.0,0.0,100.0,1
91,91,261.7987365722656,860.1196899414062,0.0024904878810048,68538.578125,739805.875,0.0024904878810048,0.021602751687169,0.0,0.0,100.0,1
92,92,261.73046875,859.8865966796875,0.0024896163959056,68502.8359375,739404.9375,0.0024896163959056,0.0216147676110267,0.0,0.0,100.0,1
93,93,261.65777587890625,859.6410522460938,0.0024887511972337,68464.7890625,738982.75,0.0024887511972337,0.021626278758049,0.0,0.0,100.0,1
94,94,261.58056640625,859.38330078125,0.0024878936819732,68424.390625,738539.6875,0.0024878936819732,0.0216372292488813,0.0,0.0,100.0,1
95,95,261.4987487792969,859.1136474609375,0.0024870459455996,68381.59375,738076.25,0.0024870459455996,0.0216475892812013,0.0,0.0,100.0,1
96,96,261.4122314453125,858.8326416015625,0.0024862091522663,68336.3515625,737593.5,0.0024862091522663,0.0216572917997837,0.0,0.0,100.0,1
97,97,261.3210144042969,858.5408935546875,0.0024853853974491,68288.671875,737092.4375,0.0024853853974491,0.0216662771999835,0.0,0.0,100.0,1
98,98,261.2250366210937,858.2391357421875,0.0024845751468092,68238.5234375,736574.4375,0.0024845751468092,0.0216745119541883,0.0,0.0,100.0,1
99,99,261.12432861328125,857.9282836914062,0.0024837797973304,68185.9140625,736040.9375,0.0024837797973304,0.0216820277273654,0.0,0.0,100.0,1
100,100,261.0189208984375,857.6091918945312,0.0024830005131661,68130.875,735493.5,0.0024830005131661,0.0216888114809989,0.0,0.0,100.0,1
101,101,260.90887451171875,857.2828979492188,0.0024822375271469,68073.4375,734933.9375,0.0024822375271469,0.021694853901863,0.0,0.0,100.0,1
102,102,260.7943725585937,856.9503784179688,0.0024814910721033,68013.703125,734363.9375,0.0024814910721033,0.021700220182538,0.0,0.0,100.0,1
103,103,260.6755065917969,856.612548828125,0.0024807613808661,67951.71875,733785.0625,0.0024807613808661,0.0217048842459917,0.0,0.0,100.0,1
104,104,260.5525207519531,856.2703247070312,0.0024800486862659,67887.6171875,733198.875,0.0024800486862659,0.0217089150100946,0.0,0.0,100.0,1
105,105,260.4257202148437,855.9244995117188,0.0024793522898107,67821.5546875,732606.75,0.0024793522898107,0.021712277084589,0.0,0.0,100.0,1
106,106,260.2953491210937,855.57568359375,0.0024786721915006,67753.671875,732009.75,0.0024786721915006,0.0217148754745721,0.0,0.0,100.0,1
107,107,260.1617736816406,855.2244262695312,0.0024780081585049,67684.1484375,731408.8125,0.0024780081585049,0.0217166654765605,0.0,0.0,100.0,1
108,108,260.025390625,854.87109375,0.002477359957993,67613.203125,730804.5625,0.002477359957993,0.021717619150877,0.0,0.0,100.0,1
109,109,259.8866271972656,854.5159301757812,0.0024767271243035,67541.0625,730197.5,0.0024767271243035,0.0217177495360374,0.0,0.0,100.0,1
110,110,259.7458801269531,854.1588745117188,0.0024761094246059,67467.921875,729587.375,0.0024761094246059,0.0217170901596546,0.0,0.0,100.0,1
111,111,259.6036071777344,853.7999267578125,0.0024755063932389,67394.03125,728974.3125,0.0024755063932389,0.0217157546430826,0.0,0.0,100.0,1
112,112,259.4602966308594,853.43896484375,0.0024749180302023,67319.6484375,728358.0625,0.0024749180302023,0.021713862195611,0.0,0.0,100.0,1
113,113,259.3163146972656,853.0759887695312,0.0024743434041738,67244.953125,727738.625,0.0024743434041738,0.0217113699764013,0.0,0.0,100.0,1
114,114,259.1720275878906,852.7109375,0.0024737832136452,67170.140625,727115.9375,0.0024737832136452,0.021708196029067,0.0,0.0,100.0,1
115,115,259.0278015136719,852.34375,0.0024732360616326,67095.3984375,726489.875,0.0024732360616326,0.0217044167220592,0.0,0.0,100.0,1
116,116,258.8838806152344,851.9745483398438,0.0024727024137973,67020.8671875,725860.625,0.0024727024137973,0.0217001289129257,0.0,0.0,100.0,1
117,117,258.7405090332031,851.6033935546875,0.0024721808731555,66946.6484375,725228.3125,0.0024721808731555,0.0216952953487634,0.0,0.0,100.0,1
118,118,258.59783935546875,851.2306518554688,0.0024716716725379,66872.84375,724593.625,0.0024716716725379,0.0216904953122138,0.0,0.0,100.0,1
119,119,258.4559936523437,850.8565673828125,0.0024711741134524,66799.5,723956.875,0.0024711741134524,0.0216853003948926,0.0,0.0,100.0,1
120,120,258.3149719238281,850.4815673828125,0.0024706877302378,66726.625,723318.875,0.0024706877302378,0.0216796919703483,0.0,0.0,100.0,1
121,121,258.1748046875,850.1060791015625,0.0024702111259102,66654.2265625,722680.375,0.0024702111259102,0.0216737277805805,0.0,0.0,100.0,1
122,122,258.0354919433594,849.7305908203125,0.0024697436019778,66582.3125,722042.0625,0.0024697436019778,0.0216674786061048,0.0,0.0,100.0,1
123,123,257.8968811035156,849.3557739257812,0.0024692846927791,66510.8046875,721405.25,0.0024692846927791,0.0216610170900821,0.0,0.0,100.0,1
124,124,257.75897216796875,848.9821166992188,0.0024688327684998,66439.6875,720770.625,0.0024688327684998,0.0216544233262538,0.0,0.0,100.0,1
125,125,257.6216125488281,848.6101684570312,0.0024683866649866,66368.8984375,720139.1875,0.0024683866649866,0.0216477531939744,0.0,0.0,100.0,1
126,126,257.4848022460937,848.2406616210938,0.0024679452180862,66298.421875,719512.25,0.0024679452180862,0.0216410607099533,0.0,0.0,100.0,1
127,127,257.3484191894531,847.8742065429688,0.0024675077293068,66228.2109375,718890.6875,0.0024675077293068,0.0216343943029642,0.0,0.0,100.0,1
128,128,257.21246337890625,847.5113525390625,0.0024670723360031,66158.25,718275.5,0.0024670723360031,0.0216278098523616,0.0,0.0,100.0,1
129,129,257.0768737792969,847.1527099609375,0.0024666381068527,66088.515625,717667.6875,0.0024666381068527,0.0216213427484035,0.0,0.0,100.0,1
130,130,256.94171142578125,846.7989501953125,0.0024662045761942,66019.046875,717068.4375,0.0024662045761942,0.0216149911284446,0.0,0.0,100.0,1
131,131,256.8069763183594,846.4506225585938,0.0024657691828906,65949.8203125,716478.6875,0.0024657691828906,0.0216087829321622,0.0,0.0,100.0,1
132,132,256.6727600097656,846.1083984375,0.0024653323926031,65880.90625,715899.4375,0.0024653323926031,0.0216029286384582,0.0,0.0,100.0,1
133,133,256.5391540527344,845.7727661132812,0.002464892109856,65812.3359375,715331.5625,0.002464892109856,0.0215971730649471,0.0,0.0,100.0,1
134,134,256.4062805175781,845.4443969726562,0.0024644471704959,65744.1796875,714776.25,0.0024644471704959,0.0215914975851774,0.0,0.0,100.0,1
135,135,256.2742919921875,845.1239624023438,0.0024639968760311,65676.515625,714234.5,0.0024639968760311,0.0215858798474073,0.0,0.0,100.0,1
136,136,256.143310546875,844.8119506835938,0.002463539596647,65609.3984375,713707.25,0.002463539596647,0.0215803161263465,0.0,0.0,100.0,1
137,137,256.0135192871094,844.509033203125,0.0024630739353597,65542.921875,713195.5,0.0024630739353597,0.0215748287737369,0.0,0.0,100.0,1
138,138,255.8850555419922,844.2156372070312,0.0024625991936773,65477.16015625,712700.0625,0.0024625991936773,0.0215695090591907,0.0,0.0,100.0,1
139,139,255.7581024169922,843.9322509765625,0.0024621142074465,65412.20703125,712221.625,0.0024621142074465,0.0215645115822553,0.0,0.0,100.0,1
140,140,255.63278198242188,843.6593017578125,0.0024616168811917,65348.12109375,711761.0,0.0024616168811917,0.0215596072375774,0.0,0.0,100.0,1
141,141,255.5092620849609,843.39697265625,0.0024611058179289,65284.984375,711318.4375,0.0024611058179289,0.0215547531843185,0.0,0.0,100.0,1
142,142,255.3876800537109,843.1456298828125,0.0024605805519968,65222.8671875,710894.5625,0.0024605805519968,0.0215500127524137,0.0,0.0,100.0,1
143,143,255.2681427001953,842.9052734375,0.0024600385222584,65161.82421875,710489.3125,0.0024600385222584,0.0215453840792179,0.0,0.0,100.0,1
144,144,255.1507873535156,842.676025390625,0.0024594785645604,65101.92578125,710102.875,0.0024594785645604,0.0215408690273761,0.0,0.0,100.0,1
145,145,255.0356903076172,842.457763671875,0.0024588990490883,65043.203125,709735.0625,0.0024588990490883,0.0215364694595336,0.0,0.0,100.0,1
146,146,254.92295837402344,842.2503051757812,0.0024582983460277,64985.71484375,709385.5625,0.0024582983460277,0.0215321835130453,0.0,0.0,100.0,1
147,147,254.8126373291016,842.0532836914062,0.002457674127072,64929.48046875,709053.75,0.002457674127072,0.0215280167758464,0.0,0.0,100.0,1
148,148,254.70481872558597,841.8663940429688,0.0024570245295763,64874.54296875,708739.0,0.0024570245295763,0.021523967385292,0.0,0.0,100.0,1
149,149,254.5995330810547,841.68896484375,0.0024563476908951,64820.921875,708440.3125,0.0024563476908951,0.0215200390666723,0.0,0.0,100.0,1
150,150,254.49679565429688,841.5204467773438,0.0024556410498917,64768.6171875,708156.6875,0.0024556410498917,0.0215162336826324,0.0,0.0,100.0,1
151,151,254.3966522216797,841.3602294921875,0.0024549027439206,64717.65625,707887.0625,0.0024549027439206,0.0215125437825918,0.0,0.0,100.0,1
152,152,254.29910278320312,841.2073974609375,0.0024541297461837,64668.03515625,707629.875,0.0024541297461837,0.021508976817131,0.0,0.0,100.0,1
153,153,254.20413208007807,841.0612182617188,0.0024533194955438,64619.7421875,707384.0,0.0024533194955438,0.0215055309236049,0.0,0.0,100.0,1
154,154,254.1116943359375,840.9208374023438,0.0024524691980332,64572.75390625,707147.875,0.0024524691980332,0.0215022042393684,0.0,0.0,100.0,1
155,155,254.02178955078125,840.7854614257812,0.0024515762925148,64527.0703125,706920.1875,0.0024515762925148,0.0214990060776472,0.0,0.0,100.0,1
156,156,253.9343414306641,840.6539916992188,0.0024506361223757,64482.6484375,706699.125,0.0024506361223757,0.0214960053563117,0.0,0.0,100.0,1
157,157,253.84927368164065,840.5255737304688,0.0024496456608176,64439.453125,706483.25,0.0024496456608176,0.0214932039380073,0.0,0.0,100.0,1
158,158,253.76649475097656,840.3991088867188,0.0024486011825501,64397.43359375,706270.6875,0.0024486011825501,0.0214905515313148,0.0,0.0,100.0,1
159,159,253.6858673095703,840.2735595703125,0.0024474980309605,64356.51953125,706059.625,0.0024474980309605,0.0214880555868148,0.0,0.0,100.0,1
160,160,253.6072998046875,840.1478271484375,0.0024463317822664,64316.6640625,705848.375,0.0024463317822664,0.0214857123792171,0.0,0.0,100.0,1
161,161,253.5306701660156,840.020751953125,0.0024450977798551,64277.80078125,705634.875,0.0024450977798551,0.0214835349470376,0.0,0.0,100.0,1
162,162,253.45587158203125,839.8912353515625,0.0024437906686216,64239.87890625,705417.3125,0.0024437906686216,0.0214815400540828,0.0,0.0,100.0,1
163,163,253.3827667236328,839.7581176757812,0.0024424048606306,64202.828125,705193.6875,0.0024424048606306,0.0214797500520944,0.0,0.0,100.0,1
164,164,253.31126403808597,839.6202392578125,0.0024409340694546,64166.59765625,704962.125,0.0024409340694546,0.0214781742542982,0.0,0.0,100.0,1
165,165,253.2412872314453,839.4763793945312,0.002439372241497,64131.1484375,704720.5625,0.002439372241497,0.0214768163859844,0.0,0.0,100.0,1
166,166,253.17274475097656,839.325439453125,0.0024377119261771,64096.4375,704467.1875,0.0024377119261771,0.0214756727218627,0.0,0.0,100.0,1
167,167,253.1055450439453,839.166015625,0.0024359461385756,64062.41796875,704199.625,0.0024359461385756,0.021474752575159,0.0,0.0,100.0,1
168,168,253.03965759277344,838.9967651367188,0.0024340655654668,64029.06640625,703915.5625,0.0024340655654668,0.0214740447700023,0.0,0.0,100.0,1
169,169,252.9750213623047,838.8165893554688,0.0024320613592863,63996.36328125,703613.25,0.0024320613592863,0.0214735455811023,0.0,0.0,100.0,1
170,170,252.9116058349609,838.6240844726562,0.0024299235083162,63964.28125,703290.375,0.0024299235083162,0.0214732438325881,0.0,0.0,100.0,1
171,171,252.84942626953125,838.4181518554688,0.0024276406038552,63932.83203125,702945.0,0.0024276406038552,0.0214731357991695,0.0,0.0,100.0,1
172,172,252.78842163085935,838.1972045898438,0.0024252017028629,63901.984375,702574.5625,0.0024252017028629,0.0214732363820076,0.0,0.0,100.0,1
173,173,252.72857666015625,837.9595947265625,0.0024225946981459,63871.734375,702176.3125,0.0024225946981459,0.021473579108715,0.0,0.0,100.0,1
174,174,252.66981506347656,837.703369140625,0.0024198074825108,63842.03515625,701746.9375,0.0024198074825108,0.0214743688702583,0.0,0.0,100.0,1
175,175,252.612060546875,837.4260864257812,0.0024168263189494,63812.8515625,701282.4375,0.0024168263189494,0.021475413814187,0.0,0.0,100.0,1
176,176,252.5552520751953,837.1254272460938,0.0024136360734701,63784.15625,700779.0,0.0024136360734701,0.0214766878634691,0.0,0.0,100.0,1
177,177,252.49925231933597,836.7984008789062,0.0024102218449115,63755.87109375,700231.5625,0.0024102218449115,0.0214781947433948,0.0,0.0,100.0,1
178,178,252.4439697265625,836.44189453125,0.0024065675679594,63727.95703125,699635.0625,0.0024065675679594,0.0214799549430608,0.0,0.0,100.0,1
179,179,252.3892822265625,836.0523681640625,0.0024026562459766,63700.3515625,698983.5625,0.0024026562459766,0.0214822255074977,0.0,0.0,100.0,1
180,180,252.33502197265625,835.6258544921875,0.002398476935923,63672.96484375,698270.5625,0.002398476935923,0.0214849729090929,0.0,0.0,100.0,1
181,181,252.28103637695312,835.1575317382812,0.0023940098471939,63645.72265625,697488.125,0.0023940098471939,0.0214880611747503,0.0,0.0,100.0,1
182,182,252.22726440429688,834.6431884765625,0.0023892330937087,63618.59375,696629.25,0.0023892330937087,0.0214914921671152,0.0,0.0,100.0,1
183,183,252.17364501953125,834.078125,0.0023841271176934,63591.546875,695686.3125,0.0023841271176934,0.0214952360838651,0.0,0.0,100.0,1
184,184,252.1201019287109,833.4569702148438,0.0023786725942045,63564.546875,694650.5,0.0023786725942045,0.0214993059635162,0.0,0.0,100.0,1
185,185,252.0665435791016,832.774169921875,0.0023728488013148,63537.54296875,693512.8125,0.0023728488013148,0.0215037278831005,0.0,0.0,100.0,1
186,186,252.01292419433597,832.0234375,0.0023666380438953,63510.515625,692263.0,0.0023666380438953,0.0215087532997131,0.0,0.0,100.0,1
187,187,251.9591522216797,831.1978759765625,0.0023600202985107,63483.4140625,690889.9375,0.0023600202985107,0.0215146839618682,0.0,0.0,100.0,1
188,188,251.90530395507807,830.2907104492188,0.0023529783356934,63456.28125,689382.6875,0.0023529783356934,0.0215214975178241,0.0,0.0,100.0,1
189,189,251.85140991210935,829.2945556640625,0.0023454995825886,63429.1328125,687729.4375,0.0023454995825886,0.0215294957160949,0.0,0.0,100.0,1
190,190,251.79754638671875,828.2014770507812,0.0023375772871077,63402.00390625,685917.6875,0.0023375772871077,0.0215395968407392,0.0,0.0,100.0,1
191,191,251.7437744140625,827.0032348632812,0.002329206559807,63374.9296875,683934.375,0.002329206559807,0.0215515792369842,0.0,0.0,100.0,1
192,192,251.6902313232422,825.6917114257812,0.0023203906603157,63347.97265625,681766.8125,0.0023203906603157,0.0215653404593467,0.0,0.0,100.0,1
193,193,251.6370849609375,824.2593383789062,0.0023111421614885,63321.22265625,679403.4375,0.0023111421614885,0.0215806625783443,0.0,0.0,100.0,1
194,194,251.58444213867188,822.6976928710938,0.0023014852777123,63294.73046875,676831.5,0.0023014852777123,0.021598195657134,0.0,0.0,100.0,1
195,195,251.532470703125,820.999755859375,0.0022914526052773,63268.58203125,674040.625,0.0022914526052773,0.0216181669384241,0.0,0.0,100.0,1
196,196,251.4816436767578,819.1611328125,0.002281095366925,63243.015625,671024.9375,0.002281095366925,0.0216402299702167,0.0,0.0,100.0,1
197,197,251.43264770507807,817.1818237304688,0.0022704864386469,63218.375,667786.125,0.0022704864386469,0.0216635093092918,0.0,0.0,100.0,1
198,198,251.38641357421875,815.0697631835938,0.0022597159259021,63195.12890625,664338.75,0.0022597159259021,0.0216870252043008,0.0,0.0,100.0,1
199,199,251.34445190429688,812.845703125,0.0022488872054964,63174.03515625,660718.125,0.0022488872054964,0.0217099599540233,0.0,0.0,100.0,1
0,0,312.2048034667969,837.9110107421875,0.0033565510530024,97471.8359375,702094.875,0.0033565510530024,0.0415345765650272,0.0,0.0,100.0,2
1,1,307.51666259765625,840.7787475585938,0.0032574017532169,94566.5,706908.875,0.0032574017532169,0.0400405973196029,0.0,0.0,100.0,2
2,2,303.2813720703125,843.402587890625,0.0031699007377028,91979.59375,711327.9375,0.0031699007377028,0.0386464819312095,0.0,0.0,100.0,2
3,3,299.4642944335937,845.7799682617188,0.0030929646454751,89678.8671875,715343.75,0.0030929646454751,0.0373497605323791,0.0,0.0,100.0,2
4,4,296.0392761230469,847.9237060546875,0.0030255385208874,87639.25,718974.625,0.0030255385208874,0.0361466705799102,0.0,0.0,100.0,2
5,5,292.9560546875,849.89697265625,0.0029665944166481,85823.25,722324.875,0.0029665944166481,0.0350536406040191,0.0,0.0,100.0,2
6,6,290.16552734375,851.7645263671875,0.0029151672497391,84196.03125,725502.8125,0.0029151672497391,0.034069500863552,0.0,0.0,100.0,2
7,7,287.6292724609375,853.5673217773438,0.0028703454881906,82730.6015625,728577.1875,0.0028703454881906,0.0331990718841552,0.0,0.0,100.0,2
8,8,285.317138671875,855.32275390625,0.0028312923386693,81405.8671875,731577.0,0.0028312923386693,0.0324174538254737,0.0,0.0,100.0,2
9,9,283.2059020996094,857.0302124023438,0.0027972508687525,80205.5859375,734500.8125,0.0027972508687525,0.0317334458231925,0.0,0.0,100.0,2
10,10,281.2772827148437,858.6759033203125,0.0027675440069288,79116.90625,737324.3125,0.0027675440069288,0.0311191193759441,0.0,0.0,100.0,2
11,11,279.5166320800781,860.2395629882812,0.0027415766380727,78129.546875,740012.125,0.0027415766380727,0.0305618904531002,0.0,0.0,100.0,2
12,12,277.9112243652344,861.7009887695312,0.0027188248932361,77234.6484375,742528.625,0.0027188248932361,0.0300419870764017,0.0,0.0,100.0,2
13,13,276.4496154785156,863.0443725585938,0.0026988375466316,76424.390625,744845.5625,0.0026988375466316,0.0295575093477964,0.0,0.0,100.0,2
14,14,275.1210327148437,864.2599487304688,0.0026812253054231,75691.5859375,746945.25,0.0026812253054231,0.0291056931018829,0.0,0.0,100.0,2
15,15,273.9148864746094,865.3446044921875,0.0026656554546207,75029.3671875,748821.3125,0.0026656554546207,0.0286881607025861,0.0,0.0,100.0,2
16,16,272.821044921875,866.2999267578125,0.0026518427766859,74431.3203125,750475.5625,0.0026518427766859,0.0283024422824382,0.0,0.0,100.0,2
17,17,271.8297119140625,867.1312255859375,0.0026395469903945,73891.390625,751916.5625,0.0026395469903945,0.0279393009841442,0.0,0.0,100.0,2
18,18,270.93170166015625,867.84619140625,0.0026285634376108,73403.984375,753157.0,0.0026285634376108,0.0275969766080379,0.0,0.0,100.0,2
19,19,270.1182861328125,868.4539794921875,0.002618720754981,72963.890625,754212.3125,0.002618720754981,0.0272742733359336,0.0,0.0,100.0,2
20,20,269.3813781738281,868.9641723632812,0.0026098727248609,72566.328125,755098.75,0.0026098727248609,0.0269696824252605,0.0,0.0,100.0,2
21,21,268.7135925292969,869.3866577148438,0.0026018966455012,72206.9921875,755833.1875,0.0026018966455012,0.0266818031668663,0.0,0.0,100.0,2
22,22,268.108154296875,869.7310791015625,0.0025946882087737,71881.984375,756432.125,0.0025946882087737,0.0264099836349487,0.0,0.0,100.0,2
23,23,267.5589904785156,870.0064697265625,0.0025881575420498,71587.8125,756911.25,0.0025881575420498,0.0261535197496414,0.0,0.0,100.0,2
24,24,267.06060791015625,870.2213134765625,0.0025822282768785,71321.3671875,757285.125,0.0025822282768785,0.0259119998663663,0.0,0.0,100.0,2
25,25,266.6081848144531,870.3833618164062,0.0025768340565264,71079.921875,757567.1875,0.0025768340565264,0.0256853830069303,0.0,0.0,100.0,2
26,26,266.1972961425781,870.4996337890625,0.0025719171389937,70861.0,757769.625,0.0025719171389937,0.0254729203879833,0.0,0.0,100.0,2
27,27,265.8241577148437,870.576416015625,0.0025674263015389,70662.484375,757903.3125,0.0025674263015389,0.0252744555473327,0.0,0.0,100.0,2
28,28,265.4852600097656,870.619140625,0.0025633161421865,70482.421875,757977.6875,0.0025633161421865,0.0250895544886589,0.0,0.0,100.0,2
29,29,265.1776733398437,870.6327514648438,0.002559547079727,70319.1953125,758001.375,0.002559547079727,0.0249181818217039,0.0,0.0,100.0,2
30,30,264.8986511230469,870.6213989257812,0.0025560823269188,70171.296875,757981.625,0.0025560823269188,0.0247625261545181,0.0,0.0,100.0,2
31,31,264.6457824707031,870.5886840820312,0.0025528902187943,70037.390625,757924.6875,0.0025528902187943,0.0246187392622232,0.0,0.0,100.0,2
32,32,264.4169616699219,870.5377197265625,0.0025499414186924,69916.328125,757835.9375,0.0025499414186924,0.0244856346398592,0.0,0.0,100.0,2
33,33,264.21026611328125,870.4711303710938,0.0025472089182585,69807.0625,757720.0,0.0025472089182585,0.0243625212460756,0.0,0.0,100.0,2
34,34,264.0238647460937,870.39111328125,0.0025446699000895,69708.6015625,757580.6875,0.0025446699000895,0.0242486335337162,0.0,0.0,100.0,2
35,35,263.85614013671875,870.299560546875,0.0025423029437661,69620.0625,757421.3125,0.0025423029437661,0.0241427309811115,0.0,0.0,100.0,2
36,36,263.7055969238281,870.1981201171875,0.0025400891900062,69540.640625,757244.75,0.0025400891900062,0.0240438897162675,0.0,0.0,100.0,2
37,37,263.5707702636719,870.0880737304688,0.0025380118750035,69469.5546875,757053.25,0.0025380118750035,0.0239515118300914,0.0,0.0,100.0,2
38,38,263.4503173828125,869.9706420898438,0.0025360567960888,69406.0703125,756848.9375,0.0025360567960888,0.0238650627434253,0.0,0.0,100.0,2
39,39,263.3429870605469,869.8468017578125,0.0025342097505927,69349.53125,756633.4375,0.0025342097505927,0.0237842854112386,0.0,0.0,100.0,2
40,40,263.2474975585937,869.717529296875,0.0025324600283056,69299.2421875,756408.5625,0.0025324600283056,0.0237086508423089,0.0,0.0,100.0,2
41,41,263.1626892089844,869.5836181640625,0.0025307971518486,69254.6015625,756175.6875,0.0025307971518486,0.0236376095563173,0.0,0.0,100.0,2
42,42,263.0874938964844,869.44580078125,0.0025292127393186,69215.03125,755936.0,0.0025292127393186,0.0235707648098468,0.0,0.0,100.0,2
43,43,263.0208435058594,869.3048095703125,0.0025276984088122,69179.9609375,755690.875,0.0025276984088122,0.0235077999532222,0.0,0.0,100.0,2
44,44,262.96173095703125,869.1613159179688,0.0025262485723942,69148.875,755441.375,0.0025262485723942,0.0234484001994133,0.0,0.0,100.0,2
45,45,262.90924072265625,869.0159301757812,0.0025248567108064,69121.265625,755188.6875,0.0025248567108064,0.0233923029154539,0.0,0.0,100.0,2
46,46,262.86248779296875,868.8692626953125,0.0025235184002667,69096.6875,754933.8125,0.0025235184002667,0.0233393162488937,0.0,0.0,100.0,2
47,47,262.8206787109375,868.7218627929688,0.0025222287513315,69074.7109375,754677.6875,0.0025222287513315,0.0232892241328954,0.0,0.0,100.0,2
48,48,262.7831115722656,868.5743408203125,0.0025209842715412,69054.9609375,754421.375,0.0025209842715412,0.0232417378574609,0.0,0.0,100.0,2
49,49,262.7490539550781,868.42724609375,0.0025197803042829,69037.0625,754165.875,0.0025197803042829,0.0231966990977525,0.0,0.0,100.0,2
50,50,262.7179870605469,868.2808837890625,0.002518615219742,69020.7421875,753911.6875,0.002518615219742,0.023153893649578,0.0,0.0,100.0,2
51,51,262.6893310546875,868.1358642578125,0.0025174850597977,69005.6875,753659.875,0.0025174850597977,0.0231130868196487,0.0,0.0,100.0,2
52,52,262.6626281738281,867.9924926757812,0.0025163872633129,68991.65625,753410.9375,0.0025163872633129,0.0230741407722234,0.0,0.0,100.0,2
53,53,262.6374816894531,867.85107421875,0.0025153204333037,68978.4453125,753165.5,0.0025153204333037,0.0230369754135608,0.0,0.0,100.0,2
54,54,262.6135559082031,867.7118530273438,0.0025142815429717,68965.8828125,752923.875,0.0025142815429717,0.0230014100670814,0.0,0.0,100.0,2
55,55,262.5905456542969,867.5750732421875,0.0025132694281637,68953.796875,752686.5,0.0025132694281637,0.022967305034399,0.0,0.0,100.0,2
56,56,262.5682373046875,867.44091796875,0.0025122812949121,68942.078125,752453.75,0.0025122812949121,0.0229345671832561,0.0,0.0,100.0,2
57,57,262.5464172363281,867.3093872070312,0.002511316910386,68930.625,752225.5625,0.002511316910386,0.0229031108319759,0.0,0.0,100.0,2
58,58,262.5249328613281,867.180419921875,0.0025103739462792,68919.34375,752001.875,0.0025103739462792,0.0228728242218494,0.0,0.0,100.0,2
59,59,262.5036926269531,867.0540771484375,0.0025094514712691,68908.1875,751782.75,0.0025094514712691,0.0228436104953289,0.0,0.0,100.0,2
60,60,262.4825744628906,866.93017578125,0.0025085480883717,68897.1015625,751567.9375,0.0025085480883717,0.0228157043457031,0.0,0.0,100.0,2
61,61,262.4615173339844,866.8085327148438,0.0025076635647565,68886.046875,751357.0625,0.0025076635647565,0.0227898396551609,0.0,0.0,100.0,2
62,62,262.44049072265625,866.6890258789062,0.0025067965034395,68875.0078125,751149.875,0.0025067965034395,0.0227652937173843,0.0,0.0,100.0,2
63,63,262.4194641113281,866.5712280273438,0.0025059459730982,68863.9765625,750945.6875,0.0025059459730982,0.0227417349815368,0.0,0.0,100.0,2
64,64,262.3984069824219,866.455078125,0.0025051112752407,68852.921875,750744.375,0.0025051112752407,0.0227192528545856,0.0,0.0,100.0,2
65,65,262.3772888183594,866.340087890625,0.0025042919442057,68841.84375,750545.125,0.0025042919442057,0.0226977542042732,0.0,0.0,100.0,2
66,66,262.3561096191406,866.22607421875,0.0025034872815012,68830.7265625,750347.625,0.0025034872815012,0.0226779319345951,0.0,0.0,100.0,2
67,67,262.3348693847656,866.1127319335938,0.0025026965886354,68819.5859375,750151.25,0.0025026965886354,0.0226591993123292,0.0,0.0,100.0,2
68,68,262.31353759765625,865.9996948242188,0.0025019198656082,68808.390625,749955.5,0.0025019198656082,0.0226412359625101,0.0,0.0,100.0,2
69,69,262.2921142578125,865.88671875,0.0025011564139276,68797.15625,749759.8125,0.0025011564139276,0.0226240269839763,0.0,0.0,100.0,2
70,70,262.27056884765625,865.7735595703125,0.0025004055351018,68785.8515625,749563.875,0.0025004055351018,0.0226074606180191,0.0,0.0,100.0,2
71,71,262.2489013671875,865.659912109375,0.0024996672291308,68774.484375,749367.0625,0.0024996672291308,0.0225915294140577,0.0,0.0,100.0,2
72,72,262.22705078125,865.545654296875,0.0024989410303533,68763.0234375,749169.25,0.0024989410303533,0.0225761234760284,0.0,0.0,100.0,2
73,73,262.2050170898437,865.4305419921875,0.0024982264731079,68751.46875,748970.0,0.0024982264731079,0.0225612036883831,0.0,0.0,100.0,2
74,74,262.1827697753906,865.3145141601562,0.0024975237902253,68739.8046875,748769.1875,0.0024975237902253,0.0225467234849929,0.0,0.0,100.0,2
75,75,262.1602478027344,865.1973876953125,0.0024968329817056,68727.9921875,748566.5,0.0024968329817056,0.0225326754152774,0.0,0.0,100.0,2
76,76,262.1374206542969,865.0791015625,0.0024961526505649,68716.0234375,748361.875,0.0024961526505649,0.022519014775753,0.0,0.0,100.0,2
77,77,262.1142578125,864.9595336914062,0.0024954839609563,68703.8828125,748155.0,0.0024954839609563,0.0225057322531938,0.0,0.0,100.0,2
78,78,262.0907287597656,864.8388061523438,0.0024948264472186,68691.546875,747946.1875,0.0024948264472186,0.0224928129464387,0.0,0.0,100.0,2
79,79,262.0668029785156,864.716796875,0.0024941803421825,68679.0078125,747735.125,0.0024941803421825,0.0224802754819393,0.0,0.0,100.0,2
80,80,262.0423889160156,864.593505859375,0.0024935444816946,68666.2109375,747521.9375,0.0024935444816946,0.022468339651823,0.0,0.0,100.0,2
81,81,262.0174865722656,864.468994140625,0.0024929200299084,68653.1640625,747306.625,0.0024929200299084,0.0224568080157041,0.0,0.0,100.0,2
82,82,261.9920959472656,864.34326171875,0.0024923062883317,68639.859375,747089.25,0.0024923062883317,0.0224455706775188,0.0,0.0,100.0,2
83,83,261.9661560058594,864.2163696289062,0.0024917032569646,68626.265625,746869.9375,0.0024917032569646,0.0224346108734607,0.0,0.0,100.0,2
84,84,261.93963623046875,864.0883178710938,0.0024911109358072,68612.375,746648.625,0.0024911109358072,0.0224238913506269,0.0,0.0,100.0,2
85,85,261.9125671386719,863.9591674804688,0.0024905297905206,68598.1953125,746425.4375,0.0024905297905206,0.0224134065210819,0.0,0.0,100.0,2
86,86,261.8848876953125,863.8289184570312,0.0024899588897824,68583.6953125,746200.375,0.0024899588897824,0.022403135895729,0.0,0.0,100.0,2
87,87,261.8566589355469,863.6975708007812,0.0024893989320844,68568.90625,745973.5,0.0024893989320844,0.0223930496722459,0.0,0.0,100.0,2
88,88,261.8278503417969,863.5651245117188,0.0024888492189347,68553.8203125,745744.75,0.0024888492189347,0.0223831534385681,0.0,0.0,100.0,2
89,89,261.7984619140625,863.431640625,0.002488309983164,68538.4375,745514.1875,0.002488309983164,0.0223734490573406,0.0,0.0,100.0,2
90,90,261.7685546875,863.2970581054688,0.002487780759111,68522.7734375,745281.8125,0.002487780759111,0.0223639216274023,0.0,0.0,100.0,2
91,91,261.73809814453125,863.161376953125,0.0024872617796063,68506.828125,745047.5625,0.0024872617796063,0.0223545804619789,0.0,0.0,100.0,2
92,92,261.7071533203125,863.0245361328125,0.0024867532774806,68490.6328125,744811.375,0.0024867532774806,0.0223454795777797,0.0,0.0,100.0,2
93,93,261.6757202148437,862.8865356445312,0.0024862543214112,68474.1796875,744573.1875,0.0024862543214112,0.0223365798592567,0.0,0.0,100.0,2
94,94,261.64385986328125,862.747314453125,0.0024857656098902,68457.5078125,744332.9375,0.0024857656098902,0.0223278440535068,0.0,0.0,100.0,2
95,95,261.611572265625,862.6068725585938,0.0024852859787642,68440.6171875,744090.625,0.0024852859787642,0.022319259122014,0.0,0.0,100.0,2
96,96,261.57891845703125,862.4651489257812,0.0024848161265254,68423.53125,743846.125,0.0024848161265254,0.0223108120262622,0.0,0.0,100.0,2
97,97,261.5458984375,862.3220825195312,0.0024843555875122,68406.2578125,743599.375,0.0024843555875122,0.0223024822771549,0.0,0.0,100.0,2
98,98,261.5125732421875,862.1776733398438,0.0024839048273861,68388.828125,743350.3125,0.0024839048273861,0.0222942642867565,0.0,0.0,100.0,2
99,99,261.4789428710937,862.0318603515625,0.0024834622163325,68371.234375,743098.9375,0.0024834622163325,0.0222861655056476,0.0,0.0,100.0,2
100,100,261.4450378417969,861.884765625,0.0024830289185047,68353.5078125,742845.375,0.0024830289185047,0.0222781673073768,0.0,0.0,100.0,2
101,101,261.4108581542969,861.7362670898438,0.0024826042354106,68335.640625,742589.375,0.0024826042354106,0.0222702324390411,0.0,0.0,100.0,2
102,102,261.37646484375,861.5864868164062,0.0024821881670504,68317.65625,742331.25,0.0024821881670504,0.0222623515874147,0.0,0.0,100.0,2
103,103,261.34185791015625,861.4354248046875,0.0024817802477627,68299.5703125,742071.0,0.0024817802477627,0.0222545135766267,0.0,0.0,100.0,2
104,104,261.3070373535156,861.283203125,0.002481380244717,68281.3671875,741808.75,0.002481380244717,0.0222467128187418,0.0,0.0,100.0,2
105,105,261.2720031738281,861.1299438476562,0.0024809883907437,68263.0625,741544.75,0.0024809883907437,0.022238940000534,0.0,0.0,100.0,2
106,106,261.2367858886719,860.9757080078125,0.0024806037545204,68244.65625,741279.1875,0.0024806037545204,0.0222311839461326,0.0,0.0,100.0,2
107,107,261.2013854980469,860.8206176757812,0.0024802265688776,68226.1640625,741012.125,0.0024802265688776,0.0222234297543764,0.0,0.0,100.0,2
108,108,261.1658020019531,860.6649169921875,0.0024798568338155,68207.578125,740744.125,0.0024798568338155,0.0222156718373298,0.0,0.0,100.0,2
109,109,261.1300354003906,860.5086669921875,0.0024794940836727,68188.8984375,740475.1875,0.0024794940836727,0.0222079027444124,0.0,0.0,100.0,2
110,110,261.0940856933594,860.3521728515625,0.0024791378527879,68170.125,740205.875,0.0024791378527879,0.0222001373767852,0.0,0.0,100.0,2
111,111,261.0579528808594,860.195556640625,0.0024787879083305,68151.2578125,739936.375,0.0024787879083305,0.0221923720091581,0.0,0.0,100.0,2
112,112,261.0216369628906,860.0390014648438,0.0024784447159618,68132.296875,739667.0625,0.0024784447159618,0.0221845973283052,0.0,0.0,100.0,2
113,113,260.98516845703125,859.8827514648438,0.0024781068786978,68113.2578125,739398.375,0.0024781068786978,0.0221768338233232,0.0,0.0,100.0,2
114,114,260.948486328125,859.7269897460938,0.0024777755606919,68094.109375,739130.5,0.0024777755606919,0.0221690777689218,0.0,0.0,100.0,2
115,115,260.9116516113281,859.5719604492188,0.0024774498306214,68074.890625,738863.9375,0.0024774498306214,0.0221613328903913,0.0,0.0,100.0,2
116,116,260.8746643066406,859.4177856445312,0.0024771292228251,68055.59375,738598.9375,0.0024771292228251,0.0221535898745059,0.0,0.0,100.0,2
117,117,260.8374938964844,859.2647094726562,0.0024768135044723,68036.1953125,738335.8125,0.0024768135044723,0.0221458543092012,0.0,0.0,100.0,2
118,118,260.8001708984375,859.11279296875,0.002476503374055,68016.7265625,738074.8125,0.002476503374055,0.0221381187438964,0.0,0.0,100.0,2
119,119,260.7626953125,858.9622802734375,0.0024761974345892,67997.1796875,737816.1875,0.0024761974345892,0.0221303813159465,0.0,0.0,100.0,2
120,120,260.7250671386719,858.813232421875,0.0024758961517363,67977.5625,737560.1875,0.0024758961517363,0.0221226476132869,0.0,0.0,100.0,2
121,121,260.6872863769531,858.665771484375,0.0024755992926657,67957.859375,737306.9375,0.0024755992926657,0.0221149176359176,0.0,0.0,100.0,2
122,122,260.6493835449219,858.5199584960938,0.002475306391716,67938.1015625,737056.5,0.002475306391716,0.0221072025597095,0.0,0.0,100.0,2
123,123,260.6113586425781,858.3758544921875,0.0024750176817178,67918.28125,736809.125,0.0024750176817178,0.0220995023846626,0.0,0.0,100.0,2
124,124,260.5732116699219,858.2335205078125,0.0024747324641793,67898.3984375,736564.75,0.0024747324641793,0.0220918282866477,0.0,0.0,100.0,2
125,125,260.5349426269531,858.093017578125,0.0024744505062699,67878.453125,736323.625,0.0024744505062699,0.0220841914415359,0.0,0.0,100.0,2
126,126,260.49658203125,857.9542846679688,0.0024741722736507,67858.46875,736085.5625,0.0024741722736507,0.0220765974372625,0.0,0.0,100.0,2
127,127,260.4581298828125,857.8174438476562,0.0024738973006606,67838.4375,735850.75,0.0024738973006606,0.0220690835267305,0.0,0.0,100.0,2
128,128,260.4195556640625,857.682373046875,0.0024736246559768,67818.34375,735619.0625,0.0024736246559768,0.0220616832375526,0.0,0.0,100.0,2
129,129,260.38092041015625,857.549072265625,0.0024733552709221,67798.2265625,735390.4375,0.0024733552709221,0.0220543816685676,0.0,0.0,100.0,2
130,130,260.3421936035156,857.4175415039062,0.0024730882141739,67778.0546875,735164.8125,0.0024730882141739,0.0220471620559692,0.0,0.0,100.0,2
131,131,260.3033752441406,857.2877197265625,0.0024728239513933,67757.84375,734942.25,0.0024728239513933,0.0220400150865316,0.0,0.0,100.0,2
132,132,260.2644958496094,857.1596069335938,0.0024725615512579,67737.609375,734722.5625,0.0024725615512579,0.0220329500734806,0.0,0.0,100.0,2
133,133,260.2255249023437,857.033203125,0.0024723012465983,67717.3203125,734505.9375,0.0024723012465983,0.0220259744673967,0.0,0.0,100.0,2
134,134,260.1864929199219,856.9083862304688,0.0024720425717532,67697.0078125,734292.0,0.0024720425717532,0.0220190919935703,0.0,0.0,100.0,2
135,135,260.1473999023437,856.7852172851562,0.0024717857595533,67676.671875,734080.9375,0.0024717857595533,0.0220123045146465,0.0,0.0,100.0,2
136,136,260.1082458496094,856.66357421875,0.0024715305771678,67656.296875,733872.5,0.0024715305771678,0.022005608305335,0.0,0.0,100.0,2
137,137,260.0690612792969,856.54345703125,0.0024712765589356,67635.9140625,733666.6875,0.0024712765589356,0.021999005228281,0.0,0.0,100.0,2
138,138,260.02978515625,856.4248046875,0.0024710237048566,67615.4921875,733463.4375,0.0024710237048566,0.0219925008714199,0.0,0.0,100.0,2
139,139,259.9904479980469,856.3077392578125,0.0024707715492695,67595.03125,733262.9375,0.0024707715492695,0.0219860933721065,0.0,0.0,100.0,2
140,140,259.9510803222656,856.1920776367188,0.002470520325005,67574.5625,733064.875,0.002470520325005,0.0219797752797603,0.0,0.0,100.0,2
141,141,259.91168212890625,856.0777587890625,0.0024702702648937,67554.0859375,732869.125,0.0024702702648937,0.0219735540449619,0.0,0.0,100.0,2
142,142,259.8722229003906,855.9649047851562,0.0024700197391211,67533.5703125,732675.9375,0.0024700197391211,0.0219674184918403,0.0,0.0,100.0,2
143,143,259.8327331542969,855.8533325195312,0.0024697699118405,67513.046875,732484.9375,0.0024697699118405,0.0219613797962665,0.0,0.0,100.0,2
144,144,259.7931823730469,855.7430419921875,0.0024695203173905,67492.5,732296.125,0.0024695203173905,0.0219554398208856,0.0,0.0,100.0,2
145,145,259.7535705566406,855.6339111328125,0.0024692704901099,67471.9140625,732109.375,0.0024692704901099,0.0219496581703424,0.0,0.0,100.0,2
146,146,259.71392822265625,855.52587890625,0.0024690201971679,67451.328125,731924.5,0.0024690201971679,0.0219440087676048,0.0,0.0,100.0,2
147,147,259.6742553710937,855.4190063476562,0.002468769904226,67430.71875,731741.6875,0.002468769904226,0.0219384375959634,0.0,0.0,100.0,2
148,148,259.634521484375,855.3131713867188,0.0024685184471309,67410.0859375,731560.625,0.0024685184471309,0.021932940930128,0.0,0.0,100.0,2
149,149,259.5947265625,855.2083129882812,0.0024682662915438,67389.421875,731381.25,0.0024682662915438,0.0219275224953889,0.0,0.0,100.0,2
150,150,259.55487060546875,855.1044311523438,0.0024680129718035,67368.734375,731203.5625,0.0024680129718035,0.0219221767038106,0.0,0.0,100.0,2
151,151,259.5149841308594,855.0015258789062,0.00246775848791,67348.0234375,731027.625,0.00246775848791,0.0219169091433286,0.0,0.0,100.0,2
152,152,259.4750061035156,854.8994140625,0.0024675021413713,67327.28125,730853.0,0.0024675021413713,0.0219118669629097,0.0,0.0,100.0,2
153,153,259.4349975585937,854.7982177734375,0.0024672441650182,67306.515625,730680.0,0.0024672441650182,0.0219070296734571,0.0,0.0,100.0,2
154,154,259.3948974609375,854.6978149414062,0.0024669843260198,67285.7109375,730508.375,0.0024669843260198,0.0219022631645202,0.0,0.0,100.0,2
155,155,259.3547668457031,854.5982055664062,0.0024667221587151,67264.8984375,730338.0625,0.0024667221587151,0.021897554397583,0.0,0.0,100.0,2
156,156,259.3145446777344,854.4993286132812,0.0024664574302732,67244.03125,730169.125,0.0024664574302732,0.0218929033726453,0.0,0.0,100.0,2
157,157,259.2742614746094,854.4011840820312,0.0024661899078637,67223.140625,730001.375,0.0024661899078637,0.0218883194029331,0.0,0.0,100.0,2
158,158,259.23388671875,854.3036499023438,0.0024659193586558,67202.2109375,729834.75,0.0024659193586558,0.0218837987631559,0.0,0.0,100.0,2
159,159,259.19342041015625,854.2067260742188,0.0024656457826495,67181.2265625,729669.125,0.0024656457826495,0.0218793451786041,0.0,0.0,100.0,2
160,160,259.15289306640625,854.1103515625,0.0024653680156916,67160.21875,729504.5,0.0024653680156916,0.0218749456107616,0.0,0.0,100.0,2
161,161,259.1122436523437,854.0145263671875,0.0024650867562741,67139.15625,729340.8125,0.0024650867562741,0.0218706093728542,0.0,0.0,100.0,2
162,162,259.071533203125,853.919189453125,0.0024648008402436,67118.0625,729178.0,0.0024648008402436,0.0218663327395916,0.0,0.0,100.0,2
163,163,259.0307006835937,853.82421875,0.0024645107332617,67096.90625,729015.8125,0.0024645107332617,0.0218621157109737,0.0,0.0,100.0,2
164,164,258.9897766113281,853.7296752929688,0.0024642152711749,67075.703125,728854.375,0.0024642152711749,0.0218579620122909,0.0,0.0,100.0,2
165,165,258.94873046875,853.635498046875,0.0024639144539833,67054.4453125,728693.5625,0.0024639144539833,0.0218538679182529,0.0,0.0,100.0,2
166,166,258.9075927734375,853.5415649414062,0.0024636080488562,67033.140625,728533.1875,0.0024636080488562,0.0218498408794403,0.0,0.0,100.0,2
167,167,258.8663635253906,853.4479370117188,0.0024632953573018,67011.796875,728373.375,0.0024632953573018,0.0218458697199821,0.0,0.0,100.0,2
168,168,258.8249816894531,853.3546142578125,0.0024629759136587,66990.375,728214.125,0.0024629759136587,0.0218419637531042,0.0,0.0,100.0,2
169,169,258.7835388183594,853.2614135742188,0.0024626494850963,66968.921875,728055.0625,0.0024626494850963,0.021838130429387,0.0,0.0,100.0,2
170,170,258.741943359375,853.16845703125,0.0024623158387839,66947.390625,727896.4375,0.0024623158387839,0.0218343678861856,0.0,0.0,100.0,2
171,171,258.7002258300781,853.0756225585938,0.0024619742762297,66925.8046875,727738.0,0.0024619742762297,0.021830677986145,0.0,0.0,100.0,2
172,172,258.6584167480469,852.9829711914062,0.002461623866111,66904.1796875,727579.9375,0.002461623866111,0.0218270793557167,0.0,0.0,100.0,2
173,173,258.6164855957031,852.890380859375,0.0024612643755972,66882.484375,727422.0,0.0024612643755972,0.0218235794454813,0.0,0.0,100.0,2
174,174,258.57440185546875,852.7978515625,0.0024608948733657,66860.71875,727264.1875,0.0024608948733657,0.0218201726675033,0.0,0.0,100.0,2
175,175,258.5322265625,852.7054443359375,0.0024605155922472,66838.9140625,727106.5625,0.0024605155922472,0.0218168348073959,0.0,0.0,100.0,2
176,176,258.48992919921875,852.6129760742188,0.0024601251352578,66817.046875,726948.875,0.0024601251352578,0.0218135565519332,0.0,0.0,100.0,2
177,177,258.447509765625,852.5205078125,0.0024597225710749,66795.1171875,726791.1875,0.0024597225710749,0.0218103304505348,0.0,0.0,100.0,2
178,178,258.40496826171875,852.4280395507812,0.0024593076668679,66773.125,726633.5625,0.0024593076668679,0.0218071639537811,0.0,0.0,100.0,2
179,179,258.3622741699219,852.33544921875,0.0024588794913142,66751.0625,726475.6875,0.0024588794913142,0.0218040496110916,0.0,0.0,100.0,2
180,180,258.3194580078125,852.24267578125,0.0024584371130913,66728.9453125,726317.5625,0.0024584371130913,0.0218009892851114,0.0,0.0,100.0,2
181,181,258.2764892578125,852.1497802734375,0.0024579796008765,66706.7421875,726159.25,0.0024579796008765,0.0217979811131954,0.0,0.0,100.0,2
182,182,258.2333984375,852.056640625,0.0024575064890086,66684.484375,726000.5,0.0024575064890086,0.0217950250953435,0.0,0.0,100.0,2
183,183,258.1901550292969,851.963134765625,0.0024570161476731,66662.15625,725841.1875,0.0024570161476731,0.0217921268194913,0.0,0.0,100.0,2
184,184,258.1467590332031,851.8693237304688,0.0024565074127167,66639.75,725681.375,0.0024565074127167,0.0217892862856388,0.0,0.0,100.0,2
185,185,258.10321044921875,851.775146484375,0.0024559795856475,66617.265625,725520.875,0.0024559795856475,0.0217865016311407,0.0,0.0,100.0,2
186,186,258.0595092773437,851.6804809570312,0.0024554310366511,66594.7109375,725359.625,0.0024554310366511,0.021783772855997,0.0,0.0,100.0,2
187,187,258.015625,851.5853271484375,0.0024548603687435,66572.0625,725197.5625,0.0024548603687435,0.0217810999602079,0.0,0.0,100.0,2
188,188,257.9715881347656,851.4893798828125,0.0024542666506022,66549.34375,725034.1875,0.0024542666506022,0.0217784829437732,0.0,0.0,100.0,2
189,189,257.9273681640625,851.3925170898438,0.0024536475539207,66526.5234375,724869.1875,0.0024536475539207,0.0217759311199188,0.0,0.0,100.0,2
190,190,257.8829345703125,851.294677734375,0.0024530019145458,66503.609375,724702.625,0.0024530019145458,0.0217734444886446,0.0,0.0,100.0,2
191,191,257.8383178710937,851.1956787109375,0.0024523276370018,66480.6015625,724534.0625,0.0024523276370018,0.02177101559937,0.0,0.0,100.0,2
192,192,257.79351806640625,851.0953979492188,0.0024516230914741,66457.5,724363.375,0.0024516230914741,0.0217686556279659,0.0,0.0,100.0,2
193,193,257.7484741210937,850.9937133789062,0.002450886182487,66434.2734375,724190.3125,0.002450886182487,0.0217663552612066,0.0,0.0,100.0,2
194,194,257.7032165527344,850.8905029296875,0.0024501148145645,66410.9453125,724014.625,0.0024501148145645,0.0217641126364469,0.0,0.0,100.0,2
195,195,257.6577453613281,850.7857055664062,0.0024493061937391,66387.515625,723836.3125,0.0024493061937391,0.0217619352042675,0.0,0.0,100.0,2
196,196,257.612060546875,850.6793212890625,0.0024484582245349,66363.9765625,723655.3125,0.0024484582245349,0.0217598229646682,0.0,0.0,100.0,2
197,197,257.56610107421875,850.5711669921875,0.0024475678801536,66340.296875,723471.3125,0.0024475678801536,0.0217577647417783,0.0,0.0,100.0,2
198,198,257.5199279785156,850.4613037109375,0.0024466328322887,66316.515625,723284.4375,0.0024466328322887,0.0217557605355978,0.0,0.0,100.0,2
199,199,257.4735107421875,850.3495483398438,0.0024456491228193,66292.609375,723094.375,0.0024456491228193,0.021753815934062,0.0,0.0,100.0,2
0,0,177.36923217773438,923.078125,0.0027843569405376,31459.84375,852073.25,0.0027843569405376,0.0318856760859489,0.0,0.0,100.0,3
1,1,186.72787475585935,915.1483154296876,0.0027459128759801,34867.30078125,837496.4375,0.0027459128759801,0.0309152491390705,0.0,0.0,100.0,3
2,2,195.03494262695312,908.0375366210938,0.0027131554670631,38038.62890625,824532.1875,0.0027131554670631,0.0300159677863121,0.0,0.0,100.0,3
3,3,202.34393310546875,901.6275024414062,0.0026854486204683,40943.06640625,812932.125,0.0026854486204683,0.0291882418096065,0.0,0.0,100.0,3
4,4,208.75296020507807,895.9638671875,0.0026621643919497,43577.796875,802751.25,0.0026621643919497,0.0284519270062446,0.0,0.0,100.0,3
5,5,214.3638916015625,891.0581665039062,0.0026426862459629,45951.87890625,793984.625,0.0026426862459629,0.0278047081083059,0.0,0.0,100.0,3
6,6,219.2684326171875,886.867919921875,0.0026264227926731,48078.64453125,786534.6875,0.0026264227926731,0.0272462498396635,0.0,0.0,100.0,3
7,7,223.55615234375,883.3203735351562,0.0026128224562853,49977.3515625,780254.875,0.0026128224562853,0.0267667155712842,0.0,0.0,100.0,3
8,8,227.31678771972656,880.3300170898438,0.0026013911701738,51672.921875,774980.9375,0.0026013911701738,0.0263570956885814,0.0,0.0,100.0,3
9,9,230.63499450683597,877.81103515625,0.0025917005259543,53192.5,770552.1875,0.0025917005259543,0.0259997844696044,0.0,0.0,100.0,3
10,10,233.5853576660156,875.6839599609375,0.0025833945255726,54562.12109375,766822.375,0.0025833945255726,0.0256919879466295,0.0,0.0,100.0,3
11,11,236.2288055419922,873.8792724609375,0.0025761853903532,55804.046875,763665.0,0.0025761853903532,0.0254098419100046,0.0,0.0,100.0,3
12,12,238.61215209960935,872.3392333984375,0.0025698498357087,56935.7578125,760975.75,0.0025698498357087,0.0251505393534898,0.0,0.0,100.0,3
13,13,240.77008056640625,871.016845703125,0.0025642192922532,57970.23046875,758670.375,0.0025642192922532,0.0249218959361314,0.0,0.0,100.0,3
14,14,242.72821044921875,869.8743896484375,0.0025591708254069,58916.984375,756681.4375,0.0025591708254069,0.0247067101299762,0.0,0.0,100.0,3
15,15,244.50555419921875,868.8814086914062,0.002554613398388,59782.96484375,754954.875,0.002554613398388,0.0244993716478347,0.0,0.0,100.0,3
16,16,246.11685180664065,868.0136108398438,0.0025504832156002,60573.50390625,753447.625,0.0025504832156002,0.0242997724562883,0.0,0.0,100.0,3
17,17,247.5738983154297,867.2512817382812,0.0025467309169471,61292.8359375,752124.8125,0.0025467309169471,0.0241085346788167,0.0,0.0,100.0,3
18,18,248.8868408203125,866.5785522460938,0.0025433204136788,61944.66015625,750958.375,0.0025433204136788,0.0239263772964477,0.0,0.0,100.0,3
19,19,250.0649261474609,865.9823608398438,0.002540222601965,62532.46875,749925.4375,0.002540222601965,0.0237539578229188,0.0,0.0,100.0,3
20,20,251.11708068847656,865.4518432617188,0.0025374109391123,63059.7890625,749006.875,0.0025374109391123,0.0235921833664178,0.0,0.0,100.0,3
21,21,252.05221557617188,864.97802734375,0.0025348623748868,63530.3203125,748187.0,0.0025348623748868,0.0234409756958484,0.0,0.0,100.0,3
22,22,252.87936401367188,864.5530395507812,0.0025325545575469,63947.97265625,747451.9375,0.0025325545575469,0.0232998672872781,0.0,0.0,100.0,3
23,23,253.60772705078125,864.1702880859375,0.0025304658338427,64316.87890625,746790.3125,0.0025304658338427,0.0231688395142555,0.0,0.0,100.0,3
24,24,254.24661254882807,863.82421875,0.002528574084863,64641.33984375,746192.25,0.002528574084863,0.0230478588491678,0.0,0.0,100.0,3
25,25,254.80532836914065,863.509765625,0.0025268585886806,64925.75390625,745649.125,0.0025268585886806,0.0229367837309837,0.0,0.0,100.0,3
26,26,255.29299926757807,863.22265625,0.0025252990890294,65174.515625,745153.375,0.0025252990890294,0.0228354427963495,0.0,0.0,100.0,3
27,27,255.7184600830078,862.9592895507812,0.0025238767266273,65391.9296875,744698.75,0.0025238767266273,0.0227444041520357,0.0,0.0,100.0,3
28,28,256.0899963378906,862.7163696289062,0.0025225726421922,65582.0859375,744279.5625,0.0025225726421922,0.0226623304188251,0.0,0.0,100.0,3
29,29,256.4153747558594,862.4910888671875,0.002521370537579,65748.84375,743890.875,0.002521370537579,0.0225886330008506,0.0,0.0,100.0,3
30,30,256.7016296386719,862.2811889648438,0.0025202550459653,65895.7265625,743528.875,0.0025202550459653,0.0225214622914791,0.0,0.0,100.0,3
31,31,256.955078125,862.08447265625,0.0025192133616656,66025.9140625,743189.625,0.0025192133616656,0.0224601402878761,0.0,0.0,100.0,3
32,32,257.1811828613281,861.8993530273438,0.0025182331446558,66142.1640625,742870.5,0.0025182331446558,0.0224041584879159,0.0,0.0,100.0,3
33,33,257.3846740722656,861.7242431640625,0.0025173036847263,66246.8671875,742568.6875,0.0025173036847263,0.0223531201481819,0.0,0.0,100.0,3
34,34,257.569580078125,861.5579833984375,0.0025164175312966,66342.0859375,742282.1875,0.0025164175312966,0.0223066471517086,0.0,0.0,100.0,3
35,35,257.73907470703125,861.3993530273438,0.0025155670009553,66429.4296875,742008.875,0.0025155670009553,0.0222642850130796,0.0,0.0,100.0,3
36,36,257.8958435058594,861.24755859375,0.0025147455744445,66510.265625,741747.375,0.0025147455744445,0.0222257506102323,0.0,0.0,100.0,3
37,37,258.0418701171875,861.1017456054688,0.0025139485951513,66585.609375,741496.1875,0.0025139485951513,0.0221912804991006,0.0,0.0,100.0,3
38,38,258.17877197265625,860.9612426757812,0.0025131723377853,66656.28125,741254.25,0.0025131723377853,0.0221612267196178,0.0,0.0,100.0,3
39,39,258.3076171875,860.825439453125,0.0025124135427176,66722.828125,741020.4375,0.0025124135427176,0.022134244441986,0.0,0.0,100.0,3
40,40,258.42926025390625,860.69384765625,0.0025116689503192,66785.6796875,740793.875,0.0025116689503192,0.0221096966415643,0.0,0.0,100.0,3
41,41,258.5442199707031,860.5658569335938,0.0025109378620982,66845.1171875,740573.625,0.0025109378620982,0.0220873653888702,0.0,0.0,100.0,3
42,42,258.65283203125,860.4412231445312,0.0025102177169173,66901.2890625,740359.125,0.0025102177169173,0.0220672450959682,0.0,0.0,100.0,3
43,43,258.7553100585937,860.3193359375,0.0025095071177929,66954.3125,740149.375,0.0025095071177929,0.0220494121313095,0.0,0.0,100.0,3
44,44,258.8517761230469,860.1998901367188,0.0025088049005717,67004.2421875,739943.875,0.0025088049005717,0.0220336411148309,0.0,0.0,100.0,3
45,45,258.9422302246094,860.0825805664062,0.0025081103667616,67051.078125,739742.0625,0.0025081103667616,0.0220197886228561,0.0,0.0,100.0,3
46,46,259.0267944335937,859.9669189453125,0.0025074216537177,67094.8828125,739543.125,0.0025074216537177,0.0220078993588686,0.0,0.0,100.0,3
47,47,259.10546875,859.8525390625,0.0025067380629479,67135.640625,739346.375,0.0025067380629479,0.0219982173293828,0.0,0.0,100.0,3
48,48,259.1783142089844,859.7391357421875,0.0025060586631298,67173.3984375,739151.375,0.0025060586631298,0.0219902861863374,0.0,0.0,100.0,3
49,49,259.2453918457031,859.6264038085938,0.0025053825229406,67208.171875,738957.5625,0.0025053825229406,0.0219839736819267,0.0,0.0,100.0,3
50,50,259.30682373046875,859.5138549804688,0.0025047080125659,67240.03125,738764.0625,0.0025047080125659,0.0219789966940879,0.0,0.0,100.0,3
51,51,259.3627624511719,859.4011840820312,0.0025040348991751,67269.0390625,738570.375,0.0025040348991751,0.0219751503318548,0.0,0.0,100.0,3
52,52,259.4133605957031,859.2880249023438,0.0025033617857843,67295.2890625,738375.9375,0.0025033617857843,0.0219722893089056,0.0,0.0,100.0,3
53,53,259.4587707519531,859.1740112304688,0.0025026875082403,67318.8515625,738180.0,0.0025026875082403,0.0219702590256929,0.0,0.0,100.0,3
54,54,259.4992370605469,859.0587158203125,0.0025020116008818,67339.8515625,737981.875,0.0025020116008818,0.021968925371766,0.0,0.0,100.0,3
55,55,259.534912109375,858.94189453125,0.0025013328995555,67358.3671875,737781.1875,0.0025013328995555,0.0219681821763515,0.0,0.0,100.0,3
56,56,259.5660400390625,858.8230590820312,0.0025006514042615,67374.53125,737577.0625,0.0025006514042615,0.0219679530709981,0.0,0.0,100.0,3
57,57,259.5927734375,858.701904296875,0.0024999659508466,67388.40625,737368.9375,0.0024999659508466,0.0219681710004806,0.0,0.0,100.0,3
58,58,259.6153564453125,858.5780029296875,0.0024992758408188,67400.1328125,737156.1875,0.0024992758408188,0.0219687968492507,0.0,0.0,100.0,3
59,59,259.63397216796875,858.4510498046875,0.0024985817726701,67409.796875,736938.1875,0.0024985817726701,0.0219696480780839,0.0,0.0,100.0,3
60,60,259.64874267578125,858.3207397460938,0.0024978825822472,67417.46875,736714.5,0.0024978825822472,0.0219706390053033,0.0,0.0,100.0,3
61,61,259.659912109375,858.1867065429688,0.0024971789680421,67423.2734375,736484.4375,0.0024971789680421,0.0219717286527156,0.0,0.0,100.0,3
62,62,259.6675720214844,858.0487060546875,0.0024964702315628,67427.25,736247.5625,0.0024964702315628,0.021972881630063,0.0,0.0,100.0,3
63,63,259.67193603515625,857.906494140625,0.0024957568384706,67429.515625,736003.5625,0.0024957568384706,0.0219740830361843,0.0,0.0,100.0,3
64,64,259.6731262207031,857.7598266601562,0.0024950390215963,67430.1328125,735751.9375,0.0024950390215963,0.0219753272831439,0.0,0.0,100.0,3
65,65,259.6713256835937,857.6085205078125,0.0024943172466009,67429.1953125,735492.375,0.0024943172466009,0.0219766125082969,0.0,0.0,100.0,3
66,66,259.66668701171875,857.4524536132812,0.002493591280654,67426.7890625,735224.6875,0.002493591280654,0.0219779349863529,0.0,0.0,100.0,3
67,67,259.65936279296875,857.29150390625,0.0024928613565862,67422.984375,734948.75,0.0024928613565862,0.0219793170690536,0.0,0.0,100.0,3
68,68,259.6495361328125,857.1256713867188,0.0024921291042119,67417.8828125,734664.4375,0.0024921291042119,0.0219807643443346,0.0,0.0,100.0,3
69,69,259.6373596191406,856.9548950195312,0.0024913928937166,67411.5546875,734371.6875,0.0024913928937166,0.0219822898507118,0.0,0.0,100.0,3
70,70,259.623046875,856.7791748046875,0.0024906545877456,67404.125,734070.5625,0.0024906545877456,0.0219839178025722,0.0,0.0,100.0,3
71,71,259.60675048828125,856.5986938476562,0.0024899139534682,67395.6640625,733761.3125,0.0024899139534682,0.0219856742769479,0.0,0.0,100.0,3
72,72,259.5886535644531,856.4135131835938,0.0024891709908843,67386.265625,733444.125,0.0024891709908843,0.0219876449555158,0.0,0.0,100.0,3
73,73,259.5689392089844,856.2239379882812,0.0024884261656552,67376.03125,733119.4375,0.0024884261656552,0.0219898540526628,0.0,0.0,100.0,3
74,74,259.5478210449219,856.0300903320312,0.0024876801762729,67365.0703125,732787.5,0.0024876801762729,0.0219921711832284,0.0,0.0,100.0,3
75,75,259.5254211425781,855.8323974609375,0.0024869320914149,67353.4453125,732449.0625,0.0024869320914149,0.0219945348799228,0.0,0.0,100.0,3
76,76,259.501953125,855.6310424804688,0.0024861835408955,67341.265625,732104.5,0.0024861835408955,0.0219969153404235,0.0,0.0,100.0,3
77,77,259.4775695800781,855.426513671875,0.0024854335933923,67328.609375,731754.5,0.0024854335933923,0.0219992902129888,0.0,0.0,100.0,3
78,78,259.452392578125,855.2191772460938,0.0024846824817359,67315.546875,731399.8125,0.0024846824817359,0.0220016241073608,0.0,0.0,100.0,3
79,79,259.42657470703125,855.0096435546875,0.0024839304387569,67302.1484375,731041.5,0.0024839304387569,0.0220039077103137,0.0,0.0,100.0,3
80,80,259.40020751953125,854.7982788085938,0.0024831765331327,67288.46875,730680.125,0.0024831765331327,0.0220061149448156,0.0,0.0,100.0,3
81,81,259.3734436035156,854.5856323242188,0.002482421696186,67274.5859375,730316.625,0.002482421696186,0.0220082104206085,0.0,0.0,100.0,3
82,82,259.34637451171875,854.372314453125,0.0024816647637635,67260.5390625,729952.0625,0.0024816647637635,0.0220101475715637,0.0,0.0,100.0,3
83,83,259.3190612792969,854.15869140625,0.0024809059686958,67246.375,729587.0625,0.0024809059686958,0.0220118835568428,0.0,0.0,100.0,3
84,84,259.2916259765625,853.9453735351562,0.0024801446124911,67232.1484375,729222.6875,0.0024801446124911,0.022013384848833,0.0,0.0,100.0,3
85,85,259.2640991210937,853.7327880859375,0.0024793799966573,67217.875,728859.6875,0.0024793799966573,0.0220146402716636,0.0,0.0,100.0,3
86,86,259.2365417480469,853.521484375,0.0024786118883639,67203.5859375,728498.9375,0.0024786118883639,0.0220156461000442,0.0,0.0,100.0,3
87,87,259.20904541015625,853.3119506835938,0.0024778386577963,67189.328125,728141.3125,0.0024778386577963,0.022016379982233,0.0,0.0,100.0,3
88,88,259.1815795898437,853.1045532226562,0.0024770598392933,67175.09375,727787.375,0.0024770598392933,0.0220168139785528,0.0,0.0,100.0,3
89,89,259.1542053222656,852.899658203125,0.0024762745015323,67160.8984375,727437.8125,0.0024762745015323,0.0220169220119714,0.0,0.0,100.0,3
90,90,259.126953125,852.69775390625,0.00247548148036,67146.78125,727093.4375,0.00247548148036,0.0220166854560375,0.0,0.0,100.0,3
91,91,259.09979248046875,852.4989624023438,0.0024746789131313,67132.703125,726754.5,0.0024746789131313,0.0220160689204931,0.0,0.0,100.0,3
92,92,259.07275390625,852.3035888671875,0.0024738658685237,67118.6953125,726421.4375,0.0024738658685237,0.0220150798559188,0.0,0.0,100.0,3
93,93,259.0458374023437,852.11181640625,0.0024730409495532,67104.7421875,726094.5625,0.0024730409495532,0.0220136996358633,0.0,0.0,100.0,3
94,94,259.0190124511719,851.9237670898438,0.002472202759236,67090.8515625,725774.125,0.002472202759236,0.0220119208097457,0.0,0.0,100.0,3
95,95,258.9922790527344,851.739501953125,0.0024713492020964,67077.0,725460.1875,0.0024713492020964,0.0220097322016954,0.0,0.0,100.0,3
96,96,258.9656066894531,851.5589599609375,0.0024704791139811,67063.1875,725152.6875,0.0024704791139811,0.0220071263611316,0.0,0.0,100.0,3
97,97,258.9389953613281,851.3820190429688,0.0024695901665836,67049.40625,724851.3125,0.0024695901665836,0.022004110738635,0.0,0.0,100.0,3
98,98,258.9124450683594,851.2086791992188,0.0024686816614121,67035.65625,724556.1875,0.0024686816614121,0.0220007635653018,0.0,0.0,100.0,3
99,99,258.8858642578125,851.0386962890625,0.0024677505716681,67021.890625,724266.875,0.0024677505716681,0.021997133269906,0.0,0.0,100.0,3
100,100,258.8592834472656,850.8717651367188,0.0024667957331985,67008.125,723982.75,0.0024667957331985,0.0219931900501251,0.0,0.0,100.0,3
101,101,258.8326721191406,850.7076416015625,0.0024658145848661,66994.3515625,723703.5,0.0024658145848661,0.0219889432191848,0.0,0.0,100.0,3
102,102,258.8060302734375,850.5460815429688,0.0024648054968565,66980.5625,723428.625,0.0024648054968565,0.0219844337552785,0.0,0.0,100.0,3
103,103,258.7792663574219,850.38671875,0.0024637659080326,66966.7109375,723157.5625,0.0024637659080326,0.0219796784222126,0.0,0.0,100.0,3
104,104,258.7524108886719,850.2291259765625,0.0024626934900879,66952.8125,722889.5625,0.0024626934900879,0.021974716335535,0.0,0.0,100.0,3
105,105,258.7254333496094,850.0729370117188,0.002461586613208,66938.8515625,722624.0,0.002461586613208,0.021969623863697,0.0,0.0,100.0,3
106,106,258.69830322265625,849.917724609375,0.0024604413192719,66924.8125,722360.125,0.0024604413192719,0.0219644904136657,0.0,0.0,100.0,3
107,107,258.6709899902344,849.7630615234375,0.0024592557456344,66910.6796875,722097.25,0.0024592557456344,0.0219593178480863,0.0,0.0,100.0,3
108,108,258.6434631347656,849.6085815429688,0.0024580266326665,66896.4375,721834.75,0.0024580266326665,0.021954096853733,0.0,0.0,100.0,3
109,109,258.61572265625,849.4537963867188,0.0024567504879087,66882.09375,721571.75,0.0024567504879087,0.0219488255679607,0.0,0.0,100.0,3
110,110,258.5877380371094,849.2982177734375,0.0024554238189011,66867.6171875,721307.4375,0.0024554238189011,0.0219435319304466,0.0,0.0,100.0,3
111,111,258.5594787597656,849.1416015625,0.0024540431331843,66853.0078125,721041.4375,0.0024540431331843,0.0219383165240287,0.0,0.0,100.0,3
112,112,258.5309143066406,848.9833984375,0.0024526037741452,66838.234375,720772.8125,0.0024526037741452,0.0219331867992877,0.0,0.0,100.0,3
113,113,258.5020751953125,848.8233032226562,0.002451101783663,66823.3203125,720501.0,0.002451101783663,0.0219281557947397,0.0,0.0,100.0,3
114,114,258.4729309082031,848.6607666015625,0.0024495332036167,66808.2578125,720225.125,0.0024495332036167,0.0219232365489006,0.0,0.0,100.0,3
115,115,258.4434509277344,848.4954833984375,0.0024478915147483,66793.015625,719944.5625,0.0024478915147483,0.0219184476882219,0.0,0.0,100.0,3
116,116,258.4136657714844,848.326904296875,0.0024461722932755,66777.625,719658.5625,0.0024461722932755,0.0219138003885746,0.0,0.0,100.0,3
117,117,258.3835754394531,848.1547241210938,0.0024443687871098,66762.0703125,719366.4375,0.0024443687871098,0.0219093356281518,0.0,0.0,100.0,3
118,118,258.3531799316406,847.9783935546875,0.0024424754083156,66746.3671875,719067.375,0.0024424754083156,0.0219050236046314,0.0,0.0,100.0,3
119,119,258.32244873046875,847.7975463867188,0.0024404851719737,66730.484375,718760.6875,0.0024404851719737,0.0219008699059486,0.0,0.0,100.0,3
120,120,258.2914428710937,847.6116333007812,0.0024383901618421,66714.46875,718445.5,0.0024383901618421,0.0218968912959098,0.0,0.0,100.0,3
121,121,258.2601928710937,847.4202880859375,0.0024361822288483,66698.328125,718121.125,0.0024361822288483,0.0218930914998054,0.0,0.0,100.0,3
122,122,258.2286376953125,847.2229614257812,0.0024338527582585,66682.03125,717786.75,0.0024338527582585,0.0218894649296998,0.0,0.0,100.0,3
123,123,258.1968688964844,847.0189819335938,0.0024313922040164,66665.625,717441.125,0.0024313922040164,0.0218860302120447,0.0,0.0,100.0,3
124,124,258.1648864746094,846.8079223632812,0.0024287917185574,66649.109375,717083.6875,0.0024287917185574,0.0218828003853559,0.0,0.0,100.0,3
125,125,258.1327209472656,846.589111328125,0.0024260398931801,66632.5,716713.125,0.0024260398931801,0.0218797698616981,0.0,0.0,100.0,3
126,126,258.1004333496094,846.362060546875,0.0024231253191828,66615.8359375,716328.75,0.0024231253191828,0.0218769311904907,0.0,0.0,100.0,3
127,127,258.0680236816406,846.126220703125,0.0024200368206948,66599.1015625,715929.5625,0.0024200368206948,0.0218742825090885,0.0,0.0,100.0,3
128,128,258.0355224609375,845.8809814453125,0.0024167606607079,66582.328125,715514.625,0.0024167606607079,0.0218718163669109,0.0,0.0,100.0,3
129,129,258.00299072265625,845.6257934570312,0.0024132831022143,66565.546875,715083.0,0.0024132831022143,0.0218695513904094,0.0,0.0,100.0,3
130,130,257.9704895019531,845.3601684570312,0.002409589709714,66548.7734375,714633.8125,0.002409589709714,0.0218675695359706,0.0,0.0,100.0,3
131,131,257.93798828125,845.08349609375,0.0024056639522314,66532.0078125,714166.125,0.0024056639522314,0.021866001188755,0.0,0.0,100.0,3
132,132,257.90557861328125,844.79541015625,0.0024014892987906,66515.2890625,713679.3125,0.0024014892987906,0.021864753216505,0.0,0.0,100.0,3
133,133,257.8732604980469,844.495361328125,0.0023970478214323,66498.6171875,713172.4375,0.0023970478214323,0.0218637213110923,0.0,0.0,100.0,3
134,134,257.8410949707031,844.182861328125,0.0023923199623823,66482.03125,712644.6875,0.0023923199623823,0.0218628533184528,0.0,0.0,100.0,3
135,135,257.80908203125,843.857421875,0.0023872856982052,66465.5234375,712095.375,0.0023872856982052,0.0218621175736188,0.0,0.0,100.0,3
136,136,257.7772521972656,843.5184326171875,0.0023819236084818,66449.109375,711523.375,0.0023819236084818,0.0218614861369133,0.0,0.0,100.0,3
137,137,257.7456359863281,843.1655883789062,0.0023762113414704,66432.8125,710928.1875,0.0023762113414704,0.0218609347939491,0.0,0.0,100.0,3
138,138,257.7142639160156,842.7982788085938,0.0023701265454292,66416.640625,710308.9375,0.0023701265454292,0.0218604989349842,0.0,0.0,100.0,3
139,139,257.68316650390625,842.4158935546875,0.0023636450059711,66400.6171875,709664.5625,0.0023636450059711,0.0218608900904655,0.0,0.0,100.0,3
140,140,257.65234375,842.0178833007812,0.0023567411117255,66384.7265625,708994.125,0.0023567411117255,0.0218622852116823,0.0,0.0,100.0,3
141,141,257.62188720703125,841.60400390625,0.0023493913467973,66369.0390625,708297.3125,0.0023493913467973,0.0218643173575401,0.0,0.0,100.0,3
142,142,257.5918273925781,841.1734619140625,0.0023415789473801,66353.546875,707572.8125,0.0023415789473801,0.0218668151646852,0.0,0.0,100.0,3
143,143,257.5620422363281,840.7255859375,0.0023332748096436,66338.203125,706819.5,0.0023332748096436,0.0218699444085359,0.0,0.0,100.0,3
144,144,257.5325012207031,840.2604370117188,0.0023244549520313,66322.9921875,706037.625,0.0023244549520313,0.0218739658594131,0.0,0.0,100.0,3
145,145,257.5031433105469,839.7781982421875,0.0023150998167693,66307.8671875,705227.4375,0.0023150998167693,0.0218788497149944,0.0,0.0,100.0,3
146,146,257.4738464355469,839.27978515625,0.0023051963653415,66292.78125,704390.5625,0.0023051963653415,0.0218843799084424,0.0,0.0,100.0,3
147,147,257.4444274902344,838.766357421875,0.0022947383113205,66277.6328125,703529.0,0.0022947383113205,0.0218901894986629,0.0,0.0,100.0,3
148,148,257.4147644042969,838.2398681640625,0.0022837307769805,66262.359375,702646.0625,0.0022837307769805,0.0218957420438528,0.0,0.0,100.0,3
149,149,257.38458251953125,837.7033081054688,0.0022721900604665,66246.8203125,701746.8125,0.0022721900604665,0.0219005327671766,0.0,0.0,100.0,3
150,150,257.3536682128906,837.1613159179688,0.0022601482924073,66230.9140625,700839.0625,0.0022601482924073,0.0219042617827653,0.0,0.0,100.0,3
151,151,257.32177734375,836.6204833984375,0.002247656462714,66214.5,699933.8125,0.002247656462714,0.0219071637839078,0.0,0.0,100.0,3
152,152,257.2886047363281,836.0902709960938,0.0022347823251038,66197.4296875,699046.9375,0.0022347823251038,0.0219089556485414,0.0,0.0,100.0,3
153,153,257.25360107421875,835.58349609375,0.0022216094657778,66179.4140625,698199.75,0.0022216094657778,0.0219093207269907,0.0,0.0,100.0,3
154,154,257.2164001464844,835.1178588867188,0.0022082237992435,66160.2734375,697421.8125,0.0022082237992435,0.0219069868326187,0.0,0.0,100.0,3
155,155,257.1766967773437,834.71630859375,0.0021946968045085,66139.8515625,696751.3125,0.0021946968045085,0.0219006054103374,0.0,0.0,100.0,3
156,156,257.1346130371094,834.4072875976562,0.0021810629405081,66118.2109375,696235.5,0.0021810629405081,0.0218886751681566,0.0,0.0,100.0,3
157,157,257.0907897949219,834.221923828125,0.0021672947332262,66095.671875,695926.1875,0.0021672947332262,0.0218712650239467,0.0,0.0,100.0,3
158,158,257.0462646484375,834.18896484375,0.0021533102262765,66072.78125,695871.25,0.0021533102262765,0.0218484960496425,0.0,0.0,100.0,3
159,159,257.0025329589844,834.3292236328125,0.0021389704197645,66050.3046875,696105.25,0.0021389704197645,0.021818334236741,0.0,0.0,100.0,3
160,160,256.9610900878906,834.64892578125,0.0021241358481347,66029.0,696638.8125,0.0021241358481347,0.0217808652669191,0.0,0.0,100.0,3
161,161,256.9232788085937,835.1356201171875,0.0021087229251861,66009.5703125,697451.5,0.0021087229251861,0.0217373184859752,0.0,0.0,100.0,3
162,162,256.8894958496094,835.7589111328125,0.0020927428267896,65992.2109375,698492.9375,0.0020927428267896,0.0216888878494501,0.0,0.0,100.0,3
163,163,256.8597106933594,836.4761352539062,0.0020762800704687,65976.9140625,699692.3125,0.0020762800704687,0.0216376483440399,0.0,0.0,100.0,3
164,164,256.8334350585937,837.240234375,0.0020594699308276,65963.4140625,700971.1875,0.0020594699308276,0.021585764363408,0.0,0.0,100.0,3
165,165,256.81005859375,838.0045776367188,0.0020424388349056,65951.40625,702251.6875,0.0020424388349056,0.0215364638715982,0.0,0.0,100.0,3
166,166,256.7885131835937,838.7274780273438,0.002025268273428,65940.34375,703463.8125,0.002025268273428,0.0214909520000219,0.0,0.0,100.0,3
167,167,256.7678527832031,839.3751220703125,0.0020079859532415,65929.7265625,704550.625,0.0020079859532415,0.0214500725269317,0.0,0.0,100.0,3
168,168,256.7474365234375,839.9244995117188,0.0019905916415154,65919.25,705473.1875,0.0019905916415154,0.0214137993752956,0.0,0.0,100.0,3
169,169,256.7265319824219,840.3648681640625,0.0019730927888303,65908.515625,706213.125,0.0019730927888303,0.0213820673525333,0.0,0.0,100.0,3
170,170,256.7046813964844,840.698486328125,0.0019555417820811,65897.296875,706773.9375,0.0019555417820811,0.0213544741272926,0.0,0.0,100.0,3
171,171,256.6815490722656,840.9415893554688,0.0019380596932023,65885.4140625,707182.75,0.0019380596932023,0.0213298965245485,0.0,0.0,100.0,3
172,172,256.6574401855469,841.12353515625,0.001920826267451,65873.0390625,707488.8125,0.001920826267451,0.0213075876235961,0.0,0.0,100.0,3
173,173,256.63287353515625,841.285888671875,0.0019040359184145,65860.4296875,707761.9375,0.0019040359184145,0.0212867092341184,0.0,0.0,100.0,3
174,174,256.60870361328125,841.4780883789062,0.0018878343980759,65848.0234375,708085.375,0.0018878343980759,0.0212661810219287,0.0,0.0,100.0,3
175,175,256.5859069824219,841.7485961914062,0.0018722722306847,65836.328125,708540.6875,0.0018722722306847,0.0212467759847641,0.0,0.0,100.0,3
176,176,256.5653381347656,842.1326904296875,0.0018573210109025,65825.7734375,709187.4375,0.0018573210109025,0.0212273243814706,0.0,0.0,100.0,3
177,177,256.5475158691406,842.6421508789062,0.0018429602496325,65816.625,710045.8125,0.0018429602496325,0.0212070550769567,0.0,0.0,100.0,3
178,178,256.5321960449219,843.2607421875,0.0018292589811608,65808.765625,711088.6875,0.0018292589811608,0.0211864933371543,0.0,0.0,100.0,3
179,179,256.5184020996094,843.9490356445312,0.00181637739297,65801.6875,712250.0,0.00181637739297,0.0211662929505109,0.0,0.0,100.0,3
180,180,256.5047912597656,844.6548461914062,0.0018044805619865,65794.7109375,713441.8125,0.0018044805619865,0.0211480818688869,0.0,0.0,100.0,3
181,181,256.4897155761719,845.3255004882812,0.0017936425283551,65786.9765625,714575.1875,0.0017936425283551,0.0211336258798837,0.0,0.0,100.0,3
182,182,256.4717712402344,845.9200439453125,0.0017838237108662,65777.765625,715580.75,0.0017838237108662,0.0211216360330581,0.0,0.0,100.0,3
183,183,256.4500427246094,846.4155883789062,0.0017749392427504,65766.625,716419.375,0.0017749392427504,0.021112035959959,0.0,0.0,100.0,3
184,184,256.42437744140625,846.8112182617188,0.0017669282387942,65753.4609375,717089.25,0.0017669282387942,0.0211040694266557,0.0,0.0,100.0,3
185,185,256.3954162597656,847.1262817382812,0.0017597794067114,65738.609375,717622.9375,0.0017597794067114,0.0210974402725696,0.0,0.0,100.0,3
186,186,256.3643493652344,847.3949584960938,0.001753477146849,65722.6796875,718078.1875,0.001753477146849,0.0210915021598339,0.0,0.0,100.0,3
187,187,256.33258056640625,847.6509399414062,0.0017479474190622,65706.390625,718512.125,0.0017479474190622,0.0210855565965175,0.0,0.0,100.0,3
188,188,256.3010559082031,847.9192504882812,0.0017430544830858,65690.234375,718967.0625,0.0017430544830858,0.0210798922926187,0.0,0.0,100.0,3
189,189,256.2698974609375,848.2069091796875,0.0017386809922754,65674.2578125,719454.9375,0.0017386809922754,0.0210744496434927,0.0,0.0,100.0,3
190,190,256.2383728027344,848.5001831054688,0.0017347838729619,65658.1015625,719952.5625,0.0017347838729619,0.0210690796375274,0.0,0.0,100.0,3
191,191,256.2050170898437,848.7710571289062,0.0017313507851213,65641.0078125,720412.3125,0.0017313507851213,0.0210636667907238,0.0,0.0,100.0,3
192,192,256.1679992675781,848.9894409179688,0.001728328410536,65622.046875,720783.0625,0.001728328410536,0.0210584383457899,0.0,0.0,100.0,3
193,193,256.1258239746094,849.1343994140625,0.0017256209393963,65600.4375,721029.25,0.0017256209393963,0.021053522825241,0.0,0.0,100.0,3
194,194,256.0775146484375,849.200927734375,0.0017231439705938,65575.6953125,721142.1875,0.0017231439705938,0.0210490897297859,0.0,0.0,100.0,3
195,195,256.0228881835937,849.20068359375,0.0017208583885803,65547.71875,721141.8125,0.0017208583885803,0.0210450757294893,0.0,0.0,100.0,3
196,196,255.9623565673828,849.1574096679688,0.001718750805594,65516.7265625,721068.3125,0.001718750805594,0.0210411548614501,0.0,0.0,100.0,3
197,197,255.8966522216797,849.09814453125,0.0017167866462841,65483.09765625,720967.6875,0.0017167866462841,0.0210372656583786,0.0,0.0,100.0,3
198,198,255.8263702392578,849.0433959960938,0.0017149090999737,65447.1328125,720874.6875,0.0017149090999737,0.0210334714502096,0.0,0.0,100.0,3
199,199,255.7516021728516,848.999755859375,0.0017130791675299,65408.8828125,720800.5625,0.0017130791675299,0.0210295356810092,0.0,0.0,100.0,3
0,0,381.1845703125,621.2230224609375,0.0031684795394539,145301.671875,385918.03125,0.0031684795394539,0.0389584079384803,0.0,0.0,100.0,4
1,1,370.0267028808594,650.7186889648438,0.0030919811688363,136919.765625,423434.8125,0.0030919811688363,0.0376602932810783,0.0,0.0,100.0,4
2,2,359.7974853515625,677.113525390625,0.0030241305939853,129454.2265625,458482.71875,0.0030241305939853,0.0364455729722976,0.0,0.0,100.0,4
3,3,350.4354553222656,700.5107421875,0.0029641545843333,122805.0078125,490715.3125,0.0029641545843333,0.0353143438696861,0.0,0.0,100.0,4
4,4,341.87371826171875,721.1463623046875,0.0029112996999174,116877.640625,520052.0625,0.0029112996999174,0.03426468744874,0.0,0.0,100.0,4
5,5,334.0511474609375,739.2687377929688,0.0028648301959037,111590.171875,546518.25,0.0028648301959037,0.033289611339569,0.0,0.0,100.0,4
6,6,326.91583251953125,755.1233520507812,0.0028240818064659,106873.9609375,570211.25,0.0028240818064659,0.0323927104473114,0.0,0.0,100.0,4
7,7,320.418701171875,768.961669921875,0.0027884226292371,102668.140625,591302.0625,0.0027884226292371,0.0315691530704498,0.0,0.0,100.0,4
8,8,314.5150756835937,781.0233764648438,0.0027572631370276,98919.734375,609997.5,0.0027572631370276,0.0308140665292739,0.0,0.0,100.0,4
9,9,309.15899658203125,791.5255737304688,0.0027300587389618,95579.2890625,626512.75,0.0027300587389618,0.0301251467317342,0.0,0.0,100.0,4
10,10,304.309326171875,800.668701171875,0.0027063132729381,92604.1640625,641070.375,0.0027063132729381,0.0294899959117174,0.0,0.0,100.0,4
11,11,299.92730712890625,808.629638671875,0.0026855843607336,89956.390625,653881.875,0.0026855843607336,0.0289036966860294,0.0,0.0,100.0,4
12,12,295.9757385253906,815.5632934570312,0.0026674803812056,87601.640625,665143.5,0.0026674803812056,0.0283635668456554,0.0,0.0,100.0,4
13,13,292.4188842773437,821.60400390625,0.0026516537182033,85508.8046875,675033.125,0.0026516537182033,0.0278655253350734,0.0,0.0,100.0,4
14,14,289.2229309082031,826.8682250976562,0.0026377970352768,83649.90625,683711.0625,0.0026377970352768,0.0274061318486928,0.0,0.0,100.0,4
15,15,286.3559265136719,831.4554443359375,0.0026256416458636,81999.71875,691318.125,0.0026256416458636,0.026983356103301,0.0,0.0,100.0,4
16,16,283.78778076171875,835.45068359375,0.002614954020828,80535.5078125,697977.875,0.002614954020828,0.0265965200960636,0.0,0.0,100.0,4
17,17,281.4906005859375,838.927734375,0.0026055297348648,79236.9609375,703799.75,0.0026055297348648,0.0262519884854555,0.0,0.0,100.0,4
18,18,279.4385070800781,841.9505004882812,0.0025971934664994,78085.8828125,708880.625,0.0025971934664994,0.0259405709803104,0.0,0.0,100.0,4
19,19,277.6072998046875,844.5746459960938,0.0025897920131683,77065.8125,713306.3125,0.0025897920131683,0.0256549455225467,0.0,0.0,100.0,4
20,20,275.9747314453125,846.8485717773438,0.0025831961538642,76162.0546875,717152.5,0.0025831961538642,0.0253936387598514,0.0,0.0,100.0,4
21,21,274.5203552246094,848.8151245117188,0.0025772931985557,75361.421875,720487.125,0.0025772931985557,0.0251569710671901,0.0,0.0,100.0,4
22,22,273.2253112792969,850.5118408203125,0.0025719879195094,74652.0703125,723370.375,0.0025719879195094,0.0249432325363159,0.0,0.0,100.0,4
23,23,272.07244873046875,851.9714965820312,0.0025672009214758,74023.4140625,725855.4375,0.0025672009214758,0.0247465763241052,0.0,0.0,100.0,4
24,24,271.04620361328125,853.223388671875,0.0025628628209233,73466.046875,727990.125,0.0025628628209233,0.0245650280267,0.0,0.0,100.0,4
25,25,270.1325988769531,854.2939453125,0.0025589151773601,72971.6171875,729818.125,0.0025589151773601,0.0243970435112714,0.0,0.0,100.0,4
26,26,269.3189697265625,855.2067260742188,0.0025553083978593,72532.7109375,731378.5625,0.0025553083978593,0.024241279810667,0.0,0.0,100.0,4
27,27,268.5940246582031,855.9826049804688,0.002551999874413,72142.75,732706.25,0.002551999874413,0.0240962151437997,0.0,0.0,100.0,4
28,28,267.9476928710937,856.639892578125,0.002548954449594,71795.96875,733831.875,0.002548954449594,0.0239608790725469,0.0,0.0,100.0,4
29,29,267.3709716796875,857.1949462890625,0.0025461420882493,71487.234375,734783.1875,0.0025461420882493,0.0238346122205257,0.0,0.0,100.0,4
30,30,266.85595703125,857.662109375,0.0025435367133468,71212.1015625,735584.3125,0.0025435367133468,0.0237170793116092,0.0,0.0,100.0,4
31,31,266.39556884765625,858.0540771484375,0.0025411159731447,70966.6015625,736256.8125,0.0025411159731447,0.0236080549657344,0.0,0.0,100.0,4
32,32,265.98358154296875,858.3819580078125,0.0025388596113771,70747.265625,736819.5625,0.0025388596113771,0.0235070586204528,0.0,0.0,100.0,4
33,33,265.6144714355469,858.6553344726562,0.0025367510970681,70551.046875,737289.0,0.0025367510970681,0.0234143268316984,0.0,0.0,100.0,4
34,34,265.2833557128906,858.882568359375,0.0025347745977342,70375.2578125,737679.25,0.0025347745977342,0.0233283713459968,0.0,0.0,100.0,4
35,35,264.98583984375,859.0707397460938,0.0025329173076897,70217.4921875,738002.5625,0.0025329173076897,0.0232487730681896,0.0,0.0,100.0,4
36,36,264.7181091308594,859.2258911132812,0.0025311666540801,70075.6796875,738269.125,0.0025311666540801,0.0231769662350416,0.0,0.0,100.0,4
37,37,264.4766845703125,859.3533325195312,0.0025295121595263,69947.9140625,738488.125,0.0025295121595263,0.0231101997196674,0.0,0.0,100.0,4
38,38,264.2585144042969,859.457275390625,0.0025279442779719,69832.5625,738666.8125,0.0025279442779719,0.0230473242700099,0.0,0.0,100.0,4
39,39,264.06085205078125,859.5415649414062,0.0025264536961913,69728.1328125,738811.6875,0.0025264536961913,0.022988012060523,0.0,0.0,100.0,4
40,40,263.8812561035156,859.609130859375,0.0025250343605875,69633.3203125,738927.875,0.0025250343605875,0.0229333974421024,0.0,0.0,100.0,4
41,41,263.717529296875,859.6627197265625,0.0025236774235963,69546.9375,739020.0,0.0025236774235963,0.0228829439729452,0.0,0.0,100.0,4
42,42,263.5677185058594,859.704345703125,0.0025223782286047,69467.9453125,739091.5625,0.0025223782286047,0.0228353105485439,0.0,0.0,100.0,4
43,43,263.4301452636719,859.7359008789062,0.0025211302563548,69395.4453125,739145.8125,0.0025211302563548,0.0227902103215456,0.0,0.0,100.0,4
44,44,263.30322265625,859.7587280273438,0.0025199300143867,69328.5859375,739185.0625,0.0025199300143867,0.0227474756538867,0.0,0.0,100.0,4
45,45,263.1856384277344,859.7740478515625,0.0025187733117491,69266.6796875,739211.4375,0.0025187733117491,0.0227074790745973,0.0,0.0,100.0,4
46,46,263.0761413574219,859.7828979492188,0.0025176559574902,69209.0546875,739226.625,0.0025176559574902,0.0226707551628351,0.0,0.0,100.0,4
47,47,262.9737243652344,859.7860717773438,0.002516575390473,69155.1796875,739232.0625,0.002516575390473,0.0226365812122821,0.0,0.0,100.0,4
48,48,262.8774108886719,859.7841796875,0.0025155283510684,69104.53125,739228.8125,0.0025155283510684,0.0226044952869415,0.0,0.0,100.0,4
49,49,262.786376953125,859.7777099609375,0.0025145136751234,69056.6796875,739217.6875,0.0025145136751234,0.0225741825997829,0.0,0.0,100.0,4
50,50,262.6999206542969,859.76708984375,0.0025135278701782,69011.25,739199.4375,0.0025135278701782,0.0225454308092594,0.0,0.0,100.0,4
51,51,262.6174011230469,859.7525634765625,0.0025125702377408,68967.8984375,739174.5,0.0025125702377408,0.0225181113928556,0.0,0.0,100.0,4
52,52,262.5382385253906,859.7344970703125,0.0025116384495049,68926.328125,739143.375,0.0025116384495049,0.0224921684712171,0.0,0.0,100.0,4
53,53,262.4620056152344,859.7129516601562,0.0025107313413172,68886.3046875,739106.375,0.0025107313413172,0.0224675107747316,0.0,0.0,100.0,4
54,54,262.3882141113281,859.6881103515625,0.0025098475161939,68847.578125,739063.625,0.0025098475161939,0.0224440433084964,0.0,0.0,100.0,4
55,55,262.3165588378906,859.6600952148438,0.0025089853443205,68809.9765625,739015.5,0.0025089853443205,0.0224216803908348,0.0,0.0,100.0,4
56,56,262.2467041015625,859.6289672851562,0.002508144127205,68773.3359375,738961.9375,0.002508144127205,0.0224003717303276,0.0,0.0,100.0,4
57,57,262.1783752441406,859.5948486328125,0.0025073222350329,68737.5,738903.3125,0.0025073222350329,0.0223800614476203,0.0,0.0,100.0,4
58,58,262.1113586425781,859.5576782226562,0.0025065192021429,68702.3671875,738839.375,0.0025065192021429,0.0223607402294874,0.0,0.0,100.0,4
59,59,262.04547119140625,859.5176391601562,0.0025057336315512,68667.828125,738770.5625,0.0025057336315512,0.0223423987627029,0.0,0.0,100.0,4
60,60,261.9805908203125,859.4747314453125,0.0025049648247659,68633.828125,738696.8125,0.0025049648247659,0.02232501283288,0.0,0.0,100.0,4
61,61,261.91650390625,859.4290771484375,0.0025042116176337,68600.2578125,738618.3125,0.0025042116176337,0.022308699786663,0.0,0.0,100.0,4
62,62,261.85321044921875,859.3807373046875,0.0025034733116626,68567.1015625,738535.25,0.0025034733116626,0.0222933143377304,0.0,0.0,100.0,4
63,63,261.79058837890625,859.329833984375,0.0025027492083609,68534.3125,738447.75,0.0025027492083609,0.0222786888480186,0.0,0.0,100.0,4
64,64,261.7286071777344,859.2764892578125,0.0025020383764058,68501.8671875,738356.0625,0.0025020383764058,0.022264739498496,0.0,0.0,100.0,4
65,65,261.6672058105469,859.2208251953125,0.0025013405829668,68469.7265625,738260.4375,0.0025013405829668,0.022251384332776,0.0,0.0,100.0,4
66,66,261.6064147949219,859.1629028320312,0.0025006546638906,68437.9140625,738160.875,0.0025006546638906,0.0222385730594396,0.0,0.0,100.0,4
67,67,261.5462341308594,859.1029663085938,0.0024999808520078,68406.4296875,738057.9375,0.0024999808520078,0.0222262628376483,0.0,0.0,100.0,4
68,68,261.4866943359375,859.0411376953125,0.002499318215996,68375.2890625,737951.6875,0.002499318215996,0.0222144089639186,0.0,0.0,100.0,4
69,69,261.4277648925781,858.9775390625,0.002498666755855,68344.4765625,737842.4375,0.002498666755855,0.0222029723227024,0.0,0.0,100.0,4
70,70,261.3695373535156,858.9122924804688,0.0024980255402624,68314.03125,737730.3125,0.0024980255402624,0.0221919268369674,0.0,0.0,100.0,4
71,71,261.31201171875,858.845703125,0.0024973945692181,68283.96875,737615.9375,0.0024973945692181,0.0221813004463911,0.0,0.0,100.0,4
72,72,261.2552795410156,858.7777709960938,0.0024967733770608,68254.3203125,737499.25,0.0024967733770608,0.0221711546182632,0.0,0.0,100.0,4
73,73,261.1993408203125,858.7088012695312,0.00249616173096,68225.09375,737380.8125,0.00249616173096,0.0221614465117454,0.0,0.0,100.0,4
74,74,261.1442565917969,858.6387939453125,0.0024955598637461,68196.3203125,737260.5625,0.0024955598637461,0.0221521463245153,0.0,0.0,100.0,4
75,75,261.0900573730469,858.5680541992188,0.0024949666112661,68168.015625,737139.125,0.0024949666112661,0.0221432130783796,0.0,0.0,100.0,4
76,76,261.0367736816406,858.49658203125,0.0024943822063505,68140.1953125,737016.375,0.0024943822063505,0.0221345797181129,0.0,0.0,100.0,4
77,77,260.98443603515625,858.424560546875,0.0024938064161688,68112.875,736892.75,0.0024938064161688,0.022126205265522,0.0,0.0,100.0,4
78,78,260.93310546875,858.3521728515625,0.0024932392407208,68086.0859375,736768.4375,0.0024932392407208,0.0221180710941553,0.0,0.0,100.0,4
79,79,260.8827514648437,858.2794799804688,0.0024926806800067,68059.8125,736643.6875,0.0024926806800067,0.0221101455390453,0.0,0.0,100.0,4
80,80,260.8334350585937,858.20654296875,0.0024921298027038,68034.078125,736518.5,0.0024921298027038,0.0221024099737405,0.0,0.0,100.0,4
81,81,260.7850952148437,858.133544921875,0.0024915873073041,68008.8671875,736393.1875,0.0024915873073041,0.0220948420464992,0.0,0.0,100.0,4
82,82,260.73779296875,858.060546875,0.0024910527281463,67984.1953125,736267.875,0.0024910527281463,0.0220874808728694,0.0,0.0,100.0,4
83,83,260.69146728515625,857.9876098632812,0.002490525599569,67960.0390625,736142.75,0.002490525599569,0.022080410271883,0.0,0.0,100.0,4
84,84,260.6461181640625,857.9148559570312,0.0024900063872337,67936.3984375,736017.875,0.0024900063872337,0.0220735967159271,0.0,0.0,100.0,4
85,85,260.6016845703125,857.8422241210938,0.0024894950911402,67913.234375,735893.3125,0.0024894950911402,0.0220669265836477,0.0,0.0,100.0,4
86,86,260.5581970214844,857.7698364257812,0.0024889905471354,67890.5703125,735769.0625,0.0024889905471354,0.0220603737980127,0.0,0.0,100.0,4
87,87,260.5155639648437,857.69775390625,0.0024884941522032,67868.359375,735645.4375,0.0024884941522032,0.022053925320506,0.0,0.0,100.0,4
88,88,260.4737854003906,857.6259765625,0.0024880047421902,67846.59375,735522.3125,0.0024880047421902,0.0220475662499666,0.0,0.0,100.0,4
89,89,260.4327697753906,857.5545654296875,0.0024875225499272,67825.2265625,735399.8125,0.0024875225499272,0.0220412798225879,0.0,0.0,100.0,4
90,90,260.3925170898437,857.4834594726562,0.0024870473425835,67804.265625,735277.875,0.0024870473425835,0.0220350660383701,0.0,0.0,100.0,4
91,91,260.3529052734375,857.4126586914062,0.0024865793529897,67783.6328125,735156.4375,0.0024865793529897,0.0220289193093776,0.0,0.0,100.0,4
92,92,260.31396484375,857.34228515625,0.0024861183483153,67763.359375,735035.8125,0.0024861183483153,0.0220228396356105,0.0,0.0,100.0,4
93,93,260.27557373046875,857.272216796875,0.0024856645613908,67743.375,734915.625,0.0024856645613908,0.0220168251544237,0.0,0.0,100.0,4
94,94,260.2377319335937,857.2025146484375,0.0024852177593857,67723.6796875,734796.125,0.0024852177593857,0.0220108926296234,0.0,0.0,100.0,4
95,95,260.2003479003906,857.1331787109375,0.0024847774766385,67704.21875,734677.3125,0.0024847774766385,0.0220050457864999,0.0,0.0,100.0,4
96,96,260.16339111328125,857.064208984375,0.00248434394598,67684.9921875,734559.0625,0.00248434394598,0.0219992883503437,0.0,0.0,100.0,4
97,97,260.1268310546875,856.9955444335938,0.0024839171674102,67665.96875,734441.375,0.0024839171674102,0.0219936221837997,0.0,0.0,100.0,4
98,98,260.090576171875,856.9271850585938,0.0024834966752678,67647.109375,734324.1875,0.0024834966752678,0.0219880454242229,0.0,0.0,100.0,4
99,99,260.0546569824219,856.859130859375,0.002483082935214,67628.421875,734207.5625,0.002483082935214,0.0219826009124517,0.0,0.0,100.0,4
100,100,260.0189819335937,856.7913208007812,0.002482675248757,67609.8671875,734091.375,0.002482675248757,0.021977312862873,0.0,0.0,100.0,4
101,101,259.9835205078125,856.7237548828125,0.0024822740815579,67591.4296875,733975.5625,0.0024822740815579,0.0219721384346485,0.0,0.0,100.0,4
102,102,259.9482727050781,856.6564331054688,0.0024818782694637,67573.1015625,733860.25,0.0024818782694637,0.0219670590013265,0.0,0.0,100.0,4
103,103,259.9132080078125,856.5891723632812,0.0024814889766275,67554.875,733745.0,0.0024814889766275,0.021962072700262,0.0,0.0,100.0,4
104,104,259.8782958984375,856.5220947265625,0.0024811050388962,67536.7265625,733630.125,0.0024811050388962,0.0219571609050035,0.0,0.0,100.0,4
105,105,259.8434753417969,856.4550170898438,0.0024807269219309,67518.6328125,733515.1875,0.0024807269219309,0.0219523143023252,0.0,0.0,100.0,4
106,106,259.8088073730469,856.3878784179688,0.002480354392901,67500.6171875,733400.1875,0.002480354392901,0.0219475291669368,0.0,0.0,100.0,4
107,107,259.7742004394531,856.3207397460938,0.0024799867533147,67482.6328125,733285.1875,0.0024799867533147,0.0219427868723869,0.0,0.0,100.0,4
108,108,259.7396850585937,856.25341796875,0.0024796249344944,67464.703125,733169.9375,0.0024796249344944,0.0219380892813205,0.0,0.0,100.0,4
109,109,259.7052307128906,856.1859130859375,0.0024792677722871,67446.8046875,733054.3125,0.0024792677722871,0.0219334214925766,0.0,0.0,100.0,4
110,110,259.6708068847656,856.1181030273438,0.0024789152666926,67428.9296875,732938.1875,0.0024789152666926,0.0219287909567356,0.0,0.0,100.0,4
111,111,259.636474609375,856.0499877929688,0.0024785676505416,67411.1015625,732821.5625,0.0024785676505416,0.0219241995364427,0.0,0.0,100.0,4
112,112,259.60211181640625,855.9814453125,0.0024782249238342,67393.2578125,732704.25,0.0024782249238342,0.0219196621328592,0.0,0.0,100.0,4
113,113,259.5678100585937,855.912353515625,0.0024778861552476,67375.4453125,732585.9375,0.0024778861552476,0.0219151750206947,0.0,0.0,100.0,4
114,114,259.53350830078125,855.8427734375,0.0024775508791208,67357.640625,732466.875,0.0024775508791208,0.0219107456505298,0.0,0.0,100.0,4
115,115,259.49920654296875,855.7725830078125,0.0024772193282842,67339.8359375,732346.6875,0.0024772193282842,0.0219063945114612,0.0,0.0,100.0,4
116,116,259.46490478515625,855.7018432617188,0.0024768910370767,67322.0390625,732225.625,0.0024768910370767,0.0219021569937467,0.0,0.0,100.0,4
117,117,259.4305725097656,855.6304931640625,0.0024765664711594,67304.21875,732103.5625,0.0024765664711594,0.0218979995697736,0.0,0.0,100.0,4
118,118,259.396240234375,855.5584106445312,0.0024762442335486,67286.40625,731980.1875,0.0024762442335486,0.0218939054757356,0.0,0.0,100.0,4
119,119,259.3618469238281,855.4857177734375,0.0024759247899055,67268.5703125,731855.8125,0.0024759247899055,0.0218898691236972,0.0,0.0,100.0,4
120,120,259.327392578125,855.412353515625,0.0024756081402301,67250.6953125,731730.3125,0.0024756081402301,0.0218858942389488,0.0,0.0,100.0,4
121,121,259.2928466796875,855.3382568359375,0.0024752933531999,67232.78125,731603.5625,0.0024752933531999,0.0218819826841354,0.0,0.0,100.0,4
122,122,259.2582397460937,855.2634887695312,0.0024749804288148,67214.8359375,731475.625,0.0024749804288148,0.0218781325966119,0.0,0.0,100.0,4
123,123,259.2235107421875,855.1881103515625,0.0024746695999056,67196.828125,731346.6875,0.0024746695999056,0.0218743365257978,0.0,0.0,100.0,4
124,124,259.18865966796875,855.112060546875,0.0024743599351495,67178.7578125,731216.625,0.0024743599351495,0.0218705926090478,0.0,0.0,100.0,4
125,125,259.1536865234375,855.035400390625,0.002474051201716,67160.6328125,731085.5625,0.002474051201716,0.0218669027090072,0.0,0.0,100.0,4
126,126,259.1185607910156,854.9581298828125,0.0024737431667745,67142.4296875,730953.375,0.0024737431667745,0.0218632537871599,0.0,0.0,100.0,4
127,127,259.083251953125,854.8803100585938,0.0024734353646636,67124.1328125,730820.375,0.0024734353646636,0.021859647706151,0.0,0.0,100.0,4
128,128,259.0477905273437,854.802001953125,0.0024731280282139,67105.7578125,730686.4375,0.0024731280282139,0.0218560863286256,0.0,0.0,100.0,4
129,129,259.0120849609375,854.72314453125,0.0024728199932724,67087.2578125,730551.625,0.0024728199932724,0.0218525677919387,0.0,0.0,100.0,4
130,130,258.9761657714844,854.6438598632812,0.0024725121911615,67068.65625,730416.125,0.0024725121911615,0.0218491032719612,0.0,0.0,100.0,4
131,131,258.9400329589844,854.5641479492188,0.0024722032248973,67049.9375,730279.875,0.0024722032248973,0.0218457132577896,0.0,0.0,100.0,4
132,132,258.9036560058594,854.4839477539062,0.0024718933273106,67031.1015625,730142.8125,0.0024718933273106,0.0218423847109079,0.0,0.0,100.0,4
133,133,258.8670349121094,854.4033813476562,0.0024715820327401,67012.140625,730005.125,0.0024715820327401,0.0218391045928001,0.0,0.0,100.0,4
134,134,258.83013916015625,854.3223876953125,0.0024712686426937,66993.0390625,729866.75,0.0024712686426937,0.0218358691781759,0.0,0.0,100.0,4
135,135,258.79296875,854.2410278320312,0.0024709533900022,66973.796875,729727.75,0.0024709533900022,0.0218326784670352,0.0,0.0,100.0,4
136,136,258.7555236816406,854.1593017578125,0.0024706355761736,66954.421875,729588.125,0.0024706355761736,0.0218295380473136,0.0,0.0,100.0,4
137,137,258.7177734375,854.0772094726562,0.0024703152012079,66934.8828125,729447.875,0.0024703152012079,0.0218264609575271,0.0,0.0,100.0,4
138,138,258.6797180175781,853.9946899414062,0.0024699915666133,66915.1953125,729306.9375,0.0024699915666133,0.0218234565109014,0.0,0.0,100.0,4
139,139,258.6413269042969,853.9118041992188,0.0024696649052202,66895.3359375,729165.375,0.0024696649052202,0.0218205396085977,0.0,0.0,100.0,4
140,140,258.6025695800781,853.8285522460938,0.0024693342857062,66875.2890625,729023.1875,0.0024693342857062,0.0218179207295179,0.0,0.0,100.0,4
141,141,258.5635070800781,853.7449340820312,0.0024689994752407,66855.0859375,728880.4375,0.0024689994752407,0.0218155737966299,0.0,0.0,100.0,4
142,142,258.5240478515625,853.6609497070312,0.0024686600081622,66834.6796875,728737.0,0.0024686600081622,0.0218132827430963,0.0,0.0,100.0,4
143,143,258.4842834472656,853.5765991210938,0.0024683147203177,66814.125,728593.0,0.0024683147203177,0.0218110308051109,0.0,0.0,100.0,4
144,144,258.44415283203125,853.4920043945312,0.0024679647758603,66793.3828125,728448.625,0.0024679647758603,0.0218088142573833,0.0,0.0,100.0,4
145,145,258.4036865234375,853.4071655273438,0.0024676076136529,66772.46875,728303.8125,0.0024676076136529,0.0218066368252038,0.0,0.0,100.0,4
146,146,258.3628845214844,853.3220825195312,0.0024672436993569,66751.3828125,728158.5625,0.0024672436993569,0.0218045096844434,0.0,0.0,100.0,4
147,147,258.3217163085937,853.2367553710938,0.0024668728001415,66730.109375,728012.9375,0.0024668728001415,0.0218024309724569,0.0,0.0,100.0,4
148,148,258.2802429199219,853.1512451171875,0.0024664942175149,66708.6875,727867.0625,0.0024664942175149,0.0218004025518894,0.0,0.0,100.0,4
149,149,258.2383728027344,853.0654907226562,0.0024661067873239,66687.0546875,727720.75,0.0024661067873239,0.0217984057962894,0.0,0.0,100.0,4
150,150,258.1961364746094,852.9796142578125,0.0024657100439071,66665.2421875,727574.25,0.0024657100439071,0.0217964276671409,0.0,0.0,100.0,4
151,151,258.153564453125,852.8934936523438,0.0024653032887727,66643.265625,727427.3125,0.0024653032887727,0.0217944607138633,0.0,0.0,100.0,4
152,152,258.110595703125,852.8072509765625,0.0024648858234286,66621.078125,727280.1875,0.0024648858234286,0.0217925123870372,0.0,0.0,100.0,4
153,153,258.0672302246094,852.7208251953125,0.002464456949383,66598.6953125,727132.8125,0.002464456949383,0.0217905770987272,0.0,0.0,100.0,4
154,154,258.0234680175781,852.63427734375,0.0024640157353132,66576.109375,726985.1875,0.0024640157353132,0.0217886455357074,0.0,0.0,100.0,4
155,155,257.9792785644531,852.5474853515625,0.0024635610170662,66553.3046875,726837.1875,0.0024635610170662,0.0217867232859134,0.0,0.0,100.0,4
156,156,257.9346923828125,852.46044921875,0.0024630923289805,66530.3046875,726688.8125,0.0024630923289805,0.0217848084867,0.0,0.0,100.0,4
157,157,257.8896484375,852.3732299804688,0.002462608506903,66507.0703125,726540.125,0.002462608506903,0.021782899275422,0.0,0.0,100.0,4
158,158,257.8441467285156,852.2857666015625,0.0024621081538498,66483.6015625,726391.0,0.0024621081538498,0.0217810031026601,0.0,0.0,100.0,4
159,159,257.79815673828125,852.1979370117188,0.0024615912698209,66459.890625,726241.3125,0.0024615912698209,0.0217791106551885,0.0,0.0,100.0,4
160,160,257.751708984375,852.1098022460938,0.0024610552936792,66435.9453125,726091.125,0.0024610552936792,0.0217772256582975,0.0,0.0,100.0,4
161,161,257.7047424316406,852.021240234375,0.0024604992941021,66411.734375,725940.1875,0.0024604992941021,0.021775359287858,0.0,0.0,100.0,4
162,162,257.65728759765625,851.9322509765625,0.0024599221069365,66387.28125,725788.5625,0.0024599221069365,0.0217735078185796,0.0,0.0,100.0,4
163,163,257.6093444824219,851.8427124023438,0.0024593225680291,66362.578125,725636.0,0.0024593225680291,0.0217716749757528,0.0,0.0,100.0,4
164,164,257.5609130859375,851.7526245117188,0.0024586981162428,66337.625,725482.5625,0.0024586981162428,0.021769855171442,0.0,0.0,100.0,4
165,165,257.511962890625,851.6619262695312,0.0024580475874245,66312.4140625,725328.0625,0.0024580475874245,0.0217680521309375,0.0,0.0,100.0,4
166,166,257.4624938964844,851.570556640625,0.0024573691189289,66286.9375,725172.4375,0.0024573691189289,0.02176627330482,0.0,0.0,100.0,4
167,167,257.4125366210937,851.478515625,0.0024566608481109,66261.2109375,725015.6875,0.0024566608481109,0.0217645168304443,0.0,0.0,100.0,4
168,168,257.3620300292969,851.3856201171875,0.0024559209123253,66235.2109375,724857.5,0.0024559209123253,0.0217627957463264,0.0,0.0,100.0,4
169,169,257.31103515625,851.2918701171875,0.0024551458191126,66208.96875,724697.875,0.0024551458191126,0.0217611119151115,0.0,0.0,100.0,4
170,170,257.2594909667969,851.1971435546875,0.002454335335642,66182.4453125,724536.5625,0.002454335335642,0.0217594746500253,0.0,0.0,100.0,4
171,171,257.2074584960937,851.1011962890625,0.0024534855037927,66155.6796875,724373.25,0.0024534855037927,0.0217578802257776,0.0,0.0,100.0,4
172,172,257.1548767089844,851.00390625,0.0024525937624275,66128.6328125,724207.625,0.0024525937624275,0.0217563435435295,0.0,0.0,100.0,4
173,173,257.1017761230469,850.9052124023438,0.0024516568519175,66101.3203125,724039.6875,0.0024516568519175,0.0217548664659261,0.0,0.0,100.0,4
174,174,257.0481262207031,850.8049926757812,0.0024506712798029,66073.7421875,723869.125,0.0024506712798029,0.0217534657567739,0.0,0.0,100.0,4
175,175,256.9939270019531,850.7031860351562,0.0024496335536241,66045.875,723695.9375,0.0024496335536241,0.0217521525919437,0.0,0.0,100.0,4
176,176,256.9391174316406,850.5997314453125,0.0024485401809215,66017.7109375,723519.875,0.0024485401809215,0.0217509195208549,0.0,0.0,100.0,4
177,177,256.8836975097656,850.4945068359375,0.0024473865050822,65989.234375,723340.875,0.0024473865050822,0.0217497739940881,0.0,0.0,100.0,4
178,178,256.8276672363281,850.3875122070312,0.0024461688008159,65960.453125,723158.9375,0.0024461688008159,0.0217487160116434,0.0,0.0,100.0,4
179,179,256.7709655761719,850.278564453125,0.0024448817130178,65931.328125,722973.625,0.0024448817130178,0.0217477530241012,0.0,0.0,100.0,4
180,180,256.71356201171875,850.1675415039062,0.002443519886583,65901.8515625,722784.875,0.002443519886583,0.0217468850314617,0.0,0.0,100.0,4
181,181,256.6554260253906,850.0542602539062,0.0024420779664069,65872.0078125,722592.25,0.0024420779664069,0.0217461213469505,0.0,0.0,100.0,4
182,182,256.5965881347656,849.9385986328125,0.0024405494332313,65841.8125,722395.625,0.0024405494332313,0.0217454712837934,0.0,0.0,100.0,4
183,183,256.5369567871094,849.8203735351562,0.0024389275349676,65811.2109375,722194.6875,0.0024389275349676,0.0217449367046356,0.0,0.0,100.0,4
184,184,256.4765014648437,849.6993408203125,0.0024372052866965,65780.1953125,721989.0,0.0024372052866965,0.0217445399612188,0.0,0.0,100.0,4
185,185,256.4151916503906,849.5753784179688,0.0024353747721761,65748.75,721778.3125,0.0024353747721761,0.0217442903667688,0.0,0.0,100.0,4
186,186,256.3529663085937,849.4483032226562,0.0024334285408258,65716.84375,721562.4375,0.0024334285408258,0.0217442009598016,0.0,0.0,100.0,4
187,187,256.28973388671875,849.3179321289062,0.0024313600733876,65684.4296875,721340.9375,0.0024313600733876,0.0217442568391561,0.0,0.0,100.0,4
188,188,256.2254638671875,849.183837890625,0.002429156564176,65651.4921875,721113.1875,0.002429156564176,0.021744443103671,0.0,0.0,100.0,4
189,189,256.1600952148437,849.0455322265625,0.002426806371659,65617.9921875,720878.3125,0.002426806371659,0.0217447709292173,0.0,0.0,100.0,4
190,190,256.0936279296875,848.9024047851562,0.0024242957588285,65583.9453125,720635.3125,0.0024242957588285,0.0217452347278594,0.0,0.0,100.0,4
191,191,256.0259704589844,848.75390625,0.0024216114543378,65549.296875,720383.1875,0.0024216114543378,0.021745853126049,0.0,0.0,100.0,4
192,192,255.95709228515625,848.5993041992188,0.0024187383241951,65514.03125,720120.75,0.0024187383241951,0.0217466577887535,0.0,0.0,100.0,4
193,193,255.88694763183597,848.4379272460938,0.0024156593717634,65478.12890625,719846.9375,0.0024156593717634,0.0217476766556501,0.0,0.0,100.0,4
194,194,255.81544494628903,848.26904296875,0.0024123550392687,65441.54296875,719560.375,0.0024123550392687,0.0217489264905452,0.0,0.0,100.0,4
195,195,255.74249267578125,848.092041015625,0.002408804371953,65404.22265625,719260.125,0.002408804371953,0.0217504780739545,0.0,0.0,100.0,4
196,196,255.6679534912109,847.9061279296875,0.0024049845524132,65366.1015625,718944.8125,0.0024049845524132,0.0217523537576198,0.0,0.0,100.0,4
197,197,255.59173583984372,847.7105712890625,0.0024008711334317,65327.13671875,718613.1875,0.0024008711334317,0.0217545721679925,0.0,0.0,100.0,4
198,198,255.51373291015625,847.504150390625,0.0023964364081621,65287.26953125,718263.3125,0.0023964364081621,0.0217571817338466,0.0,0.0,100.0,4
199,199,255.43382263183597,847.2857666015625,0.0023916491772979,65246.4375,717893.1875,0.0023916491772979,0.021760243922472,0.0,0.0,100.0,4
0,0,195.5106506347656,609.9624633789062,0.0033540285658091,38224.4140625,372054.21875,0.0033540285658091,0.0389383099973201,0.0,0.0,100.0,5
1,1,138.16079711914062,637.5381469726562,0.0032571859192103,19088.40625,406454.875,0.0032571859192103,0.0377227924764156,0.0,0.0,100.0,5
2,2,87.5958251953125,662.302001953125,0.0031706243753433,7673.02880859375,438643.9375,0.0031706243753433,0.0365745313465595,0.0,0.0,100.0,5
3,3,42.957122802734375,684.7300415039062,0.0030935229733586,1845.314453125,468855.21875,0.0030935229733586,0.0354930981993675,0.0,0.0,100.0,5
4,4,3.655059814453125,705.0260620117188,0.0030250765848904,13.359461784362791,497061.75,0.0030250765848904,0.0344781950116157,0.0,0.0,100.0,5
5,5,30.834625244140625,723.3499755859375,0.0029644984751939,950.7741088867188,523235.1875,0.0029644984751939,0.0335318371653556,0.0,0.0,100.0,5
6,6,61.00648498535156,739.8504638671875,0.0029110289178788,3721.791259765625,547378.6875,0.0029110289178788,0.0326597318053245,0.0,0.0,100.0,5
7,7,87.31997680664062,754.6676025390625,0.0028639484662562,7624.7783203125,569523.1875,0.0028639484662562,0.031860627233982,0.0,0.0,100.0,5
8,8,110.20343017578124,767.9362182617188,0.0028225798159837,12144.7958984375,589726.0625,0.0028225798159837,0.0311333537101745,0.0,0.0,100.0,5
9,9,130.05224609375,779.7867431640625,0.0027862947899848,16913.5859375,608067.375,0.0027862947899848,0.0304681248962879,0.0,0.0,100.0,5
10,10,147.22976684570312,790.3453369140625,0.0027545145712792,21676.603515625,624645.75,0.0027545145712792,0.0298511665314435,0.0,0.0,100.0,5
11,11,162.06710815429688,799.732177734375,0.002726714592427,26265.748046875,639571.5625,0.002726714592427,0.0292786173522472,0.0,0.0,100.0,5
12,12,174.8632049560547,808.0609130859375,0.0027024215087294,30577.140625,652962.4375,0.0027024215087294,0.0287472307682037,0.0,0.0,100.0,5
13,13,185.8870849609375,815.4373168945312,0.0026812106370925,34554.0078125,664938.0,0.0026812106370925,0.0282540284097194,0.0,0.0,100.0,5
14,14,195.37924194335935,821.9588623046875,0.0026626992039382,38173.046875,675616.375,0.0026626992039382,0.0277971066534519,0.0,0.0,100.0,5
15,15,203.55123901367188,827.7137451171875,0.0026465472765266,41433.10546875,685110.0625,0.0026465472765266,0.0273759290575981,0.0,0.0,100.0,5
16,16,210.58743286132807,832.7813110351562,0.0026324538048356,44347.06640625,693524.6875,0.0026324538048356,0.0269906632602214,0.0,0.0,100.0,5
17,17,216.64724731445312,837.2322387695312,0.0026201547589153,46936.03125,700957.8125,0.0026201547589153,0.0266370344907045,0.0,0.0,100.0,5
18,18,221.86859130859372,841.1297607421875,0.0026094168424606,49225.671875,707499.25,0.0026094168424606,0.026316637173295,0.0,0.0,100.0,5
19,19,226.37001037597656,844.5303955078125,0.0026000344660133,51243.3828125,713231.5625,0.0026000344660133,0.0260206311941146,0.0,0.0,100.0,5
20,20,230.2533264160156,847.4848022460938,0.002591828815639,53016.59375,718230.5,0.002591828815639,0.0257469043135643,0.0,0.0,100.0,5
21,21,233.6058349609375,850.03857421875,0.0025846420321613,54571.6875,722565.5625,0.0025846420321613,0.0254961159080266,0.0,0.0,100.0,5
22,22,236.5023498535156,852.23291015625,0.0025783358141779,55933.36328125,726300.9375,0.0025783358141779,0.0252655707299709,0.0,0.0,100.0,5
23,23,239.00704956054688,854.1051635742188,0.0025727888569235,57124.37109375,729495.625,0.0025727888569235,0.0250529013574123,0.0,0.0,100.0,5
24,24,241.1747283935547,855.6893920898438,0.0025678963866084,58165.25,732204.3125,0.0025678963866084,0.0248548816889524,0.0,0.0,100.0,5
25,25,243.05235290527344,857.016845703125,0.0025635664351284,59074.4453125,734477.875,0.0025635664351284,0.0246704444289207,0.0,0.0,100.0,5
26,26,244.6800537109375,858.1160278320312,0.0025597191415727,59868.328125,736363.125,0.0025597191415727,0.0244981236755847,0.0,0.0,100.0,5
27,27,246.09231567382807,859.0131225585938,0.0025562848895788,60561.4296875,737903.5625,0.0025562848895788,0.0243370905518531,0.0,0.0,100.0,5
28,28,247.3187255859375,859.7324829101562,0.00255320337601,61166.55078125,739139.9375,0.00255320337601,0.0241867341101169,0.0,0.0,100.0,5
29,29,248.3847503662109,860.29638671875,0.0025504236109554,61694.984375,740109.875,0.0025504236109554,0.0240468736737966,0.0,0.0,100.0,5
30,30,249.31216430664065,860.725341796875,0.0025479006581008,62156.5546875,740848.125,0.0025479006581008,0.0239193253219127,0.0,0.0,100.0,5
31,31,250.11981201171875,861.0381469726562,0.0025455963332206,62559.921875,741386.6875,0.0025455963332206,0.0238107908517122,0.0,0.0,100.0,5
32,32,250.8238983154297,861.2520141601562,0.0025434787385165,62912.62890625,741755.0625,0.0025434787385165,0.023710012435913,0.0,0.0,100.0,5
33,33,251.4384613037109,861.3826293945312,0.0025415201671421,63221.30078125,741980.0625,0.0025415201671421,0.0236153230071067,0.0,0.0,100.0,5
34,34,251.9756774902344,861.4440307617188,0.0025396978016942,63491.7421875,742085.8125,0.0025396978016942,0.0235257148742675,0.0,0.0,100.0,5
35,35,252.44607543945312,861.4488525390625,0.0025379918515682,63729.01953125,742094.125,0.0025379918515682,0.0234407372772693,0.0,0.0,100.0,5
36,36,252.8588409423828,861.4083862304688,0.0025363864842802,63937.59375,742024.4375,0.0025363864842802,0.0233598388731479,0.0,0.0,100.0,5
37,37,253.2219696044922,861.3324584960938,0.0025348684284836,64121.3671875,741893.625,0.0025348684284836,0.023282915353775,0.0,0.0,100.0,5
38,38,253.54241943359372,861.2296752929688,0.0025334269739687,64283.7578125,741716.5625,0.0025334269739687,0.0232097506523132,0.0,0.0,100.0,5
39,39,253.8262634277344,861.1073608398438,0.0025320521090179,64427.7734375,741505.875,0.0025320521090179,0.0231399536132812,0.0,0.0,100.0,5
40,40,254.0787811279297,860.9718627929688,0.0025307375472038,64556.02734375,741272.5625,0.0025307375472038,0.0230739470571279,0.0,0.0,100.0,5
41,41,254.3045654296875,860.8282470703125,0.0025294767692685,64670.8125,741025.25,0.0025294767692685,0.0230115577578544,0.0,0.0,100.0,5
42,42,254.50759887695312,860.6808471679688,0.0025282655842602,64774.1171875,740771.5,0.0025282655842602,0.0229519736021757,0.0,0.0,100.0,5
43,43,254.69129943847656,860.5330810546875,0.002527100034058,64867.65625,740517.1875,0.002527100034058,0.022895036265254,0.0,0.0,100.0,5
44,44,254.8585968017578,860.3875732421875,0.0025259759277105,64952.90625,740266.75,0.0025259759277105,0.0228406451642513,0.0,0.0,100.0,5
45,45,255.01199340820312,860.2463989257812,0.0025248911697417,65031.1171875,740023.875,0.0025248911697417,0.0227887108922004,0.0,0.0,100.0,5
46,46,255.1535797119141,860.1109008789062,0.0025238434318453,65103.34765625,739790.75,0.0025238434318453,0.0227391719818115,0.0,0.0,100.0,5
47,47,255.2850799560547,859.9819946289062,0.0025228303857147,65170.47265625,739569.0,0.0025228303857147,0.0226919502019882,0.0,0.0,100.0,5
48,48,255.407958984375,859.8602905273438,0.002521849470213,65233.2265625,739359.75,0.002521849470213,0.0226469617336988,0.0,0.0,100.0,5
49,49,255.52333068847656,859.745849609375,0.0025208995211869,65292.171875,739162.9375,0.0025208995211869,0.0226041860878467,0.0,0.0,100.0,5
50,50,255.6321258544922,859.6386108398438,0.00251997821033,65347.78515625,738978.5625,0.00251997821033,0.0225635915994644,0.0,0.0,100.0,5
51,51,255.73504638671875,859.5382080078125,0.0025190832093358,65400.4140625,738805.9375,0.0025190832093358,0.0225251205265522,0.0,0.0,100.0,5
52,52,255.8325958251953,859.4441528320312,0.0025182133540511,65450.31640625,738644.25,0.0025182133540511,0.0224886909127235,0.0,0.0,100.0,5
53,53,255.92518615722656,859.3558959960938,0.0025173660833388,65497.69921875,738492.5625,0.0025173660833388,0.0224542394280433,0.0,0.0,100.0,5
54,54,256.0130615234375,859.2725830078125,0.0025165400002151,65542.6875,738349.375,0.0025165400002151,0.0224217027425766,0.0,0.0,100.0,5
55,55,256.0963439941406,859.193603515625,0.0025157325435429,65585.3359375,738213.625,0.0025157325435429,0.0223909895867109,0.0,0.0,100.0,5
56,56,256.1752014160156,859.1180419921875,0.0025149423163384,65625.734375,738083.8125,0.0025149423163384,0.0223620180040597,0.0,0.0,100.0,5
57,57,256.2496337890625,859.0452270507812,0.0025141674559563,65663.875,737958.6875,0.0025141674559563,0.0223347153514623,0.0,0.0,100.0,5
58,58,256.31964111328125,858.9744873046875,0.0025134067982435,65699.7578125,737837.1875,0.0025134067982435,0.0223090052604675,0.0,0.0,100.0,5
59,59,256.3851928710937,858.905029296875,0.0025126573164016,65733.3671875,737717.875,0.0025126573164016,0.022284809499979,0.0,0.0,100.0,5
60,60,256.4462585449219,858.8363037109375,0.0025119192432612,65764.6796875,737599.8125,0.0025119192432612,0.0222620572894811,0.0,0.0,100.0,5
61,61,256.5027770996094,858.767822265625,0.0025111900176852,65793.671875,737482.1875,0.0025111900176852,0.022240649908781,0.0,0.0,100.0,5
62,62,256.5547790527344,858.6990356445312,0.0025104682426899,65820.3515625,737364.0625,0.0025104682426899,0.0222205035388469,0.0,0.0,100.0,5
63,63,256.6022033691406,858.629638671875,0.0025097536854445,65844.6875,737244.875,0.0025097536854445,0.022201532498002,0.0,0.0,100.0,5
64,64,256.64501953125,858.5592651367188,0.0025090449489653,65866.6640625,737124.0,0.0025090449489653,0.0221836753189563,0.0,0.0,100.0,5
65,65,256.6833190917969,858.4876708984375,0.0025083411019295,65886.328125,737001.0625,0.0025083411019295,0.0221668593585491,0.0,0.0,100.0,5
66,66,256.71710205078125,858.4147338867188,0.0025076412130147,65903.671875,736875.875,0.0025076412130147,0.0221510343253612,0.0,0.0,100.0,5
67,67,256.7464294433594,858.34033203125,0.0025069452822208,65918.7265625,736748.125,0.0025069452822208,0.0221361331641674,0.0,0.0,100.0,5
68,68,256.7713928222656,858.264404296875,0.0025062523782253,65931.546875,736617.8125,0.0025062523782253,0.0221221279352903,0.0,0.0,100.0,5
69,69,256.7921142578125,858.1868896484375,0.0025055620353668,65942.1875,736484.75,0.0025055620353668,0.0221089608967304,0.0,0.0,100.0,5
70,70,256.8087158203125,858.10791015625,0.0025048740208148,65950.71875,736349.1875,0.0025048740208148,0.0220965985208749,0.0,0.0,100.0,5
71,71,256.8213195800781,858.0274658203125,0.0025041881017386,65957.1875,736211.125,0.0025041881017386,0.0220850110054016,0.0,0.0,100.0,5
72,72,256.830078125,857.9454956054688,0.0025035042781382,65961.6875,736070.5,0.0025035042781382,0.0220741685479879,0.0,0.0,100.0,5
73,73,256.8351745605469,857.8622436523438,0.002502821618691,65964.3046875,735927.625,0.002502821618691,0.0220641084015369,0.0,0.0,100.0,5
74,74,256.8368225097656,857.7776489257812,0.0025021405890583,65965.15625,735782.5,0.0025021405890583,0.0220548063516616,0.0,0.0,100.0,5
75,75,256.83514404296875,857.6917724609375,0.0025014611892402,65964.2890625,735635.1875,0.0025014611892402,0.0220461934804916,0.0,0.0,100.0,5
76,76,256.8303527832031,857.604736328125,0.0025007827207446,65961.828125,735485.875,0.0025007827207446,0.0220382157713174,0.0,0.0,100.0,5
77,77,256.8226623535156,857.5164794921875,0.0025001054164022,65957.8828125,735334.5,0.0025001054164022,0.0220307670533657,0.0,0.0,100.0,5
78,78,256.8122253417969,857.427001953125,0.0024994295090436,65952.515625,735181.0625,0.0024994295090436,0.0220237132161855,0.0,0.0,100.0,5
79,79,256.7992858886719,857.3363647460938,0.002498754300177,65945.875,735025.625,0.002498754300177,0.0220169890671968,0.0,0.0,100.0,5
80,80,256.783935546875,857.2444458007812,0.002498080022633,65937.9921875,734868.0625,0.002498080022633,0.0220105536282062,0.0,0.0,100.0,5
81,81,256.7664489746094,857.1512451171875,0.0024974066764116,65929.0078125,734708.25,0.0024974066764116,0.0220043715089559,0.0,0.0,100.0,5
82,82,256.7469482421875,857.0565795898438,0.0024967337958514,65918.9921875,734546.0,0.0024967337958514,0.0219984799623489,0.0,0.0,100.0,5
83,83,256.7255859375,856.96044921875,0.0024960616137832,65908.0234375,734381.1875,0.0024960616137832,0.0219934713095426,0.0,0.0,100.0,5
84,84,256.7025146484375,856.8627319335938,0.0024953898973762,65896.1796875,734213.75,0.0024953898973762,0.0219888240098953,0.0,0.0,100.0,5
85,85,256.6778869628906,856.7632446289062,0.0024947188794612,65883.5390625,734043.25,0.0024947188794612,0.0219843387603759,0.0,0.0,100.0,5
86,86,256.6517944335937,856.6618041992188,0.0024940483272075,65870.140625,733869.4375,0.0024940483272075,0.0219799876213073,0.0,0.0,100.0,5
87,87,256.6244201660156,856.5584106445312,0.0024933780077844,65856.09375,733692.3125,0.0024933780077844,0.021975751966238,0.0,0.0,100.0,5
88,88,256.5958251953125,856.4529418945312,0.002492707921192,65841.4140625,733511.625,0.002492707921192,0.0219716094434261,0.0,0.0,100.0,5
89,89,256.56610107421875,856.3450927734375,0.0024920380674302,65826.1640625,733326.9375,0.0024920380674302,0.0219675656408071,0.0,0.0,100.0,5
90,90,256.5353698730469,856.2349243164062,0.0024913682136684,65810.3984375,733138.25,0.0024913682136684,0.0219636280089616,0.0,0.0,100.0,5
91,91,256.503662109375,856.122314453125,0.0024906985927373,65794.125,732945.4375,0.0024906985927373,0.021959763020277,0.0,0.0,100.0,5
92,92,256.4710693359375,856.0071411132812,0.0024900287389755,65777.40625,732748.25,0.0024900287389755,0.0219559762626886,0.0,0.0,100.0,5
93,93,256.4375915527344,855.8893432617188,0.002489358652383,65760.2421875,732546.5625,0.002489358652383,0.0219523012638092,0.0,0.0,100.0,5
94,94,256.4033508300781,855.7689208984375,0.0024886885657906,65742.6796875,732340.4375,0.0024886885657906,0.0219487380236387,0.0,0.0,100.0,5
95,95,256.3683166503906,855.6459350585938,0.0024880175478756,65724.7109375,732129.9375,0.0024880175478756,0.0219452809542417,0.0,0.0,100.0,5
96,96,256.3325500488281,855.5203857421875,0.0024873460642993,65706.375,731915.125,0.0024873460642993,0.021941915154457,0.0,0.0,100.0,5
97,97,256.2960510253906,855.3923950195312,0.0024866741150617,65687.6640625,731696.125,0.0024866741150617,0.0219386350363492,0.0,0.0,100.0,5
98,98,256.2588806152344,855.2620849609375,0.0024860007688403,65668.6171875,731473.25,0.0024860007688403,0.0219354443252086,0.0,0.0,100.0,5
99,99,256.2210693359375,855.129638671875,0.0024853262584656,65649.234375,731246.6875,0.0024853262584656,0.0219323150813579,0.0,0.0,100.0,5
100,100,256.1826477050781,854.9952392578125,0.0024846498854458,65629.546875,731016.875,0.0024846498854458,0.021929282695055,0.0,0.0,100.0,5
101,101,256.1435852050781,854.8591918945312,0.0024839718826115,65609.5390625,730784.25,0.0024839718826115,0.0219264049082994,0.0,0.0,100.0,5
102,102,256.1039428710937,854.7217407226562,0.0024832915514707,65589.2265625,730549.25,0.0024832915514707,0.0219236649572849,0.0,0.0,100.0,5
103,103,256.0637512207031,854.5831909179688,0.0024826084263622,65568.6484375,730312.4375,0.0024826084263622,0.0219210367649793,0.0,0.0,100.0,5
104,104,256.02301025390625,854.4439086914062,0.0024819220416247,65547.78125,730074.375,0.0024819220416247,0.0219185017049312,0.0,0.0,100.0,5
105,105,255.98178100585935,854.30419921875,0.0024812316987663,65526.671875,729835.6875,0.0024812316987663,0.0219160467386245,0.0,0.0,100.0,5
106,106,255.9400787353516,854.1643676757812,0.0024805369321256,65505.32421875,729596.75,0.0024805369321256,0.0219136551022529,0.0,0.0,100.0,5
107,107,255.8979339599609,854.0248413085938,0.0024798370432108,65483.75390625,729358.4375,0.0024798370432108,0.0219113416969776,0.0,0.0,100.0,5
108,108,255.85540771484372,853.8860473632812,0.0024791313335299,65461.98828125,729121.375,0.0024791313335299,0.0219091214239597,0.0,0.0,100.0,5
109,109,255.81253051757807,853.7481689453125,0.0024784186389297,65440.05078125,728885.9375,0.0024784186389297,0.0219070501625537,0.0,0.0,100.0,5
110,110,255.76934814453125,853.6116943359375,0.0024776984937489,65417.9609375,728652.9375,0.0024776984937489,0.0219057686626911,0.0,0.0,100.0,5
111,111,255.7259063720703,853.4769287109375,0.0024769692681729,65395.73828125,728422.875,0.0024769692681729,0.0219051111489534,0.0,0.0,100.0,5
112,112,255.6822662353516,853.3441162109375,0.0024762309622019,65373.421875,728196.1875,0.0024762309622019,0.0219045169651508,0.0,0.0,100.0,5
113,113,255.63845825195312,853.2135620117188,0.00247548148036,65351.01953125,727973.375,0.00247548148036,0.0219039656221866,0.0,0.0,100.0,5
114,114,255.59454345703125,853.0856323242188,0.0024747201241552,65328.5703125,727755.125,0.0024747201241552,0.021903458982706,0.0,0.0,100.0,5
115,115,255.5505828857422,852.9605102539062,0.0024739457294344,65306.1015625,727541.625,0.0024739457294344,0.0219029821455478,0.0,0.0,100.0,5
116,116,255.5066070556641,852.8383178710938,0.0024731566663831,65283.625,727333.1875,0.0024731566663831,0.021902522072196,0.0,0.0,100.0,5
117,117,255.46267700195312,852.7192993164062,0.002472351770848,65261.1796875,727130.1875,0.002472351770848,0.0219020992517471,0.0,0.0,100.0,5
118,118,255.41883850097656,852.6034545898438,0.0024715289473533,65238.78125,726932.625,0.0024715289473533,0.0219017658382654,0.0,0.0,100.0,5
119,119,255.37510681152344,852.4909057617188,0.0024706865660846,65216.4453125,726740.75,0.0024706865660846,0.0219014734029769,0.0,0.0,100.0,5
120,120,255.33157348632807,852.3816528320312,0.0024698232300579,65194.2109375,726554.5,0.0024698232300579,0.0219011604785919,0.0,0.0,100.0,5
121,121,255.2882537841797,852.2756958007812,0.0024689366109669,65172.09375,726373.875,0.0024689366109669,0.0219008289277553,0.0,0.0,100.0,5
122,122,255.24517822265625,852.1730346679688,0.002468024380505,65150.1015625,726198.875,0.002468024380505,0.0219004992395639,0.0,0.0,100.0,5
123,123,255.2024078369141,852.073486328125,0.0024670846760272,65128.26953125,726029.25,0.0024670846760272,0.0219002049416303,0.0,0.0,100.0,5
124,124,255.1599578857422,851.9769897460938,0.0024661149363964,65106.60546875,725864.8125,0.0024661149363964,0.021899914368987,0.0,0.0,100.0,5
125,125,255.11785888671875,851.8833618164062,0.0024651123676449,65085.12109375,725705.25,0.0024651123676449,0.0218996163457632,0.0,0.0,100.0,5
126,126,255.07611083984372,851.79248046875,0.0024640739429742,65063.82421875,725550.4375,0.0024640739429742,0.0218993425369262,0.0,0.0,100.0,5
127,127,255.0347442626953,851.7041625976562,0.0024629968684166,65042.72265625,725400.0,0.0024629968684166,0.0218990929424762,0.0,0.0,100.0,5
128,128,254.9937896728516,851.6181640625,0.0024618781171739,65021.83203125,725253.5,0.0024618781171739,0.0218988209962844,0.0,0.0,100.0,5
129,129,254.9532165527344,851.5343017578125,0.0024607144296169,65001.14453125,725110.6875,0.0024607144296169,0.0218985099345445,0.0,0.0,100.0,5
130,130,254.9130859375,851.4522705078125,0.0024595025461167,64980.6796875,724971.0,0.0024595025461167,0.021898154169321,0.0,0.0,100.0,5
131,131,254.87339782714844,851.3719482421875,0.0024582387413829,64960.44921875,724834.1875,0.0024582387413829,0.0218977648764848,0.0,0.0,100.0,5
132,132,254.8341522216797,851.2930908203125,0.0024569178931415,64940.4453125,724699.9375,0.0024569178931415,0.0218973476439714,0.0,0.0,100.0,5
133,133,254.79537963867188,851.2154541015625,0.0024555351119488,64920.68359375,724567.75,0.0024555351119488,0.0218969173729419,0.0,0.0,100.0,5
134,134,254.7570953369141,851.1388549804688,0.0024540869053453,64901.17578125,724437.375,0.0024540869053453,0.0218964926898479,0.0,0.0,100.0,5
135,135,254.7192840576172,851.0629272460938,0.0024525681510567,64881.9140625,724308.125,0.0024525681510567,0.0218961182981729,0.0,0.0,100.0,5
136,136,254.68194580078125,850.987548828125,0.0024509739596396,64862.89453125,724179.8125,0.0024509739596396,0.0218958370387554,0.0,0.0,100.0,5
137,137,254.64512634277344,850.912353515625,0.0024493001401424,64844.140625,724051.8125,0.0024493001401424,0.0218957047909498,0.0,0.0,100.0,5
138,138,254.6088714599609,850.8372802734375,0.0024475399404764,64825.67578125,723924.0625,0.0024475399404764,0.021895732730627,0.0,0.0,100.0,5
139,139,254.5732421875,850.7620239257812,0.0024456875398755,64807.53515625,723796.0,0.0024456875398755,0.0218959096819162,0.0,0.0,100.0,5
140,140,254.5382232666016,850.6864013671875,0.0024437350220978,64789.70703125,723667.375,0.0024437350220978,0.0218962095677852,0.0,0.0,100.0,5
141,141,254.5038604736328,850.6099853515625,0.0024416767992079,64772.21484375,723537.375,0.0024416767992079,0.0218966286629438,0.0,0.0,100.0,5
142,142,254.4701232910156,850.5324096679688,0.0024395042564719,64755.04296875,723405.375,0.0024395042564719,0.0218971874564886,0.0,0.0,100.0,5
143,143,254.43702697753903,850.4533081054688,0.0024372087791562,64738.19921875,723270.8125,0.0024372087791562,0.0218979381024837,0.0,0.0,100.0,5
144,144,254.4045867919922,850.3724975585938,0.0024347815196961,64721.6953125,723133.375,0.0024347815196961,0.0218988731503486,0.0,0.0,100.0,5
145,145,254.37290954589844,850.289794921875,0.0024322120007127,64705.578125,722992.75,0.0024322120007127,0.0218999795615673,0.0,0.0,100.0,5
146,146,254.34201049804688,850.2048950195312,0.0024294909089803,64689.859375,722848.375,0.0024294909089803,0.0219012573361396,0.0,0.0,100.0,5
147,147,254.3119964599609,850.1174926757812,0.0024266061373054,64674.58984375,722699.75,0.0024266061373054,0.0219027213752269,0.0,0.0,100.0,5
148,148,254.28286743164065,850.02734375,0.0024235458113253,64659.77734375,722546.5,0.0024235458113253,0.0219043605029582,0.0,0.0,100.0,5
149,149,254.25473022460935,849.9341430664062,0.0024202968925237,64645.46875,722388.0625,0.0024202968925237,0.0219061896204948,0.0,0.0,100.0,5
150,150,254.22760009765625,849.8375244140625,0.0024168461095541,64631.671875,722223.8125,0.0024168461095541,0.0219082161784172,0.0,0.0,100.0,5
151,151,254.2015380859375,849.7369995117188,0.002413178095594,64618.421875,722052.9375,0.002413178095594,0.0219104476273059,0.0,0.0,100.0,5
152,152,254.1766357421875,849.63232421875,0.0024092774838209,64605.76171875,721875.0625,0.0024092774838209,0.0219128970056772,0.0,0.0,100.0,5
153,153,254.1529235839844,849.5230102539062,0.0024051272775977,64593.70703125,721689.375,0.0024051272775977,0.0219155810773372,0.0,0.0,100.0,5
154,154,254.1304931640625,849.4085693359375,0.0024007076863199,64582.30859375,721494.9375,0.0024007076863199,0.0219185128808021,0.0,0.0,100.0,5
155,155,254.10948181152344,849.2889404296875,0.0023960003163665,64571.62890625,721291.6875,0.0023960003163665,0.021921707317233,0.0,0.0,100.0,5
156,156,254.0900421142578,849.1636962890625,0.0023909865412861,64561.75,721079.0,0.0023909865412861,0.0219253078103065,0.0,0.0,100.0,5
157,157,254.0722503662109,849.032470703125,0.0023856426123529,64552.70703125,720856.125,0.0023856426123529,0.0219293963164091,0.0,0.0,100.0,5
158,158,254.0562286376953,848.8945922851562,0.0023799429181963,64544.56640625,720622.0,0.0023799429181963,0.0219340696930885,0.0,0.0,100.0,5
159,159,254.04202270507807,848.7493896484375,0.0023738595191389,64537.34765625,720375.5,0.0023738595191389,0.0219392962753772,0.0,0.0,100.0,5
160,160,254.02972412109372,848.5960083007812,0.0023673637770116,64531.1015625,720115.1875,0.0023673637770116,0.0219451580196619,0.0,0.0,100.0,5
161,161,254.0194091796875,848.4336547851562,0.0023604237940162,64525.859375,719839.6875,0.0023604237940162,0.021951712667942,0.0,0.0,100.0,5
162,162,254.0111389160156,848.2613525390625,0.0023530069738626,64521.66015625,719547.3125,0.0023530069738626,0.0219589993357658,0.0,0.0,100.0,5
163,163,254.0050201416016,848.0781860351562,0.0023450774606317,64518.55078125,719236.625,0.0023450774606317,0.0219670571386814,0.0,0.0,100.0,5
164,164,254.0011138916016,847.88330078125,0.0023365968372672,64516.56640625,718906.0625,0.0023365968372672,0.0219759345054626,0.0,0.0,100.0,5
165,165,253.99954223632807,847.67578125,0.002327524125576,64515.765625,718554.25,0.002327524125576,0.0219856072217226,0.0,0.0,100.0,5
166,166,254.00045776367188,847.4546508789062,0.0023178183473646,64516.234375,718179.375,0.0023178183473646,0.0219960380345582,0.0,0.0,100.0,5
167,167,254.00401306152344,847.2190551757812,0.0023074392229318,64518.0390625,717780.125,0.0023074392229318,0.0220072325319051,0.0,0.0,100.0,5
168,168,254.01055908203125,846.96826171875,0.0022963448427617,64521.36328125,717355.25,0.0022963448427617,0.0220192205160856,0.0,0.0,100.0,5
169,169,254.0203094482422,846.7013549804688,0.0022844849154353,64526.31640625,716903.1875,0.0022844849154353,0.0220319461077451,0.0,0.0,100.0,5
170,170,254.0334930419922,846.4169311523438,0.0022718147374689,64533.015625,716421.625,0.0022718147374689,0.0220454633235931,0.0,0.0,100.0,5
171,171,254.05026245117188,846.1135864257812,0.0022582954261451,64541.53515625,715908.1875,0.0022582954261451,0.0220597125589847,0.0,0.0,100.0,5
172,172,254.07081604003903,845.7898559570312,0.0022438955493271,64551.98046875,715360.5,0.0022438955493271,0.0220747329294681,0.0,0.0,100.0,5
173,173,254.09536743164065,845.4442138671875,0.0022285976447165,64564.45703125,714775.9375,0.0022285976447165,0.0220905151218175,0.0,0.0,100.0,5
174,174,254.1242828369141,845.075439453125,0.0022124031092971,64579.15234375,714152.5,0.0022124031092971,0.0221071001142263,0.0,0.0,100.0,5
175,175,254.15798950195312,844.6828002929688,0.0021953440736979,64596.28515625,713489.0625,0.0021953440736979,0.0221243966370821,0.0,0.0,100.0,5
176,176,254.19715881347656,844.2664184570312,0.0021774913184344,64616.1953125,712785.8125,0.0021774913184344,0.0221424717456102,0.0,0.0,100.0,5
177,177,254.24261474609372,843.8280029296875,0.0021589712705463,64639.30859375,712045.6875,0.0021589712705463,0.0221612472087144,0.0,0.0,100.0,5
178,178,254.2955017089844,843.3719482421875,0.0021399804390966,64666.203125,711276.25,0.0021399804390966,0.0221804566681385,0.0,0.0,100.0,5
179,179,254.35726928710935,842.9061889648438,0.0021208038087934,64697.62109375,710490.8125,0.0021208038087934,0.0221994742751121,0.0,0.0,100.0,5
180,180,254.4299774169922,842.4464111328125,0.0021017561666667,64734.61328125,709715.9375,0.0021017561666667,0.022217757999897,0.0,0.0,100.0,5
181,181,254.51629638671875,842.0177001953125,0.0020831825677305,64778.546875,708993.8125,0.0020831825677305,0.0222333017736673,0.0,0.0,100.0,5
182,182,254.61915588378903,841.6566162109375,0.0020653984975069,64830.9140625,708385.875,0.0020653984975069,0.0222440008074045,0.0,0.0,100.0,5
183,183,254.7411346435547,841.4098510742188,0.0020485688000917,64893.046875,707970.5625,0.0020485688000917,0.0222481451928615,0.0,0.0,100.0,5
184,184,254.88365173339844,841.327392578125,0.0020325945224612,64965.67578125,707831.8125,0.0020325945224612,0.0222450513392686,0.0,0.0,100.0,5
185,185,255.0461578369141,841.4520874023438,0.0020171389915049,65048.54296875,708041.625,0.0020171389915049,0.0222330391407012,0.0,0.0,100.0,5
186,186,255.22589111328125,841.80859375,0.0020017633214592,65140.25390625,708641.6875,0.0020017633214592,0.0222119223326444,0.0,0.0,100.0,5
187,187,255.4178771972656,842.3972778320312,0.001986066577956,65238.29296875,709633.1875,0.001986066577956,0.022183783352375,0.0,0.0,100.0,5
188,188,255.6152801513672,843.1919555664062,0.0019699216354638,65339.171875,710972.6875,0.0019699216354638,0.0221502501517534,0.0,0.0,100.0,5
189,189,255.8098907470703,844.142333984375,0.0019535522442311,65438.69921875,712576.25,0.0019535522442311,0.0221129786223173,0.0,0.0,100.0,5
190,190,255.9927978515625,845.1810302734375,0.0019374452531337,65532.3125,714331.0,0.0019374452531337,0.0220755133777856,0.0,0.0,100.0,5
191,191,256.15509033203125,846.233154296875,0.0019221337279304,65615.4296875,716110.5625,0.0019221337279304,0.0220384635031223,0.0,0.0,100.0,5
192,192,256.28875732421875,847.2279052734375,0.0019080073107033,65683.9296875,717795.125,0.0019080073107033,0.0220043156296014,0.0,0.0,100.0,5
193,193,256.38726806640625,848.103515625,0.00189509766642,65734.4296875,719279.5625,0.00189509766642,0.0219740085303783,0.0,0.0,100.0,5
194,194,256.4465637207031,848.8155517578125,0.0018831799970939,65764.84375,720487.8125,0.0018831799970939,0.0219450816512107,0.0,0.0,100.0,5
195,195,256.4651184082031,849.3389892578125,0.0018719246145337,65774.359375,721376.6875,0.0018719246145337,0.0219163056463003,0.0,0.0,100.0,5
196,196,256.44366455078125,849.6674194335938,0.0018610346596688,65763.3515625,721934.75,0.0018610346596688,0.0218863431364297,0.0,0.0,100.0,5
197,197,256.38543701171875,849.8137817382812,0.0018504646141082,65733.4921875,722183.4375,0.0018504646141082,0.0218555573374032,0.0,0.0,100.0,5
198,198,256.294677734375,849.8001708984375,0.0018401858396828,65686.9609375,722160.3125,0.0018401858396828,0.0218256581574678,0.0,0.0,100.0,5
199,199,256.17657470703125,849.662841796875,0.0018304019467905,65626.4375,721926.9375,0.0018304019467905,0.0217953417450189,0.0,0.0,100.0,5
0,0,2818.046875,2319.955078125,0.0100682498887181,7941388.0,5382191.5,0.0100682498887181,0.0767854899168014,0.0,0.0,100.0,6
1,1,2536.49072265625,2197.07861328125,0.0092758890241384,6433785.0,4827154.5,0.0092758890241384,0.0737783014774322,0.0,0.0,100.0,6
2,2,2279.241455078125,2084.358154296875,0.008564387448132,5194941.5,4344549.0,0.008564387448132,0.0709336698055267,0.0,0.0,100.0,6
3,3,2044.8033447265625,1980.909423828125,0.0079271746799349,4181220.75,3924002.25,0.0079271746799349,0.0682440400123596,0.0,0.0,100.0,6
4,4,1831.7203369140625,1886.17724609375,0.0073575191199779,3355199.5,3557664.5,0.0073575191199779,0.065705768764019,0.0,0.0,100.0,6
5,5,1638.4053955078125,1799.57470703125,0.0068490803241729,2684372.25,3238469.25,0.0068490803241729,0.0633140131831169,0.0,0.0,100.0,6
6,6,1463.329833984375,1720.5166015625,0.0063959476538002,2141334.25,2960177.5,0.0063959476538002,0.0610635764896869,0.0,0.0,100.0,6
7,7,1304.8896484375,1648.4063720703125,0.0059923958033323,1702737.0,2717243.5,0.0059923958033323,0.0589447319507598,0.0,0.0,100.0,6
8,8,1161.6356201171875,1582.6751708984375,0.0056333052925765,1349397.375,2504860.75,0.0056333052925765,0.0569512993097305,0.0,0.0,100.0,6
9,9,1032.2808837890625,1522.787353515625,0.005314121954143,1065603.875,2318881.25,0.005314121954143,0.0550776906311512,0.0,0.0,100.0,6
10,10,915.5772705078124,1468.2447509765625,0.0050305225886404,838281.75,2155742.75,0.0050305225886404,0.0533177070319652,0.0,0.0,100.0,6
11,11,810.330322265625,1418.582275390625,0.0047784908674657,656635.25,2012375.625,0.0047784908674657,0.0516655892133712,0.0,0.0,100.0,6
12,12,715.3697509765625,1373.3538818359375,0.0045543378219008,511753.875,1886100.875,0.0045543378219008,0.0501148290932178,0.0,0.0,100.0,6
13,13,629.7359619140625,1332.15478515625,0.004355065524578,396567.375,1774636.375,0.004355065524578,0.0486591607332229,0.0,0.0,100.0,6
14,14,552.53466796875,1294.611572265625,0.0041779060848057,305294.5625,1676019.125,0.0041779060848057,0.0472925081849098,0.0,0.0,100.0,6
15,15,482.9386901855469,1260.38818359375,0.0040203444659709,233229.78125,1588578.375,0.0040203444659709,0.0460098795592784,0.0,0.0,100.0,6
16,16,420.1767272949219,1229.1741943359375,0.0038801142945885,176548.484375,1510869.25,0.0038801142945885,0.0448066741228103,0.0,0.0,100.0,6
17,17,363.5481262207031,1200.6767578125,0.0037551934365183,132167.234375,1441624.625,0.0037551934365183,0.0436777099967002,0.0,0.0,100.0,6
18,18,312.4295349121094,1174.63525390625,0.0036437939852476,97612.2109375,1379768.0,0.0036437939852476,0.042618453502655,0.0,0.0,100.0,6
19,19,266.2586975097656,1150.818359375,0.0035443410743027,70893.6953125,1324382.875,0.0035443410743027,0.0416242890059948,0.0,0.0,100.0,6
20,20,224.52813720703125,1129.0162353515625,0.0034554465673863,50412.8828125,1274677.625,0.0034554465673863,0.0406910143792629,0.0,0.0,100.0,6
21,21,186.77703857421875,1109.037353515625,0.0033758745994418,34885.6640625,1229963.875,0.0033758745994418,0.0398137718439102,0.0,0.0,100.0,6
22,22,152.59054565429688,1090.7108154296875,0.0033045345917344,23283.875,1189650.125,0.0033045345917344,0.0389881208539009,0.0,0.0,100.0,6
23,23,121.60220336914062,1073.8837890625,0.0032404847443103,14787.095703125,1153226.375,0.0032404847443103,0.0382107496261596,0.0,0.0,100.0,6
24,24,93.48294067382812,1058.41796875,0.0031828915234655,8739.060546875,1120248.625,0.0031828915234655,0.0374784953892231,0.0,0.0,100.0,6
25,25,67.938720703125,1044.18994140625,0.0031310280319303,4615.669921875,1090332.625,0.0031310280319303,0.0367885157465934,0.0,0.0,100.0,6
26,26,44.7047119140625,1031.087646484375,0.0030842451378703,1998.51123046875,1063141.75,0.0030842451378703,0.0361380949616432,0.0,0.0,100.0,6
27,27,23.54449462890625,1019.0108642578124,0.003041974036023,554.3432006835938,1038383.125,0.003041974036023,0.0355244576930999,0.0,0.0,100.0,6
28,28,4.24627685546875,1007.8677978515624,0.0030037136748433,18.030866622924805,1015797.5,0.0030037136748433,0.0349449962377548,0.0,0.0,100.0,6
29,29,13.37823486328125,997.5770263671876,0.0029690226074308,178.9771728515625,995159.9375,0.0029690226074308,0.034397542476654,0.0,0.0,100.0,6
30,30,29.49688720703125,988.0645751953124,0.002937514334917,870.0663452148438,976271.625,0.002937514334917,0.0338800586760044,0.0,0.0,100.0,6
31,31,44.260040283203125,979.2640991210938,0.0029088470619171,1958.951171875,958958.1875,0.0029088470619171,0.0333908759057521,0.0,0.0,100.0,6
32,32,57.80224609375,971.1156005859376,0.0028827185742557,3341.099609375,943065.5,0.0028827185742557,0.0329284518957138,0.0,0.0,100.0,6
33,33,70.24331665039062,963.564453125,0.002858861349523,4934.12353515625,928456.4375,0.002858861349523,0.0324912145733833,0.0,0.0,100.0,6
34,34,81.69136047363281,956.561279296875,0.0028370388317853,6673.478515625,915009.5,0.0028370388317853,0.0320778638124465,0.0,0.0,100.0,6
35,35,92.2423858642578,950.0613403320312,0.0028170417062938,8508.658203125,902616.5625,0.0028170417062938,0.0316875204443931,0.0,0.0,100.0,6
36,36,101.982177734375,944.0240478515624,0.0027986844070255,10400.3642578125,891181.375,0.0027986844070255,0.0313197523355484,0.0,0.0,100.0,6
37,37,110.9878387451172,938.4122924804688,0.002781803254038,12318.30078125,880617.625,0.002781803254038,0.0309814680367708,0.0,0.0,100.0,6
38,38,119.32814025878906,933.1925048828124,0.0027662517968565,14239.205078125,870848.25,0.0027662517968565,0.0306727085262537,0.0,0.0,100.0,6
39,39,127.0648956298828,928.3341064453124,0.0027518994174897,16145.4873046875,861804.1875,0.0027518994174897,0.0303799286484718,0.0,0.0,100.0,6
40,40,134.25341796875,923.80908203125,0.0027386317960917,18023.98046875,853423.25,0.0027386317960917,0.0301017966121435,0.0,0.0,100.0,6
41,41,140.94309997558594,919.592041015625,0.0027263460215181,19864.95703125,845649.5,0.0027263460215181,0.0298374649137258,0.0,0.0,100.0,6
42,42,147.1787872314453,915.6593017578124,0.0027149508241564,21661.595703125,838431.9375,0.0027149508241564,0.0295858848839998,0.0,0.0,100.0,6
43,43,153.00030517578125,911.9896850585938,0.0027043635491281,23409.09375,831725.1875,0.0027043635491281,0.0293460842221975,0.0,0.0,100.0,6
44,44,158.444091796875,908.5634765625,0.0026945108547806,25104.529296875,825487.5625,0.0026945108547806,0.0291173756122589,0.0,0.0,100.0,6
45,45,163.54254150390625,905.3627319335938,0.002685327315703,26746.162109375,819681.6875,0.002685327315703,0.0288989432156085,0.0,0.0,100.0,6
46,46,168.32470703125,902.3709106445312,0.0026767530944198,28333.20703125,814273.25,0.0026767530944198,0.0286903101950883,0.0,0.0,100.0,6
47,47,172.81710815429688,899.5728149414062,0.0026687348727136,29865.751953125,809231.25,0.0026687348727136,0.0284906905144453,0.0,0.0,100.0,6
48,48,177.04318237304688,896.9544677734375,0.0026612251531332,31344.2890625,804527.3125,0.0026612251531332,0.0282995738089084,0.0,0.0,100.0,6
49,49,181.02447509765625,894.5028076171875,0.0026541808620095,32769.859375,800135.25,0.0026541808620095,0.0281165856868028,0.0,0.0,100.0,6
50,50,184.7801818847656,892.2060546875,0.0026475631166249,34143.71484375,796031.625,0.0026475631166249,0.027941208332777,0.0,0.0,100.0,6
51,51,188.3278045654297,890.0531616210938,0.0026413365267217,35467.36328125,792194.625,0.0026413365267217,0.0277731008827686,0.0,0.0,100.0,6
52,52,191.68333435058597,888.0340576171875,0.0026354698929935,36742.5,788604.5,0.0026354698929935,0.0276117827743291,0.0,0.0,100.0,6
53,53,194.86080932617188,886.13916015625,0.0026299334131181,37970.734375,785242.625,0.0026299334131181,0.0274568405002355,0.0,0.0,100.0,6
54,54,197.8733673095703,884.3599243164062,0.0026247021742165,39153.87109375,782092.5,0.0026247021742165,0.0273079276084899,0.0,0.0,100.0,6
55,55,200.7325134277344,882.6881103515625,0.0026197512634098,40293.54296875,779138.3125,0.0026197512634098,0.0271646995097398,0.0,0.0,100.0,6
56,56,203.44903564453125,881.1163940429688,0.0026150597259402,41391.51171875,776366.125,0.0026150597259402,0.0270268023014068,0.0,0.0,100.0,6
57,57,206.0324859619141,879.6377563476562,0.0026106077712029,42449.38671875,773762.5625,0.0026106077712029,0.0268939696252346,0.0,0.0,100.0,6
58,58,208.4914703369141,878.2457275390625,0.002606377704069,43468.69140625,771315.5625,0.002606377704069,0.026765963062644,0.0,0.0,100.0,6
59,59,210.8341217041016,876.9343872070312,0.0026023532263934,44451.02734375,769013.9375,0.0026023532263934,0.0266425423324108,0.0,0.0,100.0,6
60,60,213.06748962402344,875.6981201171875,0.0025985189713537,45397.75390625,766847.1875,0.0025985189713537,0.0265234969556331,0.0,0.0,100.0,6
61,61,215.1981201171875,874.5318603515625,0.0025948628317564,46310.23046875,764806.0,0.0025948628317564,0.0264096725732088,0.0,0.0,100.0,6
62,62,217.2319793701172,873.4307250976562,0.0025913706049323,47189.734375,762881.25,0.0025913706049323,0.0263012088835239,0.0,0.0,100.0,6
63,63,219.17434692382807,872.3903198242188,0.0025880322791635,48037.39453125,761064.875,0.0025880322791635,0.0261964499950408,0.0,0.0,100.0,6
64,64,221.0301055908203,871.4064331054688,0.0025848378427326,48854.30859375,759349.1875,0.0025848378427326,0.0260951779782772,0.0,0.0,100.0,6
65,65,222.80389404296875,870.4752807617188,0.0025817779824137,49641.57421875,757727.1875,0.0025817779824137,0.0259972289204597,0.0,0.0,100.0,6
66,66,224.5001220703125,869.59326171875,0.0025788422208279,50400.3046875,756192.4375,0.0025788422208279,0.0259024538099765,0.0,0.0,100.0,6
67,67,226.1226043701172,868.7570190429688,0.0025760238058865,51131.43359375,754738.75,0.0025760238058865,0.0258107539266347,0.0,0.0,100.0,6
68,68,227.67469787597656,867.9635009765625,0.0025733155198395,51835.76953125,753360.625,0.0025733155198395,0.0257220063358545,0.0,0.0,100.0,6
69,69,229.1598358154297,867.2098999023438,0.0025707106105983,52514.23046875,752053.0,0.0025707106105983,0.0256361290812492,0.0,0.0,100.0,6
70,70,230.58094787597656,866.4934692382812,0.0025682027917355,53167.57421875,750810.9375,0.0025682027917355,0.0255530662834644,0.0,0.0,100.0,6
71,71,231.9408264160156,865.811767578125,0.0025657864753156,53796.546875,749630.0,0.0025657864753156,0.0254726726561784,0.0,0.0,100.0,6
72,72,233.24221801757807,865.1624755859375,0.0025634560734033,54401.93359375,748506.125,0.0025634560734033,0.0253947656601667,0.0,0.0,100.0,6
73,73,234.4877777099609,864.54345703125,0.0025612064637243,54984.51953125,747435.375,0.0025612064637243,0.0253191608935594,0.0,0.0,100.0,6
74,74,235.67984008789065,863.9528198242188,0.0025590336881577,55544.98828125,746414.5,0.0025590336881577,0.0252457503229379,0.0,0.0,100.0,6
75,75,236.8204498291016,863.3887329101562,0.0025569330900907,56083.92578125,745440.125,0.0025569330900907,0.0251744389533996,0.0,0.0,100.0,6
76,76,237.91192626953125,862.8494262695312,0.0025549009442329,56602.0859375,744509.125,0.0025549009442329,0.0251051075756549,0.0,0.0,100.0,6
77,77,238.95611572265625,862.3333740234375,0.002552933525294,57100.0234375,743618.875,0.002552933525294,0.0250376760959625,0.0,0.0,100.0,6
78,78,239.95504760742188,861.8391723632812,0.0025510268751531,57578.42578125,742766.75,0.0025510268751531,0.0249720849096775,0.0,0.0,100.0,6
79,79,240.910400390625,861.3654174804688,0.0025491786655038,58037.8203125,741950.375,0.0025491786655038,0.0249085687100887,0.0,0.0,100.0,6
80,80,241.823974609375,860.9110107421875,0.002547385636717,58478.8359375,741167.75,0.002547385636717,0.0248473268002271,0.0,0.0,100.0,6
81,81,242.69741821289065,860.4747314453125,0.0025456447619944,58902.03515625,740416.75,0.0025456447619944,0.0247877929359674,0.0,0.0,100.0,6
82,82,243.53228759765625,860.0555419921875,0.0025439532473683,59307.9765625,739695.5625,0.0025439532473683,0.0247298292815685,0.0,0.0,100.0,6
83,83,244.330078125,859.6524047851562,0.0025423094630241,59697.1875,739002.25,0.0025423094630241,0.0246733855456113,0.0,0.0,100.0,6
84,84,245.0923614501953,859.2645874023438,0.0025407106149941,60070.265625,738335.625,0.0025407106149941,0.0246184114366769,0.0,0.0,100.0,6
85,85,245.8203887939453,858.89111328125,0.0025391548406332,60427.6640625,737693.9375,0.0025391548406332,0.0245649274438619,0.0,0.0,100.0,6
86,86,246.51559448242188,858.5313110351562,0.002537639811635,60769.9375,737076.0,0.002537639811635,0.0245130527764558,0.0,0.0,100.0,6
87,87,247.17913818359372,858.1843872070312,0.0025361641310155,61097.52734375,736480.4375,0.0025361641310155,0.0244628340005874,0.0,0.0,100.0,6
88,88,247.81236267089844,857.8497314453125,0.0025347254704684,61410.96875,735906.1875,0.0025347254704684,0.0244140718132257,0.0,0.0,100.0,6
89,89,248.41644287109372,857.5267333984375,0.0025333226658403,61710.73046875,735352.125,0.0025333226658403,0.0243665892630815,0.0,0.0,100.0,6
90,90,248.99252319335935,857.2147827148438,0.0025319538544863,61997.27734375,734817.1875,0.0025319538544863,0.024320276454091,0.0,0.0,100.0,6
91,91,249.54168701171875,856.9133911132812,0.002530617872253,62271.0546875,734300.5625,0.002530617872253,0.0242750644683837,0.0,0.0,100.0,6
92,92,250.0650329589844,856.6219482421875,0.002529313089326,62532.51953125,733801.1875,0.002529313089326,0.0242309030145406,0.0,0.0,100.0,6
93,93,250.5636138916016,856.340087890625,0.0025280378758907,62782.125,733318.375,0.0025280378758907,0.0241877622902393,0.0,0.0,100.0,6
94,94,251.03842163085935,856.0673217773438,0.0025267913006246,63020.2890625,732851.25,0.0025267913006246,0.0241456031799316,0.0,0.0,100.0,6
95,95,251.4903717041016,855.8032836914062,0.0025255719665437,63247.40625,732399.25,0.0025255719665437,0.0241043958812952,0.0,0.0,100.0,6
96,96,251.92051696777344,855.547607421875,0.0025243789423257,63463.9453125,731961.6875,0.0025243789423257,0.0240641087293624,0.0,0.0,100.0,6
97,97,252.32962036132807,855.2999267578125,0.0025232108309865,63670.23828125,731537.9375,0.0025232108309865,0.0240247156471014,0.0,0.0,100.0,6
98,98,252.71864318847656,855.0598754882812,0.0025220667012035,63866.7109375,731127.375,0.0025220667012035,0.0239862091839313,0.0,0.0,100.0,6
99,99,253.08837890625,854.8271484375,0.0025209456216543,64053.7265625,730729.4375,0.0025209456216543,0.0239485837519168,0.0,0.0,100.0,6
100,100,253.4395904541016,854.6015014648438,0.0025198466610163,64231.625,730343.75,0.0025198466610163,0.0239118169993162,0.0,0.0,100.0,6
101,101,253.7730865478516,854.382568359375,0.0025187688879668,64400.78125,729969.5625,0.0025187688879668,0.0238758977502584,0.0,0.0,100.0,6
102,102,254.08958435058597,854.170166015625,0.0025177111383527,64561.515625,729606.6875,0.0025177111383527,0.0238408260047435,0.0,0.0,100.0,6
103,103,254.38980102539065,853.9640502929688,0.0025166724808514,64714.171875,729254.625,0.0025166724808514,0.0238065831363201,0.0,0.0,100.0,6
104,104,254.67446899414065,853.763916015625,0.0025156529154628,64859.0859375,728912.8125,0.0025156529154628,0.0237731449306011,0.0,0.0,100.0,6
105,105,254.9442596435547,853.5695190429688,0.0025146508123725,64996.57421875,728580.9375,0.0025146508123725,0.0237405113875865,0.0,0.0,100.0,6
106,106,255.19972229003903,853.3807373046875,0.0025136652402579,65126.8984375,728258.6875,0.0025136652402579,0.0237086750566959,0.0,0.0,100.0,6
107,107,255.4415435791016,853.1973266601562,0.002512696199119,65250.3828125,727945.6875,0.002512696199119,0.0236775837838649,0.0,0.0,100.0,6
108,108,255.6702117919922,853.01904296875,0.0025117425248026,65367.2578125,727641.5,0.0025117425248026,0.0236472059041261,0.0,0.0,100.0,6
109,109,255.8863067626953,852.8457641601562,0.0025108039844781,65477.80078125,727345.875,0.0025108039844781,0.0236175339668989,0.0,0.0,100.0,6
110,110,256.09039306640625,852.67724609375,0.0025098794139921,65582.2890625,727058.5,0.0025098794139921,0.0235885418951511,0.0,0.0,100.0,6
111,111,256.28289794921875,852.5133056640625,0.0025089685805141,65680.921875,726778.9375,0.0025089685805141,0.0235602241009473,0.0,0.0,100.0,6
112,112,256.4642944335937,852.3538818359375,0.0025080705527216,65773.9375,726507.125,0.0025080705527216,0.0235325880348682,0.0,0.0,100.0,6
113,113,256.6351318359375,852.1986694335938,0.0025071848649531,65861.59375,726242.5625,0.0025071848649531,0.023505687713623,0.0,0.0,100.0,6
114,114,256.7958068847656,852.0476684570312,0.0025063108187168,65944.0859375,725985.25,0.0025063108187168,0.0234796851873397,0.0,0.0,100.0,6
115,115,256.9467468261719,851.9005737304688,0.0025054477155208,66021.6328125,725734.5625,0.0025054477155208,0.0234546680003404,0.0,0.0,100.0,6
116,116,257.0882873535156,851.75732421875,0.0025045950897037,66094.390625,725490.5625,0.0025045950897037,0.0234305746853351,0.0,0.0,100.0,6
117,117,257.2209167480469,851.6177978515625,0.0025037524756044,66162.6015625,725252.875,0.0025037524756044,0.0234072487801313,0.0,0.0,100.0,6
118,118,257.34503173828125,851.4818115234375,0.0025029191747307,66226.46875,725021.25,0.0025029191747307,0.0233845505863428,0.0,0.0,100.0,6
119,119,257.4608764648437,851.3492431640625,0.0025020951870828,66286.1015625,724795.5625,0.0025020951870828,0.023362448439002,0.0,0.0,100.0,6
120,120,257.5688171386719,851.219970703125,0.0025012786500155,66341.6953125,724575.4375,0.0025012786500155,0.0233408957719802,0.0,0.0,100.0,6
121,121,257.6692199707031,851.0938110351562,0.0025004702620208,66393.4296875,724360.6875,0.0025004702620208,0.0233199074864387,0.0,0.0,100.0,6
122,122,257.7623596191406,850.970703125,0.0024996688589453,66441.4375,724151.125,0.0024996688589453,0.023299528285861,0.0,0.0,100.0,6
123,123,257.8485717773437,850.8505249023438,0.0024988742079585,66485.8828125,723946.625,0.0024988742079585,0.0232797358185052,0.0,0.0,100.0,6
124,124,257.9281311035156,850.733154296875,0.0024980851449072,66526.921875,723746.875,0.0024980851449072,0.0232604928314685,0.0,0.0,100.0,6
125,125,258.00128173828125,850.6184692382812,0.0024973021354526,66564.6640625,723551.75,0.0024973021354526,0.0232417397201061,0.0,0.0,100.0,6
126,126,258.0683898925781,850.50634765625,0.0024965235497802,66599.296875,723361.0625,0.0024965235497802,0.0232233740389347,0.0,0.0,100.0,6
127,127,258.12957763671875,850.3966674804688,0.0024957493878901,66630.875,723174.5,0.0024957493878901,0.0232053510844707,0.0,0.0,100.0,6
128,128,258.1851806640625,850.2893676757812,0.0024949789512902,66659.5859375,722992.0,0.0024949789512902,0.0231876317411661,0.0,0.0,100.0,6
129,129,258.2353820800781,850.1842651367188,0.0024942117743194,66685.515625,722813.3125,0.0024942117743194,0.0231702160090208,0.0,0.0,100.0,6
130,130,258.2803955078125,850.0813598632812,0.0024934471584856,66708.765625,722638.3125,0.0024934471584856,0.0231530796736478,0.0,0.0,100.0,6
131,131,258.3204650878906,849.9805297851562,0.0024926848709583,66729.4609375,722466.875,0.0024926848709583,0.023136219009757,0.0,0.0,100.0,6
132,132,258.35577392578125,849.8816528320312,0.0024919239804148,66747.703125,722298.8125,0.0024919239804148,0.0231196098029613,0.0,0.0,100.0,6
133,133,258.38653564453125,849.7846069335938,0.0024911637883633,66763.6015625,722133.875,0.0024911637883633,0.0231032464653253,0.0,0.0,100.0,6
134,134,258.4129638671875,849.6893920898438,0.0024904038291424,66777.2578125,721972.0625,0.0024904038291424,0.0230871140956878,0.0,0.0,100.0,6
135,135,258.4351501464844,849.5958251953125,0.0024896434042602,66788.7265625,721813.0625,0.0024896434042602,0.0230712126940488,0.0,0.0,100.0,6
136,136,258.4533386230469,849.5038452148438,0.0024888820480555,66798.125,721656.8125,0.0024888820480555,0.0230555310845375,0.0,0.0,100.0,6
137,137,258.4677124023437,849.413330078125,0.0024881185963749,66805.5546875,721503.0,0.0024881185963749,0.0230400636792182,0.0,0.0,100.0,6
138,138,258.4784240722656,849.32421875,0.0024873530492186,66811.09375,721351.625,0.0024873530492186,0.0230248030275106,0.0,0.0,100.0,6
139,139,258.48565673828125,849.2363891601562,0.0024865835439413,66814.8359375,721202.4375,0.0024865835439413,0.0230097472667694,0.0,0.0,100.0,6
140,140,258.489501953125,849.1498413085938,0.0024858103133738,66816.8203125,721055.4375,0.0024858103133738,0.0229948963969945,0.0,0.0,100.0,6
141,141,258.4901428222656,849.064453125,0.0024850321933627,66817.15625,720910.4375,0.0024850321933627,0.0229802429676055,0.0,0.0,100.0,6
142,142,258.4877319335937,848.9801025390625,0.0024842487182468,66815.90625,720767.1875,0.0024842487182468,0.0229657851159572,0.0,0.0,100.0,6
143,143,258.4823608398437,848.896728515625,0.0024834591895341,66813.1328125,720625.625,0.0024834591895341,0.0229515191167593,0.0,0.0,100.0,6
144,144,258.4742126464844,848.8142700195312,0.002482661511749,66808.921875,720485.6875,0.002482661511749,0.0229374449700117,0.0,0.0,100.0,6
145,145,258.4633483886719,848.732666015625,0.0024818566162139,66803.3046875,720347.125,0.0024818566162139,0.0229235682636499,0.0,0.0,100.0,6
146,146,258.4499206542969,848.6517944335938,0.0024810428731143,66796.359375,720209.875,0.0024810428731143,0.0229098889976739,0.0,0.0,100.0,6
147,147,258.4340209960937,848.5716552734375,0.002480219816789,66788.140625,720073.875,0.002480219816789,0.0228964071720838,0.0,0.0,100.0,6
148,148,258.4157409667969,848.4921264648438,0.0024793855845928,66778.6953125,719938.875,0.0024793855845928,0.0228831227868795,0.0,0.0,100.0,6
149,149,258.395263671875,848.4131469726562,0.0024785401765257,66768.109375,719804.875,0.0024785401765257,0.0228700246661901,0.0,0.0,100.0,6
150,150,258.37261962890625,848.3346557617188,0.0024776817299425,66756.4140625,719671.6875,0.0024776817299425,0.0228571183979511,0.0,0.0,100.0,6
151,151,258.347900390625,848.2566528320312,0.002476809779182,66743.640625,719539.375,0.002476809779182,0.0228444021195173,0.0,0.0,100.0,6
152,152,258.3212585449219,848.1790771484375,0.0024759224615991,66729.875,719407.75,0.0024759224615991,0.0228318739682436,0.0,0.0,100.0,6
153,153,258.292724609375,848.1017456054688,0.002475019544363,66715.1328125,719276.5625,0.002475019544363,0.0228195339441299,0.0,0.0,100.0,6
154,154,258.262451171875,848.0247192382812,0.0024740984663367,66699.4921875,719145.9375,0.0024740984663367,0.022807402536273,0.0,0.0,100.0,6
155,155,258.2304992675781,847.9478759765625,0.0024731587618589,66682.9921875,719015.625,0.0024731587618589,0.022795470431447,0.0,0.0,100.0,6
156,156,258.1968994140625,847.8711547851562,0.0024721983354538,66665.640625,718885.5,0.0024721983354538,0.0227837357670068,0.0,0.0,100.0,6
157,157,258.1617736816406,847.7945556640625,0.0024712167214602,66647.5,718755.625,0.0024712167214602,0.0227721985429525,0.0,0.0,100.0,6
158,158,258.1251525878906,847.718017578125,0.0024702115915715,66628.59375,718625.8125,0.0024702115915715,0.0227608717978,0.0,0.0,100.0,6
159,159,258.0871887207031,847.6414184570312,0.0024691813159734,66609.0,718496.0,0.0024691813159734,0.0227497331798076,0.0,0.0,100.0,6
160,160,258.0478820800781,847.564697265625,0.0024681242648512,66588.7109375,718365.9375,0.0024681242648512,0.0227387882769107,0.0,0.0,100.0,6
161,161,258.00732421875,847.48779296875,0.0024670381098985,66567.78125,718235.5625,0.0024670381098985,0.0227280296385288,0.0,0.0,100.0,6
162,162,257.965576171875,847.4107055664062,0.0024659221526235,66546.2421875,718104.875,0.0024659221526235,0.0227174591273069,0.0,0.0,100.0,6
163,163,257.9227294921875,847.3333129882812,0.002464773831889,66524.1328125,717973.75,0.002464773831889,0.0227070786058902,0.0,0.0,100.0,6
164,164,257.8788146972656,847.2554931640625,0.0024635910522192,66501.484375,717841.875,0.0024635910522192,0.0226968880742788,0.0,0.0,100.0,6
165,165,257.8339233398437,847.1773071289062,0.0024623714853078,66478.328125,717709.375,0.0024623714853078,0.0226868893951177,0.0,0.0,100.0,6
166,166,257.7880859375,847.0985107421875,0.0024611128028482,66454.6953125,717575.875,0.0024611128028482,0.0226770974695682,0.0,0.0,100.0,6
167,167,257.7413635253906,847.0191040039062,0.0024598119780421,66430.609375,717441.375,0.0024598119780421,0.0226675122976303,0.0,0.0,100.0,6
168,168,257.6937866210937,846.9390258789062,0.0024584671482443,66406.0859375,717305.6875,0.0024584671482443,0.0226581525057554,0.0,0.0,100.0,6
169,169,257.6454467773437,846.858154296875,0.002457074355334,66381.1796875,717168.75,0.002457074355334,0.022649023681879,0.0,0.0,100.0,6
170,170,257.59637451171875,846.7764892578125,0.0024556305725127,66355.890625,717030.4375,0.0024556305725127,0.0226401202380657,0.0,0.0,100.0,6
171,171,257.54656982421875,846.6939697265625,0.002454133471474,66330.234375,716890.6875,0.002454133471474,0.0226314477622509,0.0,0.0,100.0,6
172,172,257.4960632324219,846.6104736328125,0.0024525788612663,66304.21875,716749.3125,0.0024525788612663,0.0226230192929506,0.0,0.0,100.0,6
173,173,257.44488525390625,846.5260009765625,0.00245096324943,66277.8671875,716606.25,0.00245096324943,0.0226148627698421,0.0,0.0,100.0,6
174,174,257.39306640625,846.4404296875,0.0024492824450135,66251.1875,716461.375,0.0024492824450135,0.0226069539785385,0.0,0.0,100.0,6
175,175,257.3406677246094,846.3536376953125,0.0024475324898958,66224.21875,716314.5,0.0024475324898958,0.0225992947816848,0.0,0.0,100.0,6
176,176,257.2876892089844,846.2654418945312,0.0024457084946334,66196.953125,716165.1875,0.0024457084946334,0.0225918926298618,0.0,0.0,100.0,6
177,177,257.2341613769531,846.17578125,0.0024438062682747,66169.4140625,716013.4375,0.0024438062682747,0.0225847549736499,0.0,0.0,100.0,6
178,178,257.1802062988281,846.0845336914062,0.002441820455715,66141.65625,715859.0625,0.002441820455715,0.022577878087759,0.0,0.0,100.0,6
179,179,257.1257629394531,845.9913940429688,0.0024397459346801,66113.65625,715701.4375,0.0024397459346801,0.0225712712854146,0.0,0.0,100.0,6
180,180,257.0709533691406,845.8963623046875,0.0024375766515731,66085.4765625,715540.625,0.0024375766515731,0.0225649364292621,0.0,0.0,100.0,6
181,181,257.0157775878906,845.7991943359375,0.0024353065527975,66057.109375,715376.25,0.0024353065527975,0.0225588995963335,0.0,0.0,100.0,6
182,182,256.96026611328125,845.6997680664062,0.0024329288862645,66028.578125,715208.125,0.0024329288862645,0.0225531440228223,0.0,0.0,100.0,6
183,183,256.90447998046875,845.5977783203125,0.0024304368998855,65999.9140625,715035.625,0.0024304368998855,0.0225476771593093,0.0,0.0,100.0,6
184,184,256.84844970703125,845.4931030273438,0.0024278224445879,65971.125,714858.5625,0.0024278224445879,0.0225425064563751,0.0,0.0,100.0,6
185,185,256.79217529296875,845.385498046875,0.0024250771384686,65942.21875,714676.625,0.0024250771384686,0.0225376356393098,0.0,0.0,100.0,6
186,186,256.7357177734375,845.2747192382812,0.0024221923667937,65913.2265625,714489.375,0.0024221923667937,0.0225330777466297,0.0,0.0,100.0,6
187,187,256.6790771484375,845.1605834960938,0.0024191588163375,65884.1484375,714296.4375,0.0024191588163375,0.0225288327783346,0.0,0.0,100.0,6
188,188,256.6222839355469,845.0427856445312,0.0024159671738743,65855.0,714097.3125,0.0024159671738743,0.0225248932838439,0.0,0.0,100.0,6
189,189,256.5653991699219,844.9210205078125,0.0024126085918396,65825.8046875,713891.5,0.0024126085918396,0.0225212555378675,0.0,0.0,100.0,6
190,190,256.5084228515625,844.794921875,0.0024090711958706,65796.5703125,713678.4375,0.0024090711958706,0.0225179158151149,0.0,0.0,100.0,6
191,191,256.45135498046875,844.6641845703125,0.0024053428787738,65767.296875,713457.5625,0.0024053428787738,0.0225149281322956,0.0,0.0,100.0,6
192,192,256.394287109375,844.5284423828125,0.0024014094378799,65738.03125,713228.3125,0.0024014094378799,0.0225122813135385,0.0,0.0,100.0,6
193,193,256.33721923828125,844.3872680664062,0.0023972550407052,65708.7734375,712989.875,0.0023972550407052,0.0225099921226501,0.0,0.0,100.0,6
194,194,256.2801513671875,844.2403564453125,0.0023928659502416,65679.515625,712741.75,0.0023928659502416,0.0225080586969852,0.0,0.0,100.0,6
195,195,256.2231140136719,844.0873413085938,0.0023882249370217,65650.28125,712483.4375,0.0023882249370217,0.0225064791738986,0.0,0.0,100.0,6
196,196,256.1661376953125,843.9276733398438,0.0023833154700696,65621.09375,712213.9375,0.0023833154700696,0.0225052684545516,0.0,0.0,100.0,6
197,197,256.1092224121094,843.7608642578125,0.002378118224442,65591.9375,711932.375,0.002378118224442,0.0225044358521699,0.0,0.0,100.0,6
198,198,256.05242919921875,843.5862426757812,0.0023726143408566,65562.84375,711637.75,0.0023726143408566,0.0225039925426244,0.0,0.0,100.0,6
199,199,255.9957275390625,843.4032592773438,0.0023667819332331,65533.8125,711329.0625,0.0023667819332331,0.0225039198994636,0.0,0.0,100.0,6
0,0,293.442626953125,1101.8577880859375,0.0033570348750799,86108.578125,1214090.625,0.0033570348750799,0.0406046546995639,0.0,0.0,100.0,7
1,1,289.0467224121094,1072.1536865234375,0.0032696167472749,83548.0078125,1149513.5,0.0032696167472749,0.0392508879303932,0.0,0.0,100.0,7
2,2,285.18572998046875,1045.6922607421875,0.0031913379207253,81330.8984375,1093472.25,0.0031913379207253,0.0379819720983505,0.0,0.0,100.0,7
3,3,281.8268737792969,1022.2376098632812,0.0031214363407343,79426.390625,1044969.75,0.0031214363407343,0.0367951467633247,0.0,0.0,100.0,7
4,4,278.9310913085937,1001.5335693359376,0.0030591492541134,77802.5546875,1003069.5,0.0030591492541134,0.0356876850128173,0.0,0.0,100.0,7
5,5,276.4521484375,983.3135375976562,0.0030037388205528,76425.7890625,966905.5,0.0030037388205528,0.0346580222249031,0.0,0.0,100.0,7
6,6,274.3536376953125,967.3141479492188,0.0029545149300247,75269.921875,935696.6875,0.0029545149300247,0.0337038002908229,0.0,0.0,100.0,7
7,7,272.5971069335937,953.2948608398438,0.002910831477493,74309.1796875,908771.0625,0.002910831477493,0.0328235998749733,0.0,0.0,100.0,7
8,8,271.1418151855469,941.0390625,0.002872081939131,73517.8828125,885554.5,0.002872081939131,0.0320205390453338,0.0,0.0,100.0,7
9,9,269.9472961425781,930.3502807617188,0.0028377056587487,72871.5390625,865551.625,0.0028377056587487,0.0312916114926338,0.0,0.0,100.0,7
10,10,268.975830078125,921.0463256835938,0.0028071904089301,72348.0,848326.3125,0.0028071904089301,0.0306247603148221,0.0,0.0,100.0,7
11,11,268.1921691894531,912.9637451171876,0.0027800810057669,71927.0390625,833502.8125,0.0027800810057669,0.0300128478556871,0.0,0.0,100.0,7
12,12,267.5640869140625,905.9550170898438,0.0027559709269553,71590.5390625,820754.5,0.0027559709269553,0.0294513944536447,0.0,0.0,100.0,7
13,13,267.062744140625,899.8876953125,0.0027345006819814,71322.5078125,809797.875,0.0027345006819814,0.0289361849427223,0.0,0.0,100.0,7
14,14,266.6631774902344,894.642822265625,0.0027153519913554,71109.25,800385.75,0.0027153519913554,0.0284642912447452,0.0,0.0,100.0,7
15,15,266.3443908691406,890.1134643554688,0.0026982435956597,70939.3359375,792302.0,0.0026982435956597,0.0280324481427669,0.0,0.0,100.0,7
16,16,266.0893859863281,886.2044677734375,0.0026829321868717,70803.5625,785358.375,0.0026829321868717,0.0276370272040367,0.0,0.0,100.0,7
17,17,265.8846435546875,882.8323974609375,0.002669206354767,70694.640625,779393.0625,0.002669206354767,0.0272747799754142,0.0,0.0,100.0,7
18,18,265.7191162109375,879.9237670898438,0.002656880300492,70606.6484375,774265.8125,0.002656880300492,0.0269435532391071,0.0,0.0,100.0,7
19,19,265.5843811035156,877.4147338867188,0.0026457922067493,70535.0625,769856.625,0.0026457922067493,0.0266379620879888,0.0,0.0,100.0,7
20,20,265.47369384765625,875.249755859375,0.002635798882693,70476.28125,766062.125,0.002635798882693,0.0263550281524658,0.0,0.0,100.0,7
21,21,265.3817443847656,873.3802490234375,0.0026267752982676,70427.46875,762793.0625,0.0026267752982676,0.0260919146239757,0.0,0.0,100.0,7
22,22,265.3044738769531,871.7642211914062,0.0026186099275946,70386.4609375,759972.875,0.0026186099275946,0.0258467607200145,0.0,0.0,100.0,7
23,23,265.238525390625,870.3653564453125,0.0026112059131264,70351.4765625,757535.875,0.0026112059131264,0.0256187040358781,0.0,0.0,100.0,7
24,24,265.18133544921875,869.1521606445312,0.0026044778060168,70321.140625,755425.5,0.0026044778060168,0.0254076160490512,0.0,0.0,100.0,7
25,25,265.13092041015625,868.0975952148438,0.0025983506347984,70294.40625,753593.4375,0.0025983506347984,0.0252124909311532,0.0,0.0,100.0,7
26,26,265.0855712890625,867.17822265625,0.0025927580427378,70270.359375,751998.0625,0.0025927580427378,0.0250303652137517,0.0,0.0,100.0,7
27,27,265.0440979003906,866.3739624023438,0.0025876425206661,70248.375,750603.8125,0.0025876425206661,0.0248603504151105,0.0,0.0,100.0,7
28,28,265.0054016113281,865.667724609375,0.002582952613011,70227.859375,749380.625,0.002582952613011,0.0247016046196222,0.0,0.0,100.0,7
29,29,264.9686889648437,865.044921875,0.0025786426849663,70208.40625,748302.6875,0.0025786426849663,0.0245533380657434,0.0,0.0,100.0,7
30,30,264.93328857421875,864.4930419921875,0.002574672922492,70189.6484375,747348.25,0.002574672922492,0.0244147442281246,0.0,0.0,100.0,7
31,31,264.898681640625,864.0015258789062,0.0025710079353302,70171.3125,746498.625,0.0025710079353302,0.0242850240319967,0.0,0.0,100.0,7
32,32,264.8644714355469,863.5614013671875,0.0025676162913441,70153.1875,745738.3125,0.0025676162913441,0.0241634212434291,0.0,0.0,100.0,7
33,33,264.83026123046875,863.1650390625,0.0025644702836871,70135.0703125,745053.875,0.0025644702836871,0.0240492634475231,0.0,0.0,100.0,7
34,34,264.7958679199219,862.80615234375,0.0025615447666496,70116.8515625,744434.4375,0.0025615447666496,0.0239419806748628,0.0,0.0,100.0,7
35,35,264.760986328125,862.4793090820312,0.0025588190183043,70098.3828125,743870.5625,0.0025588190183043,0.0238410532474517,0.0,0.0,100.0,7
36,36,264.7254638671875,862.1800537109375,0.0025562727823853,70079.5703125,743354.4375,0.0025562727823853,0.0237460471689701,0.0,0.0,100.0,7
37,37,264.6890869140625,861.9046020507812,0.0025538888294249,70060.3125,742879.5625,0.0025538888294249,0.0236564856022596,0.0,0.0,100.0,7
38,38,264.65167236328125,861.64990234375,0.0025516517926007,70040.5078125,742440.5625,0.0025516517926007,0.0235719829797744,0.0,0.0,100.0,7
39,39,264.6131286621094,861.413330078125,0.0025495479349046,70020.109375,742032.9375,0.0025495479349046,0.0234921369701623,0.0,0.0,100.0,7
40,40,264.5733337402344,861.1927490234375,0.0025475644506514,69999.046875,741652.9375,0.0025475644506514,0.0234166029840707,0.0,0.0,100.0,7
41,41,264.5321655273437,860.9863891601562,0.0025456906296312,69977.265625,741297.5625,0.0025456906296312,0.0233450923115015,0.0,0.0,100.0,7
42,42,264.48956298828125,860.792724609375,0.0025439169257879,69954.7265625,740964.125,0.0025439169257879,0.0232773944735527,0.0,0.0,100.0,7
43,43,264.4454650878906,860.610595703125,0.0025422333274036,69931.40625,740650.625,0.0025422333274036,0.0232132077217102,0.0,0.0,100.0,7
44,44,264.3998413085937,860.43896484375,0.0025406328495591,69907.2734375,740355.1875,0.0025406328495591,0.0231522712856531,0.0,0.0,100.0,7
45,45,264.35272216796875,860.2769775390625,0.0025391082745045,69882.359375,740076.5,0.0025391082745045,0.0230943635106086,0.0,0.0,100.0,7
46,46,264.3041076660156,860.1238403320312,0.0025376523844897,69856.6640625,739813.0,0.0025376523844897,0.0230392627418041,0.0,0.0,100.0,7
47,47,264.25408935546875,859.97900390625,0.0025362595915794,69830.2265625,739563.875,0.0025362595915794,0.0229867566376924,0.0,0.0,100.0,7
48,48,264.2027587890625,859.841796875,0.0025349254719913,69803.1015625,739327.9375,0.0025349254719913,0.0229367334395647,0.0,0.0,100.0,7
49,49,264.15020751953125,859.7117309570312,0.0025336444377899,69775.3359375,739104.25,0.0025336444377899,0.0228890404105186,0.0,0.0,100.0,7
50,50,264.0965881347656,859.5883178710938,0.0025324122980237,69747.0078125,738892.0625,0.0025324122980237,0.0228435136377811,0.0,0.0,100.0,7
51,51,264.0419921875,859.4710693359375,0.0025312246289104,69718.171875,738690.5,0.0025312246289104,0.0227999500930309,0.0,0.0,100.0,7
52,52,263.98663330078125,859.3595581054688,0.002530078170821,69688.9453125,738498.875,0.002530078170821,0.0227581989020109,0.0,0.0,100.0,7
53,53,263.9306335449219,859.2533569335938,0.0025289694312959,69659.3828125,738316.3125,0.0025289694312959,0.0227181501686573,0.0,0.0,100.0,7
54,54,263.8741760253906,859.1519775390625,0.0025278960820287,69629.578125,738142.125,0.0025278960820287,0.0226797088980674,0.0,0.0,100.0,7
55,55,263.8174133300781,859.0549926757812,0.0025268550962209,69599.625,737975.5,0.0025268550962209,0.0226427763700485,0.0,0.0,100.0,7
56,56,263.76055908203125,858.9620361328125,0.0025258436799049,69569.6328125,737815.75,0.0025258436799049,0.0226072948426008,0.0,0.0,100.0,7
57,57,263.7037353515625,858.8726196289062,0.0025248595047742,69539.65625,737662.1875,0.0025248595047742,0.0225732438266277,0.0,0.0,100.0,7
58,58,263.6470947265625,858.786376953125,0.0025239007081836,69509.7890625,737514.0625,0.0025239007081836,0.0225404929369688,0.0,0.0,100.0,7
59,59,263.5907897949219,858.702880859375,0.0025229651946574,69480.1015625,737370.625,0.0025229651946574,0.0225089471787214,0.0,0.0,100.0,7
60,60,263.5349426269531,858.6217651367188,0.0025220515672117,69450.6640625,737231.3125,0.0025220515672117,0.0224785674363374,0.0,0.0,100.0,7
61,61,263.4797058105469,858.5426025390625,0.0025211574975401,69421.5546875,737095.375,0.0025211574975401,0.0224493257701396,0.0,0.0,100.0,7
62,62,263.4251403808594,858.4651489257812,0.0025202825199812,69392.8046875,736962.4375,0.0025202825199812,0.0224211290478706,0.0,0.0,100.0,7
63,63,263.37139892578125,858.3889770507812,0.0025194243062287,69364.4921875,736831.625,0.0025194243062287,0.0223939195275306,0.0,0.0,100.0,7
64,64,263.3185119628906,858.313720703125,0.00251858192496,69336.640625,736702.4375,0.00251858192496,0.0223676264286041,0.0,0.0,100.0,7
65,65,263.2666320800781,858.2392578125,0.0025177537463605,69309.3203125,736574.625,0.0025177537463605,0.0223421901464462,0.0,0.0,100.0,7
66,66,263.2157287597656,858.1651000976562,0.0025169395375996,69282.5234375,736447.3125,0.0025169395375996,0.0223175659775733,0.0,0.0,100.0,7
67,67,263.1659240722656,858.0911865234375,0.0025161383673548,69256.3046875,736320.5,0.0025161383673548,0.0222937408834695,0.0,0.0,100.0,7
68,68,263.11724853515625,858.0171508789062,0.0025153486058115,69230.6875,736193.4375,0.0025153486058115,0.0222706701606512,0.0,0.0,100.0,7
69,69,263.0697326660156,857.9428100585938,0.0025145695544779,69205.6875,736065.875,0.0025145695544779,0.0222483519464731,0.0,0.0,100.0,7
70,70,263.0233764648437,857.8680419921875,0.0025138005148619,69181.296875,735937.5625,0.0025138005148619,0.0222268737852573,0.0,0.0,100.0,7
71,71,262.9782409667969,857.7926635742188,0.0025130412541329,69157.5546875,735808.25,0.0025130412541329,0.0222061835229396,0.0,0.0,100.0,7
72,72,262.934326171875,857.7164916992188,0.0025122903753072,69134.4609375,735677.5625,0.0025122903753072,0.0221862979233264,0.0,0.0,100.0,7
73,73,262.8916015625,857.6394653320312,0.0025115476455539,69111.9921875,735545.4375,0.0025115476455539,0.0221671909093856,0.0,0.0,100.0,7
74,74,262.8500671386719,857.5614013671875,0.0025108123663812,69090.15625,735411.5625,0.0025108123663812,0.0221488885581493,0.0,0.0,100.0,7
75,75,262.8097229003906,857.4822387695312,0.0025100840721279,69068.953125,735275.8125,0.0025100840721279,0.022131323814392,0.0,0.0,100.0,7
76,76,262.77056884765625,857.4019165039062,0.0025093618314713,69048.375,735138.0625,0.0025093618314713,0.0221144706010818,0.0,0.0,100.0,7
77,77,262.7325439453125,857.3203125,0.0025086461100727,69028.390625,734998.125,0.0025086461100727,0.0220983196049928,0.0,0.0,100.0,7
78,78,262.69561767578125,857.2374877929688,0.0025079362094402,69008.984375,734856.125,0.0025079362094402,0.0220828540623188,0.0,0.0,100.0,7
79,79,262.6597595214844,857.1532592773438,0.0025072316639125,68990.1484375,734711.6875,0.0025072316639125,0.0220679547637701,0.0,0.0,100.0,7
80,80,262.6249694824219,857.0676879882812,0.0025065317749977,68971.875,734565.0,0.0025065317749977,0.0220535714179277,0.0,0.0,100.0,7
81,81,262.5911865234375,856.9806518554688,0.0025058360770344,68954.1328125,734415.8125,0.0025058360770344,0.0220396630465984,0.0,0.0,100.0,7
82,82,262.558349609375,856.8922119140625,0.0025051452685147,68936.890625,734264.25,0.0025051452685147,0.0220262166112661,0.0,0.0,100.0,7
83,83,262.5263977050781,856.80224609375,0.0025044579524546,68920.109375,734110.0625,0.0025044579524546,0.0220131892710924,0.0,0.0,100.0,7
84,84,262.495361328125,856.7108154296875,0.0025037748273462,68903.8125,733953.4375,0.0025037748273462,0.0220006052404642,0.0,0.0,100.0,7
85,85,262.4651184082031,856.6178588867188,0.0025030944962054,68887.9375,733794.125,0.0025030944962054,0.0219884887337684,0.0,0.0,100.0,7
86,86,262.4356994628906,856.5233764648438,0.0025024178903549,68872.5,733632.3125,0.0025024178903549,0.0219768043607473,0.0,0.0,100.0,7
87,87,262.406982421875,856.4273681640625,0.0025017445441335,68857.421875,733467.8125,0.0025017445441335,0.0219655167311429,0.0,0.0,100.0,7
88,88,262.3789978027344,856.3297729492188,0.0025010737590491,68842.7421875,733300.6875,0.0025010737590491,0.0219545923173427,0.0,0.0,100.0,7
89,89,262.3516845703125,856.2306518554688,0.0025004057679325,68828.40625,733130.9375,0.0025004057679325,0.0219440087676048,0.0,0.0,100.0,7
90,90,262.32501220703125,856.1300048828125,0.0024997398722916,68814.4140625,732958.5625,0.0024997398722916,0.0219337400048971,0.0,0.0,100.0,7
91,91,262.2989196777344,856.0277099609375,0.0024990767706185,68800.7265625,732783.4375,0.0024990767706185,0.0219237823039293,0.0,0.0,100.0,7
92,92,262.2734069824219,855.9239501953125,0.0024984155315905,68787.34375,732605.8125,0.0024984155315905,0.0219141226261854,0.0,0.0,100.0,7
93,93,262.2484130859375,855.818603515625,0.0024977563880383,68774.2265625,732425.5,0.0024977563880383,0.0219047553837299,0.0,0.0,100.0,7
94,94,262.22393798828125,855.711669921875,0.0024970991071313,68761.390625,732242.4375,0.0024970991071313,0.0218956805765628,0.0,0.0,100.0,7
95,95,262.1999206542969,855.6032104492188,0.0024964441545307,68748.796875,732056.875,0.0024964441545307,0.0218869037926197,0.0,0.0,100.0,7
96,96,262.1763610839844,855.4931030273438,0.0024957903660833,68736.4453125,731868.4375,0.0024957903660833,0.021878533065319,0.0,0.0,100.0,7
97,97,262.1531982421875,855.3815307617188,0.0024951379746198,68724.296875,731677.5625,0.0024951379746198,0.0218705609440803,0.0,0.0,100.0,7
98,98,262.1304626464844,855.268310546875,0.0024944872129708,68712.3828125,731483.875,0.0024944872129708,0.0218628738075494,0.0,0.0,100.0,7
99,99,262.1080627441406,855.153564453125,0.0024938373826444,68700.6328125,731287.625,0.0024938373826444,0.0218556560575962,0.0,0.0,100.0,7
100,100,262.0860290527344,855.0372924804688,0.0024931889493018,68689.0859375,731088.75,0.0024931889493018,0.0218488182872533,0.0,0.0,100.0,7
101,101,262.0643005371094,854.9193725585938,0.0024925414472818,68677.6953125,730887.125,0.0024925414472818,0.0218422319740057,0.0,0.0,100.0,7
102,102,262.0428466796875,854.7999267578125,0.0024918946437537,68666.453125,730682.9375,0.0024918946437537,0.0218358971178531,0.0,0.0,100.0,7
103,103,262.02166748046875,854.6788940429688,0.0024912492372095,68655.3515625,730476.0,0.0024912492372095,0.0218298025429248,0.0,0.0,100.0,7
104,104,262.0007019042969,854.5562133789062,0.0024906042963266,68644.3671875,730266.3125,0.0024906042963266,0.0218239370733499,0.0,0.0,100.0,7
105,105,261.97998046875,854.4320068359375,0.0024899593554437,68633.5078125,730054.0625,0.0024899593554437,0.0218182895332574,0.0,0.0,100.0,7
106,106,261.9593811035156,854.30615234375,0.0024893151130527,68622.71875,729839.0,0.0024893151130527,0.0218128487467765,0.0,0.0,100.0,7
107,107,261.93896484375,854.1787719726562,0.0024886715691536,68612.0234375,729621.375,0.0024886715691536,0.0218076016753911,0.0,0.0,100.0,7
108,108,261.91864013671875,854.0497436523438,0.0024880277924239,68601.375,729400.9375,0.0024880277924239,0.0218025390058755,0.0,0.0,100.0,7
109,109,261.8984069824219,853.9190673828125,0.0024873840156942,68590.7734375,729177.75,0.0024873840156942,0.0217976551502943,0.0,0.0,100.0,7
110,110,261.8782043457031,853.7867431640625,0.0024867397733032,68580.1953125,728951.8125,0.0024867397733032,0.0217929519712924,0.0,0.0,100.0,7
111,111,261.8580322265625,853.6527709960938,0.0024860948324203,68569.6328125,728723.0625,0.0024860948324203,0.0217884201556444,0.0,0.0,100.0,7
112,112,261.8378601074219,853.51708984375,0.0024854496587067,68559.0625,728491.4375,0.0024854496587067,0.0217841695994138,0.0,0.0,100.0,7
113,113,261.8175964355469,853.3797607421875,0.0024848030880093,68548.453125,728257.0,0.0024848030880093,0.0217805281281471,0.0,0.0,100.0,7
114,114,261.7972717285156,853.24072265625,0.0024841558188199,68537.8125,728019.75,0.0024841558188199,0.0217770282179117,0.0,0.0,100.0,7
115,115,261.7767944335937,853.0999145507812,0.0024835069198161,68527.09375,727779.4375,0.0024835069198161,0.0217736512422561,0.0,0.0,100.0,7
116,116,261.75616455078125,852.9574584960938,0.0024828561581671,68516.2890625,727536.4375,0.0024828561581671,0.0217703841626644,0.0,0.0,100.0,7
117,117,261.7353515625,852.8131713867188,0.0024822037667036,68505.390625,727290.3125,0.0024822037667036,0.0217672232538461,0.0,0.0,100.0,7
118,118,261.7143249511719,852.6671142578125,0.002481548814103,68494.390625,727041.1875,0.002481548814103,0.0217641703784465,0.0,0.0,100.0,7
119,119,261.6930236816406,852.5192260742188,0.0024808910675346,68483.2421875,726789.0,0.0024808910675346,0.0217612013220787,0.0,0.0,100.0,7
120,120,261.6714172363281,852.36962890625,0.0024802298285067,68471.9296875,726534.0,0.0024802298285067,0.0217583123594522,0.0,0.0,100.0,7
121,121,261.64947509765625,852.2182006835938,0.002479565097019,68460.4453125,726275.875,0.002479565097019,0.0217555053532123,0.0,0.0,100.0,7
122,122,261.627197265625,852.0650024414062,0.0024788961745798,68448.7890625,726014.75,0.0024788961745798,0.0217527784407138,0.0,0.0,100.0,7
123,123,261.6044921875,851.9100341796875,0.0024782228283584,68436.9140625,725750.6875,0.0024782228283584,0.0217501111328601,0.0,0.0,100.0,7
124,124,261.5813903808594,851.75341796875,0.0024775441270321,68424.8203125,725483.875,0.0024775441270321,0.02174748852849,0.0,0.0,100.0,7
125,125,261.557861328125,851.5950927734375,0.0024768600706011,68412.515625,725214.1875,0.0024768600706011,0.0217449143528938,0.0,0.0,100.0,7
126,126,261.5338134765625,851.4351196289062,0.0024761697277426,68399.9375,724941.75,0.0024761697277426,0.0217423774302005,0.0,0.0,100.0,7
127,127,261.5093078613281,851.2735595703125,0.0024754714686423,68387.1171875,724666.6875,0.0024754714686423,0.0217398814857006,0.0,0.0,100.0,7
128,128,261.4842529296875,851.1104125976562,0.0024747657589614,68374.015625,724388.9375,0.0024747657589614,0.021737415343523,0.0,0.0,100.0,7
129,129,261.4586486816406,850.9456787109375,0.0024740519002079,68360.625,724108.5625,0.0024740519002079,0.021734956651926,0.0,0.0,100.0,7
130,130,261.4324645996094,850.7793579101562,0.0024733282625675,68346.9296875,723825.5,0.0024733282625675,0.0217325147241354,0.0,0.0,100.0,7
131,131,261.4057006835937,850.6116333007812,0.0024725946132093,68332.9375,723540.125,0.0024725946132093,0.021730076521635,0.0,0.0,100.0,7
132,132,261.3782958984375,850.4423828125,0.0024718495551496,68318.6171875,723252.25,0.0024718495551496,0.0217276439070701,0.0,0.0,100.0,7
133,133,261.3502502441406,850.2716674804688,0.0024710921570658,68303.953125,722961.9375,0.0024710921570658,0.0217252224683761,0.0,0.0,100.0,7
134,134,261.321533203125,850.0995483398438,0.0024703214876353,68288.9453125,722669.25,0.0024703214876353,0.0217228177934885,0.0,0.0,100.0,7
135,135,261.2921142578125,849.926025390625,0.0024695363827049,68273.5703125,722374.25,0.0024695363827049,0.0217204317450523,0.0,0.0,100.0,7
136,136,261.261962890625,849.7511596679688,0.002468735910952,68257.8125,722077.0625,0.002468735910952,0.0217180866748094,0.0,0.0,100.0,7
137,137,261.2311096191406,849.5748291015625,0.0024679182097315,68241.6953125,721777.375,0.0024679182097315,0.0217158142477273,0.0,0.0,100.0,7
138,138,261.199462890625,849.397216796875,0.0024670818820595,68225.15625,721475.625,0.0024670818820595,0.0217136703431606,0.0,0.0,100.0,7
139,139,261.1670227050781,849.2182006835938,0.0024662262294441,68208.2109375,721171.5625,0.0024662262294441,0.0217117127031087,0.0,0.0,100.0,7
140,140,261.1337890625,849.037841796875,0.0024653493892401,68190.859375,720865.25,0.0024653493892401,0.0217098854482173,0.0,0.0,100.0,7
141,141,261.0997009277344,848.8561401367188,0.0024644492659717,68173.0546875,720556.75,0.0024644492659717,0.0217081569135189,0.0,0.0,100.0,7
142,142,261.06475830078125,848.6729736328125,0.0024635246954858,68154.8046875,720245.8125,0.0024635246954858,0.0217065103352069,0.0,0.0,100.0,7
143,143,261.0289306640625,848.4884643554688,0.0024625735823065,68136.1015625,719932.6875,0.0024625735823065,0.0217049364000558,0.0,0.0,100.0,7
144,144,260.9921875,848.3024291992188,0.0024615942966192,68116.921875,719617.0,0.0024615942966192,0.0217034444212913,0.0,0.0,100.0,7
145,145,260.9544982910156,848.1149291992188,0.0024605845101177,68097.25,719298.9375,0.0024605845101177,0.0217020269483327,0.0,0.0,100.0,7
146,146,260.9158630371094,847.9259033203125,0.0024595418944954,68077.0859375,718978.3125,0.0024595418944954,0.0217006541788578,0.0,0.0,100.0,7
147,147,260.876220703125,847.7351684570312,0.0024584643542766,68056.40625,718654.9375,0.0024584643542766,0.0216993503272533,0.0,0.0,100.0,7
148,148,260.8355712890625,847.5427856445312,0.0024573488626629,68035.1953125,718328.75,0.0024573488626629,0.0216981526464223,0.0,0.0,100.0,7
149,149,260.7938842773437,847.3485717773438,0.0024561935570091,68013.453125,717999.625,0.0024561935570091,0.0216970331966877,0.0,0.0,100.0,7
150,150,260.7510986328125,847.1524047851562,0.0024549947120249,67991.1328125,717667.1875,0.0024549947120249,0.021696001291275,0.0,0.0,100.0,7
151,151,260.707275390625,846.9541625976562,0.002453749300912,67968.28125,717331.375,0.002453749300912,0.0216951183974742,0.0,0.0,100.0,7
152,152,260.6623229980469,846.7536010742188,0.0024524545297026,67944.84375,716991.6875,0.0024524545297026,0.0216944254934787,0.0,0.0,100.0,7
153,153,260.6162109375,846.5505981445312,0.0024511057417839,67920.8125,716647.9375,0.0024511057417839,0.0216938629746437,0.0,0.0,100.0,7
154,154,260.5689697265625,846.3450317382812,0.0024497001431882,67896.1875,716299.9375,0.0024497001431882,0.0216933656483888,0.0,0.0,100.0,7
155,155,260.5205383300781,846.1365966796875,0.0024482333101332,67870.953125,715947.125,0.0024482333101332,0.0216929167509078,0.0,0.0,100.0,7
156,156,260.47088623046875,845.9251098632812,0.0024467003531754,67845.0859375,715589.3125,0.0024467003531754,0.0216925200074911,0.0,0.0,100.0,7
157,157,260.41998291015625,845.7103271484375,0.0024450966157019,67818.5703125,715225.9375,0.0024450966157019,0.0216921810060739,0.0,0.0,100.0,7
158,158,260.3677978515625,845.491943359375,0.0024434179067611,67791.390625,714856.625,0.0024434179067611,0.0216919034719467,0.0,0.0,100.0,7
159,159,260.3143310546875,845.2697143554688,0.0024416572414338,67763.5546875,714480.875,0.0024416572414338,0.02169169485569,0.0,0.0,100.0,7
160,160,260.259521484375,845.0431518554688,0.0024398094974458,67735.015625,714097.9375,0.0024398094974458,0.0216915663331747,0.0,0.0,100.0,7
161,161,260.20330810546875,844.81201171875,0.002437868155539,67705.7578125,713707.3125,0.002437868155539,0.0216915234923362,0.0,0.0,100.0,7
162,162,260.1457214355469,844.5758666992188,0.0024358255323022,67675.796875,713308.375,0.0024358255323022,0.0216915775090456,0.0,0.0,100.0,7
163,163,260.0866394042969,844.3341064453125,0.0024336741771548,67645.0625,712900.0625,0.0024336741771548,0.0216917246580123,0.0,0.0,100.0,7
164,164,260.0260009765625,844.0863647460938,0.0024314052425324,67613.5234375,712481.8125,0.0024314052425324,0.0216919463127851,0.0,0.0,100.0,7
165,165,259.9637756347656,843.8320922851562,0.0024290103465318,67581.1640625,712052.625,0.0024290103465318,0.0216922294348478,0.0,0.0,100.0,7
166,166,259.89990234375,843.5706176757812,0.0024264787789434,67547.9609375,711611.375,0.0024264787789434,0.0216925796121358,0.0,0.0,100.0,7
167,167,259.8343200683594,843.30126953125,0.0024238007608801,67513.875,711157.0,0.0024238007608801,0.0216929987072944,0.0,0.0,100.0,7
168,168,259.7669372558594,843.0234375,0.0024209644179791,67478.859375,710688.5,0.0024209644179791,0.0216934941709041,0.0,0.0,100.0,7
169,169,259.69775390625,842.7361450195312,0.002417956944555,67442.921875,710204.1875,0.002417956944555,0.0216940715909004,0.0,0.0,100.0,7
170,170,259.62664794921875,842.4385986328125,0.0024147648364305,67406.0,709702.8125,0.0024147648364305,0.0216947365552186,0.0,0.0,100.0,7
171,171,259.5535888671875,842.1299438476562,0.0024113724939525,67368.0625,709182.8125,0.0024113724939525,0.0216954983770847,0.0,0.0,100.0,7
172,172,259.4784851074219,841.8090209960938,0.0024077640846371,67329.0859375,708642.4375,0.0024077640846371,0.021696439012885,0.0,0.0,100.0,7
173,173,259.4012756347656,841.4747924804688,0.0024039205163717,67289.0234375,708079.8125,0.0024039205163717,0.0216976683586835,0.0,0.0,100.0,7
174,174,259.3218688964844,841.1259765625,0.0023998217657208,67247.828125,707492.9375,0.0023998217657208,0.0216993074864149,0.0,0.0,100.0,7
175,175,259.2401733398437,840.7611083984375,0.0023954464122653,67205.46875,706879.25,0.0023954464122653,0.0217014979571104,0.0,0.0,100.0,7
176,176,259.15606689453125,840.378662109375,0.0023907704744488,67161.8671875,706236.3125,0.0023907704744488,0.0217042677104473,0.0,0.0,100.0,7
177,177,259.0694580078125,839.9769897460938,0.0023857674095779,67116.984375,705561.3125,0.0023857674095779,0.0217074640095233,0.0,0.0,100.0,7
178,178,258.9802551269531,839.5542602539062,0.0023804097436368,67070.7734375,704851.375,0.0023804097436368,0.0217110738158226,0.0,0.0,100.0,7
179,179,258.8883056640625,839.1084594726562,0.0023746695369482,67023.15625,704103.0,0.0023746695369482,0.0217150766402483,0.0,0.0,100.0,7
180,180,258.7934875488281,838.6376953125,0.0023685120977461,66974.0703125,703313.1875,0.0023685120977461,0.0217194966971874,0.0,0.0,100.0,7
181,181,258.6957092285156,838.1396484375,0.0023618943523615,66923.46875,702478.0625,0.0023618943523615,0.0217243116348981,0.0,0.0,100.0,7
182,182,258.5947570800781,837.6114501953125,0.0023547741584479,66871.25,701592.9375,0.0023547741584479,0.0217295885086059,0.0,0.0,100.0,7
183,183,258.4904479980469,837.050048828125,0.0023471086751669,66817.3125,700652.8125,0.0023471086751669,0.0217356383800506,0.0,0.0,100.0,7
184,184,258.38250732421875,836.4522705078125,0.0023388529662042,66761.5234375,699652.375,0.0023388529662042,0.0217426996678113,0.0,0.0,100.0,7
185,185,258.2707824707031,835.8143310546875,0.0023299574386328,66703.796875,698585.625,0.0023299574386328,0.0217506662011146,0.0,0.0,100.0,7
186,186,258.15496826171875,835.1321411132812,0.0023203694727271,66643.984375,697445.6875,0.0023203694727271,0.0217596273869276,0.0,0.0,100.0,7
187,187,258.0348205566406,834.4013671875,0.0023100334219634,66581.96875,696225.625,0.0023100334219634,0.0217697955667972,0.0,0.0,100.0,7
188,188,257.9100036621094,833.6171264648438,0.002298894803971,66517.5703125,694917.5,0.002298894803971,0.0217809434980154,0.0,0.0,100.0,7
189,189,257.7802124023437,832.7744140625,0.0022869030945003,66450.640625,693513.25,0.0022869030945003,0.0217930469661951,0.0,0.0,100.0,7
190,190,257.6451416015625,831.8682861328125,0.0022740177810192,66381.015625,692004.875,0.0022740177810192,0.0218060426414012,0.0,0.0,100.0,7
191,191,257.5045166015625,830.8948974609375,0.0022602307144552,66308.578125,690386.3125,0.0022602307144552,0.0218202657997608,0.0,0.0,100.0,7
192,192,257.3580017089844,829.85009765625,0.0022455237340182,66233.140625,688651.1875,0.0022455237340182,0.0218360871076583,0.0,0.0,100.0,7
193,193,257.2054748535156,828.7310791015625,0.0022299175616353,66154.65625,686795.1875,0.0022299175616353,0.0218538511544466,0.0,0.0,100.0,7
194,194,257.046875,827.53857421875,0.0022134785540401,66073.09375,684820.0625,0.0022134785540401,0.0218730568885803,0.0,0.0,100.0,7
195,195,256.8822631835937,826.2789916992188,0.0021963261533528,65988.5,682737.0,0.0021963261533528,0.0218927823007106,0.0,0.0,100.0,7
196,196,256.712158203125,824.9678344726562,0.0021786512807011,65901.1328125,680571.9375,0.0021786512807011,0.021912470459938,0.0,0.0,100.0,7
197,197,256.5374450683594,823.634521484375,0.0021607079543173,65811.4609375,678373.8125,0.0021607079543173,0.0219320207834243,0.0,0.0,100.0,7
198,198,256.3597106933594,822.329345703125,0.0021427809260785,65720.3046875,676225.5625,0.0021427809260785,0.0219492502510547,0.0,0.0,100.0,7
199,199,256.18133544921875,821.128662109375,0.0021251076832413,65628.875,674252.25,0.0021251076832413,0.0219617318361997,0.0,0.0,100.0,7
0,0,163.39068603515625,992.3963012695312,0.0043909018859267,26696.515625,984850.4375,0.0043909018859267,0.054989043623209,0.0,0.0,100.0,8
1,1,113.22201538085938,975.3345336914062,0.0041854744777083,12819.224609375,951277.4375,0.0041854744777083,0.0528420284390449,0.0,0.0,100.0,8
2,2,68.10699462890625,960.5126342773438,0.0040020453743636,4638.5625,922584.5,0.0040020453743636,0.0508092083036899,0.0,0.0,100.0,8
3,3,27.7454833984375,947.7254028320312,0.0038388147950172,769.8118286132812,898183.4375,0.0038388147950172,0.0488896295428276,0.0,0.0,100.0,8
4,4,8.277114868164062,936.7972412109376,0.0036939850542694,68.51062774658203,877589.0625,0.0036939850542694,0.0470808818936347,0.0,0.0,100.0,8
5,5,40.3408203125,927.55419921875,0.0035657896660268,1627.3818359375,860356.8125,0.0035657896660268,0.0453817024827003,0.0,0.0,100.0,8
6,6,68.75486755371094,919.7831420898438,0.0034525340888649,4727.23193359375,846001.0,0.0034525340888649,0.0437914803624153,0.0,0.0,100.0,8
7,7,93.8117218017578,913.28369140625,0.0033526462502777,8800.638671875,834087.125,0.0033526462502777,0.0423083454370498,0.0,0.0,100.0,8
8,8,115.80052185058594,907.8826293945312,0.0032646392937749,13409.7607421875,824250.875,0.0032646392937749,0.0409268327057361,0.0,0.0,100.0,8
9,9,135.00772094726562,903.4189453125,0.0031871208921074,18227.083984375,816165.8125,0.0031871208921074,0.0396459698677063,0.0,0.0,100.0,8
10,10,151.70687866210938,899.7477416992188,0.0031188447028398,23014.9765625,809546.0,0.0031188447028398,0.0384612008929252,0.0,0.0,100.0,8
11,11,166.15811157226562,896.7410888671875,0.0030586852226406,27608.517578125,804144.5625,0.0030586852226406,0.0373680964112281,0.0,0.0,100.0,8
12,12,178.60690307617188,894.285888671875,0.003005632199347,31900.42578125,799747.25,0.003005632199347,0.0363763570785522,0.0,0.0,100.0,8
13,13,189.28375244140625,892.2835693359375,0.0029587883036583,35828.33984375,796169.9375,0.0029587883036583,0.0354732610285282,0.0,0.0,100.0,8
14,14,198.4030303955078,890.649658203125,0.0029173647053539,39363.76171875,793256.8125,0.0029173647053539,0.0346485711634159,0.0,0.0,100.0,8
15,15,206.16184997558597,889.312255859375,0.0028806698974221,42502.70703125,790876.3125,0.0028806698974221,0.0338796228170394,0.0,0.0,100.0,8
16,16,212.7395782470703,888.2111206054688,0.0028481015469878,45258.12890625,788919.0,0.0028481015469878,0.0331624671816825,0.0,0.0,100.0,8
17,17,218.29830932617188,887.2965087890625,0.0028191378805786,47654.15234375,787295.125,0.0028191378805786,0.0324937105178833,0.0,0.0,100.0,8
18,18,222.9844665527344,886.5271606445312,0.0027933218516409,49722.07421875,785930.4375,0.0027933218516409,0.0318702757358551,0.0,0.0,100.0,8
19,19,226.9275054931641,885.8690185546875,0.0027702581137418,51496.09375,784763.9375,0.0027702581137418,0.0312892198562622,0.0,0.0,100.0,8
20,20,230.24176025390625,885.2944946289062,0.0027496041730046,53011.26953125,783746.3125,0.0027496041730046,0.0307480245828628,0.0,0.0,100.0,8
21,21,233.02658081054688,884.7815551757812,0.0027310685254633,54301.38671875,782838.375,0.0027310685254633,0.0302431415766477,0.0,0.0,100.0,8
22,22,235.3681640625,884.3120727539062,0.0027143973857164,55398.171875,782007.8125,0.0027143973857164,0.0297724306583404,0.0,0.0,100.0,8
23,23,237.3407287597656,883.8722534179688,0.0026993707288056,56330.62109375,781230.1875,0.0026993707288056,0.0293337889015674,0.0,0.0,100.0,8
24,24,239.0075225830078,883.4509887695312,0.0026857955381274,57124.59765625,780485.625,0.0026857955381274,0.0289252176880836,0.0,0.0,100.0,8
25,25,240.42210388183597,883.0401000976562,0.0026735079009085,57802.7890625,779759.8125,0.0026735079009085,0.0285443812608718,0.0,0.0,100.0,8
26,26,241.62950134277344,882.6336059570312,0.002662364160642,58384.81640625,779042.0625,0.002662364160642,0.0281892120838165,0.0,0.0,100.0,8
27,27,242.6673126220703,882.2273559570312,0.002652239287272,58887.42578125,778325.125,0.002652239287272,0.0278583299368619,0.0,0.0,100.0,8
28,28,243.5666961669922,881.8185424804688,0.0026430222205817,59324.734375,777603.9375,0.0026430222205817,0.0275504775345325,0.0,0.0,100.0,8
29,29,244.35330200195312,881.4053344726562,0.0026346170343458,59708.53515625,776875.375,0.0026346170343458,0.0272639021277427,0.0,0.0,100.0,8
30,30,245.0479431152344,880.9869995117188,0.0026269387453794,60048.49609375,776138.0625,0.0026269387453794,0.0269971564412117,0.0,0.0,100.0,8
31,31,245.6675567626953,880.5633544921875,0.0026199119165539,60352.546875,775391.8125,0.0026199119165539,0.0267489086836576,0.0,0.0,100.0,8
32,32,246.2258453369141,880.1346435546875,0.0026134685613214,60627.16796875,774637.0,0.0026134685613214,0.0265172626823186,0.0,0.0,100.0,8
33,33,246.73377990722656,879.7015380859375,0.0026075500063598,60877.55859375,773874.8125,0.0026075500063598,0.0263010747730731,0.0,0.0,100.0,8
34,34,247.20013427734372,879.2647094726562,0.0026021036319434,61107.90625,773106.4375,0.0026021036319434,0.0261001568287611,0.0,0.0,100.0,8
35,35,247.6319580078125,878.8250122070312,0.0025970807764679,61321.5859375,772333.375,0.0025970807764679,0.0259129665791988,0.0,0.0,100.0,8
36,36,248.0348358154297,878.3833618164062,0.0025924397632479,61521.28125,771557.3125,0.0025924397632479,0.0257382728159427,0.0,0.0,100.0,8
37,37,248.4132843017578,877.94091796875,0.0025881435722112,61709.16015625,770780.25,0.0025881435722112,0.0255753230303525,0.0,0.0,100.0,8
38,38,248.77096557617188,877.498779296875,0.0025841579772531,61886.9921875,770004.125,0.0025841579772531,0.0254231076687574,0.0,0.0,100.0,8
39,39,249.11083984375,877.0579223632812,0.00258045271039,62056.2109375,769230.625,0.00258045271039,0.0252809096127748,0.0,0.0,100.0,8
40,40,249.4353179931641,876.619140625,0.0025770007632672,62217.9765625,768461.125,0.0025770007632672,0.0251476727426052,0.0,0.0,100.0,8
41,41,249.7463531494141,876.1832275390625,0.0025737769901752,62373.2421875,767697.0625,0.0025737769901752,0.0250225104391574,0.0,0.0,100.0,8
42,42,250.04559326171875,875.7510375976562,0.0025707590393722,62522.796875,766939.875,0.0025707590393722,0.0249050185084342,0.0,0.0,100.0,8
43,43,250.33432006835935,875.3231201171875,0.0025679282844066,62667.2734375,766190.5625,0.0025679282844066,0.0247944872826337,0.0,0.0,100.0,8
44,44,250.6137237548828,874.900146484375,0.0025652656331658,62807.23828125,765450.25,0.0025652656331658,0.0246899873018264,0.0,0.0,100.0,8
45,45,250.88461303710935,874.4826049804688,0.0025627559516578,62943.08984375,764719.8125,0.0025627559516578,0.0245909597724676,0.0,0.0,100.0,8
46,46,251.1477813720703,874.0709228515625,0.0025603850372135,63075.20703125,764000.0,0.0025603850372135,0.0244969595223665,0.0,0.0,100.0,8
47,47,251.40374755859372,873.6654052734375,0.0025581396184861,63203.84375,763291.25,0.0025581396184861,0.0244076158851385,0.0,0.0,100.0,8
48,48,251.65293884277344,873.2664794921875,0.0025560092180967,63329.203125,762594.375,0.0025560092180967,0.024322597309947,0.0,0.0,100.0,8
49,49,251.8956451416016,872.8743286132812,0.0025539831258356,63451.41796875,761909.5625,0.0025539831258356,0.0242416244000196,0.0,0.0,100.0,8
50,50,252.13206481933597,872.4892578125,0.0025520531926304,63570.578125,761237.5,0.0025520531926304,0.0241644978523254,0.0,0.0,100.0,8
51,51,252.3622894287109,872.1114501953125,0.0025502103380858,63686.7265625,760578.375,0.0025502103380858,0.0240909270942211,0.0,0.0,100.0,8
52,52,252.5863037109375,871.7410278320312,0.0025484485086053,63799.83984375,759932.4375,0.0025484485086053,0.0240206774324178,0.0,0.0,100.0,8
53,53,252.80401611328125,871.3780517578125,0.0025467604864388,63909.87109375,759299.6875,0.0025467604864388,0.0239534936845302,0.0,0.0,100.0,8
54,54,253.01531982421875,871.0225830078125,0.0025451411493122,64016.75390625,758680.3125,0.0025451411493122,0.0238891635090112,0.0,0.0,100.0,8
55,55,253.22003173828125,870.6747436523438,0.0025435853749513,64120.3828125,758074.5,0.0025435853749513,0.0238275751471519,0.0,0.0,100.0,8
56,56,253.4179229736328,870.33447265625,0.0025420887395739,64220.64453125,757482.125,0.0025420887395739,0.0237685889005661,0.0,0.0,100.0,8
57,57,253.6088104248047,870.0018920898438,0.0025406470522284,64317.4296875,756903.3125,0.0025406470522284,0.0237120073288679,0.0,0.0,100.0,8
58,58,253.79249572753903,869.6768188476562,0.0025392572861164,64410.6328125,756337.75,0.0025392572861164,0.0236576907336711,0.0,0.0,100.0,8
59,59,253.96878051757807,869.3593139648438,0.0025379150174558,64500.140625,755785.625,0.0025379150174558,0.023605478927493,0.0,0.0,100.0,8
60,60,254.13751220703125,869.0492553710938,0.0025366183836013,64585.875,755246.625,0.0025366183836013,0.0235552601516246,0.0,0.0,100.0,8
61,61,254.29855346679688,868.7465209960938,0.0025353636592626,64667.75390625,754720.5,0.0025353636592626,0.023506935685873,0.0,0.0,100.0,8
62,62,254.4518280029297,868.4509887695312,0.0025341485161334,64745.734375,754207.125,0.0025341485161334,0.0234605856239795,0.0,0.0,100.0,8
63,63,254.5972595214844,868.16259765625,0.0025329703930765,64819.765625,753706.3125,0.0025329703930765,0.0234165973961353,0.0,0.0,100.0,8
64,64,254.73486328125,867.8809814453125,0.0025318274274468,64889.8515625,753217.375,0.0025318274274468,0.0233748517930507,0.0,0.0,100.0,8
65,65,254.86463928222656,867.6061401367188,0.0025307172909379,64955.984375,752740.4375,0.0025307172909379,0.0233348086476326,0.0,0.0,100.0,8
66,66,254.9866943359375,867.3377685546875,0.0025296376552432,65018.21484375,752274.8125,0.0025296376552432,0.0232962295413017,0.0,0.0,100.0,8
67,67,255.1011657714844,867.0756225585938,0.0025285871233791,65076.60546875,751820.125,0.0025285871233791,0.023259038105607,0.0,0.0,100.0,8
68,68,255.20816040039065,866.8194580078125,0.0025275638327002,65131.20703125,751376.0,0.0025275638327002,0.0232231654226779,0.0,0.0,100.0,8
69,69,255.3079376220703,866.569091796875,0.0025265663862228,65182.14453125,750942.0,0.0025265663862228,0.0231885612010955,0.0,0.0,100.0,8
70,70,255.4006805419922,866.3241577148438,0.002525592688471,65229.5078125,750517.5625,0.002525592688471,0.0231552105396986,0.0,0.0,100.0,8
71,71,255.48666381835935,866.08447265625,0.0025246418081223,65273.43359375,750102.3125,0.0025246418081223,0.0231230650097131,0.0,0.0,100.0,8
72,72,255.566162109375,865.8497314453125,0.0025237118825316,65314.0625,749695.75,0.0025237118825316,0.0230919383466243,0.0,0.0,100.0,8
73,73,255.6394805908203,865.61962890625,0.0025228029116988,65351.54296875,749297.3125,0.0025228029116988,0.023061754181981,0.0,0.0,100.0,8
74,74,255.70689392089844,865.3938598632812,0.0025219123344868,65386.015625,748906.5625,0.0025219123344868,0.0230324696749448,0.0,0.0,100.0,8
75,75,255.76873779296875,865.1722412109375,0.002521039918065,65417.6484375,748523.0,0.002521039918065,0.0230040252208709,0.0,0.0,100.0,8
76,76,255.8253173828125,864.954345703125,0.0025201840326189,65446.59375,748146.0,0.0025201840326189,0.0229763649404048,0.0,0.0,100.0,8
77,77,255.876953125,864.739990234375,0.0025193446781486,65473.015625,747775.25,0.0025193446781486,0.0229494646191597,0.0,0.0,100.0,8
78,78,255.92393493652344,864.5289306640625,0.0025185206905007,65497.05859375,747410.25,0.0025185206905007,0.0229232758283615,0.0,0.0,100.0,8
79,79,255.9665985107422,864.32080078125,0.0025177106726914,65518.8984375,747050.4375,0.0025177106726914,0.022897770628333,0.0,0.0,100.0,8
80,80,256.00518798828125,864.1153564453125,0.0025169146247208,65538.65625,746695.375,0.0025169146247208,0.0228729136288166,0.0,0.0,100.0,8
81,81,256.0400390625,863.9124145507812,0.0025161318480968,65556.5,746344.6875,0.0025161318480968,0.0228486880660057,0.0,0.0,100.0,8
82,82,256.0713806152344,863.711669921875,0.0025153618771582,65572.5546875,745997.875,0.0025153618771582,0.0228250734508037,0.0,0.0,100.0,8
83,83,256.0995178222656,863.5128784179688,0.0025146040134131,65586.9609375,745654.5,0.0025146040134131,0.0228020511567592,0.0,0.0,100.0,8
84,84,256.1246337890625,863.3157958984375,0.0025138573255389,65599.828125,745314.1875,0.0025138573255389,0.0227795969694852,0.0,0.0,100.0,8
85,85,256.14697265625,863.1203002929688,0.0025131220463663,65611.2734375,744976.625,0.0025131220463663,0.0227576866745948,0.0,0.0,100.0,8
86,86,256.16680908203125,862.926025390625,0.0025123970117419,65621.4375,744641.3125,0.0025123970117419,0.0227363109588623,0.0,0.0,100.0,8
87,87,256.18426513671875,862.7329711914062,0.0025116824544966,65630.375,744308.1875,0.0025116824544966,0.0227154456079006,0.0,0.0,100.0,8
88,88,256.1995544433594,862.540771484375,0.0025109769776463,65638.2109375,743976.5625,0.0025109769776463,0.0226950831711292,0.0,0.0,100.0,8
89,89,256.212890625,862.3494262695312,0.0025102815125137,65645.046875,743646.5625,0.0025102815125137,0.0226752236485481,0.0,0.0,100.0,8
90,90,256.2243347167969,862.15869140625,0.0025095946621149,65650.90625,743317.625,0.0025095946621149,0.0226558409631252,0.0,0.0,100.0,8
91,91,256.2341003417969,861.9684448242188,0.00250891642645,65655.9140625,742989.625,0.00250891642645,0.022636916488409,0.0,0.0,100.0,8
92,92,256.2423095703125,861.778564453125,0.0025082468055188,65660.125,742662.3125,0.0025082468055188,0.0226184241473674,0.0,0.0,100.0,8
93,93,256.2490539550781,861.5889892578125,0.0025075846351683,65663.578125,742335.5625,0.0025075846351683,0.0226003546267747,0.0,0.0,100.0,8
94,94,256.2544250488281,861.3995361328125,0.0025069308467209,65666.328125,742009.1875,0.0025069308467209,0.0225826818495988,0.0,0.0,100.0,8
95,95,256.2585144042969,861.2101440429688,0.0025062840431928,65668.4296875,741682.9375,0.0025062840431928,0.0225654002279043,0.0,0.0,100.0,8
96,96,256.2614440917969,861.0208129882812,0.0025056442245841,65669.9296875,741356.8125,0.0025056442245841,0.022548496723175,0.0,0.0,100.0,8
97,97,256.26324462890625,860.8313598632812,0.0025050118565559,65670.8515625,741030.625,0.0025050118565559,0.0225319527089595,0.0,0.0,100.0,8
98,98,256.2639465332031,860.641845703125,0.0025043853092938,65671.2109375,740704.375,0.0025043853092938,0.0225157514214515,0.0,0.0,100.0,8
99,99,256.2636413574219,860.4521484375,0.0025037657469511,65671.0546875,740377.875,0.0025037657469511,0.0224998947232961,0.0,0.0,100.0,8
100,100,256.2623596191406,860.2622680664062,0.0025031517725437,65670.3984375,740051.1875,0.0025031517725437,0.022484365850687,0.0,0.0,100.0,8
101,101,256.2601623535156,860.0722045898438,0.0025025438517332,65669.2734375,739724.1875,0.0025025438517332,0.0224691666662693,0.0,0.0,100.0,8
102,102,256.25701904296875,859.8818969726562,0.0025019419845193,65667.65625,739396.875,0.0025019419845193,0.0224542841315269,0.0,0.0,100.0,8
103,103,256.25299072265625,859.69140625,0.0025013454724103,65665.59375,739069.3125,0.0025013454724103,0.0224397089332342,0.0,0.0,100.0,8
104,104,256.24810791015625,859.5006713867188,0.002500754315406,65663.09375,738741.375,0.002500754315406,0.0224254392087459,0.0,0.0,100.0,8
105,105,256.2424011230469,859.3096923828125,0.0025001685135066,65660.171875,738413.125,0.0025001685135066,0.0224114526063203,0.0,0.0,100.0,8
106,106,256.2358703613281,859.1185302734375,0.002499588066712,65656.8203125,738084.625,0.002499588066712,0.0223977398127317,0.0,0.0,100.0,8
107,107,256.228515625,858.9271240234375,0.0024990118108689,65653.0546875,737755.8125,0.0024990118108689,0.0223842971026897,0.0,0.0,100.0,8
108,108,256.2203674316406,858.735595703125,0.0024984409101307,65648.875,737426.8125,0.0024984409101307,0.0223711859434843,0.0,0.0,100.0,8
109,109,256.2114562988281,858.5439453125,0.0024978744331747,65644.3125,737097.6875,0.0024978744331747,0.0223583709448575,0.0,0.0,100.0,8
110,110,256.2017822265625,858.3522338867188,0.0024973119143396,65639.3515625,736768.5625,0.0024973119143396,0.0223458558320999,0.0,0.0,100.0,8
111,111,256.1913452148437,858.1605224609375,0.0024967535864561,65634.0078125,736439.5,0.0024967535864561,0.0223336778581142,0.0,0.0,100.0,8
112,112,256.18017578125,857.9688110351562,0.0024962001480162,65628.28125,736110.5,0.0024962001480162,0.0223218630999326,0.0,0.0,100.0,8
113,113,256.1683044433594,857.7772216796875,0.0024956506676971,65622.203125,735781.75,0.0024956506676971,0.0223104376345872,0.0,0.0,100.0,8
114,114,256.1557006835937,857.585693359375,0.0024951049126684,65615.7421875,735453.25,0.0024951049126684,0.0222994275391101,0.0,0.0,100.0,8
115,115,256.1424560546875,857.394287109375,0.0024945635814219,65608.9609375,735124.9375,0.0024945635814219,0.0222887657582759,0.0,0.0,100.0,8
116,116,256.1285400390625,857.2030639648438,0.0024940257426351,65601.828125,734797.0625,0.0024940257426351,0.0222784280776977,0.0,0.0,100.0,8
117,117,256.114013671875,857.0120239257812,0.0024934918619692,65594.390625,734469.625,0.0024934918619692,0.0222683958709239,0.0,0.0,100.0,8
118,118,256.098876953125,856.8212890625,0.0024929619394242,65586.6328125,734142.75,0.0024929619394242,0.022258823737502,0.0,0.0,100.0,8
119,119,256.0831298828125,856.630859375,0.0024924352765083,65578.5703125,733816.4375,0.0024924352765083,0.0222495608031749,0.0,0.0,100.0,8
120,120,256.0668334960937,856.4407348632812,0.0024919123388826,65570.2265625,733490.75,0.0024919123388826,0.0222405157983303,0.0,0.0,100.0,8
121,121,256.0500183105469,856.2509765625,0.002491392660886,65561.609375,733165.75,0.002491392660886,0.0222316849976778,0.0,0.0,100.0,8
122,122,256.0326843261719,856.0616455078125,0.0024908769410103,65552.734375,732841.5625,0.0024908769410103,0.0222230423241853,0.0,0.0,100.0,8
123,123,256.01483154296875,855.872802734375,0.0024903637822717,65543.59375,732518.25,0.0024903637822717,0.0222145952284336,0.0,0.0,100.0,8
124,124,255.9965667724609,855.6844482421875,0.0024898538831621,65534.2421875,732195.875,0.0024898538831621,0.022206338122487,0.0,0.0,100.0,8
125,125,255.97784423828125,855.49658203125,0.0024893474765121,65524.65625,731874.375,0.0024893474765121,0.0221982784569263,0.0,0.0,100.0,8
126,126,255.958740234375,855.309326171875,0.0024888443294912,65514.875,731554.0625,0.0024888443294912,0.0221904534846544,0.0,0.0,100.0,8
127,127,255.93923950195312,855.1226196289062,0.002488343976438,65504.89453125,731234.6875,0.002488343976438,0.0221828650683164,0.0,0.0,100.0,8
128,128,255.9193878173828,854.9365844726562,0.0024878461845219,65494.734375,730916.5625,0.0024878461845219,0.0221755150705575,0.0,0.0,100.0,8
129,129,255.89920043945312,854.751220703125,0.002487352117896,65484.40234375,730599.625,0.002487352117896,0.0221684034913778,0.0,0.0,100.0,8
130,130,255.87869262695312,854.5665283203125,0.0024868606124073,65473.90625,730283.9375,0.0024868606124073,0.0221614800393581,0.0,0.0,100.0,8
131,131,255.85791015625,854.3826904296875,0.0024863719008862,65463.26953125,729969.8125,0.0024863719008862,0.0221547372639179,0.0,0.0,100.0,8
132,132,255.8368225097656,854.1995849609375,0.0024858857505023,65452.48046875,729656.9375,0.0024858857505023,0.022148186340928,0.0,0.0,100.0,8
133,133,255.81549072265625,854.017333984375,0.0024854023940861,65441.56640625,729345.625,0.0024854023940861,0.0221418179571628,0.0,0.0,100.0,8
134,134,255.7938995361328,853.8359375,0.0024849218316376,65430.51953125,729035.8125,0.0024849218316376,0.0221356097608804,0.0,0.0,100.0,8
135,135,255.7720947265625,853.6555786132812,0.0024844433646649,65419.36328125,728727.875,0.0024844433646649,0.0221295654773712,0.0,0.0,100.0,8
136,136,255.7500915527344,853.47607421875,0.0024839674588292,65408.109375,728421.4375,0.0024839674588292,0.0221236944198608,0.0,0.0,100.0,8
137,137,255.72789001464844,853.297607421875,0.0024834943469613,65396.75390625,728116.8125,0.0024834943469613,0.0221179872751235,0.0,0.0,100.0,8
138,138,255.7055206298828,853.1201782226562,0.0024830233305692,65385.3125,727814.0625,0.0024830233305692,0.0221124291419982,0.0,0.0,100.0,8
139,139,255.6830139160156,852.9437255859375,0.0024825546424835,65373.8046875,727513.0,0.0024825546424835,0.0221069976687431,0.0,0.0,100.0,8
140,140,255.66033935546875,852.768310546875,0.0024820882827043,65362.2109375,727213.8125,0.0024820882827043,0.0221016854047775,0.0,0.0,100.0,8
141,141,255.63755798339844,852.593994140625,0.0024816240184009,65350.5625,726916.5,0.0024816240184009,0.0220964960753917,0.0,0.0,100.0,8
142,142,255.61463928222656,852.4207153320312,0.0024811618495732,65338.84375,726621.0625,0.0024811618495732,0.0220914222300052,0.0,0.0,100.0,8
143,143,255.59164428710935,852.24853515625,0.0024807017762213,65327.08984375,726327.5625,0.0024807017762213,0.0220864601433277,0.0,0.0,100.0,8
144,144,255.56851196289065,852.0775146484375,0.0024802437983453,65315.265625,726036.0625,0.0024802437983453,0.0220816060900688,0.0,0.0,100.0,8
145,145,255.5453186035156,851.90771484375,0.0024797872174531,65303.41015625,725746.75,0.0024797872174531,0.0220768619328737,0.0,0.0,100.0,8
146,146,255.52203369140625,851.739013671875,0.0024793327320367,65291.5078125,725459.375,0.0024793327320367,0.0220722258090972,0.0,0.0,100.0,8
147,147,255.4986572265625,851.571533203125,0.0024788796436041,65279.5625,725174.0625,0.0024788796436041,0.022067692130804,0.0,0.0,100.0,8
148,148,255.4752197265625,851.4053344726562,0.0024784281849861,65267.58984375,724891.0625,0.0024784281849861,0.0220632571727037,0.0,0.0,100.0,8
149,149,255.45172119140625,851.2404174804688,0.0024779781233519,65255.58203125,724610.25,0.0024779781233519,0.0220589153468608,0.0,0.0,100.0,8
150,150,255.4281463623047,851.0767211914062,0.0024775292258709,65243.5390625,724331.5625,0.0024775292258709,0.0220546629279851,0.0,0.0,100.0,8
151,151,255.40451049804688,850.914306640625,0.0024770817253738,65231.46484375,724055.1875,0.0024770817253738,0.0220504961907863,0.0,0.0,100.0,8
152,152,255.3808135986328,850.7532348632812,0.0024766351561993,65219.359375,723781.0625,0.0024766351561993,0.0220464132726192,0.0,0.0,100.0,8
153,153,255.3570556640625,850.5933837890625,0.002476189751178,65207.2265625,723509.125,0.002476189751178,0.0220424067229032,0.0,0.0,100.0,8
154,154,255.33323669433597,850.4348754882812,0.0024757445789873,65195.0625,723239.5,0.0024757445789873,0.0220384784042835,0.0,0.0,100.0,8
155,155,255.30935668945312,850.2777099609375,0.0024753003381192,65182.8671875,722972.1875,0.0024753003381192,0.0220346190035343,0.0,0.0,100.0,8
156,156,255.2854156494141,850.1219482421875,0.0024748565629124,65170.64453125,722707.3125,0.0024748565629124,0.022030821070075,0.0,0.0,100.0,8
157,157,255.26141357421875,849.967529296875,0.0024744132533669,65158.390625,722444.8125,0.0024744132533669,0.0220270976424217,0.0,0.0,100.0,8
158,158,255.23736572265625,849.8145751953125,0.0024739697109907,65146.11328125,722184.8125,0.0024739697109907,0.0220234300941228,0.0,0.0,100.0,8
159,159,255.2132568359375,849.6630859375,0.0024735261686146,65133.8046875,721927.375,0.0024735261686146,0.0220198221504688,0.0,0.0,100.0,8
160,160,255.1891021728516,849.51318359375,0.0024730821605771,65121.4765625,721672.625,0.0024730821605771,0.0220162719488143,0.0,0.0,100.0,8
161,161,255.16488647460935,849.3648071289062,0.0024726383853703,65109.12109375,721420.5625,0.0024726383853703,0.0220127701759338,0.0,0.0,100.0,8
162,162,255.14064025878903,849.2180786132812,0.0024721932131797,65096.74609375,721171.375,0.0024721932131797,0.0220093242824077,0.0,0.0,100.0,8
163,163,255.1163330078125,849.072998046875,0.0024717471096664,65084.34375,720924.9375,0.0024717471096664,0.0220059286803007,0.0,0.0,100.0,8
164,164,255.09197998046875,848.9296264648438,0.0024713003076612,65071.91796875,720681.5,0.0024713003076612,0.0220025870949029,0.0,0.0,100.0,8
165,165,255.06759643554688,848.7879028320312,0.0024708516430109,65059.48046875,720440.875,0.0024708516430109,0.0219993013888597,0.0,0.0,100.0,8
166,166,255.0431671142578,848.6478881835938,0.002470402047038,65047.015625,720203.25,0.002470402047038,0.0219960771501064,0.0,0.0,100.0,8
167,167,255.0187225341797,848.5094604492188,0.0024699498899281,65034.55078125,719968.3125,0.0024699498899281,0.0219929181039333,0.0,0.0,100.0,8
168,168,254.99424743652344,848.3727416992188,0.0024694956373423,65022.06640625,719736.3125,0.0024694956373423,0.0219898223876953,0.0,0.0,100.0,8
169,169,254.96975708007807,848.2377319335938,0.0024690383579581,65009.578125,719507.25,0.0024690383579581,0.0219867955893278,0.0,0.0,100.0,8
170,170,254.9452667236328,848.1043090820312,0.0024685787502676,64997.08984375,719280.9375,0.0024685787502676,0.0219838395714759,0.0,0.0,100.0,8
171,171,254.9207763671875,847.9725341796875,0.0024681156501173,64984.6015625,719057.4375,0.0024681156501173,0.0219809561967849,0.0,0.0,100.0,8
172,172,254.8962860107422,847.8424072265625,0.0024676488246768,64972.1171875,718836.75,0.0024676488246768,0.0219781510531902,0.0,0.0,100.0,8
173,173,254.87179565429688,847.7139282226562,0.002467178273946,64959.6328125,718618.875,0.002467178273946,0.0219754166901111,0.0,0.0,100.0,8
174,174,254.84732055664065,847.587158203125,0.0024667032994329,64947.15625,718404.0,0.0024667032994329,0.021972756832838,0.0,0.0,100.0,8
175,175,254.82286071777344,847.4619750976562,0.0024662232026457,64934.69140625,718191.8125,0.0024662232026457,0.0219701658934354,0.0,0.0,100.0,8
176,176,254.7984161376953,847.33837890625,0.0024657379835844,64922.234375,717982.3125,0.0024657379835844,0.0219676531851291,0.0,0.0,100.0,8
177,177,254.77398681640625,847.2164916992188,0.0024652469437569,64909.78515625,717775.8125,0.0024652469437569,0.0219652205705642,0.0,0.0,100.0,8
178,178,254.7495880126953,847.0960693359375,0.0024647493846714,64897.3515625,717571.75,0.0024647493846714,0.0219628624618053,0.0,0.0,100.0,8
179,179,254.72520446777344,846.977294921875,0.0024642455391585,64884.9296875,717370.5625,0.0024642455391585,0.0219605956226587,0.0,0.0,100.0,8
180,180,254.7008514404297,846.8600463867188,0.0024637335445731,64872.5234375,717171.9375,0.0024637335445731,0.0219584256410598,0.0,0.0,100.0,8
181,181,254.6765289306641,846.7442016601562,0.0024632136337459,64860.1328125,716975.75,0.0024632136337459,0.0219563506543636,0.0,0.0,100.0,8
182,182,254.6522521972656,846.6298828125,0.0024626846425235,64847.76953125,716782.1875,0.0024626846425235,0.0219543520361185,0.0,0.0,100.0,8
183,183,254.62803649902344,846.5169067382812,0.002462146570906,64835.4375,716590.875,0.002462146570906,0.021952424198389,0.0,0.0,100.0,8
184,184,254.60385131835935,846.4052734375,0.0024615980219095,64823.12109375,716401.875,0.0024615980219095,0.0219505578279495,0.0,0.0,100.0,8
185,185,254.57974243164065,846.294921875,0.0024610387627035,64810.84375,716215.125,0.0024610387627035,0.0219487510621547,0.0,0.0,100.0,8
186,186,254.55567932128903,846.185791015625,0.0024604676291346,64798.59375,716030.375,0.0024604676291346,0.0219470020383596,0.0,0.0,100.0,8
187,187,254.53167724609372,846.0778198242188,0.0024598834570497,64786.375,715847.6875,0.0024598834570497,0.0219453051686286,0.0,0.0,100.0,8
188,188,254.5077362060547,845.970947265625,0.0024592857807874,64774.1875,715666.8125,0.0024592857807874,0.021943662315607,0.0,0.0,100.0,8
189,189,254.48385620117188,845.8650512695312,0.0024586734361946,64762.03125,715487.6875,0.0024586734361946,0.0219420716166496,0.0,0.0,100.0,8
190,190,254.4600524902344,845.7601318359375,0.0024580454919487,64749.91796875,715310.1875,0.0024580454919487,0.0219405367970466,0.0,0.0,100.0,8
191,191,254.43630981445312,845.6560668945312,0.0024574005510658,64737.8359375,715134.1875,0.0024574005510658,0.0219390708953142,0.0,0.0,100.0,8
192,192,254.41262817382807,845.5527954101562,0.0024567376822233,64725.78515625,714959.5,0.0024567376822233,0.0219376701861619,0.0,0.0,100.0,8
193,193,254.38902282714844,845.4501953125,0.0024560559540987,64713.7734375,714786.0625,0.0024560559540987,0.0219363346695899,0.0,0.0,100.0,8
194,194,254.365478515625,845.3482055664062,0.0024553528055548,64701.796875,714613.5625,0.0024553528055548,0.021935049444437,0.0,0.0,100.0,8
195,195,254.34197998046875,845.2467041015625,0.0024546277709305,64689.84375,714442.0,0.0024546277709305,0.0219338238239288,0.0,0.0,100.0,8
196,196,254.3185577392578,845.1456298828125,0.0024538792204111,64677.9296875,714271.125,0.0024538792204111,0.0219326596707105,0.0,0.0,100.0,8
197,197,254.29519653320312,845.0448608398438,0.0024531057570129,64666.046875,714100.8125,0.0024531057570129,0.0219315998256206,0.0,0.0,100.0,8
198,198,254.2718811035156,844.9443359375,0.0024523050524294,64654.19140625,713930.9375,0.0024523050524294,0.0219306610524654,0.0,0.0,100.0,8
199,199,254.2486267089844,844.8438720703125,0.0024514757096767,64642.36328125,713761.1875,0.0024514757096767,0.021929781883955,0.0,0.0,100.0,8
0,0,281.7470092773437,838.3119506835938,0.0029343671631067,79381.375,702766.9375,0.0029343671631067,0.0329817570745945,0.0,0.0,100.0,9
1,1,278.8804626464844,840.2351684570312,0.0028884827625006,77774.3125,705995.125,0.0028884827625006,0.0321130193769931,0.0,0.0,100.0,9
2,2,276.3681945800781,841.9617919921875,0.0028476919978857,76379.3828125,708899.6875,0.0028476919978857,0.031300701200962,0.0,0.0,100.0,9
3,3,274.1864013671875,843.5126342773438,0.0028115133754909,75178.1796875,711513.5625,0.0028115133754909,0.0305433832108974,0.0,0.0,100.0,9
4,4,272.3077087402344,844.9118041992188,0.0027794858906418,74151.484375,713875.9375,0.0027794858906418,0.0298394262790679,0.0,0.0,100.0,9
5,5,270.7012634277344,846.1668090820312,0.0027511734515428,73279.171875,715998.25,0.0027511734515428,0.0291874855756759,0.0,0.0,100.0,9
6,6,269.333740234375,847.2841186523438,0.0027261618524789,72540.6640625,717890.375,0.0027261618524789,0.0285848416388034,0.0,0.0,100.0,9
7,7,268.1732177734375,848.2713012695312,0.0027040760032832,71916.875,719564.1875,0.0027040760032832,0.028028504922986,0.0,0.0,100.0,9
8,8,267.1909484863281,849.1409301757812,0.0026845773681998,71391.0,721040.3125,0.0026845773681998,0.0275163576006889,0.0,0.0,100.0,9
9,9,266.3623352050781,849.90771484375,0.0026673583779484,70948.890625,722343.125,0.0026673583779484,0.0270461793988943,0.0,0.0,100.0,9
10,10,265.6651916503906,850.5882568359375,0.002652145223692,70577.9921875,723500.375,0.002652145223692,0.0266157165169715,0.0,0.0,100.0,9
11,11,265.0799255371094,851.1982421875,0.0026386945974081,70267.3671875,724538.4375,0.0026386945974081,0.026222676038742,0.0,0.0,100.0,9
12,12,264.5897521972656,851.75146484375,0.002626791363582,70007.734375,725480.5625,0.002626791363582,0.0258652679622173,0.0,0.0,100.0,9
13,13,264.17999267578125,852.259765625,0.0026162459980696,69791.0703125,726346.6875,0.0026162459980696,0.0255395099520683,0.0,0.0,100.0,9
14,14,263.8380126953125,852.7327880859375,0.0026068908628076,69610.5,727153.1875,0.0026068908628076,0.0252413414418697,0.0,0.0,100.0,9
15,15,263.5529479980469,853.1784057617188,0.0025985785759985,69460.15625,727913.375,0.0025985785759985,0.0249676927924156,0.0,0.0,100.0,9
16,16,263.31561279296875,853.6024780273438,0.0025911799166351,69335.109375,728637.1875,0.0025911799166351,0.0247179269790649,0.0,0.0,100.0,9
17,17,263.1181030273437,854.0093994140625,0.0025845796335488,69231.1328125,729332.0625,0.0025845796335488,0.0244893915951252,0.0,0.0,100.0,9
18,18,262.953857421875,854.402099609375,0.0025786776095628,69144.734375,730002.9375,0.0025786776095628,0.0242791064083576,0.0,0.0,100.0,9
19,19,262.8174743652344,854.7821044921875,0.0025733895599842,69073.0234375,730652.4375,0.0025733895599842,0.0240864250808954,0.0,0.0,100.0,9
20,20,262.7044372558594,855.1505126953125,0.0025686407461762,69013.625,731282.375,0.0025686407461762,0.0239101350307464,0.0,0.0,100.0,9
21,21,262.6108703613281,855.5079956054688,0.0025643643457442,68964.46875,731893.9375,0.0025643643457442,0.0237491764128208,0.0,0.0,100.0,9
22,22,262.5335388183594,855.8546142578125,0.0025605028495192,68923.859375,732487.125,0.0025605028495192,0.0236023589968681,0.0,0.0,100.0,9
23,23,262.4697265625,856.1902465820312,0.0025570055004209,68890.359375,733061.75,0.0025570055004209,0.0234679616987705,0.0,0.0,100.0,9
24,24,262.417236328125,856.5145263671875,0.0025538292247802,68862.8046875,733617.125,0.0025538292247802,0.0233441404998302,0.0,0.0,100.0,9
25,25,262.3741455078125,856.8270874023438,0.002550934208557,68840.1953125,734152.6875,0.002550934208557,0.0232295654714107,0.0,0.0,100.0,9
26,26,262.3388061523437,857.1275024414062,0.0025482890196144,68821.6484375,734667.5625,0.0025482890196144,0.0231233201920986,0.0,0.0,100.0,9
27,27,262.3099670410156,857.4154663085938,0.0025458626914769,68806.515625,735161.3125,0.0025458626914769,0.0230246558785438,0.0,0.0,100.0,9
28,28,262.2864074707031,857.690673828125,0.0025436303112655,68794.15625,735633.3125,0.0025436303112655,0.0229328293353319,0.0,0.0,100.0,9
29,29,262.2672424316406,857.9530639648438,0.0025415702257305,68784.109375,736083.4375,0.0025415702257305,0.0228472799062728,0.0,0.0,100.0,9
30,30,262.2516784667969,858.2025146484375,0.0025396624114364,68775.9453125,736511.5625,0.0025396624114364,0.0227679777890443,0.0,0.0,100.0,9
31,31,262.239013671875,858.4390869140625,0.0025378903374075,68769.296875,736917.6875,0.0025378903374075,0.0226944833993911,0.0,0.0,100.0,9
32,32,262.22869873046875,858.6629638671875,0.0025362384039908,68763.890625,737302.0625,0.0025362384039908,0.0226258710026741,0.0,0.0,100.0,9
33,33,262.2202453613281,858.8743896484375,0.0025346938055008,68759.4609375,737665.1875,0.0025346938055008,0.0225618742406368,0.0,0.0,100.0,9
34,34,262.2133178710937,859.0735473632812,0.0025332449004054,68755.8203125,738007.375,0.0025332449004054,0.0225024484097957,0.0,0.0,100.0,9
35,35,262.2075500488281,859.2609252929688,0.0025318805128335,68752.796875,738329.3125,0.0025318805128335,0.0224470756947994,0.0,0.0,100.0,9
36,36,262.2026672363281,859.4368286132812,0.0025305922608822,68750.2421875,738631.6875,0.0025305922608822,0.0223954282701015,0.0,0.0,100.0,9
37,37,262.19842529296875,859.601806640625,0.0025293717626482,68748.015625,738915.25,0.0025293717626482,0.0223473235964775,0.0,0.0,100.0,9
38,38,262.1946105957031,859.7561645507812,0.0025282118003815,68746.015625,739180.6875,0.0025282118003815,0.0223031286150217,0.0,0.0,100.0,9
39,39,262.1910705566406,859.9005126953125,0.0025271053891628,68744.15625,739428.875,0.0025271053891628,0.0222622137516737,0.0,0.0,100.0,9
40,40,262.1876525878906,860.035400390625,0.0025260471738874,68742.3671875,739660.875,0.0025260471738874,0.0222241971641778,0.0,0.0,100.0,9
41,41,262.1842346191406,860.1611938476562,0.0025250315666198,68740.5703125,739877.25,0.0025250315666198,0.0221888571977615,0.0,0.0,100.0,9
42,42,262.1806335449219,860.278564453125,0.0025240541435778,68738.6875,740079.1875,0.0025240541435778,0.0221559405326843,0.0,0.0,100.0,9
43,43,262.17681884765625,860.387939453125,0.0025231102481484,68736.6875,740267.4375,0.0025231102481484,0.0221254024654626,0.0,0.0,100.0,9
44,44,262.1726379394531,860.4898681640625,0.0025221961550414,68734.4921875,740442.8125,0.0025221961550414,0.0220970008522272,0.0,0.0,100.0,9
45,45,262.16802978515625,860.5847778320312,0.0025213086046278,68732.078125,740606.1875,0.0025213086046278,0.0220704991370439,0.0,0.0,100.0,9
46,46,262.16290283203125,860.6731567382812,0.0025204443372786,68729.390625,740758.3125,0.0025204443372786,0.0220457762479782,0.0,0.0,100.0,9
47,47,262.1571655273437,860.7554321289062,0.0025196000933647,68726.3828125,740899.9375,0.0025196000933647,0.0220226757228374,0.0,0.0,100.0,9
48,48,262.1508178710937,860.83203125,0.0025187742430716,68723.0546875,741031.8125,0.0025187742430716,0.0220010969787836,0.0,0.0,100.0,9
49,49,262.1437683105469,860.9033203125,0.0025179632939398,68719.3515625,741154.5,0.0025179632939398,0.0219809785485267,0.0,0.0,100.0,9
50,50,262.135986328125,860.9696655273438,0.0025171656161546,68715.2734375,741268.75,0.0025171656161546,0.0219623539596796,0.0,0.0,100.0,9
51,51,262.1274108886719,861.0313110351562,0.0025163798127323,68710.78125,741374.9375,0.0025163798127323,0.0219449494034051,0.0,0.0,100.0,9
52,52,262.1180419921875,861.088623046875,0.0025156030897051,68705.8671875,741473.625,0.0025156030897051,0.0219286512583494,0.0,0.0,100.0,9
53,53,262.1078491210937,861.1417846679688,0.0025148345157504,68700.5234375,741565.1875,0.0025148345157504,0.0219133719801902,0.0,0.0,100.0,9
54,54,262.0968322753906,861.1909790039062,0.0025140726938843,68694.75,741649.875,0.0025140726938843,0.0218990352004766,0.0,0.0,100.0,9
55,55,262.0849914550781,861.2363891601562,0.0025133159942924,68688.5390625,741728.125,0.0025133159942924,0.0218855775892734,0.0,0.0,100.0,9
56,56,262.0722961425781,861.2781372070312,0.0025125634856522,68681.890625,741800.0,0.0025125634856522,0.0218729134649038,0.0,0.0,100.0,9
57,57,262.0588073730469,861.3162841796875,0.0025118133053183,68674.8203125,741865.75,0.0025118133053183,0.0218609776347875,0.0,0.0,100.0,9
58,58,262.0444641113281,861.350830078125,0.0025110654532909,68667.3046875,741925.25,0.0025110654532909,0.021849725395441,0.0,0.0,100.0,9
59,59,262.0293273925781,861.3818359375,0.0025103187654167,68659.3671875,741978.6875,0.0025103187654167,0.021839115768671,0.0,0.0,100.0,9
60,60,262.0133972167969,861.4092407226562,0.0025095718447118,68651.0234375,742025.875,0.0025095718447118,0.021829105913639,0.0,0.0,100.0,9
61,61,261.9967041015625,861.4329833984375,0.002508824924007,68642.2734375,742066.8125,0.002508824924007,0.0218196865171194,0.0,0.0,100.0,9
62,62,261.979248046875,861.4530639648438,0.0025080770719796,68633.125,742101.375,0.0025080770719796,0.0218108333647251,0.0,0.0,100.0,9
63,63,261.9610290527344,861.4692993164062,0.0025073271244764,68623.578125,742129.375,0.0025073271244764,0.021802544593811,0.0,0.0,100.0,9
64,64,261.9420471191406,861.4815063476562,0.0025065755471587,68613.6328125,742150.375,0.0025065755471587,0.0217947978526353,0.0,0.0,100.0,9
65,65,261.9223327636719,861.4896240234375,0.0025058216415345,68603.3046875,742164.375,0.0025058216415345,0.0217876341193914,0.0,0.0,100.0,9
66,66,261.90185546875,861.4934692382812,0.0025050654076039,68592.578125,742171.0,0.0025050654076039,0.0217810273170471,0.0,0.0,100.0,9
67,67,261.8806457519531,861.4928588867188,0.0025043059140443,68581.46875,742169.9375,0.0025043059140443,0.0217749327421188,0.0,0.0,100.0,9
68,68,261.858642578125,861.487548828125,0.0025035443250089,68569.9453125,742160.8125,0.0025035443250089,0.021769318729639,0.0,0.0,100.0,9
69,69,261.8358459472656,861.4774169921875,0.0025027792435139,68558.0078125,742143.3125,0.0025027792435139,0.0217641741037368,0.0,0.0,100.0,9
70,70,261.8122253417969,861.462158203125,0.0025020116008818,68545.640625,742117.0625,0.0025020116008818,0.0217594876885414,0.0,0.0,100.0,9
71,71,261.78778076171875,861.4415283203125,0.0025012411642819,68532.84375,742081.5,0.0025012411642819,0.0217552874237298,0.0,0.0,100.0,9
72,72,261.7624816894531,861.4154052734375,0.0025004683993756,68519.59375,742036.5,0.0025004683993756,0.0217515211552381,0.0,0.0,100.0,9
73,73,261.7362670898437,861.383544921875,0.0024996935389935,68505.875,741981.625,0.0024996935389935,0.0217481087893247,0.0,0.0,100.0,9
74,74,261.7091064453125,861.3456420898438,0.0024989165831357,68491.65625,741916.3125,0.0024989165831357,0.0217450372874736,0.0,0.0,100.0,9
75,75,261.6810302734375,861.3014526367188,0.0024981384631246,68476.9609375,741840.1875,0.0024981384631246,0.0217423290014266,0.0,0.0,100.0,9
76,76,261.6519470214844,861.2508544921875,0.0024973591789603,68461.7421875,741753.0625,0.0024973591789603,0.0217400696128606,0.0,0.0,100.0,9
77,77,261.6218566894531,861.1934814453125,0.0024965796619653,68445.9921875,741654.1875,0.0024965796619653,0.0217382386326789,0.0,0.0,100.0,9
78,78,261.5907287597656,861.1292724609375,0.0024958006106317,68429.7109375,741543.625,0.0024958006106317,0.0217366963624954,0.0,0.0,100.0,9
79,79,261.5585327148437,861.057861328125,0.0024950222577899,68412.8671875,741420.625,0.0024950222577899,0.0217353589832782,0.0,0.0,100.0,9
80,80,261.5252990722656,860.9791259765625,0.0024942455347627,68395.484375,741285.0625,0.0024942455347627,0.0217342264950275,0.0,0.0,100.0,9
81,81,261.49102783203125,860.8928833007812,0.0024934713728725,68377.5546875,741136.5625,0.0024934713728725,0.0217333044856786,0.0,0.0,100.0,9
82,82,261.4556884765625,860.7989501953125,0.0024927004706114,68359.078125,740974.8125,0.0024927004706114,0.021732585504651,0.0,0.0,100.0,9
83,83,261.4192810058594,860.6971435546875,0.0024919335264712,68340.0390625,740799.5625,0.0024919335264712,0.021732110530138,0.0,0.0,100.0,9
84,84,261.3818664550781,860.5873413085938,0.0024911714717745,68320.4765625,740610.5625,0.0024911714717745,0.021731911227107,0.0,0.0,100.0,9
85,85,261.3434753417969,860.4695434570312,0.0024904147721827,68300.4140625,740407.8125,0.0024904147721827,0.0217319726943969,0.0,0.0,100.0,9
86,86,261.3041381835937,860.3435668945312,0.0024896645918488,68279.8515625,740191.0625,0.0024896645918488,0.0217322278767824,0.0,0.0,100.0,9
87,87,261.26385498046875,860.20947265625,0.0024889218620955,68258.8046875,739960.3125,0.0024889218620955,0.0217326432466506,0.0,0.0,100.0,9
88,88,261.2227478027344,860.0672607421875,0.0024881872814148,68237.3203125,739715.6875,0.0024881872814148,0.0217332616448402,0.0,0.0,100.0,9
89,89,261.1807861328125,859.9169921875,0.0024874610826373,68215.40625,739457.25,0.0024874610826373,0.0217340029776096,0.0,0.0,100.0,9
90,90,261.1381225585937,859.7587280273438,0.0024867441970854,68193.1171875,739185.0625,0.0024867441970854,0.0217348374426364,0.0,0.0,100.0,9
91,91,261.0947570800781,859.5927124023438,0.0024860370904207,68170.46875,738899.625,0.0024860370904207,0.0217357836663723,0.0,0.0,100.0,9
92,92,261.05078125,859.4191284179688,0.0024853399954736,68147.5078125,738601.25,0.0024853399954736,0.0217368677258491,0.0,0.0,100.0,9
93,93,261.0062255859375,859.2383422851562,0.0024846531450748,68124.25,738290.5,0.0024846531450748,0.0217382460832595,0.0,0.0,100.0,9
94,94,260.961181640625,859.0505981445312,0.002483976772055,68100.7421875,737967.9375,0.002483976772055,0.0217399075627326,0.0,0.0,100.0,9
95,95,260.91571044921875,858.8563232421875,0.0024833108764141,68077.0078125,737634.1875,0.0024833108764141,0.0217418130487203,0.0,0.0,100.0,9
96,96,260.8698425292969,858.6560668945312,0.0024826554581522,68053.078125,737290.25,0.0024826554581522,0.0217438638210296,0.0,0.0,100.0,9
97,97,260.8236694335937,858.4502563476562,0.0024820105172693,68028.984375,736936.8125,0.0024820105172693,0.0217460002750158,0.0,0.0,100.0,9
98,98,260.77716064453125,858.239501953125,0.0024813748896121,68004.7265625,736575.0625,0.0024813748896121,0.0217481274157762,0.0,0.0,100.0,9
99,99,260.7303771972656,858.0244140625,0.002480749040842,67980.328125,736205.875,0.002480749040842,0.0217500273138284,0.0,0.0,100.0,9
100,100,260.6833190917969,857.8056030273438,0.0024801313411444,67955.7890625,735830.4375,0.0024801313411444,0.0217516422271728,0.0,0.0,100.0,9
101,101,260.6360168457031,857.5838012695312,0.0024795217905193,67931.1328125,735450.0,0.0024795217905193,0.0217529311776161,0.0,0.0,100.0,9
102,102,260.58843994140625,857.3595581054688,0.0024789192248135,67906.3359375,735065.4375,0.0024789192248135,0.0217538475990295,0.0,0.0,100.0,9
103,103,260.5406188964844,857.1336059570312,0.0024783224798738,67881.4140625,734678.0,0.0024783224798738,0.0217544082552194,0.0,0.0,100.0,9
104,104,260.4924621582031,856.9066162109375,0.0024777317885309,67856.3203125,734288.9375,0.0024777317885309,0.0217546112835407,0.0,0.0,100.0,9
105,105,260.4439392089844,856.67919921875,0.0024771455209702,67831.046875,733899.25,0.0024771455209702,0.0217545256018638,0.0,0.0,100.0,9
106,106,260.39501953125,856.451904296875,0.0024765627458691,67805.5625,733509.875,0.0024765627458691,0.0217542070895433,0.0,0.0,100.0,9
107,107,260.3455810546875,856.225341796875,0.0024759827647358,67779.8203125,733121.8125,0.0024759827647358,0.0217537004500627,0.0,0.0,100.0,9
108,108,260.2956237792969,855.9999389648438,0.0024754044134169,67753.8125,732735.875,0.0024754044134169,0.0217530168592929,0.0,0.0,100.0,9
109,109,260.2450256347656,855.776123046875,0.0024748262949287,67727.4765625,732352.75,0.0024748262949287,0.021752156317234,0.0,0.0,100.0,9
110,110,260.19366455078125,855.5543212890625,0.0024742486421018,67700.7421875,731973.1875,0.0024742486421018,0.0217511914670467,0.0,0.0,100.0,9
111,111,260.1415100097656,855.334716796875,0.0024736698251217,67673.6015625,731597.5,0.0024736698251217,0.0217504557222127,0.0,0.0,100.0,9
112,112,260.0884704589844,855.1174926757812,0.0024730891454964,67646.015625,731225.9375,0.0024730891454964,0.0217498913407325,0.0,0.0,100.0,9
113,113,260.034423828125,854.90283203125,0.0024725054390728,67617.8984375,730858.875,0.0024725054390728,0.0217491015791893,0.0,0.0,100.0,9
114,114,259.97930908203125,854.6907348632812,0.0024719177745282,67589.2421875,730496.25,0.0024719177745282,0.0217480976134538,0.0,0.0,100.0,9
115,115,259.9230651855469,854.4812622070312,0.0024713252205401,67560.0,730138.25,0.0024713252205401,0.0217469055205583,0.0,0.0,100.0,9
116,116,259.8656311035156,854.2744140625,0.0024707268457859,67530.1484375,729784.75,0.0024707268457859,0.0217455551028251,0.0,0.0,100.0,9
117,117,259.8069152832031,854.0700073242188,0.0024701214861124,67499.6328125,729435.5625,0.0024701214861124,0.0217440873384475,0.0,0.0,100.0,9
118,118,259.7468566894531,853.8680419921875,0.0024695079773664,67468.4296875,729090.625,0.0024695079773664,0.0217425376176834,0.0,0.0,100.0,9
119,119,259.6854553222656,853.668212890625,0.002468884922564,67436.5390625,728749.4375,0.002468884922564,0.0217409580945968,0.0,0.0,100.0,9
120,120,259.6226501464844,853.4703979492188,0.0024682516232132,67403.921875,728411.75,0.0024682516232132,0.0217393934726715,0.0,0.0,100.0,9
121,121,259.558349609375,853.2744140625,0.002467606216669,67370.5390625,728077.25,0.002467606216669,0.0217378940433263,0.0,0.0,100.0,9
122,122,259.4926147460937,853.0799560546875,0.0024669473059475,67336.4140625,727745.4375,0.0024669473059475,0.0217365007847547,0.0,0.0,100.0,9
123,123,259.42535400390625,852.8868408203125,0.002466273959726,67301.515625,727415.9375,0.002466273959726,0.0217352136969566,0.0,0.0,100.0,9
124,124,259.35662841796875,852.69482421875,0.0024655843153595,67265.859375,727088.4375,0.0024655843153595,0.0217340290546417,0.0,0.0,100.0,9
125,125,259.286376953125,852.5036010742188,0.0024648755788803,67229.421875,726762.375,0.0024648755788803,0.0217329766601324,0.0,0.0,100.0,9
126,126,259.2146301269531,852.31298828125,0.0024641470517963,67192.2265625,726437.4375,0.0024641470517963,0.0217320639640092,0.0,0.0,100.0,9
127,127,259.1413879394531,852.1227416992188,0.0024633964058011,67154.2578125,726113.1875,0.0024633964058011,0.0217313170433044,0.0,0.0,100.0,9
128,128,259.0666809082031,851.9325561523438,0.0024626210797578,67115.546875,725789.0625,0.0024626210797578,0.0217307303100824,0.0,0.0,100.0,9
129,129,258.990478515625,851.7421875,0.0024618189781904,67076.0703125,725464.75,0.0024618189781904,0.0217303186655044,0.0,0.0,100.0,9
130,130,258.9128723144531,851.5514526367188,0.00246098684147,67035.875,725139.875,0.00246098684147,0.0217301435768604,0.0,0.0,100.0,9
131,131,258.83380126953125,851.3600463867188,0.0024601228069514,66994.9375,724813.9375,0.0024601228069514,0.0217302851378917,0.0,0.0,100.0,9
132,132,258.7533264160156,851.167724609375,0.0024592238478362,66953.28125,724486.5,0.0024592238478362,0.0217306539416313,0.0,0.0,100.0,9
133,133,258.67144775390625,850.9743041992188,0.0024582857731729,66910.9140625,724157.25,0.0024582857731729,0.0217312276363372,0.0,0.0,100.0,9
134,134,258.5881652832031,850.7794189453125,0.0024573060218244,66867.8359375,723825.625,0.0024573060218244,0.0217320006340742,0.0,0.0,100.0,9
135,135,258.5035400390625,850.582763671875,0.0024562804028391,66824.078125,723491.0625,0.0024562804028391,0.0217329803854227,0.0,0.0,100.0,9
136,136,258.4175720214844,850.3840942382812,0.0024552049580961,66779.640625,723153.125,0.0024552049580961,0.0217341966927051,0.0,0.0,100.0,9
137,137,258.3302307128906,850.18310546875,0.0024540754966437,66734.5078125,722811.3125,0.0024540754966437,0.0217356886714696,0.0,0.0,100.0,9
138,138,258.2416076660156,849.9794311523438,0.0024528871290385,66688.7265625,722465.0625,0.0024528871290385,0.021737502887845,0.0,0.0,100.0,9
139,139,258.1517333984375,849.7728271484375,0.0024516340345144,66642.3203125,722113.875,0.0024516340345144,0.021739687770605,0.0,0.0,100.0,9
140,140,258.0605773925781,849.5630493164062,0.0024503108579665,66595.2578125,721757.375,0.0024503108579665,0.0217421650886535,0.0,0.0,100.0,9
141,141,257.9682312011719,849.3497314453125,0.0024489117786288,66547.609375,721394.9375,0.0024489117786288,0.021744892001152,0.0,0.0,100.0,9
142,142,257.87469482421875,849.132568359375,0.0024474298115819,66499.359375,721026.125,0.0024474298115819,0.0217478685081005,0.0,0.0,100.0,9
143,143,257.7799987792969,848.9111328125,0.002445857040584,66450.53125,720650.125,0.002445857040584,0.0217511113733053,0.0,0.0,100.0,9
144,144,257.6841735839844,848.6851806640625,0.0024441857822239,66401.1328125,720266.5625,0.0024441857822239,0.0217546336352825,0.0,0.0,100.0,9
145,145,257.5872497558594,848.4542236328125,0.002442407188937,66351.1875,719874.5625,0.002442407188937,0.0217584278434515,0.0,0.0,100.0,9
146,146,257.4892578125,848.2178344726562,0.0024405119474977,66300.71875,719473.5,0.0024405119474977,0.0217624977231025,0.0,0.0,100.0,9
147,147,257.3901672363281,847.9754028320312,0.0024384891148656,66249.6953125,719062.3125,0.0024384891148656,0.021766860038042,0.0,0.0,100.0,9
148,148,257.2899780273437,847.7264404296875,0.0024363270495086,66198.1328125,718640.125,0.0024363270495086,0.0217715334147214,0.0,0.0,100.0,9
149,149,257.18865966796875,847.47021484375,0.0024340136442333,66146.0078125,718205.75,0.0024340136442333,0.021776508539915,0.0,0.0,100.0,9
150,150,257.086181640625,847.2059936523438,0.0024315351620316,66093.3046875,717758.0,0.0024315351620316,0.0217818040400743,0.0,0.0,100.0,9
151,151,256.98248291015625,846.9329833984375,0.0024288757704198,66040.0,717295.5,0.0024288757704198,0.0217874199151992,0.0,0.0,100.0,9
152,152,256.87744140625,846.6500854492188,0.0024260198697447,65986.0234375,716816.375,0.0024260198697447,0.0217933841049671,0.0,0.0,100.0,9
153,153,256.7709350585937,846.3562622070312,0.0024229497648775,65931.3125,716318.9375,0.0024229497648775,0.0217996910214424,0.0,0.0,100.0,9
154,154,256.6628112792969,846.0502319335938,0.0024196458980441,65875.796875,715801.0,0.0024196458980441,0.0218063630163669,0.0,0.0,100.0,9
155,155,256.5528869628906,845.7306518554688,0.0024160861503332,65819.3828125,715260.3125,0.0024160861503332,0.0218134205788373,0.0,0.0,100.0,9
156,156,256.44097900390625,845.3960571289062,0.0024122479371726,65761.9765625,714694.5,0.0024122479371726,0.0218209102749824,0.0,0.0,100.0,9
157,157,256.3268737792969,845.0447998046875,0.0024081054143607,65703.46875,714100.6875,0.0024081054143607,0.0218288749456405,0.0,0.0,100.0,9
158,158,256.2102966308594,844.675048828125,0.0024036320392042,65643.71875,713475.9375,0.0024036320392042,0.0218374971300363,0.0,0.0,100.0,9
159,159,256.0910339355469,844.2848510742188,0.00239879777655,65582.6171875,712816.9375,0.00239879777655,0.0218468885868787,0.0,0.0,100.0,9
160,160,255.9687957763672,843.8721923828125,0.0023935716599226,65520.0234375,712120.25,0.0023935716599226,0.0218571797013282,0.0,0.0,100.0,9
161,161,255.8433837890625,843.4347534179688,0.0023879189975559,65455.8359375,711382.1875,0.0023879189975559,0.021868648007512,0.0,0.0,100.0,9
162,162,255.71458435058597,842.9703369140625,0.0023818076588213,65389.94921875,710599.0,0.0023818076588213,0.021881079301238,0.0,0.0,100.0,9
163,163,255.58224487304688,842.4761352539062,0.002375200856477,65322.28515625,709766.0625,0.002375200856477,0.0218943413347005,0.0,0.0,100.0,9
164,164,255.4462432861328,841.9495849609375,0.0023680597078055,65252.78515625,708879.125,0.0023680597078055,0.0219084192067384,0.0,0.0,100.0,9
165,165,255.3065490722656,841.3880004882812,0.0023603432346135,65181.43359375,707933.75,0.0023603432346135,0.0219232868403196,0.0,0.0,100.0,9
166,166,255.1632232666016,840.7891235351562,0.0023520125541836,65108.26953125,706926.375,0.0023520125541836,0.0219389125704765,0.0,0.0,100.0,9
167,167,255.01638793945312,840.1505126953125,0.0023430294822901,65033.359375,705852.875,0.0023430294822901,0.0219551473855972,0.0,0.0,100.0,9
168,168,254.8663024902344,839.4701538085938,0.0023333595599979,64956.83203125,704710.125,0.0023333595599979,0.0219725221395492,0.0,0.0,100.0,9
169,169,254.71337890625,838.7462158203125,0.002322977874428,64878.90625,703495.1875,0.002322977874428,0.0219908989965915,0.0,0.0,100.0,9
170,170,254.55812072753903,837.9769287109375,0.0023118711542338,64799.8359375,702205.3125,0.0023118711542338,0.0220099408179521,0.0,0.0,100.0,9
171,171,254.40109252929688,837.1610717773438,0.0023000391665846,64719.9140625,700838.6875,0.0023000391665846,0.0220293309539556,0.0,0.0,100.0,9
172,172,254.24310302734372,836.2980346679688,0.0022875082213431,64639.5546875,699394.375,0.0022875082213431,0.0220487620681524,0.0,0.0,100.0,9
173,173,254.08506774902344,835.3886108398438,0.0022743414156138,64559.22265625,697874.125,0.0022743414156138,0.0220679007470607,0.0,0.0,100.0,9
174,174,253.9281463623047,834.4354858398438,0.0022606537677347,64479.50390625,696282.5625,0.0022606537677347,0.0220863185822963,0.0,0.0,100.0,9
175,175,253.77381896972656,833.4453735351562,0.0022466266527771,64401.15234375,694631.1875,0.0022466266527771,0.0221034176647663,0.0,0.0,100.0,9
176,176,253.6239776611328,832.4317626953125,0.0022325166501104,64325.12109375,692942.625,0.0022325166501104,0.0221188832074403,0.0,0.0,100.0,9
177,177,253.4810943603516,831.4199829101562,0.0022186473943293,64252.6640625,691259.1875,0.0022186473943293,0.0221366547048091,0.0,0.0,100.0,9
178,178,253.34848022460935,830.454833984375,0.0022053585853427,64185.453125,689655.25,0.0022053585853427,0.022155325859785,0.0,0.0,100.0,9
179,179,253.23049926757807,829.6085205078125,0.0021928939968347,64125.6875,688250.3125,0.0021928939968347,0.0221710558980703,0.0,0.0,100.0,9
180,180,253.13229370117188,828.9793701171875,0.0021812219638377,64075.95703125,687206.8125,0.0021812219638377,0.0221788045018911,0.0,0.0,100.0,9
181,181,253.05889892578125,828.6754150390625,0.0021699052304029,64038.8046875,686702.9375,0.0021699052304029,0.0221735071390867,0.0,0.0,100.0,9
182,182,253.01321411132807,828.777099609375,0.0021582283079624,64015.6875,686871.5,0.0021582283079624,0.0221514757722616,0.0,0.0,100.0,9
183,183,252.99429321289065,829.3024291992188,0.0021455846726894,64006.11328125,687742.5,0.0021455846726894,0.022112539038062,0.0,0.0,100.0,9
184,184,252.99685668945312,830.1937255859375,0.0021318651270121,64007.41015625,689221.625,0.0021318651270121,0.0220591314136981,0.0,0.0,100.0,9
185,185,253.0126190185547,831.3385009765625,0.0021174382418394,64015.38671875,691123.6875,0.0021174382418394,0.0219966638833284,0.0,0.0,100.0,9
186,186,253.0318756103516,832.60009765625,0.0021028900519013,64025.12890625,693222.9375,0.0021028900519013,0.0219313856214284,0.0,0.0,100.0,9
187,187,253.04522705078125,833.8451538085938,0.002088685054332,64031.88671875,695297.75,0.002088685054332,0.0218672379851341,0.0,0.0,100.0,9
188,188,253.0447998046875,834.962158203125,0.0020749648101627,64031.671875,697161.8125,0.0020749648101627,0.021807461977005,0.0,0.0,100.0,9
189,189,253.0250244140625,835.8701782226562,0.0020615544635802,64021.6640625,698678.9375,0.0020615544635802,0.0217542368918657,0.0,0.0,100.0,9
190,190,252.98280334472656,836.52001953125,0.0020481077954173,64000.296875,699765.75,0.0020481077954173,0.0217082612216472,0.0,0.0,100.0,9
191,191,252.91720581054688,836.8896484375,0.0020342911593616,63967.11328125,700384.3125,0.0020342911593616,0.0216701794415712,0.0,0.0,100.0,9
192,192,252.8289794921875,836.9800415039062,0.0020199213176965,63922.4921875,700535.5625,0.0020199213176965,0.0216380283236503,0.0,0.0,100.0,9
193,193,252.7202606201172,836.8125,0.0020050322636961,63867.53125,700255.1875,0.0020050322636961,0.0216111410409212,0.0,0.0,100.0,9
194,194,252.59446716308597,836.4284057617188,0.0019898535683751,63803.96484375,699612.5,0.0019898535683751,0.0215871110558509,0.0,0.0,100.0,9
195,195,252.45623779296875,835.8927001953125,0.0019747202750295,63734.15234375,698716.625,0.0019747202750295,0.0215649120509624,0.0,0.0,100.0,9
196,196,252.3116455078125,835.297607421875,0.0019599003717303,63661.16796875,697722.0625,0.0019599003717303,0.0215424690395593,0.0,0.0,100.0,9
197,197,252.1678009033203,834.7590942382812,0.0019454103894531,63588.6015625,696822.75,0.0019454103894531,0.0215178728103637,0.0,0.0,100.0,9
198,198,252.03152465820312,834.3929443359375,0.0019309704657644,63519.890625,696211.5625,0.0019309704657644,0.0214899480342865,0.0,0.0,100.0,9
199,199,251.9075164794922,834.2771606445312,0.001916256849654,63457.3984375,696018.375,0.001916256849654,0.0214585233479738,0.0,0.0,100.0,9
