epoch,step,train_abs_error_E,train_abs_error_N,train_loss,train_loss_E,train_loss_N,train_loss_matrix,train_mae_matrix,train_percent_E,train_percent_N,train_percent_matrix,run_id
0,0,299.3840637207031,917.4017333984376,93.1283950805664,89630.8203125,841625.9375,0.0027265483513474,0.0299097057431936,9.624434471130373,90.37264251708984,0.0029277303256094,0
1,1,296.0858154296875,904.4894409179688,90.57951354980467,87666.8125,818101.125,0.0027205049991607,0.0297249108552932,9.678437232971191,90.3185577392578,0.0030034440569579,0
2,2,293.0003967285156,892.170654296875,88.18448638916016,85849.234375,795968.5,0.002715416252613,0.0295589584857225,9.735184669494627,90.26173400878906,0.0030792448669672,0
3,3,290.10516357421875,880.403076171875,85.92976379394531,84161.0078125,775109.5625,0.0027112332172691,0.0294097494333982,9.794161796569824,90.20269012451172,0.0031551735009998,0
4,4,287.3966979980469,869.1099853515625,83.797607421875,82596.859375,755352.1875,0.0027080301661044,0.0292854588478803,9.856708526611328,90.14006042480467,0.0032316318247467,0
5,5,284.85943603515625,858.201416015625,81.7681655883789,81144.8984375,736509.6875,0.0027058278210461,0.0292186308652162,9.923776626586914,90.07292175292967,0.0033091458026319,0
6,6,282.4740600585937,847.591796875,79.82305145263672,79791.59375,718411.875,0.0027045963797718,0.0291768889874219,9.996058464050291,90.00054931640625,0.0033882400020956,0
7,7,280.2235717773437,837.200927734375,77.94577026367188,78525.25,700905.375,0.0027043018490076,0.0291564222425222,10.07434368133545,89.92218017578125,0.003469465766102,0
8,8,278.0927734375,826.9510498046875,76.1210708618164,77335.59375,683848.0625,0.0027049179188907,0.0291559025645256,10.159551620483398,89.8368911743164,0.0035534417256712,0
9,9,276.0670166015625,816.7642822265625,74.33439636230469,76213.0,667103.875,0.0027064285241067,0.0291747320443391,10.25272274017334,89.7436294555664,0.00364088290371,0
10,10,274.1316833496094,806.5619506835938,72.57173919677734,75148.1796875,650542.1875,0.0027088245842605,0.0292126443237066,10.355019569396973,89.64125061035156,0.0037326165474951,0
11,11,272.2724609375,796.2640380859375,70.819580078125,74132.296875,634036.4375,0.0027121035382151,0.029269179329276,10.467768669128418,89.52840423583984,0.0038295956328511,0
12,12,270.47509765625,785.7889404296875,69.0648193359375,73156.78125,617464.25,0.0027162684127688,0.029344143345952,10.59248161315918,89.40357971191406,0.0039329263381659,0
13,13,268.7255249023437,775.0530395507812,67.2947769165039,72213.40625,600707.1875,0.0027213275898247,0.0294399056583642,10.730908393859863,89.26504516601562,0.0040438915602862,0
14,14,267.0097961425781,763.9683837890625,65.49691772460938,71294.234375,583647.6875,0.0027272996958345,0.0295582823455333,10.885128021240234,89.11071014404297,0.0041640121489763,0
15,15,265.31396484375,752.4437255859375,63.65903854370117,70391.5,566171.5625,0.0027342073153704,0.0296950228512287,11.057580947875977,88.93812561035156,0.0042950809001922,0
16,16,263.6239318847656,740.3853149414062,61.7695426940918,69497.578125,548170.4375,0.0027420790866017,0.0298499185591936,11.251107215881348,88.74445343017578,0.0044392091222107,0
17,17,261.9255676269531,727.6958618164062,59.81737518310547,68605.0,529541.25,0.0027509490028023,0.0300234798341989,11.469075202941896,88.52632904052734,0.0045989132486283,0
18,18,260.2044982910156,714.2737426757812,57.79209518432617,67706.3828125,510186.96875,0.0027608573436737,0.0302200932055711,11.715509414672852,88.27970886230469,0.0047772233374416,0
19,19,258.44635009765625,700.0121459960938,55.68392181396485,66794.515625,490017.0,0.0027718520723283,0.0304541662335395,11.995296478271484,87.99972534179688,0.0049778316169977,0
20,20,256.6364440917969,684.7994995117188,53.48404693603516,65862.265625,468950.34375,0.00278398883529,0.0307106953114271,12.314375877380373,87.680419921875,0.0052052694372832,0
21,21,254.7599334716797,668.5184936523438,51.184757232666016,64902.625,446916.96875,0.0027973307296633,0.0309873726218938,12.680068969726562,87.31446075439453,0.0054651633836328,0
22,22,252.8015594482422,651.04443359375,48.77955627441406,63908.62890625,423858.84375,0.0028119480703026,0.0312844887375831,13.101519584655762,86.89271545410156,0.0057646036148071,0
23,23,250.74549865722656,632.2449951171875,46.26352691650391,62873.3046875,399733.71875,0.0028279207181185,0.0316036343574523,13.590251922607422,86.40364074707031,0.0061126351356506,0
24,24,248.57513427734372,611.98095703125,43.63387298583984,61789.59765625,374520.6875,0.0028453350532799,0.0319443680346012,14.160924911499023,85.83255767822266,0.0065209316089749,0
25,25,246.2727203369141,590.10400390625,40.89016342163086,60650.25390625,348222.75,0.0028642874676734,0.0323066525161266,14.832480430603027,85.16051483154297,0.0070048328489065,0
26,26,243.81922912597656,566.46044921875,38.03540802001953,59447.81640625,320877.4375,0.0028848783113062,0.0326916500926017,15.629598617553713,84.3628158569336,0.0075847180560231,0
27,27,241.19403076171875,540.892333984375,35.07681655883789,58174.55859375,292564.53125,0.0029072142206132,0.0330996587872505,16.584903717041016,83.40680694580078,0.0082881357520818,0
28,28,238.37461853027344,513.236328125,32.026329040527344,56822.45703125,263411.53125,0.0029314053244888,0.0335309356451034,17.742420196533203,82.24842834472656,0.0091531099751591,0
29,29,235.3359832763672,483.3287353515625,28.90192604064941,55383.0234375,233606.671875,0.0029575654771178,0.0339853093028068,19.162399291992188,80.8273696899414,0.0102331079542636,0
30,30,232.05007934570312,450.9996948242188,25.72777938842773,53847.23828125,203400.71875,0.0029858136549592,0.0344627015292644,20.92960929870605,79.05879211425781,0.0116054080426692,0
31,31,228.4857177734375,416.0874938964844,22.53646850585937,52205.72265625,173128.796875,0.0030162651091814,0.0349635034799575,23.16499710083008,76.82161712646484,0.0133839286863803,0
32,32,224.6077880859375,378.4469909667969,19.370126724243164,50448.66015625,143222.125,0.0030490176286548,0.0354877077043056,26.04456901550293,73.93968963623047,0.0157408248633146,0
33,33,220.37741088867188,337.964599609375,16.28171157836914,48566.203125,114220.0703125,0.0030841464176774,0.0360345877707004,29.828685760498047,70.15237426757812,0.0189423970878124,0
34,34,215.75149536132807,294.5748291015625,13.33542537689209,46548.70703125,86774.328125,0.0031216859351843,0.0366026982665061,34.90605163574219,65.07054138183594,0.0234089717268943,0
35,35,210.68246459960935,248.288818359375,10.606605529785156,44387.1015625,61647.3359375,0.0031616103369742,0.037190094590187,41.84854507446289,58.12164688110352,0.029807936400175,0
36,36,205.1187286376953,199.24212646484372,8.180315017700195,42073.69140625,39697.42578125,0.0032037964556366,0.0377937667071819,51.43284606933594,48.52799224853516,0.0391647070646286,0
37,37,199.00570678710935,147.756103515625,6.146761417388916,39603.26953125,21831.865234375,0.0032479760702699,0.0384088456630706,64.42948913574219,35.51767349243164,0.0528404414653778,0
38,38,192.2872772216797,94.423583984375,4.592314720153809,36974.3984375,8915.8134765625,0.0032936644274741,0.0390283316373825,80.51364135742188,19.41463851928711,0.0717212259769439,0
39,39,184.910400390625,40.22320556640625,3.5843160152435303,34191.85546875,1617.90625,0.0033400636166334,0.0396429672837257,95.3929672241211,4.513849258422852,0.0931855216622352,0
40,40,176.83522033691406,13.3692626953125,3.148329257965088,31270.6953125,178.7371826171875,0.003385976422578,0.0402391068637371,99.3247299194336,0.5677207112312317,0.1075483635067939,0
41,41,168.0511016845703,64.32293701171875,3.241290807723999,28241.171875,4137.4404296875,0.0034297625534236,0.040798895061016,87.12939453125,12.764792442321776,0.1058147177100181,0
42,42,158.59857177734375,110.127685546875,3.73163104057312,25153.5078125,12128.107421875,0.0034693956840783,0.0413013063371181,67.40620422363281,32.50082015991211,0.0929726362228393,0
43,43,148.58642578125,148.1405029296875,4.405856132507324,22077.92578125,21945.609375,0.0035027442499995,0.0417254231870174,50.11041259765625,49.810089111328125,0.0795020163059234,0
44,44,138.1901397705078,176.15753173828125,5.016326904296875,19096.515625,31031.4765625,0.0035280364099889,0.0420545376837253,38.06872177124024,61.8609504699707,0.0703310742974281,0
45,45,127.62405395507812,192.94061279296875,5.3549418449401855,16287.8994140625,37226.078125,0.0035442896187305,0.042280413210392,30.41657447814941,69.5172348022461,0.0661872699856758,0
46,46,117.10093688964844,198.44329833984372,5.312788486480713,13712.6298828125,39379.7421875,0.003551485016942,0.0424044951796531,25.810606002807617,74.12255096435547,0.0668478533625602,0
47,47,106.79774475097656,193.66290283203125,4.894658088684082,11405.7578125,37505.3203125,0.0035504444967955,0.0424365997314453,23.302461624145508,76.625,0.0725371316075325,0
48,48,96.83966064453124,180.28167724609372,4.1914825439453125,9377.919921875,32501.482421875,0.0035425331443548,0.0423923656344413,22.37375259399414,77.5417251586914,0.0845174267888069,0
49,49,87.2996826171875,160.30279541015625,3.3353514671325684,7621.234375,25696.986328125,0.00352936796844,0.0422884821891784,22.849868774414062,77.0443115234375,0.105816975235939,0
50,50,78.20602416992188,135.77325439453125,2.458568572998047,6116.18212890625,18434.376953125,0.0035125934518873,0.0421421527862548,24.87700462341309,74.9801254272461,0.1428714841604232,0
51,51,69.55070495605469,108.5987548828125,1.6665928363800049,4837.30078125,11793.689453125,0.0034937425516545,0.0419698655605316,29.025089263916016,70.76527404785156,0.2096338421106338,0
52,52,61.30165100097656,80.44183349609375,1.0263521671295166,3757.892333984375,6470.888671875,0.0034741484560072,0.0417862795293331,36.61406326293945,63.04744338989258,0.3384947776794433,0
53,53,53.410491943359375,52.67315673828125,0.5661691427230835,2852.6806640625,2774.46142578125,0.0034549126867204,0.041603960096836,50.38565826416016,49.00410461425781,0.6102262735366821,0
54,54,45.82293701171875,26.36700439453125,0.2829329371452331,2099.741455078125,695.2189331054688,0.0034368936903774,0.0414329394698143,74.21339416503906,24.571861267089844,1.214737892150879,0
55,55,38.485870361328125,2.31146240234375,0.1520712077617645,1481.1622314453125,5.34285831451416,0.0034207173157483,0.0412806011736393,97.39925384521484,0.3513392210006714,2.249418258666992,0
56,56,31.354812622070312,18.9603271484375,0.1376686245203018,983.124267578125,359.4940185546875,0.0034067982342094,0.0411522351205349,71.41236877441406,26.11299514770508,2.4746365547180176,0
57,57,24.397689819335938,37.12762451171875,0.2007661461830139,595.2472534179688,1378.46044921875,0.0033953753300011,0.0410511046648025,29.64878463745117,68.66000366210938,1.6912091970443726,0
58,58,17.598281860351562,52.037353515625,0.305145114660263,309.69952392578125,2707.88623046875,0.0033865459263324,0.0409788526594638,10.149252891540527,88.74092864990234,1.1098148822784424,0
59,59,10.95770263671875,63.66741943359375,0.4207414388656616,120.0712432861328,4053.540283203125,0.0033802944235503,0.0409357063472271,2.853801012039185,96.34278106689452,0.8034136891365051,0
60,60,4.494293212890625,72.08917236328125,0.525081217288971,20.198671340942383,5196.8486328125,0.0033765262924134,0.040920715779066,0.3846770823001861,98.97228240966795,0.6430484056472778,0
61,61,1.75689697265625,77.44622802734375,0.6034755706787109,3.0866870880126958,5997.91845703125,0.0033750813454389,0.0409320145845413,0.0511485040187835,99.38957977294922,0.559273898601532,0
62,62,7.746337890625,79.9305419921875,0.6482654809951782,60.00575256347656,6388.8916015625,0.0033757602795958,0.0409670136868953,0.9256354570388794,98.55362701416016,0.52073734998703,0
63,63,13.411956787109377,79.77398681640625,0.6577552556991577,179.88058471679688,6363.88916015625,0.0033783272374421,0.0410225950181484,2.734764575958252,96.75162506103516,0.5136145949363708,0
64,64,18.682861328125,77.23602294921875,0.6348277926445007,349.04931640625,5965.4033203125,0.0033825251739472,0.0410952940583229,5.498330593109131,93.96884155273438,0.5328255891799927,0
65,65,23.483856201171875,72.601806640625,0.585639476776123,551.4915161132812,5271.0224609375,0.0033880814444273,0.04118138179183,9.416911125183104,90.00455474853516,0.5785268545150757,0
66,66,27.73834228515625,66.17755126953125,0.5182831287384033,769.4156494140625,4379.46826171875,0.0033947112970054,0.0412770397961139,14.84546947479248,84.4995346069336,0.6549916863441467,0
67,67,31.37533569335937,58.28936767578125,0.4416083395481109,984.4116821289062,3397.650390625,0.0034021232277154,0.041378378868103,22.2915096282959,76.93809509277344,0.7703937888145447,0
68,68,34.33111572265625,49.2835693359375,0.3641595840454101,1178.62548828125,2428.8701171875,0.0034100224729627,0.0414815694093704,32.36562728881836,66.69795227050781,0.9364088177680968,0
69,69,36.555755615234375,39.519775390625,0.2932316958904266,1336.3232421875,1561.8126220703125,0.003418113104999,0.0415829047560691,45.572261810302734,53.26206588745117,1.1656696796417236,0
70,70,38.015167236328125,29.36627197265625,0.2341791838407516,1445.1529541015625,862.3779296875,0.0034261078108102,0.0416788682341575,61.71141815185547,36.82555389404297,1.4630283117294312,0
71,71,38.6939697265625,19.19366455078125,0.1899957358837127,1497.2232666015625,368.3967590332031,0.0034337274264544,0.0417662113904953,78.80299377441406,19.389738082885746,1.8072655200958248,0
72,72,38.5960693359375,9.36212158203125,0.1611713021993637,1489.6566162109375,87.64932250976562,0.0034407135099172,0.041842047125101,92.42691040039062,5.438270568847656,2.134817600250244,0
73,73,37.74725341796875,0.2100830078125,0.1459367424249649,1424.8551025390625,0.0441348701715469,0.0034468343947082,0.0419039390981197,97.6351089477539,0.0030242465436458,2.3618688583374023,0
74,74,36.19256591796875,7.96343994140625,0.1407837122678756,1309.90185546875,63.41637420654297,0.0034518954344093,0.0419499725103378,93.0435562133789,4.5045247077941895,2.451914072036743,0
75,75,33.996368408203125,14.9107666015625,0.1412641406059265,1155.7530517578125,222.3309631347656,0.0034557487815618,0.0419788807630538,81.81502532958984,15.738669395446776,2.446302890777588,0
76,76,31.2392578125,20.44915771484375,0.1428642272949218,975.8912353515624,418.1680603027344,0.003458299441263,0.0419900715351104,68.30899810791016,29.27031135559082,2.420689582824707,0
77,77,28.014617919921875,24.47015380859375,0.1418202370405197,784.81884765625,598.7884521484375,0.0034595131874084,0.041983675211668,55.338985443115234,42.22164916992188,2.4393649101257324,0
78,78,24.42611694335937,26.9425048828125,0.1357127875089645,596.6351928710938,725.8985595703125,0.0034594156313687,0.0419605374336242,43.963077545166016,53.48785018920898,2.549071311950684,0
79,79,20.580718994140625,27.909423828125,0.1237082779407501,423.5660095214844,778.9359130859375,0.0034580887295305,0.0419221445918083,34.239097595214844,62.96554946899414,2.7953577041625977,0
80,80,16.587371826171875,27.48431396484375,0.1065085008740425,275.1408996582031,755.3875122070312,0.003455665661022,0.0418705493211746,25.832763671875,70.92273712158203,3.244497537612915,0
81,81,12.55029296875,25.83599853515625,0.0859531909227371,157.50985717773438,667.4988403320312,0.0034523201175034,0.0418082550168037,18.3250732421875,77.65841674804688,4.016511917114258,0
82,82,8.5672607421875,23.17529296875,0.0644974708557128,73.39795684814453,537.0941772460938,0.0034482539631426,0.041738037019968,11.379974365234377,83.273681640625,5.346340179443359,0
83,83,4.72625732421875,19.7396240234375,0.0446427129209041,22.33750915527344,389.65277099609375,0.0034436853602528,0.0416628308594226,5.003618240356445,87.28250122070312,7.71388053894043,0
84,84,1.103546142578125,15.77557373046875,0.0284474864602088,1.2178140878677368,248.8687286376953,0.0034388334024697,0.0415855534374713,0.4280919730663299,87.48355865478516,12.088356018066406,0
85,85,2.238372802734375,11.5272216796875,0.0172226261347532,5.010313034057617,132.87684631347656,0.0034339104313403,0.0415089689195156,2.9091455936431885,77.15248107910156,19.93836784362793,0
86,86,5.248870849609375,7.22186279296875,0.0113997058942914,27.55064582824707,52.155303955078125,0.0034291110932826,0.0414356254041194,24.167856216430664,45.75144577026367,30.08069610595703,0
87,87,7.890975952148437,3.064208984375,0.0105902953073382,62.26750183105469,9.389376640319824,0.0034246072173118,0.0413677208125591,58.796756744384766,8.866019248962402,32.33722305297852,0
88,88,10.14013671875,0.77301025390625,0.0137625336647033,102.82237243652344,0.5975448489189148,0.003420541761443,0.0413070805370807,74.71180725097656,0.4341822564601898,24.85401153564453,0
89,89,11.98284912109375,4.15179443359375,0.0194996315985918,143.5886688232422,17.237396240234375,0.003417023923248,0.0412551015615463,73.63661193847656,8.83985710144043,17.523530960083008,0
90,90,13.415512084960938,6.96807861328125,0.0262671448290348,179.97596740722656,48.55411911010742,0.0034141368232667,0.0412127710878849,68.51751708984375,18.484731674194336,12.997746467590332,0
91,91,14.444229125976562,9.15399169921875,0.0326550602912902,208.63575744628903,83.79556274414062,0.0034119263291358,0.0411806628108024,63.89079284667969,25.660818099975582,10.44838523864746,0
92,92,15.08270263671875,10.67694091796875,0.0375589132308959,227.4879150390625,113.9970703125,0.0034104129299521,0.0411589294672012,60.56828308105469,30.351533889770508,9.080169677734377,0
93,93,15.3511962890625,11.5322265625,0.0402747355401515,235.6592254638672,132.99224853515625,0.0034095891751348,0.0411473885178566,58.51291275024414,33.02125930786133,8.465826034545898,0
94,94,15.276412963867188,11.74688720703125,0.0405452363193035,233.3687896728516,137.98936462402344,0.0034094217699021,0.0411455072462558,57.55763244628906,34.03343200683594,8.40893268585205,0
95,95,14.889312744140623,11.36932373046875,0.0385051742196083,221.69163513183597,129.2615203857422,0.0034098587930202,0.0411524921655654,57.57450485229492,33.569908142089844,8.855586051940918,0
96,96,14.225173950195312,10.4700927734375,0.034608669579029,202.35557556152344,109.62284088134766,0.0034108282998204,0.0411672964692115,58.4696159362793,31.67496681213379,9.85541534423828,0
97,97,13.322784423828123,9.136962890625,0.02951031178236,177.49658203125,83.48409271240234,0.0034122457727789,0.0411886945366859,60.147308349609375,28.289804458618164,11.56289291381836,0
98,98,12.2222900390625,7.4652099609375,0.0239253900945186,149.38436889648438,55.7293586730957,0.0034140173811465,0.0412153527140617,62.43758773803711,23.29297637939453,14.269432067871094,0
99,99,10.966476440429688,5.5618896484375,0.0185358636081218,120.26360321044922,30.934616088867188,0.0034160416107624,0.0412458255887031,64.88157653808594,16.68906021118164,18.429363250732425,0
100,100,9.597915649414062,3.53466796875,0.0138796027749776,92.11998748779295,12.493877410888672,0.0034182160161435,0.0412786789238452,66.37075805664062,9.00161075592041,24.627620697021484,0
101,101,8.159286499023438,1.48992919921875,0.0102998232468962,66.57395935058594,2.219888925552368,0.0034204381518065,0.0413124710321426,64.63602447509766,2.155268907546997,33.20870590209961,0
102,102,6.690948486328125,0.47381591796875,0.0079219434410333,44.76879119873047,0.2245015203952789,0.0034226137213408,0.0413458868861198,56.51237869262695,0.2833919525146484,43.204219818115234,0
103,103,5.232269287109375,2.2679443359375,0.0066766776144504,27.37664222717285,5.143571376800537,0.0034246565774083,0.0413776934146881,41.00339126586914,7.703788757324219,51.29282379150391,0
104,104,3.8179931640625,3.8175048828125,0.0063415337353944,14.577072143554688,14.57334327697754,0.0034264926798641,0.0414068698883056,22.986665725708008,22.980785369873047,54.03255081176758,0
105,105,2.47943115234375,5.06488037109375,0.006608122959733,6.147578716278076,25.65301322937012,0.0034280638210475,0.0414325632154941,9.303064346313477,38.8204231262207,51.87651443481445,0
106,106,1.24267578125,5.971435546875,0.0071495561860501,1.544243097305298,35.658042907714844,0.0034293278586119,0.0414541438221931,2.159914493560791,49.87448120117188,47.96560287475586,0
107,107,0.12835693359375,6.517822265625,0.0076801083050668,0.0164755024015903,42.48200607299805,0.0034302603453397,0.0414712354540824,0.02145217359066,55.3143310546875,44.66421890258789,0
108,108,0.848907470703125,6.70306396484375,0.0079960254952311,0.7206438779830933,44.93106842041016,0.0034308542963117,0.0414836704730987,0.9012525677680968,56.19174957275391,42.90699768066406,0
109,109,1.679718017578125,6.5479736328125,0.0080008599907159,2.821452617645264,42.87595748901367,0.0034311190247535,0.0414915159344673,3.5264365673065186,53.58918762207031,42.884376525878906,0
110,110,2.360504150390625,6.0845947265625,0.0076905069872736,5.571979999542236,37.02229309082031,0.0034310799092054,0.0414950251579284,7.245270252227783,48.1402473449707,44.61448287963867,0
111,111,2.89312744140625,5.36004638671875,0.0071407998912036,8.370186805725098,28.7300968170166,0.0034307716414332,0.0414946228265762,11.721636772155762,40.23372268676758,48.04463958740234,0
112,112,3.2838134765625,4.4306640625,0.00647166185081,10.78343105316162,19.630783081054688,0.003430240554735,0.0414908528327941,16.662538528442383,30.33345031738281,53.00401306152344,0
113,113,3.5421142578125,3.35723876953125,0.0058113001286983,12.546573638916016,11.271052360534668,0.0034295376390218,0.0414843633770942,21.58995819091797,19.39506149291992,59.01498031616211,0
114,114,3.680999755859375,2.2054443359375,0.0052700922824442,13.549758911132812,4.86398458480835,0.0034287180751562,0.0414758548140525,25.71066665649414,9.229410171508787,65.05992126464844,0
115,115,3.71533203125,1.0367431640625,0.0049156895838677,13.803691864013672,1.0748363733291626,0.0034278370440006,0.0414660163223743,28.080886840820312,2.186542272567749,69.73257446289062,0
116,116,3.66033935546875,0.09173583984375,0.0047675943933427,13.39808464050293,0.0084154643118381,0.0034269443713128,0.0414555221796035,28.10240173339844,0.0176513846963644,71.87994384765625,0
117,117,3.5323486328125,1.127197265625,0.0048008938319981,12.477486610412598,1.270573616027832,0.0034260877873748,0.041445005685091,25.98992347717285,2.646535396575928,71.36354064941406,0
118,118,3.347015380859375,2.02801513671875,0.0049568419344723,11.20251178741455,4.112845420837402,0.0034253061749041,0.0414350032806396,22.60009765625,8.297309875488281,69.10259246826172,0
119,119,3.11907958984375,2.76275634765625,0.0051607796922326,9.728657722473145,7.632822513580322,0.00342463189736,0.0414259582757949,18.85113906860352,14.790056228637695,66.35881042480469,0
120,120,2.861724853515625,3.30914306640625,0.0053380765020847,8.189469337463379,10.950428009033203,0.0034240866079926,0.0414182059466838,15.3416109085083,20.51380920410156,64.14457702636719,0
121,121,2.586517333984375,3.6571044921875,0.0054301335476338,6.690072059631348,13.37441349029541,0.0034236849751323,0.0414119772613048,12.320271492004396,24.629987716674805,63.04973983764648,0
122,122,2.303070068359375,3.8065185546875,0.0054028024896979,5.304131507873535,14.489583969116213,0.0034234309569001,0.0414073728024959,9.817370414733888,26.81864547729492,63.36398696899414,0
123,123,2.01934814453125,3.766357421875,0.0052496427670121,4.0777668952941895,14.18544864654541,0.0034233210608363,0.0414044074714183,7.767703533172607,27.021738052368164,65.2105484008789,0
124,124,1.741119384765625,3.55438232421875,0.0049898587167263,3.03149676322937,12.633633613586426,0.0034233457408845,0.0414029955863952,6.075315475463867,25.318618774414062,68.60606384277344,0
125,125,1.472686767578125,3.1961669921875,0.0046619148924946,2.168806314468384,10.215483665466309,0.003423485904932,0.0414029657840728,4.65217924118042,21.91263198852539,73.43518829345703,0
126,126,1.216827392578125,2.71929931640625,0.0043112495914101,1.4806689023971558,7.394588947296143,0.0034237238578498,0.0414041057229042,3.4344308376312256,17.151845932006836,79.41372680664062,0
127,127,0.975311279296875,2.1593017578125,0.0039854142814874,0.9512320756912231,4.66258430480957,0.0034240325912833,0.0414061434566974,2.3867833614349365,11.699119567871094,85.91409301757812,0
128,128,0.7481689453125,1.5489501953125,0.0037202870007604,0.5597567558288574,2.3992466926574707,0.0034243864938616,0.0414087809622287,1.5046062469482422,6.449090003967285,92.04629516601562,0
129,129,0.536041259765625,0.92193603515625,0.0035384909715503,0.2873402237892151,0.8499660491943359,0.0034247601870447,0.0414117276668548,0.8120416402816772,2.402057886123657,96.78589630126952,0
130,130,0.33782958984375,0.3111572265625,0.0034462234470993,0.114128828048706,0.0968188196420669,0.0034251287579536,0.041414700448513,0.3311707079410553,0.2809417843818664,99.3878936767578,0
131,131,0.152862548828125,0.25433349609375,0.0034342743456363,0.0233669579029083,0.0646855235099792,0.0034254691563546,0.0414174348115921,0.0680404528975486,0.1883528083562851,99.74361419677734,0
132,132,0.019012451171875,0.75250244140625,0.0034824269823729,0.0003614732995629,0.5662599205970764,0.0034257648512721,0.0414197295904159,0.0010379925370216,1.6260497570037842,98.37290954589844,0
133,133,0.178558349609375,1.16162109375,0.0035641232971102,0.0318830832839012,1.3493635654449463,0.0034259986132383,0.0414214134216308,0.0894556120038032,3.7859623432159424,96.12458038330078,0
134,134,0.3260498046875,1.47296142578125,0.0036537554115056,0.1063084751367569,2.1696152687072754,0.0034261629916727,0.0414223857223987,0.2909567356109619,5.938041687011719,93.77099609375,0
135,135,0.461029052734375,1.6781005859375,0.003729109885171,0.2125477939844131,2.816021680831909,0.0034262528643012,0.0414225757122039,0.5699692368507385,7.551458358764648,91.87857055664062,0
136,136,0.583160400390625,1.77691650390625,0.0037760189734399,0.3400760591030121,3.1574323177337646,0.003426267998293,0.041422002017498,0.9006205797195435,8.361802101135254,90.7375717163086,0
137,137,0.6915283203125,1.77520751953125,0.0037891697138547,0.4782114028930664,3.1513617038726807,0.0034262125845998,0.0414207205176353,1.2620480060577393,8.316760063171387,90.42119598388672,0
138,138,0.784576416015625,1.68365478515625,0.00377112114802,0.6155601739883423,2.834693431854248,0.0034260957036167,0.041418831795454,1.6323000192642212,7.516845226287842,90.8508529663086,0
139,139,0.861175537109375,1.51507568359375,0.003729635849595,0.7416232824325562,2.295454263687134,0.0034259280655533,0.0414164662361145,1.9884603023529053,6.154633522033691,91.85690307617188,0
140,140,0.9205322265625,1.28643798828125,0.003675953252241,0.8473795652389526,1.6549227237701416,0.0034257229417562,0.0414137803018093,2.305196762084961,4.502023220062256,93.19277954101562,0
141,141,0.960906982421875,1.01629638671875,0.0036211155820637,0.923342227935791,1.0328583717346191,0.003425495699048,0.0414109528064727,2.5498833656311035,2.852320909500122,94.5978012084961,0
142,142,0.981719970703125,0.723388671875,0.0035739662125706,0.9637740850448608,0.5232911705970764,0.0034252596087753,0.0414081513881683,2.6966514587402344,1.4641748666763306,95.83917236328124,0
143,143,0.982452392578125,0.42596435546875,0.0035396956373006,0.9652127027511596,0.1814456284046173,0.00342502980493,0.0414055436849594,2.7268238067626958,0.5126023888587952,96.76057434082033,0
144,144,0.9625244140625,0.14031982421875,0.0035194328520447,0.9264532327651978,0.0196896530687809,0.0034248183947056,0.0414032600820064,2.6323935985565186,0.0559455305337905,97.31166076660156,0
145,145,0.92352294921875,0.1197509765625,0.0035113599151372,0.85289466381073,0.0143402963876724,0.0034246365539729,0.0414014346897602,2.4289581775665283,0.0408397242426872,97.53020477294922,0
146,146,0.86541748046875,0.342041015625,0.003511085640639,0.7489474415779114,0.1169920563697815,0.0034244917333126,0.0414001382887363,2.1330935955047607,0.3332076370716095,97.53370666503906,0
147,147,0.79046630859375,0.5189208984375,0.0035138013772666,0.6248369812965393,0.269278883934021,0.0034243899863213,0.0413994342088699,1.7782363891601562,0.7663463354110718,97.4554214477539,0
148,148,0.700592041015625,0.644775390625,0.003514991607517,0.490829199552536,0.4157353043556213,0.0034243350382894,0.0413993373513221,1.3963879346847534,1.1827490329742432,97.42086029052734,0
149,149,0.598602294921875,0.71868896484375,0.0035118081141263,0.3583247065544128,0.5165138244628906,0.0034243243280798,0.0413998365402221,1.020342469215393,1.4707916975021362,97.50886535644533,0
150,150,0.487640380859375,0.74200439453125,0.0035031936131417,0.2377931475639343,0.550570547580719,0.0034243573900312,0.0414008796215057,0.6787896156311035,1.571624755859375,97.74958801269533,0
151,151,0.37091064453125,0.71783447265625,0.0034897155128419,0.137574702501297,0.5152863264083862,0.0034244293347001,0.0414023883640766,0.394228994846344,1.4765853881835938,98.12918090820312,0
152,152,0.25146484375,0.65460205078125,0.0034737063106149,0.0632345676422119,0.4285038411617279,0.0034245324786752,0.0414042696356773,0.182037740945816,1.2335638999938965,98.58440399169922,0
153,153,0.133331298828125,0.558837890625,0.0034576673060655,0.0177772343158721,0.3122997879981994,0.0034246596042066,0.0414064191281795,0.0514139495790004,0.9032095074653624,99.04537963867188,0
154,154,0.019805908203125,0.44073486328125,0.0034442658070474,0.0003922739997506,0.1942472159862518,0.0034248018637299,0.0414087101817131,0.0011389190331101,0.5639727115631104,99.43489074707033,0
155,155,0.0860595703125,0.30877685546875,0.0034352261573076,0.0074062496423721,0.095343142747879,0.0034249511081725,0.041411031037569,0.021559715270996,0.2775454521179199,99.70088958740234,0
156,156,0.181793212890625,0.17291259765625,0.0034313930664211,0.0330487713217735,0.0298987664282321,0.0034250984899699,0.041413277387619,0.0963129848241806,0.0871330201625824,99.81655883789062,0
157,157,0.264801025390625,0.041748046875,0.0034324224106967,0.0701195821166038,0.0017428994178771,0.0034252360928803,0.0414153262972831,0.204285979270935,0.0050777532160282,99.79063415527344,0
158,158,0.33343505859375,0.0767822265625,0.0034370643552392,0.1111789345741272,0.005895510315895,0.0034253569319844,0.0414171107113361,0.3234706223011017,0.0171527490019798,99.6593780517578,0
159,159,0.38653564453125,0.17706298828125,0.0034435333218425,0.1494098007678985,0.031351301819086,0.0034254572819918,0.0414185598492622,0.4338851571083069,0.0910439863801002,99.4750747680664,0
160,160,0.423492431640625,0.25469970703125,0.00344995316118,0.1793458461761474,0.0648719370365142,0.0034255315549671,0.0414196252822876,0.5198500752449036,0.1880371421575546,99.2921142578125,0
161,161,0.4444580078125,0.3067626953125,0.0034547441173344,0.1975429207086563,0.0941033512353897,0.0034255795180797,0.041420292109251,0.5718019008636475,0.2723887860774994,99.1558074951172,0
162,162,0.450042724609375,0.3328857421875,0.0034569350536912,0.2025384604930877,0.1108129173517227,0.0034255997743457,0.0414205566048622,0.5858902335166931,0.3205524981021881,99.0935516357422,0
163,163,0.441558837890625,0.33331298828125,0.0034562016371637,0.1949742138385772,0.1110975444316864,0.0034255944192409,0.0414204448461532,0.5641285181045532,0.3214440643787384,99.11442565917967,0
164,164,0.4200439453125,0.31085205078125,0.0034528721589595,0.1764369159936905,0.0966289937496185,0.0034255655482411,0.0414199829101562,0.5109859704971313,0.2798510491847992,99.20915985107422,0
165,165,0.388031005859375,0.26953125,0.0034478376619517,0.1505680680274963,0.0726470947265625,0.0034255161881446,0.0414192341268062,0.4367028772830963,0.2107033431529998,99.35259246826172,0
166,166,0.34710693359375,0.21337890625,0.0034420529846102,0.1204832196235656,0.0455305576324462,0.0034254516940563,0.0414182655513286,0.3500330150127411,0.1322773098945617,99.51769256591795,0
167,167,0.299591064453125,0.14764404296875,0.0034365325700491,0.0897548049688339,0.021798763424158,0.003425377421081,0.0414171293377876,0.2611783742904663,0.0634324327111244,99.6753921508789,0
168,168,0.248046875,0.0775146484375,0.0034320505801588,0.0615272521972656,0.0060085207223892,0.0034252968616783,0.0414159186184406,0.1792725771665573,0.0175070855766534,99.80321502685548,0
169,169,0.1944580078125,0.0072021484375,0.0034290025942027,0.0378139168024063,5.187094211578369e-05,0.003425216069445,0.0414146780967712,0.1102767214179039,0.0001512712187832,99.88957977294922,0
170,170,0.1409912109375,0.0589599609375,0.0034274735953658,0.0198785215616226,0.0034762769937515,0.0034251380711793,0.0414134785532951,0.0579975880682468,0.0101423887535929,99.9318618774414,0
171,171,0.08935546875,0.11529541015625,0.003427195828408,0.0079843997955322,0.0132930316030979,0.0034250682219862,0.041412379592657,0.0232971776276826,0.0387869030237197,99.93791961669922,0
172,172,0.041107177734375,0.1610107421875,0.0034277702216058,0.0016898000612854,0.0259244590997695,0.0034250088501721,0.0414114110171794,0.0049297357909381,0.07563067227602,99.91944122314452,0
173,173,0.002288818359375,0.19281005859375,0.0034286801237612,5.238689482212067e-06,0.0371757186949253,0.0034249620512127,0.0414106249809265,1.527902713860385e-05,0.1084257364273071,99.89156341552734,0
174,174,0.040191650390625,0.2093505859375,0.0034294736105948,0.0016153687611222,0.0438276678323745,0.003424929222092,0.0414100252091884,0.0047102528624236,0.1277970671653747,99.86749267578124,0
175,175,0.07196044921875,0.21307373046875,0.0034299669787287,0.0051783062517642,0.0454004146158695,0.0034249091986566,0.0414096117019653,0.01509724650532,0.1323640048503875,99.85254669189452,0
176,176,0.09716796875,0.20245361328125,0.0034299462568014,0.0094416141510009,0.0409874655306339,0.0034249033778905,0.0414093881845474,0.0275270026177167,0.1194988638162612,99.85297393798828,0
177,177,0.116241455078125,0.179931640625,0.003429498290643,0.0135120758786797,0.0323753952980041,0.0034249096643179,0.0414093472063541,0.0393995679914951,0.0944027155637741,99.86619567871094,0
178,178,0.129119873046875,0.1485595703125,0.0034288000315427,0.0166719406843185,0.0220699459314346,0.0034249257296323,0.0414094515144825,0.048623252660036,0.0643663853406906,99.8870086669922,0
179,179,0.136322021484375,0.10968017578125,0.003428011201322,0.0185836926102638,0.0120297409594058,0.0034249497111886,0.041409682482481,0.0542112924158573,0.0350924804806709,99.91069793701172,0
180,180,0.138397216796875,0.0673828125,0.0034273485653102,0.0191537886857986,0.0045404434204101,0.0034249792806804,0.0414099991321563,0.0558851473033428,0.0132476855069398,99.93087005615234,0
181,181,0.13629150390625,0.02496337890625,0.0034269304014742,0.0185753740370273,0.000623170286417,0.0034250104799866,0.0414103716611862,0.0542041137814521,0.0018184504006057,99.94397735595705,0
182,182,0.130828857421875,0.0162353515625,0.0034267804585397,0.0171161890029907,0.0002635866403579,0.0034250426106154,0.0414107702672481,0.0499483086168766,0.0007691961363889,99.94928741455078,0
183,183,0.12237548828125,0.05340576171875,0.0034268558956682,0.0149757601320743,0.0028521753847599,0.0034250731114298,0.0414111614227294,0.0437011681497097,0.0083230091258883,99.9479751586914,0
184,184,0.1119384765625,0.0841064453125,0.0034270598553121,0.0125302225351333,0.0070738941431045,0.0034250994212925,0.0414115227758884,0.0365625992417335,0.020641291514039,99.94279479980467,0
185,185,0.100372314453125,0.10693359375,0.0034272710327059,0.010074601508677,0.01143479347229,0.0034251201432198,0.0414118282496929,0.029395405203104,0.0333641320466995,99.93724060058594,0
186,186,0.0880126953125,0.12091064453125,0.0034273711498826,0.0077462345361709,0.0146193839609622,0.0034251345787197,0.0414120629429817,0.0226010959595441,0.0426548011600971,99.93474578857422,0
187,187,0.07550048828125,0.126220703125,0.0034273059573024,0.0057003237307071,0.0159316658973693,0.0034251427277922,0.0414122343063354,0.0166320819407701,0.0464845150709152,99.93688201904295,0
188,188,0.063201904296875,0.12457275390625,0.0034270968753844,0.0039944807067513,0.0155183710157871,0.0034251455217599,0.0414123386144638,0.0116555811837315,0.0452813878655433,99.94306182861328,0
189,189,0.051239013671875,0.115234375,0.0034267324954271,0.0026254365220665,0.0132789611816406,0.0034251420293003,0.0414123684167861,0.0076616322621703,0.0387510843575,99.95358276367188,0
190,190,0.04010009765625,0.09918212890625,0.0034262770786881,0.0016080178320407,0.0098370946943759,0.0034251324832439,0.0414123348891735,0.0046931924298405,0.0287107396870851,99.96659088134766,0
191,191,0.029754638671875,0.07867431640625,0.0034258270170539,0.0008853385224938,0.0061896480619907,0.0034251196775585,0.0414122529327869,0.0025843058247119,0.0180676020681858,99.97935485839844,0
192,192,0.02032470703125,0.05474853515625,0.0034254451747983,0.0004130937159061,0.0029974021017551,0.003425104310736,0.0414121337234973,0.0012059562141075,0.0087504014372825,99.99005126953124,0
193,193,0.011627197265625,0.02972412109375,0.0034251888282597,0.0001351917162537,0.0008835233747959,0.0034250870812684,0.0414119884371757,0.0003946985525544,0.0025794880930334,99.99703216552734,0
194,194,0.004058837890625,0.00494384765625,0.0034250733442604,1.64741650223732e-05,2.4441629648208615e-05,0.0034250693861395,0.0414118394255638,4.809871825273149e-05,7.136088970582932e-05,99.99988555908205,0
195,195,0.002838134765625,0.01788330078125,0.0034250856842845,8.055008947849274e-06,0.0003198124468326,0.0034250530879944,0.0414116978645324,2.351768489461392e-05,0.0009337355731986,99.9990463256836,0
196,196,0.0091552734375,0.03717041015625,0.0034251858014613,8.381903171539307e-05,0.0013816393911838,0.0034250393509864,0.0414115786552429,0.0002447138249408,0.0040337648242712,99.9957275390625,0
197,197,0.0147705078125,0.05322265625,0.0034253329504281,0.0002181679010391,0.0028326511383056,0.0034250277094542,0.0414114817976951,0.0006369246402755,0.0082697104662656,99.9910888671875,0
198,198,0.019805908203125,0.06402587890625,0.0034254686906933,0.0003922739997506,0.0040993131697177,0.0034250195603817,0.04141141846776,0.0011451687896624,0.011967159807682,99.98688507080078,0
199,199,0.024200439453125,0.0689697265625,0.0034255497157573,0.0005856612697243,0.004756823182106,0.0034250153694301,0.0414113998413085,0.001709685428068,0.0138863045722246,99.9843978881836,0
200,200,0.0274658203125,0.07025146484375,0.0034255837090313,0.0007543712854385,0.0049352683126926,0.0034250146709382,0.0414114072918891,0.002202168572694,0.0144070871174335,99.98339080810548,0
201,201,0.0302734375,0.0684814453125,0.0034255762584507,0.0009164810180664,0.0046897083520889,0.0034250156022608,0.0414114370942115,0.0026754066348075,0.0136902760714292,99.98363494873048,0
202,202,0.032196044921875,0.06378173828125,0.0034255285281687,0.0010365853086113,0.0040681101381778,0.0034250181633979,0.0414114780724048,0.0030260595958679,0.0118758613243699,99.98509979248048,0
203,203,0.033416748046875,0.05499267578125,0.0034254370257258,0.0011166790500283,0.0030241943895816,0.0034250228200107,0.0414115414023399,0.0032599607948213,0.0088286381214857,99.98790740966795,0
204,204,0.03424072265625,0.0439453125,0.003425340168178,0.0011724270880222,0.0019311904907226,0.00342502980493,0.0414116308093071,0.0034228046424686,0.0056379525922238,99.99093627929688,0
205,205,0.034271240234375,0.03131103515625,0.0034252519253641,0.0011745179072022,0.0009803809225559,0.0034250365570187,0.0414117090404033,0.0034289972390979,0.0028622155077755,99.99371337890624,0
206,206,0.033447265625,0.01861572265625,0.0034251902252435,0.0011187195777893,0.0003465451300144,0.0034250437747687,0.0414117835462093,0.0032661529257893,0.0010117543861269,99.9957275390625,0
207,207,0.031494140625,0.0064697265625,0.0034251534380018,0.0009918808937072,4.185736179351807e-05,0.003425050061196,0.0414118468761444,0.0028958728071302,0.0001222058053826,99.99698638916016,0
208,208,0.028961181640625,0.00445556640625,0.0034251401666551,0.0008387500420212,1.985207200050354e-05,0.0034250542521476,0.041411880403757,0.0024488049093633,5.79598818148952e-05,99.99748992919922,0
209,209,0.02557373046875,0.01263427734375,0.00342513830401,0.0006540156900882,0.0001596249639987,0.0034250568132847,0.0414118915796279,0.0019094576127827,0.0004660394624806,99.99761962890624,0
210,210,0.021697998046875,0.018798828125,0.0034251399338245,0.0004708031192421,0.0003533959388732,0.0034250575117766,0.041411880403757,0.0013745514443144,0.0010317708365619,99.99758911132812,0
211,211,0.017425537109375,0.02239990234375,0.0034251362085342,0.0003036493435502,0.0005017556250095,0.0034250556491315,0.0414118319749832,0.0008865321287885,0.0014649216318503,99.99764251708984,0
212,212,0.012725830078125,0.02362060546875,0.0034251250326633,0.0001619467511773,0.0005579330027103,0.0034250528551638,0.0414117760956287,0.0004728199273813,0.0016289419727399,99.99788665771484,0
213,213,0.008087158203125,0.0238037109375,0.0034251122269779,6.540212780237198e-05,0.000566616654396,0.0034250491298735,0.041411705315113,0.0001909488637465,0.0016543010715395,99.99816131591795,0
214,214,0.00323486328125,0.02239990234375,0.0034250952303409,1.0464340448379517e-05,0.0005017556250095,0.0034250440075993,0.0414116121828556,3.0551971576642245e-05,0.0014649390941485,99.99850463867188,0
215,215,0.00140380859375,0.0201416015625,0.0034250786993652,1.9706785678863525e-06,0.0004056841135025,0.0034250379540026,0.0414115153253078,5.753673576691654e-06,0.0011844518594443,99.99880981445312,0
216,216,0.00579833984375,0.0162353515625,0.003425060538575,3.3620744943618774e-05,0.0002635866403579,0.0034250309690833,0.0414114147424697,9.81610210146755e-05,0.0007695824024267,99.99913787841795,0
217,217,0.00982666015625,0.01153564453125,0.0034250458702445,9.656324982643127e-05,0.0001330710947513,0.0034250230528414,0.0414113029837608,0.0002819327055476,0.0003885235346388,99.99932861328124,0
218,218,0.013427734375,0.00665283203125,0.0034250381868332,0.0001803040504455,4.4260174036026e-05,0.0034250158350914,0.0414111986756324,0.0005264292703941,0.0001292253436986,99.99935150146484,0
219,219,0.01617431640625,0.00213623046875,0.0034250349272042,0.0002616085112094,4.563480615615845e-06,0.0034250083845108,0.0414110943675041,0.000763812684454,1.3323894563654903e-05,99.9992218017578,0
220,220,0.018341064453125,0.00250244140625,0.0034250363241881,0.0003363946452736,6.2622129917144775e-06,0.0034250020980834,0.0414110049605369,0.0009821637067943,1.828364111133851e-05,99.9990005493164,0
221,221,0.01953125,0.006103515625,0.0034250381868332,0.0003814697265625,3.725290298461914e-05,0.0034249962773174,0.0414109379053115,0.00111376773566,0.0001087663913494,99.998779296875,0
222,222,0.020416259765625,0.00927734375,0.0034250416792929,0.0004168236628174,8.606910705566406e-05,0.0034249913878738,0.0414108708500862,0.0012169885449111,0.0002512936189305,99.99853515625,0
223,223,0.020660400390625,0.0115966796875,0.003425043541938,0.0004268521443009,0.0001344829797744,0.0034249874297529,0.0414108335971832,0.0012462676968425,0.0003926460631191,99.99835968017578,0
224,224,0.0203857421875,0.01287841796875,0.0034250428434461,0.0004155784845352,0.0001658536493778,0.0034249848686158,0.0414108037948608,0.0012133526615798,0.0004842381749767,99.99830627441406,0
225,225,0.01971435546875,0.0135498046875,0.0034250405151396,0.0003886558115482,0.0001835972070693,0.0034249832388013,0.041410781443119,0.0011347479885444,0.0005360438954085,99.99832153320312,0
226,226,0.01885986328125,0.01397705078125,0.0034250367898494,0.0003556944429874,0.0001953579485416,0.0034249816089868,0.0414107739925384,0.0010385126806795,0.0005703820497728,99.9983901977539,0
227,227,0.01751708984375,0.0137939453125,0.003425030503422,0.000306848436594,0.0001902729272842,0.0034249806776642,0.0414107739925384,0.0008958997786976,0.0005555364186875,99.99854278564452,0
228,228,0.015533447265625,0.0133056640625,0.0034250223543494,0.0002412879839539,0.0001770406961441,0.0034249804448336,0.041410781443119,0.0007044858648441,0.0005169037613086,99.998779296875,0
229,229,0.013427734375,0.01226806640625,0.0034250139724463,0.0001803040504455,0.0001505054533481,0.0034249809104949,0.0414107963442802,0.0005264329956844,0.00043943017954,99.99903106689452,0
230,230,0.01092529296875,0.01031494140625,0.0034250041935592,0.000119362026453,0.0001063980162143,0.0034249816089868,0.041410818696022,0.0003485018387436,0.0003106507356278,99.99933624267578,0
231,231,0.008544921875,0.00860595703125,0.0034249967429786,7.301568984985352e-05,7.406249642372131e-05,0.0034249820746481,0.0414108410477638,0.0002131846995325,0.0002162410673918,99.99957275390624,0
232,232,0.006072998046875,0.00701904296875,0.0034249916207045,3.6881305277347565e-05,4.926696419715881e-05,0.0034249830059707,0.0414108633995056,0.0001076828993973,0.0001438455074094,99.99974822998048,0
233,233,0.003662109375,0.004638671875,0.0034249874297529,1.341104507446289e-05,2.1517276763916016e-05,0.0034249839372932,0.0414108894765377,3.9156479033408687e-05,6.282440153881907e-05,99.9999008178711,0
234,234,0.0018310546875,0.00335693359375,0.003424986032769,3.3527612686157227e-06,1.126900315284729e-05,0.0034249846357852,0.0414109081029892,9.78912339633098e-06,3.290233144070953e-05,99.99996185302734,0
235,235,9.1552734375e-05,0.00152587890625,0.0034249851014465,8.381903171539307e-09,2.3283064365386963e-06,0.0034249848686158,0.0414109230041503,2.4472814885712072e-08,6.7980045059812255e-06,99.99999237060548,0
236,236,0.001251220703125,0.00030517578125,0.0034249848686158,1.5655532479286194e-06,9.313225746154785e-08,0.0034249846357852,0.0414109267294406,4.570978489937261e-06,2.719201859235909e-07,99.99999237060548,0
237,237,0.00238037109375,0.00091552734375,0.0034249846357852,5.666166543960571e-06,8.381903171539307e-07,0.0034249841701239,0.0414109267294406,1.6543626770726405e-05,2.4472817585774465e-06,99.99998474121094,0
238,238,0.003021240234375,0.00103759765625,0.0034249844029545,9.127892553806303e-06,1.0766088962554932e-06,0.003424983471632,0.0414109230041503,2.6650901418179277e-05,3.1433976346306736e-06,99.99996948242188,0
239,239,0.003570556640625,0.0009765625,0.0034249832388013,1.2748874723911284e-05,9.5367431640625e-07,0.0034249820746481,0.0414109081029892,3.722317342180759e-05,2.7844639589602598e-06,99.99996185302734,0
240,240,0.003875732421875,0.0009765625,0.0034249816089868,1.5021301805973051e-05,9.5367431640625e-07,0.0034249802120029,0.041410893201828,4.385805004858412e-05,2.7844655505759874e-06,99.99996185302734,0
241,241,0.003997802734375,0.0006103515625,0.0034249804448336,1.5982426702976227e-05,3.725290298461914e-07,0.0034249788150191,0.0414108745753765,4.666428503696807e-05,1.087682221623254e-06,99.9999542236328,0
242,242,0.003936767578125,0.00030517578125,0.0034249785821884,1.5498138964176178e-05,9.313225746154785e-08,0.0034249769523739,0.0414108522236347,4.525032272795215e-05,2.7192069751436065e-07,99.9999542236328,0
243,243,0.00372314453125,0.000244140625,0.003424976253882,1.3861805200576782e-05,5.960464477539064e-08,0.0034249748568981,0.0414108261466026,4.047270340379328e-05,1.740293527063841e-07,99.99996185302734,0
244,244,0.00323486328125,0.00146484375,0.003424972994253,1.0464340448379517e-05,2.1457672119140625e-06,0.0034249718300998,0.0414107963442802,3.0553059332305565e-05,6.265062893362483e-06,99.99996185302734,0
245,245,0.002960205078125,0.0023193359375,0.0034249708987772,8.762814104557037e-06,5.379319190979004e-06,0.0034249695017933,0.0414107590913772,2.5585075491108e-05,1.5706174963270314e-05,99.99996185302734,0
246,246,0.002471923828125,0.00347900390625,0.0034249688033014,6.1104074120521545e-06,1.210346817970276e-05,0.0034249669406563,0.0414107292890548,1.7840768123278394e-05,3.53389150404837e-05,99.99994659423828,0
247,247,0.001953125,0.00408935546875,0.0034249667078256,3.814697265625e-06,1.6722828149795532e-05,0.0034249646123498,0.0414106920361518,1.1137910405523144e-05,4.8826244892552495e-05,99.99993896484376,0
248,248,0.001312255859375,0.0047607421875,0.0034249643795192,1.7220154404640198e-06,2.2664666175842285e-05,0.0034249618183821,0.0414106622338295,5.027834504289785e-06,6.617489998461679e-05,99.99992370605467,0
249,249,0.00079345703125,0.0054931640625,0.0034249622840434,6.295740604400635e-07,3.0174851417541504e-05,0.003424959257245,0.0414106212556362,1.83819247467909e-06,8.810272993287072e-05,99.99990844726562,0
250,250,9.1552734375e-05,0.0062255859375,0.0034249601885676,8.381903171539307e-09,3.875792026519776e-05,0.0034249562304466,0.0414105877280235,2.4472992521396012e-08,0.0001131631288444,99.99988555908205,0
251,251,0.0006103515625,0.00653076171875,0.0034249585587531,3.725290298461914e-07,4.265084862709045e-05,0.0034249543678015,0.0414105616509914,1.087689156520355e-06,0.0001245295279659,99.9998779296875,0
252,252,0.001251220703125,0.0069580078125,0.0034249569289386,1.5655532479286194e-06,4.841387271881104e-05,0.0034249518066644,0.0414105281233787,4.5710157792200334e-06,0.000141356154927,99.99984741210938,0
253,253,0.001708984375,0.007080078125,0.0034249548334628,2.9206275939941406e-06,5.012750625610352e-05,0.003424949478358,0.0414105020463466,8.527492354915012e-06,0.0001463596126995,99.99984741210938,0
254,254,0.0020751953125,0.00689697265625,0.0034249529708176,4.306435585021973e-06,4.756823182106018e-05,0.0034249478485435,0.0414104759693145,1.2573707863339225e-05,0.0001388872478855,99.99984741210938,0
255,255,0.002471923828125,0.00677490234375,0.0034249511081725,6.1104074120521545e-06,4.589930176734924e-05,0.0034249457530677,0.0414104536175727,1.784085907274857e-05,0.0001340144808636,99.99984741210938,0
256,256,0.002838134765625,0.0067138671875,0.003424949478358,8.055008947849274e-06,4.507601261138916e-05,0.0034249443560838,0.0414104312658309,2.3518619855167344e-05,0.0001316107227467,99.99984741210938,0
257,257,0.00323486328125,0.0062255859375,0.0034249478485435,1.0464340448379517e-05,3.875792026519776e-05,0.0034249429591,0.0414104089140892,3.0553284886991605e-05,0.000113163536298,99.9998550415039,0
258,258,0.00347900390625,0.006103515625,0.0034249459858983,1.210346817970276e-05,3.725290298461914e-05,0.0034249410964548,0.041410394012928,3.533915150910616e-05,0.0001087693162844,99.9998550415039,0
259,259,0.003631591796875,0.00579833984375,0.0034249443560838,1.3188458979129791e-05,3.3620744943618774e-05,0.0034249396994709,0.0414103679358959,3.8507074350491166e-05,9.81643534032628e-05,99.99986267089844,0
260,260,0.003692626953125,0.00518798828125,0.0034249429591,1.363549381494522e-05,2.691522240638733e-05,0.0034249387681484,0.041410356760025,3.981232293881476e-05,7.858589378884062e-05,99.9998779296875,0
261,261,0.0037841796875,0.00457763671875,0.0034249408636242,1.4320015907287598e-05,2.0954757928848267e-05,0.0034249373711645,0.0414103381335735,4.181098483968526e-05,6.118283636169508e-05,99.9999008178711,0
262,262,0.00384521484375,0.00372314453125,0.003424939000979,1.4785677194595335e-05,1.3861805200576782e-05,0.0034249362070113,0.0414103269577026,4.317062848713249e-05,4.047314359922893e-05,99.99991607666016,0
263,263,0.00384521484375,0.0035400390625,0.0034249371383339,1.4785677194595335e-05,1.253187656402588e-05,0.0034249345771968,0.0414103120565414,4.317065395298414e-05,3.659009234979749e-05,99.99992370605467,0
264,264,0.00390625,0.00323486328125,0.00342493574135,1.52587890625e-05,1.0464340448379517e-05,0.0034249331802129,0.0414102934300899,4.455204543774016e-05,3.055339038837701e-05,99.99992370605467,0
265,265,0.00384521484375,0.002685546875,0.0034249336458742,1.4785677194595335e-05,7.212162017822266e-06,0.0034249315503984,0.0414102748036384,4.3170697608729824e-05,2.105781459249556e-05,99.99993896484376,0
266,266,0.003814697265625,0.0023193359375,0.0034249322488904,1.4551915228366852e-05,5.379319190979004e-06,0.0034249303862452,0.0414102636277675,4.248818368068896e-05,1.570635322423186e-05,99.99994659423828,0
267,267,0.0037841796875,0.00225830078125,0.0034249308519065,1.4320015907287598e-05,5.09992241859436e-06,0.0034249289892613,0.041410245001316,4.18111085309647e-05,1.4890583770466035e-05,99.99994659423828,0
268,268,0.00372314453125,0.002197265625,0.0034249289892613,1.3861805200576782e-05,4.827976226806641e-06,0.0034249271266162,0.0414102263748645,4.047326001455076e-05,1.409657397744013e-05,99.99994659423828,0
269,269,0.003570556640625,0.002197265625,0.0034249271266162,1.2748874723911284e-05,4.827976226806641e-06,0.0034249254968017,0.041410207748413,3.722378096426837e-05,1.4096581253397744e-05,99.9999542236328,0
270,270,0.0035400390625,0.00225830078125,0.0034249257296323,1.253187656402588e-05,5.09992241859436e-06,0.0034249240998178,0.0414101853966712,3.659021240309812e-05,1.489060650783358e-05,99.9999542236328,0
271,271,0.003448486328125,0.00244140625,0.0034249238669872,1.1892057955265043e-05,5.960464477539063e-06,0.003424922004342,0.0414101704955101,3.472210664767772e-05,1.7403202946297824e-05,99.99994659423828,0
272,272,0.003387451171875,0.0025634765625,0.003424922004342,1.147482544183731e-05,6.571412086486816e-06,0.0034249201416969,0.0414101481437683,3.350390397827141e-05,1.918704219860956e-05,99.99994659423828,0
273,273,0.00335693359375,0.00286865234375,0.0034249203745275,1.126900315284729e-05,8.229166269302368e-06,0.0034249182790517,0.0414101295173168,3.290296081104316e-05,2.4027320250752385e-05,99.99993896484376,0
274,274,0.00323486328125,0.0030517578125,0.003424918744713,1.0464340448379517e-05,9.313225746154783e-06,0.0034249168820679,0.0414101108908653,3.055354682146572e-05,2.7192543711862527e-05,99.99994659423828,0
275,275,0.003173828125,0.0032958984375,0.0034249168820679,1.0073184967041016e-05,1.086294651031494e-05,0.0034249147865921,0.0414100848138332,2.9411472496576607e-05,3.1717398087494075e-05,99.99993896484376,0
276,276,0.003082275390625,0.003662109375,0.0034249152522534,9.500421583652496e-06,1.341104507446289e-05,0.0034249129239469,0.0414100624620914,2.7739142751670443e-05,3.915730121661909e-05,99.99993133544922,0
277,277,0.003021240234375,0.00396728515625,0.0034249136224389,9.127892553806303e-06,1.5739351511001587e-05,0.0034249110613018,0.0414100438356399,2.6651452571968548e-05,4.595546852215193e-05,99.99992370605467,0
278,278,0.00299072265625,0.00439453125,0.0034249117597937,8.944422006607056e-06,1.931190490722656e-05,0.003424908965826,0.0414100177586078,2.611577292555012e-05,5.638657967210747e-05,99.99991607666016,0
279,279,0.002899169921875,0.00457763671875,0.0034249101299792,8.405186235904694e-06,2.0954757928848267e-05,0.0034249071031808,0.0414099991321563,2.4541333914385177e-05,6.118338205851614e-05,99.99990844726562,0
280,280,0.002777099609375,0.004638671875,0.0034249082673341,7.712282240390778e-06,2.1517276763916016e-05,0.0034249054733663,0.0414099805057048,2.2518215700984e-05,6.28258494543843e-05,99.99991607666016,0
281,281,0.00274658203125,0.00469970703125,0.0034249066375195,7.543712854385376e-06,2.208724617958069e-05,0.0034249038435518,0.0414099618792533,2.202603900514077e-05,6.449006468756124e-05,99.99991607666016,0
282,282,0.002685546875,0.004638671875,0.0034249047748744,7.212162017822266e-06,2.1517276763916016e-05,0.0034249019809067,0.0414099469780921,2.1057992853457108e-05,6.282590766204521e-05,99.99991607666016,0
283,283,0.002655029296875,0.00494384765625,0.0034249036107212,7.049180567264557e-06,2.4441629648208615e-05,0.0034249005839228,0.0414099209010601,2.058212703559548e-05,7.136442582122982e-05,99.99990844726562,0
284,284,0.002593994140625,0.00482177734375,0.003424901748076,6.728805601596832e-06,2.324953675270081e-05,0.0034248987212777,0.0414099022746086,1.9646709915832616e-05,6.788380414946005e-05,99.99990844726562,0
285,285,0.002532958984375,0.004638671875,0.0034249001182615,6.415881216526032e-06,2.1517276763916016e-05,0.0034248973242938,0.0414098836481571,1.873304609034676e-05,6.282599497353658e-05,99.99991607666016,0
286,286,0.00250244140625,0.00469970703125,0.0034248980227857,6.2622129917144775e-06,2.208724617958069e-05,0.003424895228818,0.0414098650217056,1.8284377802046947e-05,6.449023203458637e-05,99.99991607666016,0
287,287,0.002410888671875,0.004638671875,0.0034248961601406,5.812384188175201e-06,2.1517276763916016e-05,0.0034248935990035,0.0414098463952541,1.6970978322206065e-05,6.282606773311272e-05,99.99992370605467,0
288,288,0.002410888671875,0.004638671875,0.0034248945303261,5.812384188175201e-06,2.1517276763916016e-05,0.003424891969189,0.0414098240435123,1.697098559816368e-05,6.28261041129008e-05,99.99992370605467,0
289,289,0.002288818359375,0.00445556640625,0.0034248929005116,5.238689482212067e-06,1.985207200050354e-05,0.0034248903393745,0.0414098091423511,1.5295921912183985e-05,5.796406549052335e-05,99.99992370605467,0
290,290,0.002227783203125,0.00433349609375,0.0034248912706971,4.963018000125885e-06,1.877918839454651e-05,0.0034248889423906,0.0414097905158996,1.449102273909375e-05,5.483148561324924e-05,99.99993133544922,0
291,291,0.002166748046875,0.0040283203125,0.0034248894080519,4.694797098636627e-06,1.6227364540100098e-05,0.0034248873125761,0.0414097718894481,1.3707878679269925e-05,4.73806940135546e-05,99.99993896484376,0
292,292,0.002166748046875,0.00408935546875,0.0034248877782374,4.694797098636627e-06,1.6722828149795532e-05,0.0034248856827616,0.0414097532629966,1.370788595522754e-05,4.882737266598269e-05,99.99993896484376,0
293,293,0.002166748046875,0.0040283203125,0.0034248859155923,4.694797098636627e-06,1.6227364540100098e-05,0.0034248838201165,0.0414097309112548,1.3707893231185151e-05,4.73807449452579e-05,99.99993896484376,0
294,294,0.00213623046875,0.0037841796875,0.0034248840529471,4.563480615615845e-06,1.4320015907287598e-05,0.003424882190302,0.0414097122848033,1.3324481187737549e-05,4.1811679693637416e-05,99.99994659423828,0
295,295,0.002197265625,0.00372314453125,0.0034248819574713,4.827976226806641e-06,1.3861805200576782e-05,0.0034248800948262,0.0414096899330616,1.4096766790316906e-05,4.047382026328705e-05,99.99994659423828,0
296,296,0.00213623046875,0.0035400390625,0.0034248803276568,4.563480615615845e-06,1.253187656402588e-05,0.0034248786978423,0.0414096713066101,1.3324496649147475e-05,3.659069989225827e-05,99.9999542236328,0
297,297,0.002227783203125,0.0035400390625,0.0034248784650117,4.963018000125885e-06,1.253187656402588e-05,0.0034248768351972,0.0414096489548683,1.4491077308775855e-05,3.659071808215231e-05,99.9999542236328,0
298,298,0.00225830078125,0.00347900390625,0.0034248763695359,5.09992241859436e-06,1.210346817970276e-05,0.0034248747397214,0.0414096303284168,1.48908211485832e-05,3.533986819093116e-05,99.9999542236328,0
299,299,0.00225830078125,0.0035400390625,0.003424874972552,5.09992241859436e-06,1.253187656402588e-05,0.0034248733427375,0.0414096117019653,1.4890827515046112e-05,3.659075809991919e-05,99.9999542236328,0
300,300,0.0023193359375,0.00360107421875,0.0034248731099069,5.379319190979004e-06,1.2967735528945925e-05,0.0034248712472617,0.0414095856249332,1.570662425365299e-05,3.7863399484194815e-05,99.99994659423828,0
301,301,0.002349853515625,0.0035400390625,0.0034248710144311,5.521811544895172e-06,1.253187656402588e-05,0.0034248693846166,0.0414095669984817,1.6122683518915437e-05,3.659079811768606e-05,99.9999542236328,0
302,302,0.002349853515625,0.003662109375,0.0034248693846166,5.521811544895172e-06,1.341104507446289e-05,0.0034248675219714,0.0414095446467399,1.6122692613862455e-05,3.915782872354612e-05,99.99994659423828,0
303,303,0.002349853515625,0.0037841796875,0.0034248672891408,5.521811544895172e-06,1.4320015907287598e-05,0.0034248654264956,0.0414095222949981,1.6122701708809473e-05,4.181188342045061e-05,99.99994659423828,0
304,304,0.002349853515625,0.00384521484375,0.0034248656593263,5.521811544895172e-06,1.4785677194595335e-05,0.0034248637966811,0.0414094999432563,1.6122708984767087e-05,4.317155253374949e-05,99.99994659423828,0
305,305,0.002410888671875,0.00390625,0.0034248640295118,5.812384188175201e-06,1.52587890625e-05,0.003424861934036,0.0414094738662242,1.6971136574284174e-05,4.455297676031478e-05,99.99993896484376,0
306,306,0.002471923828125,0.0040283203125,0.0034248621668666,6.1104074120521545e-06,1.6227364540100098e-05,0.0034248598385602,0.0414094515144825,1.7841322915046476e-05,4.738106872537173e-05,99.99993133544922,0
307,307,0.00244140625,0.00408935546875,0.0034248600713908,5.960464477539063e-06,1.6722828149795532e-05,0.0034248577430844,0.0414094291627407,1.7403526726411656e-05,4.8827769205672666e-05,99.99993133544922,0
308,308,0.002471923828125,0.004150390625,0.0034248582087457,6.1104074120521545e-06,1.722574234008789e-05,0.0034248558804392,0.0414094105362892,1.7841342923929915e-05,5.02962175232824e-05,99.99993133544922,0
309,309,0.0025634765625,0.0042724609375,0.0034248561132699,6.571412086486816e-06,1.825392246246338e-05,0.0034248535521328,0.0414093844592571,1.918740963446908e-05,5.329836130840704e-05,99.99992370605467,0
310,310,0.002532958984375,0.00421142578125,0.003424854716286,6.415881216526032e-06,1.7736107110977173e-05,0.0034248521551489,0.0414093621075153,1.8733295291895047e-05,5.1786453695967793e-05,99.99992370605467,0
311,311,0.0025634765625,0.00433349609375,0.0034248528536409,6.571412086486816e-06,1.877918839454651e-05,0.0034248502925038,0.0414093397557735,1.9187427824363112e-05,5.483210043166764e-05,99.99992370605467,0
312,312,0.0025634765625,0.00439453125,0.0034248509909957,6.571412086486816e-06,1.931190490722656e-05,0.0034248484298586,0.0414093174040317,1.918743691931013e-05,5.638758011627942e-05,99.99992370605467,0
313,313,0.0025634765625,0.00433349609375,0.0034248486626893,6.571412086486816e-06,1.877918839454651e-05,0.0034248461015522,0.0414092987775802,1.918745147122536e-05,5.4832169553264976e-05,99.99992370605467,0
314,314,0.0025634765625,0.00433349609375,0.0034248474985361,6.571412086486816e-06,1.877918839454651e-05,0.003424844937399,0.0414092764258384,1.918745692819357e-05,5.483218410518021e-05,99.99992370605467,0
315,315,0.00262451171875,0.0042724609375,0.0034248454030603,6.888061761856079e-06,1.825392246246338e-05,0.0034248428419232,0.0414092540740966,2.0112036509090103e-05,5.3298528655432165e-05,99.99992370605467,0
316,316,0.002593994140625,0.00421142578125,0.0034248440060764,6.728805601596832e-06,1.7736107110977173e-05,0.0034248414449393,0.0414092317223548,1.9647040971904065e-05,5.17866101290565e-05,99.99992370605467,0
317,317,0.002593994140625,0.00421142578125,0.0034248419106006,6.728805601596832e-06,1.7736107110977173e-05,0.0034248393494635,0.0414092093706131,1.9647053704829887e-05,5.178664650884457e-05,99.99992370605467,0
318,318,0.00262451171875,0.00408935546875,0.0034248398151248,6.888061761856079e-06,1.6722828149795532e-05,0.0034248374868184,0.0414091907441616,2.0112069250899367e-05,4.8828060243977234e-05,99.99993133544922,0
319,319,0.002593994140625,0.00384521484375,0.0034248379524797,6.728805601596832e-06,1.4785677194595335e-05,0.0034248358570039,0.0414091683924198,1.9647077351692133e-05,4.317190177971497e-05,99.99993896484376,0
320,320,0.002655029296875,0.0037841796875,0.0034248360898345,7.049180567264557e-06,1.4320015907287598e-05,0.0034248339943587,0.041409146040678,2.0582532670232467e-05,4.181226540822536e-05,99.99993896484376,0
321,321,0.002655029296875,0.00390625,0.0034248342271894,7.049180567264557e-06,1.52587890625e-05,0.0034248318988829,0.0414091274142265,2.058254358416889e-05,4.455336238606833e-05,99.99993133544922,0
322,322,0.00262451171875,0.003662109375,0.0034248321317136,6.888061761856079e-06,1.341104507446289e-05,0.0034248300362378,0.0414091050624847,2.0112114725634456e-05,3.915825436706655e-05,99.99993896484376,0
323,323,0.002593994140625,0.0037841796875,0.0034248305018991,6.728805601596832e-06,1.4320015907287598e-05,0.0034248284064233,0.0414090827107429,1.964711918844841e-05,4.181233452982269e-05,99.99993896484376,0
324,324,0.002655029296875,0.00396728515625,0.0034248284064233,7.049180567264557e-06,1.5739351511001587e-05,0.0034248260781168,0.0414090529084205,2.058257814496756e-05,4.595661084749736e-05,99.99993133544922,0
325,325,0.00262451171875,0.00384521484375,0.0034248263109475,6.888061761856079e-06,1.4785677194595335e-05,0.0034248242154717,0.041409034281969,2.0112149286433123e-05,4.317205093684606e-05,99.99993896484376,0
326,326,0.002655029296875,0.00390625,0.003424824681133,7.049180567264557e-06,1.52587890625e-05,0.0034248223528265,0.0414090119302272,2.05826017918298e-05,4.455348971532658e-05,99.99993133544922,0
327,327,0.002655029296875,0.0040283203125,0.0034248225856572,7.049180567264557e-06,1.6227364540100098e-05,0.0034248202573508,0.0414089895784854,2.0582614524755627e-05,4.73816180601716e-05,99.99993133544922,0
328,328,0.00262451171875,0.00396728515625,0.003424820723012,6.888061761856079e-06,1.5739351511001587e-05,0.0034248183947056,0.0414089672267437,2.0112182028242387e-05,4.595671634888277e-05,99.99993133544922,0
329,329,0.002593994140625,0.00384521484375,0.0034248183947056,6.728805601596832e-06,1.4785677194595335e-05,0.0034248162992298,0.0414089448750019,1.964718831004575e-05,4.3172149162273854e-05,99.99993896484376,0
330,330,0.00262451171875,0.0040283203125,0.0034248165320605,6.888061761856079e-06,1.6227364540100098e-05,0.003424814203754,0.0414089187979698,2.0112205675104636e-05,4.7381705371662974e-05,99.99993133544922,0
331,331,0.002593994140625,0.00384521484375,0.0034248144365847,6.728805601596832e-06,1.4785677194595335e-05,0.0034248123411089,0.0414089001715183,1.9647211956907995e-05,4.317220009397715e-05,99.99993896484376,0
332,332,0.002655029296875,0.00396728515625,0.0034248128067702,7.049180567264557e-06,1.5739351511001587e-05,0.0034248104784637,0.0414088778197765,2.058267273241654e-05,4.595682185026817e-05,99.99993133544922,0
333,333,0.002593994140625,0.0037841796875,0.0034248107112944,6.728805601596832e-06,1.4320015907287598e-05,0.0034248086158186,0.0414088517427444,1.9647231965791437e-05,4.181257463642396e-05,99.99993896484376,0
334,334,0.00250244140625,0.00372314453125,0.0034248090814799,6.2622129917144775e-06,1.3861805200576782e-05,0.0034248069860041,0.0414088331162929,1.8284852558281276e-05,4.0474678826285526e-05,99.99993896484376,0
335,335,0.002471923828125,0.0037841796875,0.0034248069860041,6.1104074120521545e-06,1.4320015907287598e-05,0.0034248048905283,0.0414088144898414,1.7841610315372236e-05,4.181262193014845e-05,99.99993896484376,0
336,336,0.00250244140625,0.0037841796875,0.0034248048905283,6.2622129917144775e-06,1.4320015907287598e-05,0.0034248027950525,0.0414087921380996,1.8284874386154115e-05,4.18126473960001e-05,99.99993896484376,0
337,337,0.00250244140625,0.00390625,0.0034248032607138,6.2622129917144775e-06,1.52587890625e-05,0.0034248009324073,0.0414087697863578,1.8284883481101133e-05,4.455376620171592e-05,99.99993133544922,0
338,338,0.002532958984375,0.0037841796875,0.0034248009324073,6.415881216526032e-06,1.4320015907287598e-05,0.0034247988369315,0.0414087437093257,1.8733588149189014e-05,4.1812694689724594e-05,99.99993896484376,0
339,339,0.00250244140625,0.00384521484375,0.0034247986041009,6.2622129917144775e-06,1.4785677194595335e-05,0.0034247965086251,0.041408721357584,1.8284908946952783e-05,4.3172396544832736e-05,99.99993896484376,0
340,340,0.0025634765625,0.0040283203125,0.0034247967414557,6.571412086486816e-06,1.6227364540100098e-05,0.0034247944131493,0.0414086952805519,1.918774250952993e-05,4.738197822007351e-05,99.99993133544922,0
341,341,0.002532958984375,0.00408935546875,0.0034247951116412,6.415881216526032e-06,1.6722828149795532e-05,0.0034247927833348,0.0414086729288101,1.873361907200888e-05,4.882869689026848e-05,99.99993133544922,0
342,342,0.00250244140625,0.00408935546875,0.0034247927833348,6.2622129917144775e-06,1.6722828149795532e-05,0.0034247904550284,0.041408646851778,1.8284939869772643e-05,4.882872963207774e-05,99.99993133544922,0
343,343,0.00250244140625,0.00408935546875,0.0034247904550284,6.2622129917144775e-06,1.6722828149795532e-05,0.0034247881267219,0.0414086245000362,1.8284952602698468e-05,4.8828762373887e-05,99.99993133544922,0
344,344,0.00244140625,0.0040283203125,0.0034247885923832,5.960464477539063e-06,1.6227364540100098e-05,0.0034247862640768,0.0414086021482944,1.7403890524292365e-05,4.7382090997416526e-05,99.99993133544922,0
345,345,0.00250244140625,0.0040283203125,0.0034247864969074,6.2622129917144775e-06,1.6227364540100098e-05,0.003424784168601,0.0414085760712623,1.8284972611581907e-05,4.738212010124698e-05,99.99993133544922,0
346,346,0.00250244140625,0.0042724609375,0.0034247846342623,6.2622129917144775e-06,1.825392246246338e-05,0.0034247820731252,0.0414085499942302,1.8284983525518328e-05,5.32994708919432e-05,99.99992370605467,0
347,347,0.0025634765625,0.00421142578125,0.0034247827716171,6.571412086486816e-06,1.7736107110977173e-05,0.00342478021048,0.0414085276424884,1.918782072607428e-05,5.178753781365231e-05,99.99992370605467,0
348,348,0.002593994140625,0.00396728515625,0.0034247804433107,6.728805601596832e-06,1.5739351511001587e-05,0.0034247781150043,0.0414085015654563,1.964740658877417e-05,4.595725476974621e-05,99.99993133544922,0
349,349,0.002593994140625,0.00408935546875,0.0034247785806655,6.728805601596832e-06,1.6722828149795532e-05,0.0034247762523591,0.0414084792137146,1.96474175027106e-05,4.882892972091213e-05,99.99993133544922,0
350,350,0.002593994140625,0.00396728515625,0.0034247764851897,6.728805601596832e-06,1.5739351511001587e-05,0.0034247741568833,0.0414084568619728,1.9647428416647017e-05,4.5957305701449513e-05,99.99993133544922,0
351,351,0.00262451171875,0.004150390625,0.0034247739240527,6.888061761856079e-06,1.722574234008789e-05,0.0034247715957462,0.041408434510231,2.011245669564232e-05,5.0297454436076805e-05,99.99993133544922,0
352,352,0.002655029296875,0.00408935546875,0.0034247720614075,7.049180567264557e-06,1.6722828149795532e-05,0.0034247697331011,0.0414084047079086,2.058291829598602e-05,4.882902430836111e-05,99.99993133544922,0
353,353,0.002655029296875,0.00408935546875,0.0034247701987624,7.049180567264557e-06,1.6722828149795532e-05,0.0034247678704559,0.0414083823561668,2.058292920992244e-05,4.882904977421276e-05,99.99993133544922,0
354,354,0.002655029296875,0.00421142578125,0.0034247685689479,7.049180567264557e-06,1.7736107110977173e-05,0.0034247660078108,0.0414083562791347,2.0582938304869455e-05,5.1787752454401925e-05,99.99992370605467,0
355,355,0.002593994140625,0.0040283203125,0.0034247657749801,6.728805601596832e-06,1.6227364540100098e-05,0.0034247634466737,0.0414083376526832,1.9647490262286738e-05,4.738240750157274e-05,99.99993133544922,0
356,356,0.002532958984375,0.0040283203125,0.0034247641451656,6.415881216526032e-06,1.6227364540100098e-05,0.0034247618168592,0.0414083153009414,1.873379005701281e-05,4.738242932944559e-05,99.99993133544922,0
357,357,0.0025634765625,0.00384521484375,0.0034247618168592,6.571412086486816e-06,1.4785677194595335e-05,0.0034247597213834,0.0414082892239093,1.9187937141396105e-05,4.317286220612005e-05,99.99993896484376,0
358,358,0.002532958984375,0.003662109375,0.0034247597213834,6.415881216526032e-06,1.341104507446289e-05,0.0034247576259076,0.0414082668721675,1.8733813703875057e-05,3.915908018825576e-05,99.99993896484376,0
359,359,0.0025634765625,0.00384521484375,0.0034247576259076,6.571412086486816e-06,1.4785677194595335e-05,0.0034247555304318,0.0414082445204257,1.9187962607247755e-05,4.317291313782334e-05,99.99993896484376,0
360,360,0.002532958984375,0.00372314453125,0.0034247557632625,6.415881216526032e-06,1.3861805200576782e-05,0.0034247536677867,0.0414082184433937,1.87338355317479e-05,4.047531183459796e-05,99.99993896484376,0
361,361,0.002593994140625,0.00384521484375,0.003424753434956,6.728805601596832e-06,1.4785677194595335e-05,0.0034247513394802,0.0414081923663616,1.964756120287348e-05,4.317296770750545e-05,99.99993896484376,0
362,362,0.0025634765625,0.00396728515625,0.0034247515723109,6.571412086486816e-06,1.5739351511001587e-05,0.0034247492440044,0.0414081662893295,1.918799534905702e-05,4.595764403347857e-05,99.99993133544922,0
363,363,0.002593994140625,0.00384521484375,0.0034247487783432,6.728805601596832e-06,1.4785677194595335e-05,0.0034247466828674,0.0414081439375877,1.964758848771453e-05,4.317302591516636e-05,99.99993896484376,0
364,364,0.0025634765625,0.00372314453125,0.003424746915698,6.571412086486816e-06,1.3861805200576782e-05,0.0034247448202222,0.0414081178605556,1.9188022633898072e-05,4.047541369800456e-05,99.99993896484376,0
365,365,0.00250244140625,0.003662109375,0.0034247450530529,6.2622129917144775e-06,1.341104507446289e-05,0.0034247429575771,0.0414080917835235,1.828519452828914e-05,3.915924753528088e-05,99.99993896484376,0
366,366,0.00250244140625,0.003662109375,0.0034247424919158,6.2622129917144775e-06,1.341104507446289e-05,0.00342474039644,0.0414080694317817,1.8285207261214964e-05,3.915927663911134e-05,99.99993896484376,0
367,367,0.00250244140625,0.00372314453125,0.0034247406292706,6.2622129917144775e-06,1.3861805200576782e-05,0.0034247385337948,0.0414080470800399,1.8285218175151385e-05,4.047549009555951e-05,99.99993896484376,0
368,368,0.00250244140625,0.00384521484375,0.0034247380681335,6.2622129917144775e-06,1.4785677194595335e-05,0.0034247359726577,0.0414080247282981,1.828523090807721e-05,4.317316052038223e-05,99.99993896484376,0
369,369,0.00250244140625,0.00390625,0.0034247362054884,6.2622129917144775e-06,1.52587890625e-05,0.003424733877182,0.0414079949259758,1.828524182201363e-05,4.455463931662962e-05,99.99993133544922,0
370,370,0.00250244140625,0.00396728515625,0.003424733877182,6.2622129917144775e-06,1.5739351511001587e-05,0.0034247315488755,0.0414079688489437,1.8285254554939456e-05,4.595788050210104e-05,99.99993133544922,0
371,371,0.0025634765625,0.004150390625,0.0034247317817062,6.571412086486816e-06,1.722574234008789e-05,0.0034247294533997,0.0414079390466213,1.9188106307410635e-05,5.029807653045282e-05,99.99993133544922,0
372,372,0.002471923828125,0.00421142578125,0.003424729919061,6.1104074120521545e-06,1.7736107110977173e-05,0.0034247273579239,0.0414079166948795,1.784201231203042e-05,5.178833816898987e-05,99.99992370605467,0
373,373,0.00250244140625,0.00433349609375,0.0034247275907546,6.2622129917144775e-06,1.877918839454651e-05,0.0034247250296175,0.0414078906178474,1.828528729674872e-05,5.483410495799035e-05,99.99992370605467,0
374,374,0.002532958984375,0.00439453125,0.0034247257281094,6.415881216526032e-06,1.931190490722656e-05,0.0034247231669723,0.0414078682661056,1.873399924079422e-05,5.638964285026304e-05,99.99992370605467,0
375,375,0.002593994140625,0.00445556640625,0.0034247236326336,6.728805601596832e-06,1.985207200050354e-05,0.0034247208386659,0.0414078421890735,1.964773218787741e-05,5.796692857984453e-05,99.99991607666016,0
376,376,0.0025634765625,0.00439453125,0.0034247213043272,6.571412086486816e-06,1.931190490722656e-05,0.0034247187431901,0.0414078161120414,1.918816451507155e-05,5.638971197186038e-05,99.99992370605467,0
377,377,0.0025634765625,0.0042724609375,0.0034247194416821,6.571412086486816e-06,1.825392246246338e-05,0.003424716880545,0.0414077937602996,1.918817542900797e-05,5.330048952600919e-05,99.99992370605467,0
378,378,0.002593994140625,0.00421142578125,0.0034247171133756,6.728805601596832e-06,1.7736107110977173e-05,0.0034247145522385,0.0414077639579772,1.9647770386654884e-05,5.178853098186664e-05,99.99992370605467,0
379,379,0.0025634765625,0.004150390625,0.0034247143194079,6.571412086486816e-06,1.722574234008789e-05,0.0034247119911015,0.0414077416062355,1.9188204532838427e-05,5.0298331188969314e-05,99.99993133544922,0
380,380,0.002532958984375,0.0040283203125,0.0034247124567627,6.415881216526032e-06,1.6227364540100098e-05,0.0034247101284563,0.0414077155292034,1.8734073819359764e-05,4.7383142373291776e-05,99.99993133544922,0
381,381,0.0025634765625,0.00408935546875,0.0034247101284563,6.571412086486816e-06,1.6722828149795532e-05,0.0034247078001499,0.0414076931774616,1.9188228179700676e-05,4.882990469923243e-05,99.99993133544922,0
382,382,0.0025634765625,0.00396728515625,0.0034247078001499,6.571412086486816e-06,1.5739351511001587e-05,0.0034247054718434,0.0414076671004295,1.9188240912626497e-05,4.595822974806652e-05,99.99993133544922,0
383,383,0.002532958984375,0.0040283203125,0.0034247057046741,6.415881216526032e-06,1.6227364540100098e-05,0.0034247033763676,0.0414076410233974,1.8734110199147835e-05,4.738323696074076e-05,99.99993133544922,0
384,384,0.00250244140625,0.00384521484375,0.0034247036091983,6.2622129917144775e-06,1.4785677194595335e-05,0.0034247015137225,0.0414076186716556,1.828541644499637e-05,4.317359707783908e-05,99.99993896484376,0
385,385,0.00250244140625,0.00384521484375,0.0034247012808918,6.2622129917144775e-06,1.4785677194595335e-05,0.0034246991854161,0.0414075925946235,1.8285427358932797e-05,4.317362618166953e-05,99.99993896484376,0
386,386,0.00244140625,0.00384521484375,0.0034246991854161,5.960464477539063e-06,1.4785677194595335e-05,0.0034246970899403,0.041407573968172,1.7404343452653848e-05,4.317365164752118e-05,99.99993896484376,0
387,387,0.002532958984375,0.00408935546875,0.0034246970899403,6.415881216526032e-06,1.6722828149795532e-05,0.0034246947616338,0.0414075404405593,1.8734157492872328e-05,4.88300938741304e-05,99.99993133544922,0
388,388,0.00250244140625,0.00384521484375,0.0034246949944645,6.2622129917144775e-06,1.4785677194595335e-05,0.0034246928989887,0.0414075180888175,1.828546191973146e-05,4.317370621720329e-05,99.99993896484376,0
389,389,0.00250244140625,0.0037841796875,0.0034246928989887,6.2622129917144775e-06,1.4320015907287598e-05,0.0034246908035129,0.0414074957370758,1.828547283366788e-05,4.181401163805276e-05,99.99993896484376,0
390,390,0.00250244140625,0.0037841796875,0.003424690105021,6.2622129917144775e-06,1.4320015907287598e-05,0.0034246880095452,0.0414074659347534,1.828548738558311e-05,4.181404801784083e-05,99.99993896484376,0
391,391,0.002471923828125,0.00384521484375,0.0034246882423758,6.1104074120521545e-06,1.4785677194595335e-05,0.0034246861469,0.0414074435830116,1.784222877176944e-05,4.317378989071585e-05,99.99993896484376,0
392,392,0.002471923828125,0.004150390625,0.0034246861469,6.1104074120521545e-06,1.722574234008789e-05,0.0034246838185936,0.0414074137806892,1.7842239685705863e-05,5.029874591855332e-05,99.99993133544922,0
393,393,0.002410888671875,0.00384521484375,0.0034246833529323,5.812384188175201e-06,1.4785677194595335e-05,0.0034246814902871,0.0414073914289474,1.697203333606012e-05,4.317385173635557e-05,99.99994659423828,0
394,394,0.00244140625,0.00396728515625,0.0034246817231178,5.960464477539063e-06,1.5739351511001587e-05,0.0034246793948113,0.0414073653519153,1.740443258313462e-05,4.5958578994032e-05,99.99993133544922,0
395,395,0.00244140625,0.00396728515625,0.0034246791619807,5.960464477539063e-06,1.5739351511001587e-05,0.0034246768336743,0.0414073355495929,1.7404445316060446e-05,4.595861537382007e-05,99.99993133544922,0
396,396,0.00238037109375,0.00384521484375,0.0034246766008436,5.666166543960571e-06,1.4785677194595335e-05,0.0034246747381985,0.0414073094725608,1.6545114704058506e-05,4.317393904784694e-05,99.99994659423828,0
397,397,0.002471923828125,0.004150390625,0.0034246747381985,6.1104074120521545e-06,1.722574234008789e-05,0.003424672409892,0.0414072833955287,1.784229971235618e-05,5.029890962759964e-05,99.99993133544922,0
398,398,0.00244140625,0.0040283203125,0.003424672409892,5.960464477539063e-06,1.6227364540100098e-05,0.0034246700815856,0.0414072573184967,1.7404479876859114e-05,4.738369534607045e-05,99.99993133544922,0
399,399,0.00244140625,0.00408935546875,0.0034246703144162,5.960464477539063e-06,1.6722828149795532e-05,0.0034246679861098,0.0414072312414646,1.7404490790795535e-05,4.883047586190514e-05,99.99993133544922,0
400,400,0.002471923828125,0.004150390625,0.0034246677532792,6.1104074120521545e-06,1.722574234008789e-05,0.0034246654249727,0.0414072014391422,1.784233609214425e-05,5.0299018766963854e-05,99.99993133544922,0
401,401,0.002471923828125,0.00396728515625,0.0034246656578034,6.1104074120521545e-06,1.5739351511001587e-05,0.0034246633294969,0.0414071753621101,1.7842347006080672e-05,4.595879727276042e-05,99.99993133544922,0
402,402,0.00250244140625,0.00396728515625,0.0034246630966663,6.2622129917144775e-06,1.5739351511001587e-05,0.0034246607683598,0.041407149285078,1.8285632904735397e-05,4.5958830014569685e-05,99.99993133544922,0
403,403,0.00250244140625,0.00421142578125,0.0034246610011905,6.2622129917144775e-06,1.7736107110977173e-05,0.0034246584400534,0.0414071232080459,1.8285643818671812e-05,5.1789378630928695e-05,99.99992370605467,0
404,404,0.0025634765625,0.00408935546875,0.0034246589057147,6.571412086486816e-06,1.6722828149795532e-05,0.0034246565774083,0.0414070934057235,1.9188515580026436e-05,4.883063229499385e-05,99.99993133544922,0
405,405,0.002532958984375,0.0040283203125,0.0034246568102389,6.415881216526032e-06,1.6227364540100098e-05,0.0034246544819325,0.0414070710539817,1.873437759059016e-05,4.738391362479888e-05,99.99993133544922,0
406,406,0.002593994140625,0.00421142578125,0.0034246544819325,6.728805601596832e-06,1.7736107110977173e-05,0.0034246519207954,0.0414070449769496,1.9648128727567386e-05,5.178947685635649e-05,99.99992370605467,0
407,407,0.002532958984375,0.004150390625,0.003424652153626,6.415881216526032e-06,1.722574234008789e-05,0.0034246498253196,0.0414070151746273,1.873440305644181e-05,5.02992479596287e-05,99.99993133544922,0
408,408,0.0025634765625,0.0042724609375,0.0034246500581502,6.571412086486816e-06,1.825392246246338e-05,0.0034246474970132,0.0414069890975952,1.918856469274033e-05,5.3301566367736086e-05,99.99992370605467,0
409,409,0.0025634765625,0.00408935546875,0.0034246472641825,6.571412086486816e-06,1.6722828149795532e-05,0.0034246449358761,0.0414069630205631,1.918858106364496e-05,4.883080327999778e-05,99.99993133544922,0
410,410,0.002532958984375,0.0040283203125,0.0034246451687067,6.415881216526032e-06,1.6227364540100098e-05,0.0034246428404003,0.041406936943531,1.873444125521928e-05,4.738407369586639e-05,99.99993133544922,0
411,411,0.002532958984375,0.00384521484375,0.0034246426075696,6.415881216526032e-06,1.4785677194595335e-05,0.0034246405120939,0.0414069108664989,1.8734453988145106e-05,4.317436469136737e-05,99.99993896484376,0
412,412,0.002532958984375,0.00384521484375,0.0034246405120939,6.415881216526032e-06,1.4785677194595335e-05,0.0034246384166181,0.0414068847894668,1.873446672107093e-05,4.317439379519783e-05,99.99993896484376,0
413,413,0.00250244140625,0.0037841796875,0.0034246377181261,6.2622129917144775e-06,1.4320015907287598e-05,0.0034246356226503,0.041406862437725,1.8285767509951256e-05,4.181468830211088e-05,99.99993896484376,0
414,414,0.002532958984375,0.00390625,0.0034246356226503,6.415881216526032e-06,1.52587890625e-05,0.0034246332943439,0.0414068326354026,1.873449218692258e-05,4.455594898900017e-05,99.99993133544922,0
415,415,0.00250244140625,0.00396728515625,0.0034246335271745,6.2622129917144775e-06,1.5739351511001587e-05,0.0034246311988681,0.0414068102836608,1.8285791156813502e-05,4.595922655425966e-05,99.99993133544922,0
416,416,0.00250244140625,0.00396728515625,0.0034246311988681,6.2622129917144775e-06,1.5739351511001587e-05,0.0034246288705617,0.0414067767560482,1.8285803889739327e-05,4.595925565809012e-05,99.99993133544922,0
417,417,0.0025634765625,0.004150390625,0.003424628637731,6.571412086486816e-06,1.722574234008789e-05,0.0034246263094246,0.0414067506790161,1.9188684746040963e-05,5.0299593567615375e-05,99.99993133544922,0
418,418,0.002532958984375,0.0040283203125,0.0034246260765939,6.415881216526032e-06,1.6227364540100098e-05,0.0034246237482875,0.0414067283272743,1.8734544937615283e-05,4.738433926831931e-05,99.99993133544922,0
419,419,0.002532958984375,0.0040283203125,0.0034246237482875,6.415881216526032e-06,1.6227364540100098e-05,0.0034246214199811,0.0414066947996616,1.8734557670541108e-05,4.7384368372149765e-05,99.99993133544922,0
420,420,0.0025634765625,0.00421142578125,0.0034246214199811,6.571412086486816e-06,1.7736107110977173e-05,0.003424618858844,0.0414066687226295,1.918872476380784e-05,5.178997525945306e-05,99.99992370605467,0
421,421,0.002532958984375,0.0042724609375,0.0034246190916746,6.415881216526032e-06,1.825392246246338e-05,0.0034246165305376,0.0414066426455974,1.873458313639276e-05,5.330205021891743e-05,99.99992370605467,0
422,422,0.00250244140625,0.0042724609375,0.0034246167633682,6.2622129917144775e-06,1.825392246246338e-05,0.0034246142022311,0.0414066091179847,1.828588028729428e-05,5.33020865987055e-05,99.99992370605467,0
423,423,0.002471923828125,0.00433349609375,0.0034246146678924,6.1104074120521545e-06,1.877918839454651e-05,0.0034246121067553,0.0414065867662429,1.784261257853359e-05,5.483591303345747e-05,99.99992370605467,0
424,424,0.00238037109375,0.00360107421875,0.003424611641094,5.666166543960571e-06,1.2967735528945925e-05,0.0034246097784489,0.0414065644145011,1.6545427570235915e-05,3.786629167734645e-05,99.99994659423828,0
425,425,0.00244140625,0.00390625,0.0034246097784489,5.960464477539063e-06,1.52587890625e-05,0.0034246074501425,0.0414065271615982,1.7404798200004734e-05,4.455628368305042e-05,99.99993133544922,0
426,426,0.002471923828125,0.00390625,0.0034246072173118,6.1104074120521545e-06,1.52587890625e-05,0.0034246048890054,0.0414065048098564,1.7842652596300468e-05,4.4556320062838495e-05,99.99993133544922,0
427,427,0.002471923828125,0.00396728515625,0.0034246046561747,6.1104074120521545e-06,1.5739351511001587e-05,0.0034246023278683,0.0414064787328243,1.7842665329226293e-05,4.595961581799202e-05,99.99993133544922,0
428,428,0.002532958984375,0.00408935546875,0.0034246023278683,6.415881216526032e-06,1.6722828149795532e-05,0.0034245999995619,0.0414064452052116,1.8734675904852335e-05,4.883143992628902e-05,99.99993133544922,0
429,429,0.00250244140625,0.0040283203125,0.0034245997667312,6.2622129917144775e-06,1.6227364540100098e-05,0.0034245974384248,0.0414064228534698,1.8285971236764453e-05,4.738470306620002e-05,99.99993133544922,0
430,430,0.002532958984375,0.00390625,0.0034245974384248,6.415881216526032e-06,1.52587890625e-05,0.0034245951101183,0.0414063856005668,1.8734701370703988e-05,4.4556443754117936e-05,99.99993133544922,0
431,431,0.002593994140625,0.0040283203125,0.0034245951101183,6.728805601596832e-06,1.6227364540100098e-05,0.0034245927818119,0.041406363248825,1.9648468878585845e-05,4.738476491183974e-05,99.99993133544922,0
432,432,0.00262451171875,0.004150390625,0.0034245925489813,6.888061761856079e-06,1.722574234008789e-05,0.0034245902206748,0.0414063297212123,2.01135226234328e-05,5.03001210745424e-05,99.99993133544922,0
433,433,0.00262451171875,0.0042724609375,0.0034245899878442,6.888061761856079e-06,1.825392246246338e-05,0.0034245874267071,0.0414063036441803,2.011353717534803e-05,5.330250132828951e-05,99.99992370605467,0
434,434,0.00262451171875,0.00408935546875,0.0034245876595377,6.888061761856079e-06,1.6722828149795532e-05,0.0034245853312313,0.0414062738418579,2.0113549908273853e-05,4.883165092905983e-05,99.99993133544922,0
435,435,0.00262451171875,0.00421142578125,0.0034245855640619,6.888061761856079e-06,1.7736107110977173e-05,0.0034245830029249,0.0414062440395355,2.011356264119968e-05,5.179052095627412e-05,99.99992370605467,0
436,436,0.00262451171875,0.00421142578125,0.0034245827700942,6.888061761856079e-06,1.7736107110977173e-05,0.0034245802089571,0.0414062216877937,2.011357901210431e-05,5.1790560974041e-05,99.99992370605467,0
437,437,0.002655029296875,0.0042724609375,0.0034245802089571,7.049180567264557e-06,1.825392246246338e-05,0.0034245776478201,0.0414061918854713,2.0584069716278464e-05,5.330265412339941e-05,99.99992370605467,0
438,438,0.00262451171875,0.00421142578125,0.0034245781134814,6.888061761856079e-06,1.7736107110977173e-05,0.0034245755523443,0.0414061620831489,2.0113608115934767e-05,5.179063737159595e-05,99.99992370605467,0
439,439,0.00250244140625,0.00396728515625,0.0034245755523443,6.2622129917144775e-06,1.5739351511001587e-05,0.0034245732240378,0.0414061322808265,1.8286100385012105e-05,4.5960005081724375e-05,99.99993133544922,0
440,440,0.00250244140625,0.00390625,0.0034245732240378,6.2622129917144775e-06,1.52587890625e-05,0.0034245708957314,0.0414061099290847,1.8286111298948526e-05,4.455676025827415e-05,99.99993133544922,0
441,441,0.002471923828125,0.00390625,0.0034245704300701,6.1104074120521545e-06,1.52587890625e-05,0.0034245681017637,0.0414060801267623,1.7842841771198437e-05,4.4556796638062224e-05,99.99993133544922,0
442,442,0.00244140625,0.0037841796875,0.003424567868933,5.960464477539063e-06,1.4320015907287598e-05,0.0034245657734572,0.0414060577750206,1.740501102176495e-05,4.181553958915174e-05,99.99993896484376,0
443,443,0.00238037109375,0.003662109375,0.0034245655406266,5.666166543960571e-06,1.341104507446289e-05,0.0034245636779814,0.0414060242474079,1.6545649486943148e-05,3.916130299330689e-05,99.99994659423828,0
444,444,0.00238037109375,0.00360107421875,0.0034245629794895,5.666166543960571e-06,1.2967735528945925e-05,0.0034245611168444,0.0414059981703758,1.6545662219868973e-05,3.78668300982099e-05,99.99994659423828,0
445,445,0.002410888671875,0.00390625,0.0034245604183524,5.812384188175201e-06,1.52587890625e-05,0.0034245583228766,0.0414059683680534,1.697264269751031e-05,4.455692760529928e-05,99.99993896484376,0
446,446,0.00244140625,0.00384521484375,0.003424558090046,5.960464477539063e-06,1.4785677194595335e-05,0.0034245559945702,0.041405938565731,1.7405061953468248e-05,4.317543061915785e-05,99.99993896484376,0
447,447,0.00250244140625,0.00408935546875,0.0034245552960783,6.2622129917144775e-06,1.6722828149795532e-05,0.0034245529677718,0.041405901312828,1.8286207705386914e-05,4.8832112952368334e-05,99.99993133544922,0
448,448,0.002532958984375,0.0040283203125,0.0034245529677718,6.415881216526032e-06,1.6227364540100098e-05,0.0034245506394654,0.0414058789610862,1.8734945115284063e-05,4.738535062642768e-05,99.99993133544922,0
449,449,0.002532958984375,0.0040283203125,0.0034245504066348,6.415881216526032e-06,1.6227364540100098e-05,0.0034245480783283,0.0414058491587638,1.8734957848209888e-05,4.7385383368236944e-05,99.99993133544922,0
450,450,0.002532958984375,0.004150390625,0.0034245478454977,6.415881216526032e-06,1.722574234008789e-05,0.0034245455171912,0.0414058156311512,1.873497240012512e-05,5.030077591072768e-05,99.99993133544922,0
451,451,0.002655029296875,0.0045166015625,0.0034245452843606,7.049180567264557e-06,2.039968967437744e-05,0.0034245424903929,0.0414057858288288,2.0584280719049275e-05,5.9569043514784425e-05,99.99991607666016,0
452,452,0.002685546875,0.00439453125,0.0034245427232235,7.212162017822266e-06,1.931190490722656e-05,0.0034245401620864,0.0414057560265064,2.1060219296487048e-05,5.639265509671532e-05,99.99992370605467,0
453,453,0.002655029296875,0.0042724609375,0.0034245399292558,7.049180567264557e-06,1.825392246246338e-05,0.0034245373681187,0.0414057299494743,2.0584311641869132e-05,5.330328349373304e-05,99.99992370605467,0
454,454,0.002655029296875,0.00433349609375,0.0034245376009494,7.049180567264557e-06,1.877918839454651e-05,0.0034245350398123,0.0414057001471519,2.0584326193784364e-05,5.483714630827308e-05,99.99992370605467,0
455,455,0.00262451171875,0.00421142578125,0.0034245352726429,6.888061761856079e-06,1.7736107110977173e-05,0.0034245327115058,0.0414056703448295,2.0113859136472456e-05,5.179128493182361e-05,99.99992370605467,0
456,456,0.002655029296875,0.00408935546875,0.0034245327115058,7.049180567264557e-06,1.6722828149795532e-05,0.0034245303831994,0.0414056405425071,2.0584357116604224e-05,4.8832436732482165e-05,99.99993133544922,0
457,457,0.00262451171875,0.00421142578125,0.0034245301503688,6.888061761856079e-06,1.7736107110977173e-05,0.0034245275892317,0.0414056181907653,2.0113888240302916e-05,5.179135769139975e-05,99.99992370605467,0
458,458,0.002593994140625,0.004150390625,0.003424527356401,6.728805601596832e-06,1.722574234008789e-05,0.0034245250280946,0.0414055883884429,1.9648858142318204e-05,5.030107786296867e-05,99.99993133544922,0
459,459,0.002593994140625,0.00408935546875,0.003424524795264,6.728805601596832e-06,1.6722828149795532e-05,0.0034245224669575,0.0414055585861206,1.9648872694233432e-05,4.883254950982519e-05,99.99993133544922,0
460,460,0.00250244140625,0.0040283203125,0.0034245224669575,6.2622129917144775e-06,1.6227364540100098e-05,0.0034245201386511,0.0414055287837982,1.828638232836965e-05,4.73857726319693e-05,99.99993133544922,0
461,461,0.002532958984375,0.00396728515625,0.0034245201386511,6.415881216526032e-06,1.5739351511001587e-05,0.0034245178103446,0.0414054989814758,1.873512519523501e-05,4.596075086737983e-05,99.99993133544922,0
462,462,0.00250244140625,0.00396728515625,0.0034245178103446,6.2622129917144775e-06,1.5739351511001587e-05,0.0034245154820382,0.0414054691791534,1.8286407794221304e-05,4.5960779971210286e-05,99.99993133544922,0
463,463,0.002532958984375,0.00396728515625,0.0034245147835463,6.415881216526032e-06,1.5739351511001587e-05,0.0034245124552398,0.041405439376831,1.873515429906547e-05,4.596081998897717e-05,99.99993133544922,0
464,464,0.002593994140625,0.0037841796875,0.0034245119895786,6.728805601596832e-06,1.4320015907287598e-05,0.0034245098941028,0.0414054095745086,1.9648947272798974e-05,4.1816219891188666e-05,99.99993896484376,0
465,465,0.002593994140625,0.00384521484375,0.0034245091956108,6.728805601596832e-06,1.4785677194595335e-05,0.003424507100135,0.0414053797721862,1.964896182471421e-05,4.317604543757625e-05,99.99993896484376,0
466,466,0.0025634765625,0.00372314453125,0.0034245066344738,6.571412086486816e-06,1.3861805200576782e-05,0.003424504538998,0.0414053536951541,1.918936686706729e-05,4.04782549594529e-05,99.99993896484376,0
467,467,0.002593994140625,0.0037841796875,0.0034245040733367,6.728805601596832e-06,1.4320015907287598e-05,0.0034245019778609,0.0414053201675415,1.9648992747534063e-05,4.181631811661646e-05,99.99993896484376,0
468,468,0.00262451171875,0.00396728515625,0.0034245019778609,6.888061761856079e-06,1.5739351511001587e-05,0.0034244996495544,0.0414052903652191,2.011405376833864e-05,4.5960994611959904e-05,99.99993133544922,0
469,469,0.0025634765625,0.00390625,0.0034244994167238,6.571412086486816e-06,1.52587890625e-05,0.0034244970884174,0.041405264288187,1.918940870382357e-05,4.4557720684679225e-05,99.99993133544922,0
470,470,0.0025634765625,0.00396728515625,0.0034244968555867,6.571412086486816e-06,1.5739351511001587e-05,0.0034244945272803,0.0414052307605743,1.91894232557388e-05,4.596106009557843e-05,99.99993133544922,0
471,471,0.00250244140625,0.00421142578125,0.0034244938287883,6.2622129917144775e-06,1.7736107110977173e-05,0.0034244912676513,0.0414051972329616,1.828653694246896e-05,5.179191066417843e-05,99.99992370605467,0
472,472,0.00250244140625,0.00408935546875,0.0034244910348206,6.2622129917144775e-06,1.6722828149795532e-05,0.0034244887065142,0.0414051674306392,1.8286551494384184e-05,4.883303336100653e-05,99.99993133544922,0
473,473,0.00250244140625,0.00408935546875,0.0034244884736835,6.2622129917144775e-06,1.6722828149795532e-05,0.0034244861453771,0.0414051413536071,1.828656422731001e-05,4.883306610281579e-05,99.99993133544922,0
474,474,0.002471923828125,0.00421142578125,0.0034244859125465,6.1104074120521545e-06,1.7736107110977173e-05,0.0034244833514094,0.0414051115512847,1.7843281966634095e-05,5.179202707950026e-05,99.99992370605467,0
475,475,0.00250244140625,0.004150390625,0.0034244833514094,6.2622129917144775e-06,1.722574234008789e-05,0.0034244810231029,0.0414050780236721,1.8286591512151062e-05,5.030172542319633e-05,99.99993133544922,0
476,476,0.00238037109375,0.00408935546875,0.0034244807902723,5.666166543960571e-06,1.6722828149795532e-05,0.0034244786947965,0.0414050482213497,1.654606057854835e-05,4.8833175242180005e-05,99.99993896484376,0
477,477,0.002410888671875,0.004150390625,0.0034244779963046,5.812384188175201e-06,1.722574234008789e-05,0.0034244759008288,0.0414050184190273,1.6973051970126107e-05,5.030180545873009e-05,99.99993896484376,0
478,478,0.00244140625,0.00433349609375,0.0034244756679981,5.960464477539063e-06,1.877918839454651e-05,0.0034244731068611,0.0414049848914146,1.7405480321031064e-05,5.4838135838508606e-05,99.99992370605467,0
479,479,0.002410888671875,0.0042724609375,0.0034244731068611,5.812384188175201e-06,1.825392246246338e-05,0.0034244707785546,0.0414049550890922,1.6973075616988353e-05,5.3304320317693055e-05,99.99993133544922,0
480,480,0.002410888671875,0.00421142578125,0.0034244700800627,5.812384188175201e-06,1.7736107110977173e-05,0.0034244677517563,0.0414049252867698,1.6973090168903582e-05,5.1792267186101526e-05,99.99993133544922,0
481,481,0.002410888671875,0.0042724609375,0.003424467286095,5.812384188175201e-06,1.825392246246338e-05,0.0034244649577885,0.0414048954844474,1.6973102901829407e-05,5.330441126716323e-05,99.99993133544922,0
482,482,0.002410888671875,0.00408935546875,0.0034244644921272,5.812384188175201e-06,1.6722828149795532e-05,0.0034244623966515,0.041404865682125,1.6973117453744635e-05,4.883340807282366e-05,99.99993896484376,0
483,483,0.00244140625,0.004150390625,0.0034244619309902,5.960464477539063e-06,1.722574234008789e-05,0.0034244596026837,0.0414048358798027,1.74055494426284e-05,5.030203828937374e-05,99.99993133544922,0
484,484,0.00244140625,0.0040283203125,0.0034244593698531,5.960464477539063e-06,1.6227364540100098e-05,0.0034244570415467,0.04140480235219,1.7405562175554223e-05,4.73866421089042e-05,99.99993133544922,0
485,485,0.002471923828125,0.00408935546875,0.0034244565758854,6.1104074120521545e-06,1.6722828149795532e-05,0.0034244542475789,0.0414047762751579,1.7843436580733396e-05,4.883352085016668e-05,99.99993133544922,0
486,486,0.002471923828125,0.00396728515625,0.0034244540147483,6.1104074120521545e-06,1.5739351511001587e-05,0.0034244516864418,0.0414047464728355,1.784344931365922e-05,4.596163489622995e-05,99.99993133544922,0
487,487,0.002471923828125,0.00396728515625,0.0034244512207806,6.1104074120521545e-06,1.5739351511001587e-05,0.0034244488924741,0.0414047129452228,1.784346386557445e-05,4.596167127601802e-05,99.99993133544922,0
488,488,0.00244140625,0.003662109375,0.0034244484268128,5.960464477539063e-06,1.341104507446289e-05,0.003424446331337,0.0414046831429004,1.7405618564225733e-05,3.91626417695079e-05,99.99993896484376,0
489,489,0.002471923828125,0.00384521484375,0.0034244458656758,6.1104074120521545e-06,1.4785677194595335e-05,0.0034244437702,0.0414046496152877,1.7843491150415502e-05,4.317684579291381e-05,99.99993896484376,0
490,490,0.0025634765625,0.00384521484375,0.0034244428388774,6.571412086486816e-06,1.4785677194595335e-05,0.0034244407434016,0.0414046198129653,1.918972520797979e-05,4.317688581068069e-05,99.99993896484376,0
491,491,0.002471923828125,0.00372314453125,0.0034244407434016,6.1104074120521545e-06,1.3861805200576782e-05,0.0034244386479258,0.041404590010643,1.7843518435256556e-05,4.0479033486917615e-05,99.99993896484376,0
492,492,0.0025634765625,0.00384521484375,0.0034244377166032,6.571412086486816e-06,1.4785677194595335e-05,0.0034244356211274,0.0414045564830303,1.9189754311810248e-05,4.317694765632041e-05,99.99993896484376,0
493,493,0.002655029296875,0.00396728515625,0.0034244349226355,7.049180567264557e-06,1.5739351511001587e-05,0.0034244325943291,0.0414045229554176,2.058494465018157e-05,4.5961893192725256e-05,99.99993133544922,0
494,494,0.002593994140625,0.0040283203125,0.0034244321286678,6.728805601596832e-06,1.6227364540100098e-05,0.0034244298003613,0.0414044931530952,1.9649403839139268e-05,4.7387020458700135e-05,99.99993133544922,0
495,495,0.0025634765625,0.00396728515625,0.0034244295675307,6.571412086486816e-06,1.5739351511001587e-05,0.0034244272392243,0.0414044596254825,1.9189799786545336e-05,4.59619659523014e-05,99.99993133544922,0
496,496,0.002593994140625,0.00390625,0.003424426773563,6.728805601596832e-06,1.52587890625e-05,0.0034244244452565,0.0414044298231601,1.9649434761959128e-05,4.455866655916907e-05,99.99993133544922,0
497,497,0.002593994140625,0.00390625,0.0034244237467646,6.728805601596832e-06,1.52587890625e-05,0.0034244214184582,0.0414044000208377,1.9649452951853164e-05,4.455870293895714e-05,99.99993133544922,0
498,498,0.00262451171875,0.004150390625,0.0034244209527969,6.888061761856079e-06,1.722574234008789e-05,0.0034244186244904,0.0414043627679348,2.0114530343562365e-05,5.030263855587691e-05,99.99993133544922,0
499,499,0.002655029296875,0.00421142578125,0.0034244183916598,7.049180567264557e-06,1.7736107110977173e-05,0.0034244158305227,0.0414043292403221,2.0585044694598764e-05,5.179305298952386e-05,99.99992370605467,0
0,0,210.2139892578125,902.5505981445312,85.88192749023438,44189.921875,814597.5625,0.0031811338849365,0.0386172458529472,5.145427227020264,94.85086822509766,0.0037040782626718,1
1,1,203.8170318603516,881.014892578125,81.77603912353516,41541.3828125,776187.25,0.003182012354955,0.0386807397007942,5.079896450042725,94.9162139892578,0.0038911304436624,1
2,2,197.17230224609372,859.6721801757812,77.79450225830078,38876.91796875,739036.25,0.0031853944528847,0.0387796014547348,4.9973859786987305,94.99851989746094,0.0040946267545223,1
3,3,190.35223388671875,838.3702392578125,73.91305541992188,36233.97265625,702864.6875,0.0031910755205899,0.0389130190014839,4.902242660522461,95.09344482421876,0.0043173367157578,1
4,4,183.34671020507807,816.9529418945312,70.10601043701172,33616.015625,667412.125,0.0031991719733923,0.0390824414789676,4.795026302337647,95.2004165649414,0.0045633348636329,1
5,5,176.10745239257812,795.2824096679688,66.35200500488281,31013.833984375,632474.125,0.0032096013892441,0.0392903983592987,4.674136161804199,95.3210220336914,0.0048372335731983,1
6,6,168.5721893310547,773.2413330078125,62.63509750366211,28416.583984375,597902.1875,0.0032222268637269,0.0395409911870956,4.53684663772583,95.45801544189452,0.0051444428972899,1
7,7,160.6785888671875,750.7212524414062,58.94323348999024,25817.609375,563582.375,0.003236973658204,0.0398207269608974,4.380080223083496,95.61442565917967,0.0054916799999773,1
8,8,152.36376953125,727.6141357421875,55.2669563293457,23214.71875,529422.3125,0.0032538312952965,0.0401375144720077,4.200469970703125,95.79364013671876,0.0058874804526567,1
9,9,143.567138671875,703.8095703125,51.59921646118164,20611.5234375,495347.90625,0.0032728211954236,0.0404841862618923,3.994541645050049,95.99911499023438,0.0063427733257412,1
10,10,134.2347412109375,679.1954345703125,47.93583297729492,18018.96484375,461306.4375,0.0032939782831817,0.0408577769994735,3.758975982666016,96.23414611816406,0.0068716406822204,1
11,11,124.32147216796876,653.6578979492188,44.27576446533203,15455.828125,427268.65625,0.0033173467963933,0.0412582382559776,3.490809679031372,96.50169372558594,0.0074924658983945,1
12,12,113.79234313964844,627.081787109375,40.621368408203125,12948.697265625,393231.5625,0.0033429742325097,0.0416846983134746,3.18765640258789,96.80411529541016,0.0082295956090092,1
13,13,102.62185668945312,599.35205078125,36.978782653808594,10531.2451171875,359222.875,0.0033709101844578,0.0421362407505512,2.8479154109954834,97.1429672241211,0.0091157956048846,1
14,14,90.79586791992188,570.3546142578125,33.35822677612305,8243.8896484375,325304.375,0.0034012040123343,0.0426127053797245,2.4713213443756104,97.51848602294922,0.0101959975436329,1
15,15,78.31248474121094,539.9791259765625,29.774463653564453,6132.84521484375,291577.46875,0.0034338994883,0.0431136190891265,2.05976676940918,97.92870330810548,0.0115330349653959,1
16,16,65.18783569335938,508.1213073730469,26.24714088439941,4249.4541015625,258187.265625,0.0034690278116613,0.0436389967799186,1.6190160512924194,98.36775970458984,0.0132167842239141,1
17,17,51.46107482910156,474.6880798339844,22.80120658874512,2648.2421875,225328.765625,0.0035065966658294,0.04418620839715,1.1614482402801514,98.82317352294922,0.0153789967298507,1
18,18,37.20330810546875,439.5957336425781,19.46639442443848,1384.086181640625,193244.40625,0.0035465974360704,0.0447521731257438,0.7110130786895752,99.2707748413086,0.0182190779596567,1
19,19,22.52796936035156,402.77142333984375,16.27682113647461,507.5093994140625,162224.8125,0.0035889949649572,0.0453344956040382,0.3117988407611847,99.66614532470705,0.0220497287809848,1
20,20,7.607879638671875,364.1764831542969,13.271872520446776,57.87983322143555,132624.515625,0.003633678657934,0.0459317304193973,0.0436109006404876,99.92900848388672,0.0273787938058376,1
21,21,7.308502197265625,323.824462890625,10.49524974822998,53.41420364379883,104862.28125,0.0036804431583732,0.0465404540300369,0.0508936941623687,99.9140396118164,0.0350677035748958,1
22,22,21.898956298828125,281.766845703125,7.990940570831299,479.5643005371094,79392.5546875,0.0037289971951395,0.04715321585536,0.6001350283622742,99.35320281982422,0.0466653071343898,1
23,23,35.757476806640625,238.1383056640625,5.802623748779297,1278.59716796875,56709.8515625,0.0037789172492921,0.0477633848786354,2.2034811973571777,97.73139190673828,0.065124288201332,1
24,24,48.41647338867188,193.17425537109372,3.969874143600464,2344.15478515625,37316.29296875,0.0038296447601169,0.0483631417155265,5.9048590660095215,93.9986801147461,0.0964676588773727,1
25,25,59.3863525390625,147.2528076171875,2.524893045425415,3526.73876953125,21683.388671875,0.0038804810028523,0.0489444360136985,13.967873573303224,85.8784408569336,0.1536889225244522,1
26,26,68.208740234375,100.92364501953124,1.48773193359375,4652.43212890625,10185.58203125,0.003930608741939,0.0495004318654537,31.271976470947266,68.46382141113281,0.2642014026641845,1
27,27,74.49752807617188,54.93963623046875,0.8608036041259766,5549.8818359375,3018.363525390625,0.0039790761657059,0.0500180423259735,64.47325897216797,35.064483642578125,0.4622513353824615,1
28,28,77.96563720703125,10.29461669921875,0.6224866509437561,6078.640625,105.97913360595705,0.0040247468277812,0.050485860556364,97.65093231201172,1.7025126218795776,0.6465595364570618,1
29,29,78.44186401367188,31.79937744140625,0.7204989194869995,6153.1259765625,1011.2003784179688,0.0040663089603185,0.0508924648165702,85.4009017944336,14.034724235534668,0.5643740892410278,1
30,30,75.888427734375,69.97491455078125,1.0696566104888916,5759.05322265625,4896.48876953125,0.0041023348458111,0.0512264147400856,53.8402099609375,45.77626800537109,0.3835188746452331,1
31,31,70.42144775390625,102.85858154296876,1.5580382347106934,4959.18017578125,10579.8876953125,0.0041314363479614,0.0514775738120079,31.82964324951172,67.90518951416016,0.2651691138744354,1
32,32,62.32391357421875,129.2652587890625,2.063530206680298,3884.270263671875,16709.5078125,0.0041524842381477,0.0516389645636081,18.82342338562012,80.97534942626953,0.2012320607900619,1
33,33,52.035003662109375,148.39825439453125,2.47713303565979,2707.6416015625,22022.041015625,0.0041648275218904,0.0517084300518035,10.93054485321045,88.90132141113281,0.168130949139595,1
34,34,40.112701416015625,159.96588134765625,2.7239794731140137,1609.02880859375,25589.083984375,0.0041684145107865,0.0516891404986381,5.906904697418213,93.9400634765625,0.1530266553163528,1
35,35,27.18099975585937,164.19183349609375,2.773940324783325,738.8067626953125,26958.958984375,0.0041637727990746,0.0515891313552856,2.663383722305298,97.18650817871094,0.1501031816005706,1
36,36,13.87445068359375,161.73211669921875,2.639129638671875,192.50038146972656,26157.27734375,0.0041518877260386,0.0514200143516063,0.7294085621833801,99.11326599121094,0.1573203355073928,1
37,37,0.789398193359375,153.5374755859375,2.361572027206421,0.6231495141983032,23573.755859375,0.0041340314783155,0.0511953979730606,0.0026387060061097,99.82230377197266,0.1750542223453521,1
38,38,11.551849365234377,140.72283935546875,1.9977478981018064,133.44522094726562,19802.91796875,0.0041116019710898,0.0509295873343944,0.6679782867431641,99.12620544433594,0.205811858177185,1
39,39,22.725601196289062,124.4522705078125,1.6045680046081543,516.4529418945312,15488.3671875,0.0040859999135136,0.0506367310881614,3.218641519546509,96.5267105102539,0.2546479701995849,1
40,40,32.41963195800781,105.8524169921875,1.229635238647461,1051.0325927734375,11204.734375,0.0040585398674011,0.0503298640251159,8.547514915466309,91.12242126464844,0.3300604522228241,1
41,41,40.43536376953125,85.95654296875,0.9063850045204164,1635.0186767578125,7388.52734375,0.0040303985588252,0.0500205531716346,18.038896560668945,81.51643371582031,0.4446673989295959,1
42,42,46.6767578125,65.6707763671875,0.6531396508216858,2178.7197265625,4312.65087890625,0.0040025897324085,0.0497189238667488,33.35763931274414,66.02953338623047,0.612822949886322,1
43,43,51.13529968261719,45.7572021484375,0.4748299717903137,2614.81884765625,2093.721435546875,0.0039759553037583,0.0494334697723388,55.06852722167969,44.0941276550293,0.8373429179191589,1
44,44,53.867279052734375,26.82879638671875,0.3660979568958282,2901.683837890625,719.7843017578125,0.0039511620998382,0.0491710714995861,79.259765625,19.66097450256348,1.079263687133789,1
45,45,54.97358703613281,9.3548583984375,0.3148895800113678,3022.09521484375,87.51337432861328,0.003928713966161,0.048937015235424,95.97317504882812,2.779176712036133,1.2476481199264526,1
46,46,54.58287048339844,6.32513427734375,0.3058386445045471,2979.289794921875,40.00732421875,0.0039089662022888,0.048735074698925,97.4137725830078,1.30811870098114,1.278113842010498,1
47,47,52.83967590332031,19.98565673828125,0.3230379223823547,2792.03125,399.4264831542969,0.0038921397645026,0.0485676452517509,86.43045043945312,12.36469268798828,1.2048553228378296,1
48,48,49.894927978515625,31.4974365234375,0.3520375490188598,2489.50390625,992.0885009765624,0.0038783471100032,0.0484358668327331,70.71699523925781,28.181325912475582,1.101685643196106,1
49,49,45.90306091308594,40.81121826171875,0.3811322450637817,2107.091064453125,1665.5555419921875,0.003867601044476,0.0483398102223873,55.285037994384766,43.70019912719727,1.0147662162780762,1
50,50,41.020111083984375,47.94146728515625,0.4019632041454315,1682.6495361328125,2298.38427734375,0.003859837539494,0.0482785031199455,41.86078643798828,57.1789665222168,0.960246443748474,1
51,51,35.40336608886719,52.95318603515625,0.409598708152771,1253.3983154296875,2804.039794921875,0.0038549276068806,0.0482500344514846,30.60063934326172,68.45821380615234,0.9411473870277404,1
52,52,29.21284484863281,55.9530029296875,0.4022655487060547,853.3903198242188,3130.738525390625,0.0038526880089193,0.0482518896460533,21.214601516723636,77.8276596069336,0.9577474594116212,1
53,53,22.61244201660156,57.0789794921875,0.380786120891571,511.3225402832031,3258.010009765625,0.0038528926670551,0.0482810139656066,13.42807674407959,85.56010437011719,1.0118259191513062,1
54,54,15.771224975585938,56.49249267578125,0.3478685915470123,248.7315368652344,3191.401611328125,0.0038552791811525,0.0483339056372642,7.150157451629639,91.74158477783205,1.1082574129104614,1
55,55,8.862396240234375,54.37811279296875,0.3074117004871368,78.54206848144531,2956.979248046875,0.0038595530204474,0.0484066270291805,2.5549471378326416,96.18954467773438,1.2554997205734253,1
56,56,2.0645751953125,50.9376220703125,0.2637557685375213,4.262470722198486,2594.641357421875,0.0038653961382806,0.0484949573874473,0.1616067290306091,98.37287139892578,1.465520977973938,1
57,57,4.443817138671875,46.384765625,0.2210018634796142,19.74751091003418,2151.54638671875,0.0038724730256944,0.0485945083200931,0.8935449719429016,97.35421752929688,1.7522355318069458,1
58,58,10.4869384765625,40.9461669921875,0.1825368851423263,109.9758758544922,1676.588623046875,0.0038804332725703,0.0487007945775985,6.024857044219971,91.84931182861328,2.1258351802825928,1
59,59,15.899444580078123,34.8548583984375,0.1506542861461639,252.79234313964844,1214.8612060546875,0.0038889264687895,0.0488094016909599,16.779630661010742,80.63900756835938,2.581357955932617,1
60,60,20.532470703125,28.34661865234375,0.1264089196920395,421.5823669433594,803.53076171875,0.0038976059295237,0.0489160753786563,33.350677490234375,63.56598281860352,3.083331346511841,1
61,61,24.2628173828125,21.65496826171875,0.109668344259262,588.684326171875,468.9376525878906,0.0039061442948877,0.0490169115364551,53.67859649658203,42.75961685180664,3.561779022216797,1
62,62,26.99960327148437,15.0052490234375,0.0993278473615646,728.9785766601562,225.15750122070312,0.0039142398163676,0.0491084866225719,73.39115905761719,22.668113708496094,3.940727472305298,1
63,63,28.689727783203125,8.60638427734375,0.0936386585235595,823.1004638671875,74.0698471069336,0.0039216293953359,0.0491879358887672,87.90177917480469,7.910177707672119,4.188045024871826,1
64,64,29.322296142578125,2.6492919921875,0.0906096696853637,859.7970581054688,7.018748283386231,0.003928096499294,0.0492531098425388,94.89019775390624,0.7746135592460632,4.335184574127197,1
65,65,28.92779541015625,2.7064208984375,0.0883476808667182,836.8173217773438,7.324714183807373,0.0039334767498075,0.0493025705218315,94.7186508178711,0.8290782570838928,4.452269554138184,1
66,66,27.57696533203125,7.332763671875,0.0853635072708129,760.489013671875,53.76942443847656,0.0039376611821353,0.0493356399238109,89.08831024169922,6.298877239227295,4.612815856933594,1
67,67,25.37506103515625,11.13836669921875,0.0807362869381904,643.8937377929688,124.0632095336914,0.0039406004361808,0.0493523404002189,79.75270080566406,15.366474151611328,4.880829334259033,1
68,68,22.4554443359375,14.07135009765625,0.0741672813892364,504.2469787597656,198.00289916992188,0.0039422973059117,0.0493533760309219,67.98778533935547,26.69679832458496,5.315412998199463,1
69,69,18.971649169921875,16.1175537109375,0.0659127011895179,359.9234619140625,259.7755432128906,0.0039428044110536,0.0493400134146213,54.60608673095703,39.41205978393555,5.981858253479004,1
70,70,15.088592529296877,17.29888916015625,0.0566339343786239,227.6656188964844,299.2515563964844,0.0039422195404767,0.0493139959871768,40.19950485229492,52.83961868286133,6.960878372192383,1
71,71,10.974945068359377,17.6708984375,0.0472116768360137,120.4494171142578,312.2606506347656,0.0039406712166965,0.0492773875594139,25.51263236999512,66.14055633544922,8.34681510925293,1
72,72,6.794586181640625,17.3145751953125,0.0385344102978706,46.16640090942383,299.7945251464844,0.0039383177645504,0.0492325350642204,11.980565071105955,77.7991714477539,10.22026252746582,1
73,73,2.701171875,16.3314208984375,0.0313364937901496,7.296329498291016,266.7153015136719,0.0039353310130536,0.049181830137968,2.328380823135376,85.11331939697266,12.558300971984863,1
74,74,1.1685791015625,14.83721923828125,0.0260827541351318,1.3655771017074585,220.14308166503903,0.0039318897761404,0.0491276979446411,0.5235555768013,84.40177154541016,15.074671745300291,1
75,75,4.697235107421875,12.9556884765625,0.0229195617139339,22.06401824951172,167.84986877441406,0.0039281733334064,0.0490724518895149,9.626718521118164,73.23432922363281,17.138954162597656,1
76,76,7.790237426757812,10.8089599609375,0.0216764919459819,60.68779754638672,116.8336181640625,0.0039243516512215,0.0490182377398014,27.997055053710938,53.89876556396485,18.10418128967285,1
77,77,10.37628173828125,8.5189208984375,0.0219445042312145,107.66722106933594,72.57201385498047,0.0039205807261168,0.0489669628441333,49.06341171264648,33.070701599121094,17.865888595581055,1
78,78,12.4080810546875,6.1937255859375,0.0231492705643177,153.96047973632812,38.36223602294922,0.0039169988594949,0.0489202179014682,66.50769805908203,16.57168197631836,16.92061424255371,1
79,79,13.861419677734377,3.93310546875,0.0246745515614748,192.1389617919922,15.469318389892578,0.003913723398,0.0488793067634105,77.8692855834961,6.269340991973877,15.86137580871582,1
80,80,14.732940673828123,1.8206787109375,0.0259482879191637,217.05953979492188,3.314871072769165,0.003910846542567,0.0488452017307281,83.65081024169922,1.2774912118911743,15.071694374084473,1
81,81,15.038650512695312,0.07696533203125,0.026525130495429,226.1610107421875,0.0059236623346805,0.0039084367454051,0.0488184951245784,85.26292419433594,0.0022332263179123,14.734845161437988,1
82,82,14.811874389648438,1.7091064453125,0.0261378027498722,219.39161682128903,2.9210448265075684,0.0039065382443368,0.0487995147705078,83.93651580810547,1.1175554990768433,14.945931434631348,1
83,83,14.100128173828123,3.04205322265625,0.0247119423002004,198.8136138916016,9.254087448120115,0.0039051724597811,0.0487882420420646,80.45243835449219,3.744783639907837,15.802773475646973,1
84,84,12.96343994140625,4.05889892578125,0.022356878966093,168.05078125,16.474660873413086,0.0039043354336172,0.0487843602895736,75.16736602783203,7.368944644927978,17.463687896728516,1
85,85,11.470718383789062,4.75799560546875,0.0193255953490734,131.57737731933594,22.63852310180664,0.0039040055125951,0.0487873181700706,68.08451080322266,11.714268684387209,20.201215744018555,1
86,86,9.69854736328125,5.14984130859375,0.0159624107182025,94.06182098388672,26.52086639404297,0.003904141485691,0.0487963482737541,58.92707824707031,16.614574432373047,24.45834350585937,1
87,87,7.727294921875,5.25750732421875,0.0126399351283907,59.71108627319336,27.64138412475586,0.003904687706381,0.0488104969263076,47.24002456665039,21.868295669555664,30.891674041748047,1
88,88,5.63958740234375,5.11212158203125,0.0096994489431381,31.804946899414062,26.133787155151367,0.0039055752567946,0.0488286763429641,32.79046630859375,26.943578720092773,40.26594924926758,1
89,89,3.516998291015625,4.75543212890625,0.0074050687253475,12.369277000427246,22.614133834838867,0.0039067277684807,0.0488497242331504,16.703798294067383,30.538719177246094,52.75748443603516,1
90,90,1.437652587890625,4.229736328125,0.0059038163162767,2.066844940185547,17.890668869018555,0.0039080646820366,0.0488724410533905,3.5008623600006104,30.303564071655277,66.19556427001953,1
91,91,0.5257568359375,3.58349609375,0.0052212877199053,0.2764202356338501,12.84144401550293,0.0039095012471079,0.0488956496119499,0.5294100642204285,24.59439849853516,74.87619018554688,1
92,92,2.30914306640625,2.86224365234375,0.0052634174935519,5.332141876220703,8.192439079284668,0.0039109592325985,0.0489182397723197,10.130570411682127,15.564866065979004,74.3045654296875,1
93,93,3.85931396484375,2.1121826171875,0.0058479271829128,14.894304275512695,4.461315631866455,0.0039123650640249,0.0489392131567001,25.46937561035156,7.628883361816406,66.90174102783203,1
94,94,5.13421630859375,1.3736572265625,0.0067383632995188,26.36017799377441,1.8869341611862185,0.003913652151823,0.0489577203989028,39.11955642700195,2.8002853393554688,58.08016204833984,1
95,95,6.10595703125,0.6826171875,0.0076896375976502,37.282711029052734,0.4659662246704101,0.0039147702045738,0.0489731021225452,48.484352111816406,0.6059664487838745,50.90968704223633,1
96,96,6.759552001953125,0.06890869140625,0.0084853060543537,45.69154357910156,0.0047484077513217,0.0039156768471002,0.0489848814904689,53.847843170166016,0.0055960356257855,46.14656066894531,1
97,97,7.0948486328125,0.4461669921875,0.0089699402451515,50.336875915527344,0.1990649849176406,0.0039163469336926,0.0489928051829338,56.11729431152344,0.2219245284795761,43.66079330444336,1
98,98,7.12353515625,0.84906005859375,0.0090633351355791,50.744754791259766,0.7209029793739319,0.0039167702198028,0.0489968098700046,55.989051818847656,0.7954058051109314,43.215553283691406,1
99,99,6.86993408203125,1.13214111328125,0.0087647214531898,47.19599533081055,1.2817435264587402,0.0039169476367533,0.0489970371127128,53.84768295288086,1.4623892307281494,44.68992614746094,1
100,100,6.367401123046875,1.2978515625,0.0081397164613008,40.54379653930664,1.6844186782836914,0.0039168950170278,0.0489938035607337,49.809837341308594,2.069382667541504,48.12077713012695,1
101,101,5.657623291015625,1.3519287109375,0.0073002777062356,32.00870132446289,1.8277112245559688,0.0039166365750133,0.0489875227212905,43.84586334228516,2.5036187171936035,53.650516510009766,1
102,102,4.786834716796875,1.308837890625,0.0063788895495235,22.91378593444824,1.713056564331055,0.0039162053726613,0.0489787757396698,35.9212760925293,2.685508966445923,61.393211364746094,1
103,103,3.8045654296875,1.18304443359375,0.0055030724033713,14.47471809387207,1.3995941877365112,0.0039156409911811,0.0489681661128997,26.30297470092773,2.543295860290528,71.15372467041016,1
104,104,2.76031494140625,0.99505615234375,0.0047759311273694,7.619338512420654,0.990136742591858,0.0039149839431047,0.0489563606679439,15.953619956970217,2.0731804370880127,81.97320556640625,1
105,105,1.702056884765625,0.76483154296875,0.0042624738998711,2.8969976902008057,0.584967315196991,0.0039142770692706,0.0489439964294433,6.796517372131348,1.3723657131195068,91.83111572265624,1
106,106,0.674224853515625,0.5133056640625,0.0039853658527135,0.4545791447162628,0.2634826898574829,0.0039135599508881,0.0489316880702972,1.1406208276748655,0.6611254811286926,98.19825744628906,1
107,107,0.284332275390625,0.25958251953125,0.0039276937022805,0.0808448418974876,0.0673830807209014,0.0039128712378442,0.0489200092852115,0.2058328539133072,0.1715589016675949,99.62261962890624,1
108,108,1.14080810546875,0.0201416015625,0.0040424265898764,1.301443099975586,0.0004056841135025,0.0039122416637837,0.0489094220101833,3.2194600105285645,0.0010035657323896,96.779541015625,1
109,109,1.869537353515625,0.18927001953125,0.0042647970840334,3.495169878005981,0.0358231402933597,0.0039116977714002,0.0489003099501132,8.195395469665527,0.0839972868561744,91.7206039428711,1
110,110,2.45257568359375,0.35870361328125,0.0045256377197802,6.015127658843994,0.1286682784557342,0.0039112581871449,0.0488929599523544,13.291226387023926,0.2843097150325775,86.4244613647461,1
111,111,2.87939453125,0.4803466796875,0.0047630993649363,8.290912628173828,0.2307329326868057,0.0039109345525503,0.0488875359296798,17.40654945373535,0.4844176173210144,82.1090316772461,1
112,112,3.146484375,0.55126953125,0.0049311597831547,9.90036392211914,0.3038980960845947,0.0039107333868741,0.0488840974867343,20.077150344848636,0.6162811517715454,79.30656433105469,1
113,113,3.25811767578125,0.5709228515625,0.0050047799013555,10.615330696105955,0.3259528875350952,0.0039106514304876,0.0488826148211956,21.21038246154785,0.6512832045555115,78.1383285522461,1
114,114,3.2237548828125,0.5411376953125,0.0049792253412306,10.392595291137695,0.2928299903869629,0.0039106826297938,0.0488829798996448,20.871910095214844,0.5881035327911377,78.53997802734375,1
115,115,3.058258056640625,0.47015380859375,0.004868212621659,9.35294246673584,0.2210446000099182,0.0039108139462769,0.0488849766552448,19.212270736694336,0.4540569484233856,80.33367156982422,1
116,116,2.78082275390625,0.3643798828125,0.0046976027078926,7.732975006103516,0.1327726989984512,0.0039110276848077,0.0488883443176746,16.46153450012207,0.2826392650604248,83.25582122802734,1
117,117,2.41351318359375,0.234130859375,0.0044992929324507,5.825046062469482,0.054817259311676,0.0039113066159188,0.0488927997648716,12.946581840515137,0.1218352690339088,86.93158721923828,1
118,118,1.980377197265625,0.08978271484375,0.0043046222999691,3.921893835067749,0.0080609358847141,0.0039116269908845,0.0488980002701282,9.110888481140137,0.0187262333929538,90.8703842163086,1
119,119,1.50592041015625,0.058349609375,0.004139089025557,2.267796277999878,0.003404676914215,0.0039119687862694,0.0489036105573177,5.478974342346191,0.0082256672903895,94.5127944946289,1
120,120,1.014556884765625,0.19879150390625,0.0040191942825913,1.0293257236480713,0.0395180620253086,0.003912310115993,0.048909306526184,2.5610251426696777,0.0983233451843261,97.34065246582033,1
121,121,0.529327392578125,0.32464599609375,0.0039511905051767,0.2801874876022339,0.1053950190544128,0.0039126323536038,0.0489147901535034,0.7091217041015625,0.2667424380779266,99.02413940429688,1
122,122,0.07012939453125,0.42694091796875,0.0039316383190453,0.0049181319773197,0.1822785437107086,0.0039129187352955,0.0489197820425033,0.0125091159716248,0.4636198282241821,99.52387237548828,1
123,123,0.34466552734375,0.4993896484375,0.003949973732233,0.1187943220138549,0.2493900209665298,0.0039131552912294,0.0489240735769271,0.3007471263408661,0.6313713192939758,99.06787872314452,1
124,124,0.701507568359375,0.54046630859375,0.0039917537942528,0.4921128749847412,0.2921038269996643,0.0039133322425186,0.0489275008440017,1.232823610305786,0.7317681312561035,98.03541564941406,1
125,125,0.99017333984375,0.547607421875,0.0040414766408503,0.980443239212036,0.2998738884925842,0.0039134449325501,0.0489299558103084,2.425952911376953,0.741990864276886,96.8320541381836,1
126,126,1.204376220703125,0.52069091796875,0.0040856543928384,1.4505220651626587,0.2711190283298492,0.0039134905673563,0.0489313900470733,3.5502805709838867,0.663587749004364,95.7861328125,1
127,127,1.342041015625,0.46356201171875,0.0041150688193738,1.8010740280151367,0.2148897349834442,0.0039134724065661,0.0489318184554576,4.376777172088623,0.5222020149230957,95.10101318359376,1
128,128,1.40496826171875,0.380859375,0.0041252938099205,1.973935842514038,0.1450538635253906,0.0039133951067924,0.0489313006401062,4.784957885742188,0.3516206741333008,94.8634262084961,1
129,129,1.39752197265625,0.27716064453125,0.0041162557899951,1.953067660331726,0.0768180191516876,0.0039132670499384,0.0489299446344375,4.744767189025879,0.1866210997104644,95.06861114501952,1
130,130,1.327545166015625,0.16070556640625,0.0040919198654592,1.7623761892318726,0.0258262790739536,0.0039130998775362,0.0489278957247734,4.306966304779053,0.0631153061985969,95.62992095947266,1
131,131,1.20477294921875,0.03729248046875,0.0040581910870969,1.4514778852462769,0.0013907290995121,0.0039129042997956,0.0489253178238868,3.576662302017212,0.0034269681200385,96.41991424560548,1
132,132,1.04022216796875,0.084716796875,0.0040216175839304,1.0820621252059937,0.00717693567276,0.0039126938208937,0.0489223822951316,2.690613985061645,0.0178458914160728,97.29154205322266,1
133,133,0.846160888671875,0.1986083984375,0.0039880238473415,0.715988278388977,0.0394452959299087,0.0039124805480241,0.0489192865788936,1.7953461408615112,0.0989093780517578,98.10574340820312,1
134,134,0.6346435546875,0.2998046875,0.0039615416899323,0.4027724266052246,0.0898828506469726,0.003912276122719,0.0489161908626556,1.0167062282562256,0.2268885672092437,98.75640106201172,1
135,135,0.41741943359375,0.3814697265625,0.0039440672844648,0.1742389798164367,0.1455191522836685,0.0039120912551879,0.0489132665097713,0.4417748749256134,0.3689570724964142,99.18926239013672,1
136,136,0.20513916015625,0.439697265625,0.0039354753680527,0.0420820750296115,0.1933336853981018,0.0039119338616728,0.0489106476306915,0.1069300919771194,0.4912587404251098,99.40181732177734,1
137,137,0.00762939453125,0.47314453125,0.0039342041127383,5.820766091346741e-05,0.2238657474517822,0.0039118118584156,0.0489084422588348,0.0001479528291383,0.5690242052078247,99.43083190917967,1
138,138,0.16802978515625,0.4814453125,0.0039377282373607,0.0282340086996555,0.2317895889282226,0.0039117261767387,0.0489067211747169,0.0717012584209442,0.5886378288269043,99.33966827392578,1
139,139,0.315399169921875,0.46441650390625,0.0039431964978575,0.0994766354560852,0.2156826853752136,0.0039116805419325,0.0489055328071117,0.2522740662097931,0.546974241733551,99.20075225830078,1
140,140,0.430877685546875,0.424072265625,0.003948223311454,0.1856555789709091,0.1798372864723205,0.0039116740226745,0.0489048883318901,0.4702256023883819,0.4554891586303711,99.07428741455078,1
141,141,0.5126953125,0.36407470703125,0.0039512435905635,0.2628564834594726,0.1325503885746002,0.0039117028936743,0.0489047616720199,0.6652500033378601,0.3354649841785431,98.99928283691406,1
142,142,0.56048583984375,0.28875732421875,0.0039515155367553,0.3141443729400635,0.083380788564682,0.0039117629639804,0.0489051081240177,0.7949972748756409,0.2110096365213394,98.9939956665039,1
143,143,0.575927734375,0.20245361328125,0.0039491155184805,0.3316927552223205,0.0409874655306339,0.0039118477143347,0.0489058643579483,0.8399165272712708,0.1037889719009399,99.0562973022461,1
144,144,0.561920166015625,0.11016845703125,0.0039447410963475,0.3157542645931244,0.0121370889246463,0.003911952022463,0.0489069521427154,0.8004435300827026,0.0307677686214447,99.16879272460938,1
145,145,0.52264404296875,0.01708984375,0.003939411137253,0.2731567919254303,0.0002920627593994,0.0039120661094784,0.0489082634449005,0.6933949589729309,0.0007413867861032,99.3058624267578,1
146,146,0.4630126953125,0.0712890625,0.0039341291412711,0.2143807560205459,0.0050821304321289,0.0039121829904615,0.0489096976816654,0.5449255704879761,0.0129180569201707,99.4421615600586,1
147,147,0.388153076171875,0.15081787109375,0.0039296373724937,0.1506628096103668,0.0227460302412509,0.0039122961461544,0.0489111766219139,0.3834013044834137,0.0578832812607288,99.55870819091795,1
148,148,0.303802490234375,0.2177734375,0.0039263707585632,0.0922959521412849,0.0474252700805664,0.0039123990572988,0.048912588506937,0.2350668162107467,0.1207865327596664,99.64415740966795,1
149,149,0.21527099609375,0.269775390625,0.0039243982173502,0.0463416017591953,0.0727787613868713,0.0039124861359596,0.0489138737320899,0.1180858835577964,0.1854520142078399,99.69646453857422,1
150,150,0.127197265625,0.30426025390625,0.0039234291762113,0.0161791443824768,0.0925742983818054,0.0039125541225075,0.0489149503409862,0.0412372536957263,0.2359525114297866,99.72282409667967,1
151,151,0.0443115234375,0.32012939453125,0.0039230440743267,0.0019635111093521,0.1024828255176544,0.0039125992916524,0.0489157810807228,0.0050050700083374,0.2612329423427582,99.73375701904295,1
152,152,0.029937744140625,0.31866455078125,0.0039228652603924,0.0008962685242295,0.1015470921993255,0.0039126211777329,0.0489163398742675,0.0022847293876111,0.2588595151901245,99.73886108398438,1
153,153,0.093017578125,0.300537109375,0.0039225169457495,0.0086522698402404,0.0903225541114807,0.0039126193150877,0.048916608095169,0.0220579542219638,0.2302668243646621,99.74767303466795,1
154,154,0.1429443359375,0.26806640625,0.0039218245074152,0.0204330831766128,0.07185959815979,0.0039125951007008,0.0489165969192981,0.0521009601652622,0.1832300126552581,99.76466369628906,1
155,155,0.17913818359375,0.22235107421875,0.0039207059890031,0.032090488821268,0.049440000206232,0.0039125531911849,0.0489163324236869,0.0818487480282783,0.1260997354984283,99.79206085205078,1
156,156,0.201080322265625,0.1683349609375,0.0039193714037537,0.040433295071125,0.0283366590738296,0.0039124945178627,0.0489158332347869,0.1031626909971237,0.0722989812493324,99.82453918457033,1
157,157,0.209686279296875,0.1097412109375,0.003918026573956,0.0439683347940444,0.0120431333780288,0.0039124255999922,0.0489151664078235,0.1122206076979637,0.0307377520948648,99.85704040527344,1
158,158,0.2061767578125,0.04913330078125,0.0039168410003185,0.0425088554620742,0.0024140812456607,0.0039123487658798,0.048914361745119,0.1085284203290939,0.0061633372679352,99.88530731201172,1
159,159,0.192535400390625,0.0113525390625,0.0039159897714853,0.0370698794722557,0.0001288801431655,0.003912269603461,0.0489134937524795,0.0946628600358963,0.0003291125467512,99.90499877929688,1
160,160,0.170806884765625,0.066650390625,0.0039155539125204,0.0291749909520149,0.004442274570465,0.0039121923036873,0.0489125996828079,0.0745104998350143,0.011345200240612,99.91414642333984,1
161,161,0.143280029296875,0.11468505859375,0.003915490116924,0.0205291658639907,0.0131526626646518,0.0039121215231716,0.0489117428660392,0.0524306371808052,0.0335913561284542,99.9139633178711,1
162,162,0.112030029296875,0.15399169921875,0.0039156847633421,0.0125507274642586,0.0237134434282779,0.0039120586588978,0.048910953104496,0.0320524424314498,0.0605601407587528,99.90739440917967,1
163,163,0.0794677734375,0.18206787109375,0.0039159534499049,0.0063151270151138,0.0331487096846103,0.0039120069704949,0.048910267651081,0.0161266662180423,0.0846504122018814,99.89922332763672,1
164,164,0.047576904296875,0.197998046875,0.003916117362678,0.002263561822474,0.0392032265663147,0.0039119706489145,0.0489097312092781,0.005780117586255,0.1001073718070983,99.89411163330078,1
165,165,0.017730712890625,0.20404052734375,0.0039161420427262,0.0003143781796097,0.0416325367987155,0.0039119469001889,0.0489093363285064,0.0008027752046473,0.1063100770115852,99.89287567138672,1
166,166,0.008270263671875,0.19805908203125,0.0039158659055829,6.839726120233536e-05,0.0392273999750614,0.0039119361899793,0.0489090904593467,0.0001746670168358,0.1001755371689796,99.89964294433594,1
167,167,0.030059814453125,0.1832275390625,0.0039153867401182,0.0009035924449563,0.0335723310708999,0.003911938983947,0.0489090010523796,0.0023077987134456,0.0857446119189262,99.91194915771484,1
168,168,0.046905517578125,0.15948486328125,0.0039147161878645,0.0022001275792717,0.025435421615839,0.0039119529537856,0.0489090457558631,0.0056201457045972,0.0649738535284996,99.92941284179688,1
169,169,0.058319091796875,0.12939453125,0.0039139911532402,0.0034011164680123,0.0167429447174072,0.0039119767025113,0.0489092133939266,0.0086896372959017,0.0427771657705307,99.9485321044922,1
170,170,0.064849853515625,0.09552001953125,0.0039133396930992,0.004205503500998,0.0091240741312503,0.0039120069704949,0.0489094667136669,0.0107465842738747,0.0233153123408556,99.9659423828125,1
171,171,0.0670166015625,0.058837890625,0.0039128358475863,0.0044912248849868,0.0034618973731994,0.0039120409637689,0.0489097833633422,0.0114781828597188,0.0088475402444601,99.9796905517578,1
172,172,0.064788818359375,0.0225830078125,0.0039125480689108,0.004197590984404,0.0005099922418594,0.0039120772853493,0.0489101409912109,0.0107285352423787,0.0013034784933552,99.98796844482422,1
173,173,0.05963134765625,0.01202392578125,0.003912481945008,0.0035558976233005,0.000144574791193,0.0039121117442846,0.0489104986190795,0.0090885981917381,0.0003695219347719,99.99053955078124,1
174,174,0.05242919921875,0.04229736328125,0.0039125960320234,0.0027488209307193,0.001789066940546,0.0039121424779295,0.0489108301699161,0.0070255678147077,0.0045725828967988,99.9884033203125,1
175,175,0.04351806640625,0.0679931640625,0.0039128209464251,0.0018938221037387,0.00462307035923,0.0039121690206229,0.0489111170172691,0.0048400424420833,0.0118151847273111,99.98333740234376,1
176,176,0.033782958984375,0.0872802734375,0.0039130644872784,0.0011412883177399,0.0076178461313247,0.003912188578397,0.048911340534687,0.0029166101012378,0.0194677244871854,99.97761535644533,1
177,177,0.024383544921875,0.09857177734375,0.0039132302626967,0.000594557262957,0.0097163952887058,0.0039121988229453,0.0489114820957183,0.0015193514991551,0.024829601868987,99.97364044189452,1
178,178,0.015899658203125,0.1033935546875,0.0039132959209382,0.0002527991309762,0.010690227150917,0.003912201616913,0.0489115305244922,0.0006460005533881,0.0273177046328783,99.97203063964844,1
179,179,0.008453369140625,0.10284423828125,0.0039132623933255,7.145944982767105e-05,0.0105769373476505,0.0039121978916227,0.0489115193486213,0.0001826083753257,0.0270284358412027,99.97279357910156,1
180,180,0.002227783203125,0.0966796875,0.003913122229278,4.963018000125885e-06,0.0093469619750976,0.0039121871814131,0.0489114224910736,1.2683012755587695e-05,0.0238861981779336,99.97610473632812,1
181,181,0.00286865234375,0.0855712890625,0.0039129029028117,8.229166269302368e-06,0.0073224455118179,0.0039121699519455,0.0489112585783004,2.103084625559859e-05,0.0187135878950357,99.98126983642578,1
182,182,0.006134033203125,0.06982421875,0.0039126384072005,3.762636333703995e-05,0.0048754215240478,0.0039121471345424,0.0489110313355922,9.616621537134051e-05,0.0124607002362608,99.98744201660156,1
183,183,0.008148193359375,0.051025390625,0.0039123864844441,6.639305502176285e-05,0.0026035904884338,0.0039121196605265,0.0489107593894004,0.0001696996332611,0.0066547370515763,99.99317932128906,1
184,184,0.008819580078125,0.0308837890625,0.0039121941663324,7.778499275445938e-05,0.0009538084268569,0.0039120907895267,0.048910453915596,0.0001988270087167,0.0024380395188927,99.9973602294922,1
185,185,0.008392333984375,0.0106201171875,0.0039120791479945,7.043126970529556e-05,0.0001127868890762,0.0039120609872043,0.0489101409912109,0.0001800353929866,0.0002883041743189,99.9995346069336,1
186,186,0.00726318359375,0.00872802734375,0.0039120446890592,5.2753835916519165e-05,7.617846131324768e-05,0.0039120321162045,0.0489098355174064,0.0001348497607978,0.0001947279815794,99.99967956542967,1
187,187,0.006011962890625,0.02587890625,0.003912076819688,3.6143697798252106e-05,0.0006697177886962,0.0039120060391724,0.048909556120634,9.23900443012826e-05,0.0017119238618761,99.99818420410156,1
188,188,0.004608154296875,0.0406494140625,0.0039121503941714,2.123508602380753e-05,0.0016523748636245,0.003911982756108,0.0489092990756034,5.427982614492066e-05,0.0042236996814608,99.99571228027344,1
189,189,0.003448486328125,0.0504150390625,0.0039122193120419,1.1892057955265043e-05,0.0025416761636734,0.0039119636639952,0.0489090904593467,3.0397213777177967e-05,0.006496762856841,99.99346923828124,1
190,190,0.00244140625,0.05743408203125,0.0039122789166867,5.960464477539063e-06,0.0032986737787723,0.003911948762834,0.0489089265465736,1.523527407698566e-05,0.0084315910935401,99.99156188964844,1
191,191,0.0018310546875,0.0604248046875,0.0039123049937188,3.3527612686157227e-06,0.0036511570215225,0.0039119394496083,0.0489088110625743,8.569784768042155e-06,0.0093324957415461,99.99065399169922,1
192,192,0.001495361328125,0.06103515625,0.0039123054593801,2.236105501651764e-06,0.0037252902984619,0.0039119329303503,0.0489087291061878,5.715569841413526e-06,0.0095219826325774,99.990478515625,1
193,193,0.00140380859375,0.05950927734375,0.0039122831076383,1.9706785678863525e-06,0.0035413540899753,0.00391192920506,0.0489086769521236,5.037157279730309e-06,0.0090518854558467,99.99095153808594,1
194,194,0.001617431640625,0.05487060546875,0.0039122300222516,2.616085112094879e-06,0.0030107833445072,0.0039119282737374,0.0489086583256721,6.6869411057268735e-06,0.0076958239078521,99.9922866821289,1
195,195,0.002227783203125,0.04833984375,0.0039121638983488,4.963018000125885e-06,0.0023367404937744,0.0039119296707212,0.0489086620509624,1.2686119589488952e-05,0.0059730126522481,99.9940185546875,1
196,196,0.0028076171875,0.039794921875,0.0039120931178331,7.88271427154541e-06,0.0015836358070373,0.0039119338616728,0.0489086881279945,2.014960591623094e-05,0.0040480527095496,99.99592590332033,1
197,197,0.003631591796875,0.02972412109375,0.0039120288565754,1.3188458979129791e-05,0.0008835233747959,0.003911938983947,0.0489087253808975,3.371257844264619e-05,0.0022584786638617,99.9977035522461,1
198,198,0.004058837890625,0.01947021484375,0.0039119836874306,1.64741650223732e-05,0.0003790892660617,0.0039119441062211,0.0489087700843811,4.2112045775866136e-05,0.0009690461447462,99.99898529052734,1
199,199,0.00433349609375,0.009521484375,0.0039119599387049,1.877918839454651e-05,9.065866470336914e-05,0.0039119492284953,0.0489088036119937,4.800454553333111e-05,0.0002317474136361,99.99972534179688,1
200,200,0.0042724609375,0.00103759765625,0.0039119543507695,1.825392246246338e-05,1.0766088962554932e-06,0.0039119524881243,0.0489088222384452,4.6661898522870615e-05,2.7520995899976697e-06,99.9999542236328,1
201,201,0.003814697265625,0.00653076171875,0.0039119599387049,1.4551915228366852e-05,4.265084862709045e-05,0.0039119543507695,0.0489088259637355,3.719852975336835e-05,0.0001090268051484,99.9998550415039,1
202,202,0.00299072265625,0.0118408203125,0.0039119683206081,8.944422006607056e-06,0.0001402050256729,0.0039119534194469,0.0489087998867034,2.2864249331178144e-05,0.0003584001970011,99.99961853027344,1
203,203,0.001861572265625,0.01568603515625,0.0039119767025113,3.465451300144196e-06,0.0002460516989231,0.0039119515568017,0.0489087551832199,8.858567525749095e-06,0.0006289702723734,99.99935913085938,1
204,204,0.00030517578125,0.01751708984375,0.0039119785651564,9.313225746154785e-08,0.000306848436594,0.0039119478315114,0.0489086881279945,2.380694326120647e-07,0.0007843815837986,99.99921417236328,1
205,205,0.001190185546875,0.01837158203125,0.0039119753055274,1.4165416359901428e-06,0.0003375150263309,0.0039119417779147,0.0489086098968982,3.621039013523841e-06,0.0008627738570794,99.9991455078125,1
206,206,0.00274658203125,0.01824951171875,0.003911969717592,7.543712854385376e-06,0.0003330446779727,0.0039119352586567,0.0489085167646408,1.928366873471532e-05,0.0008513478096574,99.99911499023438,1
207,207,0.0042724609375,0.01690673828125,0.0039119576103985,1.825392246246338e-05,0.0002858377993106,0.0039119273424148,0.0489084161818027,4.666185850510374e-05,0.0007306771585717,99.9992218017578,1
208,208,0.005645751953125,0.01470947265625,0.0039119427092373,3.187451511621475e-05,0.0002163685858249,0.0039119180291891,0.0489083006978035,8.148000779328868e-05,0.0005530975176952,99.9993667602539,1
209,209,0.00677490234375,0.01190185546875,0.0039119273424148,4.589930176734924e-05,0.000141654163599,0.0039119087159633,0.0489081852138042,0.0001173316850326,0.0003621083742473,99.99952697753906,1
210,210,0.0078125,0.00909423828125,0.0039119119755923,6.103515625e-05,8.270516991615295e-05,0.0039118975400924,0.0489080548286438,0.0001560238451929,0.0002114187809638,99.9996337890625,1
211,211,0.0086669921875,0.005615234375,0.0039118980057537,7.511675357818604e-05,3.153085708618164e-05,0.0039118872955441,0.0489079281687736,0.0001920212234836,8.06024472694844e-05,99.99972534179688,1
212,212,0.00909423828125,0.0020751953125,0.0039118849672377,8.270516991615295e-05,4.306435585021973e-06,0.0039118761196732,0.0489078089594841,0.0002114202507073,1.100859390135156e-05,99.99977111816406,1
213,213,0.0093994140625,0.00146484375,0.0039118737913668,8.834898471832275e-05,2.1457672119140625e-06,0.0039118649438023,0.0489076822996139,0.0002258482418255,5.485267138283234e-06,99.99977111816406,1
214,214,0.009307861328125,0.0047607421875,0.0039118663407862,8.663628250360489e-05,2.2664666175842285e-05,0.0039118551649153,0.0489075668156147,0.0002214704436482,5.793823947897181e-05,99.9997100830078,1
215,215,0.0087890625,0.00811767578125,0.0039118598215281,7.724761962890625e-05,6.58966600894928e-05,0.0039118453860282,0.0489074550569057,0.00019747033366,0.0001684535236563,99.9996337890625,1
216,216,0.008087158203125,0.01031494140625,0.0039118533022701,6.540212780237198e-05,0.0001063980162143,0.0039118360728025,0.0489073507487773,0.0001671896316111,0.0002719887415878,99.9995574951172,1
217,217,0.007080078125,0.01251220703125,0.0039118491113185,5.012750625610352e-05,0.0001565553247928,0.0039118281565606,0.0489072576165199,0.0001281427394133,0.0004002079658675,99.9994659423828,1
218,218,0.00592041015625,0.01409912109375,0.0039118439890444,3.505125641822815e-05,0.0001987852156162,0.0039118202403187,0.0489071756601333,8.960289414972067e-05,0.0005081624258309,99.9993896484375,1
219,219,0.004730224609375,0.01495361328125,0.0039118384011089,2.237502485513687e-05,0.0002236105501651,0.0039118137210607,0.0489070937037467,5.719823093386367e-05,0.0005716252489946,99.9993667602539,1
220,220,0.003387451171875,0.01556396484375,0.0039118328131735,1.147482544183731e-05,0.0002422370016574,0.003911807667464,0.0489070229232311,2.9333628845051866e-05,0.0006192416767589,99.99935913085938,1
221,221,0.002105712890625,0.015625,0.0039118267595767,4.434026777744293e-06,0.000244140625,0.0039118020795285,0.0489069558680057,1.1334926057315896e-05,0.0006241089431568,99.9993667602539,1
222,222,0.000823974609375,0.01556396484375,0.0039118211716413,6.789341568946838e-07,0.0002422370016574,0.0039117969572544,0.0489068925380706,1.7355960153508931e-06,0.0006192435394041,99.99938201904295,1
223,223,0.000396728515625,0.014892578125,0.0039118146523833,1.573935151100159e-07,0.0002217888832092,0.0039117923006415,0.0489068366587162,4.023542032882688e-07,0.0005669718375429,99.99942779541016,1
224,224,0.0013427734375,0.014404296875,0.0039118085987865,1.8030405044555664e-06,0.0002074837684631,0.0039117876440286,0.0489067807793617,4.609224561136216e-06,0.0005304036894813,99.9994659423828,1
225,225,0.00213623046875,0.0133056640625,0.0039118011482059,4.563480615615845e-06,0.0001770406961441,0.0039117829874157,0.0489067211747169,1.1665931197057944e-05,0.0004525810363702,99.9995346069336,1
226,226,0.002777099609375,0.01171875,0.0039117936976253,7.712282240390778e-06,0.0001373291015625,0.0039117792621254,0.048906672745943,1.971546225831844e-05,0.0003510642854962,99.9996337890625,1
227,227,0.00311279296875,0.010498046875,0.0039117871783673,9.689480066299438e-06,0.0001102089881896,0.0039117750711739,0.0489066131412982,2.4769957235548645e-05,0.0002817356435116,99.99968719482422,1
228,228,0.003204345703125,0.00946044921875,0.003911780193448,1.026783138513565e-05,8.950009942054749e-05,0.003911770414561,0.0489065498113632,2.6248486392432824e-05,0.0002287963288836,99.99974822998048,1
229,229,0.003082275390625,0.0078125,0.0039117732085287,9.500421583652496e-06,6.103515625e-05,0.0039117662236094,0.0489064902067184,2.4286740881507285e-05,0.0001560293749207,99.99982452392578,1
230,230,0.002685546875,0.0069580078125,0.0039117666892707,7.212162017822266e-06,4.841387271881104e-05,0.0039117611013352,0.0489064194262027,1.843709651438985e-05,0.0001237647229572,99.9998550415039,1
231,231,0.002105712890625,0.0057373046875,0.0039117597043514,4.434026777744293e-06,3.291666507720947e-05,0.0039117559790611,0.0489063449203968,1.1335120689182077e-05,8.414797048317268e-05,99.99990844726562,1
232,232,0.00128173828125,0.00469970703125,0.0039117527194321,1.642853021621704e-06,2.208724617958069e-05,0.0039117503911256,0.0489062741398811,4.199787326797377e-06,5.6463806686224416e-05,99.99993896484376,1
233,233,0.00054931640625,0.00372314453125,0.003911746200174,3.0174851417541504e-07,1.3861805200576782e-05,0.0039117448031902,0.0489061959087848,7.713908871664898e-07,3.543636194081046e-05,99.99996185302734,1
234,234,0.00042724609375,0.00311279296875,0.0039117401465773,1.825392246246338e-07,9.689480066299438e-06,0.0039117392152547,0.0489061139523983,4.666445363454841e-07,2.4770255549810827e-05,99.9999771118164,1
235,235,0.0013427734375,0.00286865234375,0.0039117340929806,1.8030405044555664e-06,8.229166269302368e-06,0.003911733161658,0.048906035721302,4.609312327374937e-06,2.103713086398784e-05,99.9999771118164,1
236,236,0.002227783203125,0.0028076171875,0.0039117285050451,4.963018000125885e-06,7.88271427154541e-06,0.0039117271080613,0.0489059500396251,1.2687531125266103e-05,2.01514849322848e-05,99.99996185302734,1
237,237,0.002960205078125,0.0029296875,0.0039117219857871,8.762814104557037e-06,8.58306884765625e-06,0.003911720123142,0.048905860632658,2.240142202936113e-05,2.19419198401738e-05,99.9999542236328,1
238,238,0.003692626953125,0.00299072265625,0.0039117163978517,1.363549381494522e-05,8.944422006607056e-06,0.0039117140695452,0.0489057749509811,3.4858083381550387e-05,2.286572089360561e-05,99.99993896484376,1
239,239,0.004180908203125,0.0032958984375,0.0039117098785936,1.7479993402957916e-05,1.086294651031494e-05,0.0039117070846259,0.0489056855440139,4.468632323550992e-05,2.777032568701543e-05,99.99993133544922,1
240,240,0.004638671875,0.00384521484375,0.0039117038249969,2.1517276763916016e-05,1.4785677194595335e-05,0.0039117000997066,0.0489055961370468,5.500742918229662e-05,3.779855978791602e-05,99.99990844726562,1
241,241,0.0048828125,0.00433349609375,0.0039116977714002,2.384185791015625e-05,1.877918839454651e-05,0.0039116935804486,0.0489055141806602,6.0950151237193495e-05,4.800776150659658e-05,99.99989318847656,1
242,242,0.0050048828125,0.00494384765625,0.0039116917178034,2.504885196685791e-05,2.4441629648208615e-05,0.0039116870611906,0.048905424773693,6.403585575753823e-05,6.248352292459458e-05,99.9998779296875,1
243,243,0.0050048828125,0.00543212890625,0.0039116851985454,2.504885196685791e-05,2.950802445411682e-05,0.0039116800762712,0.0489053428173065,6.403595762094483e-05,7.543557876488194e-05,99.99987030029295,1
244,244,0.00494384765625,0.0057373046875,0.0039116791449487,2.4441629648208615e-05,3.291666507720947e-05,0.0039116735570132,0.0489052608609199,6.248372665140778e-05,8.414970943704247e-05,99.9998550415039,1
245,245,0.00469970703125,0.0059814453125,0.0039116730913519,2.208724617958069e-05,3.577768802642822e-05,0.0039116670377552,0.048905175179243,5.646495628752746e-05,9.146389493253082e-05,99.99984741210938,1
246,246,0.004302978515625,0.00634765625,0.0039116670377552,1.851562410593033e-05,4.029273986816406e-05,0.0039116609841585,0.0489051006734371,4.733435343950987e-05,0.0001030065614031,99.99984741210938,1
247,247,0.003875732421875,0.00689697265625,0.0039116600528359,1.5021301805973051e-05,4.756823182106018e-05,0.0039116539992392,0.0489050112664699,3.840134741039947e-05,0.0001216062373714,99.99984741210938,1
248,248,0.00347900390625,0.00714111328125,0.0039116544649004,1.210346817970276e-05,5.099549889564514e-05,0.0039116479456424,0.0489049367606639,3.094206840614788e-05,0.0001303680910496,99.99983215332033,1
249,249,0.002960205078125,0.0074462890625,0.0039116474799811,8.762814104557037e-06,5.544722080230713e-05,0.0039116409607231,0.0489048548042774,2.240184949187096e-05,0.0001417490275343,99.99983215332033,1
250,250,0.00244140625,0.007568359375,0.0039116414263844,5.960464477539063e-06,5.728006362915039e-05,0.0039116353727877,0.0489047765731811,1.5237757907016205e-05,0.0001464348461013,99.99984741210938,1
251,251,0.00201416015625,0.0076904296875,0.0039116349071264,4.056841135025024e-06,5.914270877838135e-05,0.0039116283878684,0.0489047020673751,1.0371216376370285e-05,0.0001511969021521,99.99983215332033,1
252,252,0.001556396484375,0.00732421875,0.0039116288535296,2.42237001657486e-06,5.364418029785156e-05,0.0039116227999329,0.0489046275615692,6.192740329424851e-06,0.0001371402468066,99.99984741210938,1
253,253,0.001129150390625,0.0074462890625,0.0039116223342716,1.27498060464859e-06,5.544722080230713e-05,0.0039116167463362,0.0489045493304729,3.2594673484709347e-06,0.0001417499297531,99.9998550415039,1
254,254,0.0008544921875,0.0074462890625,0.0039116162806749,7.301568984985352e-07,5.544722080230713e-05,0.0039116106927394,0.0489044710993766,1.8666373762243893e-06,0.0001417501480318,99.9998550415039,1
255,255,0.000579833984375,0.00714111328125,0.0039116097614169,3.3620744943618774e-07,5.099549889564514e-05,0.0039116046391427,0.0489043891429901,8.5951177197785e-07,0.0001303695898968,99.99987030029295,1
256,256,0.000457763671875,0.007080078125,0.0039116037078201,2.095475792884827e-07,5.012750625610352e-05,0.003911598585546,0.0489043146371841,5.357075565370906e-07,0.0001281507866224,99.99987030029295,1
257,257,0.000335693359375,0.0069580078125,0.0039115967229008,1.126900315284729e-07,4.841387271881104e-05,0.0039115920662879,0.0489042364060878,2.880921385894908e-07,0.0001237700926139,99.9998779296875,1
258,258,0.000396728515625,0.0068359375,0.0039115906693041,1.573935151100159e-07,4.673004150390625e-05,0.0039115860126912,0.0489041581749916,4.023772532946168e-07,0.0001194655706058,99.9998779296875,1
259,259,0.00048828125,0.00677490234375,0.0039115846157073,2.384185791015625e-07,4.589930176734924e-05,0.0039115799590945,0.0489040724933147,6.095191338317818e-07,0.0001173419586848,99.9998779296875,1
260,260,0.00067138671875,0.00665283203125,0.0039115780964493,4.507601261138916e-07,4.4260174036026e-05,0.0039115734398365,0.0489039942622184,1.1523741250130115e-06,0.000113151705591,99.9998779296875,1
261,261,0.000823974609375,0.006591796875,0.0039115715771913,6.789341568946838e-07,4.3451786041259766e-05,0.0039115673862397,0.0489039085805416,1.7357068600176715e-06,0.0001110852390411,99.99989318847656,1
262,262,0.001129150390625,0.00640869140625,0.0039115650579333,1.27498060464859e-06,4.10713255405426e-05,0.0039115608669817,0.048903826624155,3.2595148695691023e-06,0.00010499972268,99.99989318847656,1
263,263,0.001373291015625,0.00640869140625,0.0039115585386753,1.885928213596344e-06,4.10713255405426e-05,0.0039115543477237,0.0489037446677684,4.8214237722277176e-06,0.000104999904579,99.99989318847656,1
264,264,0.001617431640625,0.00634765625,0.0039115524850785,2.616085112094879e-06,4.029273986816406e-05,0.0039115478284657,0.0489036589860916,6.688099347229581e-06,0.0001030095882015,99.9998779296875,1
265,265,0.00189208984375,0.00634765625,0.0039115459658205,3.5800039768218994e-06,4.029273986816406e-05,0.0039115413092076,0.0489035733044147,9.152401617029682e-06,0.0001030097555485,99.9998779296875,1
266,266,0.002288818359375,0.00634765625,0.0039115394465625,5.238689482212067e-06,4.029273986816406e-05,0.0039115347899496,0.0489034876227378,1.3392908840614837e-05,0.0001030099301715,99.9998779296875,1
267,267,0.002471923828125,0.0062255859375,0.0039115319959819,6.1104074120521545e-06,3.875792026519776e-05,0.0039115278050303,0.0489033982157707,1.562151919642929e-05,9.90862972685136e-05,99.99989318847656,1
268,268,0.002716064453125,0.0062255859375,0.0039115259423851,7.377006113529205e-06,3.875792026519776e-05,0.0039115212857723,0.0489033199846744,1.885966230474878e-05,9.908645006362347e-05,99.9998779296875,1
269,269,0.002838134765625,0.006103515625,0.0039115198887884,8.055008947849274e-06,3.725290298461914e-05,0.0039115152321755,0.0489032305777072,2.0593040972016752e-05,9.523894550511612e-05,99.9998779296875,1
270,270,0.003021240234375,0.0062255859375,0.0039115129038691,9.127892553806303e-06,3.875792026519776e-05,0.0039115082472562,0.0489031448960304,2.3335964215220883e-05,9.908677748171613e-05,99.9998779296875,1
271,271,0.0029296875,0.00604248046875,0.0039115068502724,8.58306884765625e-06,3.651157021522522e-05,0.0039115021936595,0.0489030629396438,2.1943125830148347e-05,9.334400238003582e-05,99.9998779296875,1
272,272,0.002960205078125,0.00616455078125,0.0039114998653531,8.762814104557037e-06,3.800168633460999e-05,0.0039114952087402,0.0489029772579669,2.240269532194361e-05,9.715374471852556e-05,99.9998779296875,1
273,273,0.00286865234375,0.0062255859375,0.0039114928804337,8.229166269302368e-06,3.875792026519776e-05,0.0039114882238209,0.0489028878509998,2.103842780343257e-05,9.908728679874912e-05,99.9998779296875,1
274,274,0.0028076171875,0.00634765625,0.003911486826837,7.88271427154541e-06,4.029273986816406e-05,0.0039114817045629,0.0489028021693229,2.0152729121036828e-05,0.0001030113126034,99.99987030029295,1
275,275,0.00274658203125,0.0064697265625,0.0039114798419177,7.543712854385376e-06,4.185736179351807e-05,0.0039114747196435,0.0489027239382267,1.928608435264323e-05,0.0001070115758921,99.99987030029295,1
276,276,0.0025634765625,0.00640869140625,0.0039114733226597,6.571412086486816e-06,4.10713255405426e-05,0.0039114686660468,0.0489026382565498,1.680034984019585e-05,0.0001050021892297,99.9998779296875,1
277,277,0.002410888671875,0.00640869140625,0.0039114663377404,5.812384188175201e-06,4.10713255405426e-05,0.0039114616811275,0.0489025563001632,1.4859859220450744e-05,0.0001050023711286,99.9998779296875,1
278,278,0.002227783203125,0.0062255859375,0.0039114598184823,4.963018000125885e-06,3.875792026519776e-05,0.0039114556275308,0.0489024668931961,1.2688403330685103e-05,9.908813080983236e-05,99.99989318847656,1
279,279,0.0020751953125,0.00634765625,0.0039114532992243,4.306435585021973e-06,4.029273986816406e-05,0.0039114486426115,0.0489023849368095,1.1009808986273129e-05,0.0001030121929943,99.9998779296875,1
280,280,0.001922607421875,0.00634765625,0.003911446314305,3.696419298648834e-06,4.029273986816406e-05,0.0039114416576921,0.0489022955298423,9.450262041355018e-06,0.0001030123676173,99.9998779296875,1
281,281,0.0018310546875,0.0064697265625,0.003911439795047,3.3527612686157227e-06,4.185736179351807e-05,0.0039114351384341,0.0489022061228752,8.57168015500065e-06,0.0001070126672857,99.9998779296875,1
282,282,0.00177001953125,0.0064697265625,0.003911433275789,3.1329691410064697e-06,4.185736179351807e-05,0.0039114286191761,0.0489021204411983,8.009772500372492e-06,0.0001070128491846,99.9998779296875,1
283,283,0.001678466796875,0.00640869140625,0.0039114262908697,2.8172507882118225e-06,4.10713255405426e-05,0.0039114216342568,0.0489020347595214,7.202616870927159e-06,0.0001050034479703,99.9998779296875,1
284,284,0.001678466796875,0.00634765625,0.0039114193059504,2.8172507882118225e-06,4.029273986816406e-05,0.0039114146493375,0.0489019490778446,7.202630513347685e-06,0.0001030130879371,99.9998779296875,1
285,285,0.0015869140625,0.00634765625,0.0039114127866923,2.518296241760254e-06,4.029273986816406e-05,0.0039114081300795,0.0489018633961677,6.438328455260489e-06,0.0001030132552841,99.9998779296875,1
286,286,0.001617431640625,0.00653076171875,0.0039114053361117,2.616085112094879e-06,4.265084862709045e-05,0.0039114006794989,0.0489017739892005,6.6883508225146215e-06,0.0001090422665583,99.9998779296875,1
287,287,0.00164794921875,0.0064697265625,0.0039113988168537,2.7157366275787358e-06,4.185736179351807e-05,0.0039113941602408,0.0489016845822334,6.9431334850378335e-06,0.0001070137950591,99.9998779296875,1
288,288,0.001800537109375,0.0067138671875,0.0039113918319344,3.2419338822364807e-06,4.507601261138916e-05,0.0039113867096602,0.0489015914499759,8.288439858006313e-06,0.0001152428885689,99.99987030029295,1
289,289,0.001861572265625,0.00665283203125,0.0039113853126764,3.465451300144196e-06,4.4260174036026e-05,0.0039113801904022,0.0489015057682991,8.859907211444806e-06,0.0001131572862504,99.99987030029295,1
290,290,0.001861572265625,0.00665283203125,0.0039113787934184,3.465451300144196e-06,4.4260174036026e-05,0.0039113736711442,0.0489014200866222,8.859922672854736e-06,0.0001131574681494,99.99987030029295,1
291,291,0.001922607421875,0.00665283203125,0.0039113713428378,3.696419298648834e-06,4.4260174036026e-05,0.0039113662205636,0.0489013232290744,9.45044303080067e-06,0.0001131576791522,99.99987030029295,1
292,292,0.001983642578125,0.006591796875,0.0039113643579185,3.934837877750397e-06,4.3451786041259766e-05,0.0039113597013056,0.0489012375473976,1.006001366476994e-05,0.0001110911180148,99.9998779296875,1
293,293,0.001953125,0.006591796875,0.0039113573729991,3.814697265625e-06,4.3451786041259766e-05,0.0039113527163863,0.0489011481404304,9.752872756507712e-06,0.0001110913217416,99.9998779296875,1
294,294,0.00201416015625,0.00640869140625,0.0039113503880798,4.056841135025024e-06,4.10713255405426e-05,0.003911345731467,0.0489010587334632,1.0371970347478054e-05,0.0001050054852385,99.9998779296875,1
295,295,0.002105712890625,0.00634765625,0.0039113434031605,4.434026777744293e-06,4.029273986816406e-05,0.0039113387465476,0.0489009693264961,1.1336326679156628e-05,0.0001030150888254,99.9998779296875,1
296,296,0.002105712890625,0.0062255859375,0.0039113354869186,4.434026777744293e-06,3.875792026519776e-05,0.0039113312959671,0.0489008799195289,1.1336349416524172e-05,9.90912812994793e-05,99.99989318847656,1
297,297,0.002166748046875,0.00634765625,0.0039113294333219,4.694797098636627e-06,4.029273986816406e-05,0.003911324776709,0.0489007867872715,1.200307178805815e-05,0.0001030154526233,99.9998779296875,1
298,298,0.002227783203125,0.00628662109375,0.00391132151708,4.963018000125885e-06,3.9521604776382446e-05,0.0039113173261284,0.048900693655014,1.2688850802078376e-05,0.0001010441192192,99.99989318847656,1
299,299,0.002227783203125,0.00640869140625,0.0039113145321607,4.963018000125885e-06,4.10713255405426e-05,0.0039113098755478,0.0489006042480468,1.2688873539445922e-05,0.0001050064529408,99.9998779296875,1
300,300,0.002288818359375,0.0064697265625,0.0039113075472414,5.238689482212067e-06,4.185736179351807e-05,0.0039113028906285,0.0489005111157894,1.3393703738984186e-05,0.0001070162834366,99.9998779296875,1
301,301,0.002288818359375,0.0064697265625,0.0039113005623221,5.238689482212067e-06,4.185736179351807e-05,0.0039112959057092,0.0489004254341125,1.3393727385846432e-05,0.0001070164798875,99.9998779296875,1
302,302,0.00225830078125,0.0064697265625,0.0039112931117415,5.09992241859436e-06,4.185736179351807e-05,0.0039112884551286,0.0489003285765647,1.3038966244494077e-05,0.0001070166836143,99.9998779296875,1
303,303,0.002227783203125,0.00640869140625,0.0039112861268222,4.963018000125885e-06,4.10713255405426e-05,0.0039112814702093,0.0489002428948879,1.2688966307905504e-05,0.0001050072096404,99.9998779296875,1
304,304,0.002197265625,0.00640869140625,0.0039112791419029,4.827976226806641e-06,4.10713255405426e-05,0.00391127448529,0.0489001497626304,1.234372757608071e-05,0.0001050073915394,99.9998779296875,1
305,305,0.002166748046875,0.00640869140625,0.0039112716913223,4.694797098636627e-06,4.10713255405426e-05,0.0039112670347094,0.048900056630373,1.2003249139524996e-05,0.0001050075952662,99.9998779296875,1
306,306,0.00213623046875,0.00640869140625,0.0039112642407417,4.563480615615845e-06,4.10713255405426e-05,0.0039112595841288,0.0488999672234058,1.1667532817227766e-05,0.000105007791717,99.9998779296875,1
307,307,0.002044677734375,0.00634765625,0.0039112577214837,4.180707037448883e-06,4.029273986816406e-05,0.0039112530648708,0.0488998740911483,1.0688906513678376e-05,0.0001030173370963,99.9998779296875,1
308,308,0.001953125,0.00634765625,0.0039112502709031,3.814697265625e-06,4.029273986816406e-05,0.0039112456142902,0.0488997809588909,9.753140147950036e-06,0.0001030175408232,99.9998779296875,1
309,309,0.001922607421875,0.00604248046875,0.0039112428203225,3.696419298648834e-06,3.651157021522522e-05,0.0039112386293709,0.048899695277214,9.450753168493977e-06,9.33503033593297e-05,99.99989318847656,1
310,310,0.001983642578125,0.00616455078125,0.0039112353697419,3.934837877750397e-06,3.800168633460999e-05,0.0039112311787903,0.0488995984196662,1.0060344720841384e-05,9.716031490825117e-05,99.99989318847656,1
311,311,0.001953125,0.00628662109375,0.0039112279191613,3.814697265625e-06,3.9521604776382446e-05,0.0039112237282097,0.0488995015621185,9.753195627126844e-06,0.0001010465348372,99.99989318847656,1
312,312,0.001922607421875,0.00634765625,0.0039112204685807,3.696419298648834e-06,4.029273986816406e-05,0.0039112158119678,0.048899408429861,9.45080773817608e-06,0.0001030183266266,99.9998779296875,1
313,313,0.001922607421875,0.0064697265625,0.0039112139493227,3.696419298648834e-06,4.185736179351807e-05,0.0039112092927098,0.0488993152976036,9.450824109080712e-06,0.0001070188518497,99.9998779296875,1
314,314,0.001922607421875,0.00634765625,0.0039112064987421,3.696419298648834e-06,4.029273986816406e-05,0.0039112018421292,0.0488992221653461,9.450841389480049e-06,0.0001030186904245,99.9998779296875,1
315,315,0.001922607421875,0.00640869140625,0.0039111990481615,3.696419298648834e-06,4.10713255405426e-05,0.0039111943915486,0.0488991253077983,9.450859579374082e-06,0.0001050095452228,99.9998779296875,1
316,316,0.001922607421875,0.0064697265625,0.0039111915975809,3.696419298648834e-06,4.185736179351807e-05,0.003911186940968,0.0488990321755409,9.450877769268118e-06,0.0001070194557541,99.9998779296875,1
317,317,0.002044677734375,0.00640869140625,0.0039111841470003,4.180707037448883e-06,4.10713255405426e-05,0.0039111794903874,0.0488989427685737,1.0689107512007467e-05,0.0001050099526764,99.9998779296875,1
318,318,0.0020751953125,0.0064697265625,0.003911177162081,4.306435585021973e-06,4.185736179351807e-05,0.0039111725054681,0.048898845911026,1.1010586604243144e-05,0.0001070198559318,99.9998779296875,1
319,319,0.00213623046875,0.00640869140625,0.0039111692458391,4.563480615615845e-06,4.10713255405426e-05,0.0039111645892262,0.0488987490534782,1.166781657957472e-05,0.0001050103455781,99.9998779296875,1
320,320,0.00213623046875,0.00665283203125,0.0039111622609198,4.563480615615845e-06,4.4260174036026e-05,0.0039111571386456,0.0488986521959304,1.166783749795286e-05,0.0001131637327489,99.99987030029295,1
321,321,0.0020751953125,0.006591796875,0.0039111543446779,4.306435585021973e-06,4.3451786041259766e-05,0.003911149688065,0.048898559063673,1.1010650268872268e-05,0.0001110970843001,99.9998779296875,1
322,322,0.0020751953125,0.00653076171875,0.0039111473597586,4.306435585021973e-06,4.265084862709045e-05,0.0039111427031457,0.0488984659314155,1.1010670277755708e-05,0.0001090494479285,99.9998779296875,1
323,323,0.002166748046875,0.00665283203125,0.003911139909178,4.694797098636627e-06,4.4260174036026e-05,0.0039111347869038,0.0488983690738678,1.2003652955172583e-05,0.0001131643803091,99.99987030029295,1
324,324,0.0020751953125,0.006591796875,0.0039111324585974,4.306435585021973e-06,4.3451786041259766e-05,0.0039111278019845,0.04889827221632,1.1010712114511987e-05,0.0001110977100324,99.9998779296875,1
325,325,0.00201416015625,0.00665283203125,0.0039111250080168,4.056841135025024e-06,4.4260174036026e-05,0.0039111198857426,0.0488981753587722,1.037256788549712e-05,0.0001131648095906,99.99987030029295,1
326,326,0.00201416015625,0.0067138671875,0.0039111175574362,4.056841135025024e-06,4.507601261138916e-05,0.003911112435162,0.0488980859518051,1.0372586984885857e-05,0.0001152509721578,99.99987030029295,1
327,327,0.001953125,0.00665283203125,0.0039111101068556,3.814697265625e-06,4.4260174036026e-05,0.0039111049845814,0.0488979890942573,9.753489393915515e-06,0.0001131652388721,99.99987030029295,1
328,328,0.001953125,0.006591796875,0.0039111021906137,3.814697265625e-06,4.3451786041259766e-05,0.0039110975340008,0.0488978922367095,9.753509402798954e-06,0.0001110985613195,99.9998779296875,1
329,329,0.00189208984375,0.00640869140625,0.0039110952056944,3.5800039768218994e-06,4.10713255405426e-05,0.0039110905490815,0.0488977991044521,9.153455721389037e-06,0.0001050123391905,99.9998779296875,1
330,330,0.00189208984375,0.00634765625,0.0039110877551138,3.5800039768218994e-06,4.029273986816406e-05,0.0039110830985009,0.0488977022469043,9.153473911283072e-06,0.0001030218190862,99.9998779296875,1
331,331,0.001922607421875,0.00628662109375,0.0039110793732106,3.696419298648834e-06,3.9521604776382446e-05,0.003911075182259,0.0488976053893566,9.451148798689246e-06,0.0001010503765428,99.99989318847656,1
332,332,0.001953125,0.0062255859375,0.00391107192263,3.814697265625e-06,3.875792026519776e-05,0.0039110677316784,0.0488975085318088,9.753584890859202e-06,9.909795335261153e-05,99.99989318847656,1
333,333,0.00201416015625,0.0062255859375,0.0039110640063881,4.056841135025024e-06,3.875792026519776e-05,0.0039110598154366,0.048897411674261,1.0372729775554037e-05,9.909815707942472e-05,99.99989318847656,1
334,334,0.001983642578125,0.00616455078125,0.0039110565558075,3.934837877750397e-06,3.800168633460999e-05,0.003911052364856,0.0488973148167133,1.0060804925160484e-05,9.716475324239582e-05,99.99989318847656,1
335,335,0.0020751953125,0.00616455078125,0.0039110491052269,4.306435585021973e-06,3.800168633460999e-05,0.0039110449142754,0.0488972142338752,1.1010946764145046e-05,9.71649424172938e-05,99.99989318847656,1
336,336,0.002105712890625,0.00616455078125,0.0039110411889851,4.434026777744293e-06,3.800168633460999e-05,0.0039110369980335,0.0488971173763275,1.1337203432049137e-05,9.716513886814936e-05,99.99989318847656,1
337,337,0.002105712890625,0.0062255859375,0.0039110337384045,4.434026777744293e-06,3.875792026519776e-05,0.0039110295474529,0.0488970167934894,1.1337224350427276e-05,9.90989210549742e-05,99.99989318847656,1
338,338,0.002044677734375,0.0062255859375,0.0039110258221626,4.180707037448883e-06,3.875792026519776e-05,0.003911021631211,0.0488969199359416,1.0689540431485511e-05,9.90991247817874e-05,99.99989318847656,1
339,339,0.0020751953125,0.0064697265625,0.003911018371582,4.306435585021973e-06,4.185736179351807e-05,0.0039110137149691,0.0488968193531036,1.1011033166141717e-05,0.0001070241996785,99.9998779296875,1
340,340,0.001983642578125,0.00640869140625,0.0039110109210014,3.934837877750397e-06,4.10713255405426e-05,0.0039110062643885,0.0488967224955558,1.0060922249977011e-05,0.0001050146020133,99.9998779296875,1
341,341,0.001922607421875,0.0064697265625,0.0039110030047595,3.696419298648834e-06,4.185736179351807e-05,0.0039109983481466,0.0488966256380081,9.451333426113706e-06,0.0001070246216841,99.9998779296875,1
342,342,0.001953125,0.006591796875,0.0039109950885176,3.814697265625e-06,4.3451786041259766e-05,0.0039109904319047,0.0488965213298797,9.753776794241276e-06,0.0001111016099457,99.9998779296875,1
343,343,0.001922607421875,0.00634765625,0.0039109871722757,3.696419298648834e-06,4.029273986816406e-05,0.0039109825156629,0.0488964281976223,9.45137162489118e-06,0.0001030244675348,99.9998779296875,1
344,344,0.001983642578125,0.00628662109375,0.0039109792560338,3.934837877750397e-06,3.9521604776382446e-05,0.0039109750650823,0.0488963201642036,1.006100410450017e-05,0.0001010529667837,99.99989318847656,1
345,345,0.00201416015625,0.00634765625,0.0039109718054533,4.056841135025024e-06,4.029273986816406e-05,0.0039109671488404,0.0488962233066558,1.037297352013411e-05,0.0001030248749884,99.9998779296875,1
346,346,0.001983642578125,0.00634765625,0.0039109643548727,3.934837877750397e-06,4.029273986816406e-05,0.0039109596982598,0.0488961301743984,1.0061042303277644e-05,0.0001030250714393,99.9998779296875,1
347,347,0.002044677734375,0.0064697265625,0.0039109559729695,4.180707037448883e-06,4.185736179351807e-05,0.0039109513163566,0.04889602586627,1.0689731425372884e-05,0.0001070259168045,99.9998779296875,1
348,348,0.002105712890625,0.0064697265625,0.0039109485223889,4.434026777744293e-06,4.185736179351807e-05,0.003910943865776,0.048895925283432,1.133747173298616e-05,0.0001070261059794,99.9998779296875,1
349,349,0.002105712890625,0.0064697265625,0.0039109401404857,4.434026777744293e-06,4.185736179351807e-05,0.0039109354838728,0.0488958247005939,1.1337496289343107e-05,0.000107026346086,99.9998779296875,1
350,350,0.00213623046875,0.0064697265625,0.0039109322242438,4.563480615615845e-06,4.185736179351807e-05,0.003910927567631,0.0488957241177558,1.1668523256957997e-05,0.0001070265643647,99.9998779296875,1
351,351,0.002105712890625,0.006591796875,0.0039109243080019,4.434026777744293e-06,4.3451786041259766e-05,0.0039109196513891,0.0488956272602081,1.1337541764078196e-05,0.000111103625386,99.9998779296875,1
352,352,0.002105712890625,0.00640869140625,0.0039109163917601,4.434026777744293e-06,4.10713255405426e-05,0.0039109117351472,0.0488955192267894,1.133756450144574e-05,0.0001050171340466,99.9998779296875,1
353,353,0.002105712890625,0.00634765625,0.0039109089411795,4.434026777744293e-06,4.029273986816406e-05,0.0039109042845666,0.0488954223692417,1.1337586329318585e-05,0.0001030265266308,99.9998779296875,1
354,354,0.002166748046875,0.00634765625,0.0039109005592763,4.694797098636627e-06,4.029273986816406e-05,0.0039108959026634,0.048895314335823,1.2004387826891616e-05,0.0001030267521855,99.9998779296875,1
355,355,0.0020751953125,0.00628662109375,0.0039108926430344,4.306435585021973e-06,3.9521604776382446e-05,0.0039108884520828,0.0488952249288558,1.1011386959580705e-05,0.0001010551932267,99.99989318847656,1
356,356,0.001983642578125,0.00628662109375,0.0039108847267925,3.934837877750397e-06,3.9521604776382446e-05,0.0039108805358409,0.0488951206207275,1.0061246939585544e-05,0.0001010553969535,99.99989318847656,1
357,357,0.001953125,0.00628662109375,0.0039108768105506,3.814697265625e-06,3.9521604776382446e-05,0.0039108726195991,0.0488950200378894,9.75407147052465e-06,0.0001010556079563,99.99989318847656,1
358,358,0.001983642578125,0.00628662109375,0.0039108684286475,3.934837877750397e-06,3.9521604776382446e-05,0.0039108642376959,0.0488949120044708,1.0061288776341826e-05,0.0001010558189591,99.99989318847656,1
359,359,0.001983642578125,0.00616455078125,0.0039108605124056,3.934837877750397e-06,3.800168633460999e-05,0.003910856321454,0.048894815146923,1.0061309694719968e-05,9.716962813399732e-05,99.99989318847656,1
360,360,0.001983642578125,0.0062255859375,0.0039108525961637,3.934837877750397e-06,3.875792026519776e-05,0.0039108484052121,0.0488947108387947,1.0061329703603406e-05,9.910351218422876e-05,99.99989318847656,1
361,361,0.00201416015625,0.0062255859375,0.0039108446799218,4.056841135025024e-06,3.875792026519776e-05,0.0039108404889702,0.0488946102559566,1.037331185216317e-05,9.910370135912672e-05,99.99989318847656,1
362,362,0.002044677734375,0.0062255859375,0.0039108367636799,4.180707037448883e-06,3.875792026519776e-05,0.0039108325727283,0.0488945059478282,1.0690057024476118e-05,9.910391236189751e-05,99.99989318847656,1
363,363,0.00201416015625,0.00628662109375,0.0039108283817768,4.056841135025024e-06,3.9521604776382446e-05,0.0039108241908252,0.0488944053649902,1.0373354598414151e-05,0.0001010568521451,99.99989318847656,1
364,364,0.001983642578125,0.00628662109375,0.0039108204655349,3.934837877750397e-06,3.9521604776382446e-05,0.0039108162745833,0.0488942973315715,1.0061412467621269e-05,0.0001010570631478,99.99989318847656,1
365,365,0.00201416015625,0.00634765625,0.003910812549293,4.056841135025024e-06,4.029273986816406e-05,0.0039108078926801,0.0488941930234432,1.0373396435170434e-05,0.000103029073216,99.9998779296875,1
366,366,0.001983642578125,0.0064697265625,0.0039108041673898,3.934837877750397e-06,4.185736179351807e-05,0.0039107995107769,0.0488940887153148,1.0061454304377548e-05,0.0001070300641003,99.9998779296875,1
367,367,0.001922607421875,0.0064697265625,0.0039107962511479,3.696419298648834e-06,4.185736179351807e-05,0.0039107915945351,0.0488939881324768,9.45183273870498e-06,0.0001070302823791,99.9998779296875,1
368,368,0.00201416015625,0.0064697265625,0.0039107883349061,4.056841135025024e-06,4.185736179351807e-05,0.0039107836782932,0.0488938838243484,1.037346100929426e-05,0.0001070304933818,99.9998779296875,1
369,369,0.002044677734375,0.00653076171875,0.0039107794873416,4.180707037448883e-06,4.265084862709045e-05,0.0039107748307287,0.04889377951622,1.0690213457564823e-05,0.0001090597070287,99.9998779296875,1
370,370,0.002044677734375,0.0064697265625,0.0039107715710997,4.180707037448883e-06,4.185736179351807e-05,0.0039107669144868,0.0488936714828014,1.0690235285437666e-05,0.0001070309517672,99.9998779296875,1
371,371,0.002166748046875,0.0064697265625,0.0039107636548578,4.694797098636627e-06,4.185736179351807e-05,0.003910758998245,0.048893567174673,1.2004808922938535e-05,0.0001070311773219,99.9998779296875,1
372,372,0.002166748046875,0.00640869140625,0.0039107557386159,4.694797098636627e-06,4.10713255405426e-05,0.0039107510820031,0.0488934591412544,1.2004832569800785e-05,0.0001050214559654,99.9998779296875,1
373,373,0.002166748046875,0.00634765625,0.0039107473567128,4.694797098636627e-06,4.029273986816406e-05,0.0039107427000999,0.048893354833126,1.2004858035652433e-05,0.000103030790342,99.9998779296875,1
374,374,0.002227783203125,0.00628662109375,0.0039107385091483,4.963018000125885e-06,3.9521604776382446e-05,0.0039107343181967,0.0488932467997074,1.2690743460552769e-05,0.0001010591877275,99.99989318847656,1
375,375,0.002166748046875,0.0062255859375,0.0039107301272451,4.694797098636627e-06,3.875792026519776e-05,0.0039107259362936,0.0488931462168693,1.2004910786345135e-05,9.91066117421724e-05,99.99989318847656,1
376,376,0.00213623046875,0.0062255859375,0.003910721745342,4.563480615615845e-06,3.875792026519776e-05,0.0039107175543904,0.0488930381834507,1.1669151717796922e-05,9.91068227449432e-05,99.99989318847656,1
377,377,0.002105712890625,0.00616455078125,0.0039107133634388,4.434026777744293e-06,3.800168633460999e-05,0.0039107091724872,0.0488929338753223,1.1338152944517788e-05,9.717328794067726e-05,99.99989318847656,1
378,378,0.002044677734375,0.0059814453125,0.0039107054471969,4.180707037448883e-06,3.577768802642822e-05,0.0039107012562453,0.0488928258419036,1.069041627488332e-05,9.148653043666856e-05,99.99989318847656,1
379,379,0.00201416015625,0.00579833984375,0.0039106970652937,4.056841135025024e-06,3.3620744943618774e-05,0.0039106933400034,0.0488927252590656,1.0373702934884932e-05,8.597123087383807e-05,99.99990844726562,1
380,380,0.00201416015625,0.006103515625,0.0039106891490519,4.056841135025024e-06,3.725290298461914e-05,0.0039106849581003,0.0488926172256469,1.0373723853263073e-05,9.525917994324118e-05,99.99989318847656,1
381,381,0.0020751953125,0.00604248046875,0.0039106803014874,4.306435585021973e-06,3.651157021522522e-05,0.0039106761105358,0.048892505466938,1.1011985407094471e-05,9.336372750112788e-05,99.99989318847656,1
382,382,0.002044677734375,0.00604248046875,0.0039106723852455,4.180707037448883e-06,3.651157021522522e-05,0.0039106681942939,0.0488924048840999,1.0690506314858794e-05,9.336391667602584e-05,99.99989318847656,1
383,383,0.002105712890625,0.00628662109375,0.0039106635376811,4.434026777744293e-06,3.9521604776382446e-05,0.0039106593467295,0.0488922894001007,1.133829755417537e-05,0.0001010611158562,99.99989318847656,1
384,384,0.00201416015625,0.00616455078125,0.0039106551557779,4.056841135025024e-06,3.800168633460999e-05,0.0039106509648263,0.0488921850919723,1.0373813893238548e-05,9.717473585624248e-05,99.99989318847656,1
385,385,0.002105712890625,0.00640869140625,0.0039106467738747,4.434026777744293e-06,4.10713255405426e-05,0.0039106421172618,0.0488920770585536,1.1338346666889263e-05,0.0001050243809004,99.9998779296875,1
386,386,0.002044677734375,0.00640869140625,0.0039106383919715,4.180707037448883e-06,4.10713255405426e-05,0.0039106337353587,0.048891969025135,1.0690599083318377e-05,0.0001050246064551,99.9998779296875,1
387,387,0.001983642578125,0.00640869140625,0.0039106304757297,3.934837877750397e-06,4.10713255405426e-05,0.0039106258191168,0.0488918609917163,1.006190086627612e-05,0.0001050248101819,99.9998779296875,1
388,388,0.002044677734375,0.00640869140625,0.0039106216281652,4.180707037448883e-06,4.10713255405426e-05,0.0039106169715523,0.0488917529582977,1.0690645467548164e-05,0.0001050250502885,99.9998779296875,1
389,389,0.001983642578125,0.00640869140625,0.003910613246262,3.934837877750397e-06,4.10713255405426e-05,0.0039106085896492,0.0488916486501693,1.0061945431516506e-05,0.0001050252758432,99.9998779296875,1
390,390,0.001953125,0.00640869140625,0.0039106043986976,3.814697265625e-06,4.10713255405426e-05,0.0039105997420847,0.0488915368914604,9.754750863066874e-06,0.0001050255159498,99.9998779296875,1
391,391,0.001953125,0.00653076171875,0.0039105960167944,3.814697265625e-06,4.265084862709045e-05,0.0039105913601815,0.0488914251327514,9.754771781445015e-06,0.0001090648293029,99.9998779296875,1
392,392,0.002044677734375,0.0067138671875,0.0039105876348912,4.180707037448883e-06,4.507601261138916e-05,0.0039105825126171,0.0488913170993328,1.0690738236007746e-05,0.0001152665863628,99.99987030029295,1
393,393,0.002105712890625,0.00665283203125,0.0039105792529881,4.434026777744293e-06,4.4260174036026e-05,0.0039105741307139,0.0488912053406238,1.1338542208250146e-05,0.0001131805984186,99.99987030029295,1
394,394,0.0020751953125,0.0064697265625,0.0039105704054236,4.306435585021973e-06,4.185736179351807e-05,0.0039105657488107,0.0488910973072052,1.1012294635293074e-05,0.0001070364669431,99.9998779296875,1
395,395,0.002044677734375,0.0064697265625,0.0039105620235204,4.180707037448883e-06,4.185736179351807e-05,0.0039105573669075,0.0488909892737865,1.0690808267099785e-05,0.0001070366924977,99.9998779296875,1
396,396,0.00201416015625,0.00634765625,0.0039105536416172,4.056841135025024e-06,4.029273986816406e-05,0.0039105489850044,0.0488908812403678,1.0374083103670271e-05,0.0001030358907883,99.9998779296875,1
397,397,0.00201416015625,0.0062255859375,0.0039105443283915,4.056841135025024e-06,3.875792026519776e-05,0.0039105401374399,0.0488907694816589,1.037410766002722e-05,9.911131928674875e-05,99.99989318847656,1
398,398,0.002044677734375,0.00616455078125,0.003910535480827,4.180707037448883e-06,3.800168633460999e-05,0.0039105312898755,0.0488906614482402,1.0690881026675925e-05,9.717770444694906e-05,99.99989318847656,1
399,399,0.002105712890625,0.006103515625,0.0039105270989239,4.434026777744293e-06,3.725290298461914e-05,0.0039105229079723,0.0488905496895313,1.133869318437064e-05,9.526312351226808e-05,99.99989318847656,1
400,400,0.002105712890625,0.0059814453125,0.0039105187170207,4.434026777744293e-06,3.577768802642822e-05,0.0039105145260691,0.0488904416561126,1.1338717740727589e-05,9.149089601123706e-05,99.99989318847656,1
401,401,0.002166748046875,0.006103515625,0.003910509403795,4.694797098636627e-06,3.725290298461914e-05,0.0039105052128434,0.0488903298974037,1.2005588359897956e-05,9.52635527937673e-05,99.99989318847656,1
402,402,0.00213623046875,0.0059814453125,0.0039105010218918,4.563480615615845e-06,3.577768802642822e-05,0.0039104968309402,0.0488902181386947,1.1669810191961004e-05,9.149131074082106e-05,99.99989318847656,1
403,403,0.00213623046875,0.006103515625,0.0039104926399886,4.563480615615845e-06,3.725290298461914e-05,0.003910488449037,0.0488901101052761,1.1669835657812657e-05,9.526396752335133e-05,99.99989318847656,1
404,404,0.002166748046875,0.00634765625,0.0039104837924242,4.694797098636627e-06,4.029273986816406e-05,0.0039104791358113,0.0488899946212768,1.2005666576442309e-05,0.0001030377316055,99.9998779296875,1
405,405,0.002166748046875,0.00640869140625,0.0039104749448597,4.694797098636627e-06,4.10713255405426e-05,0.0039104702882468,0.0488898791372776,1.2005693861283362e-05,0.0001050289938575,99.9998779296875,1
406,406,0.00213623046875,0.00634765625,0.0039104670286178,4.563480615615845e-06,4.029273986816406e-05,0.0039104623720049,0.0488897711038589,1.1669911145872902e-05,0.0001030381754389,99.9998779296875,1
407,407,0.002105712890625,0.00634765625,0.0039104581810534,4.434026777744293e-06,4.029273986816406e-05,0.0039104535244405,0.0488896593451499,1.133889327320503e-05,0.0001030384082696,99.9998779296875,1
408,408,0.002166748046875,0.00634765625,0.0039104493334889,4.694797098636627e-06,4.029273986816406e-05,0.003910444676876,0.048889547586441,1.2005773896817118e-05,0.0001030386411002,99.9998779296875,1
409,409,0.002105712890625,0.00628662109375,0.0039104400202631,4.434026777744293e-06,3.9521604776382446e-05,0.0039104358293116,0.048889435827732,1.1338946023897734e-05,0.0001010668929666,99.99989318847656,1
410,410,0.0020751953125,0.00628662109375,0.0039104311726987,4.306435585021973e-06,3.9521604776382446e-05,0.0039104269817471,0.0488893240690231,1.1012686627509538e-05,0.0001010671185213,99.99989318847656,1
411,411,0.002044677734375,0.00628662109375,0.0039104218594729,4.180707037448883e-06,3.9521604776382446e-05,0.0039104176685214,0.0488892085850238,1.069119116436923e-05,0.0001010673731798,99.99989318847656,1
412,412,0.00201416015625,0.00634765625,0.0039104139432311,4.056841135025024e-06,4.029273986816406e-05,0.0039104092866182,0.0488890931010246,1.0374454177508596e-05,0.0001030395796988,99.9998779296875,1
413,413,0.002044677734375,0.00634765625,0.0039104046300053,4.180707037448883e-06,4.029273986816406e-05,0.0039103999733924,0.0488889850676059,1.069123845809372e-05,0.0001030398125294,99.9998779296875,1
414,414,0.002166748046875,0.00640869140625,0.0039103957824409,4.694797098636627e-06,4.10713255405426e-05,0.003910391125828,0.0488888658583164,1.200593851535814e-05,0.0001050311184371,99.9998779296875,1
415,415,0.0020751953125,0.00640869140625,0.0039103874005377,4.306435585021973e-06,4.10713255405426e-05,0.0039103827439248,0.0488887503743171,1.101281031878898e-05,0.0001050313439918,99.9998779296875,1
416,416,0.001983642578125,0.00616455078125,0.0039103780873119,3.934837877750397e-06,3.800168633460999e-05,0.0039103738963603,0.0488886460661888,1.0062550245493185e-05,9.718161163618788e-05,99.99989318847656,1
417,417,0.001922607421875,0.00604248046875,0.0039103697054088,3.696419298648834e-06,3.651157021522522e-05,0.0039103655144572,0.0488885343074798,9.45286410569679e-06,9.337114170193672e-05,99.99989318847656,1
418,418,0.001953125,0.0059814453125,0.003910360392183,3.814697265625e-06,3.577768802642822e-05,0.0039103562012314,0.0488884188234806,9.75535931502236e-06,9.149460674962028e-05,99.99989318847656,1
419,419,0.001922607421875,0.00616455078125,0.0039103515446186,3.696419298648834e-06,3.800168633460999e-05,0.003910347353667,0.048888299614191,9.452907761442477e-06,9.718227374833076e-05,99.99989318847656,1
420,420,0.001922607421875,0.0062255859375,0.0039103422313928,3.696419298648834e-06,3.875792026519776e-05,0.0039103380404412,0.0488881878554821,9.45293049881002e-06,9.911644883686677e-05,99.99989318847656,1
421,421,0.001983642578125,0.00616455078125,0.0039103333838284,3.934837877750397e-06,3.800168633460999e-05,0.0039103291928768,0.0488880723714828,1.006266575132031e-05,9.718272485770284e-05,99.99989318847656,1
422,422,0.001983642578125,0.00628662109375,0.0039103245362639,3.934837877750397e-06,3.9521604776382446e-05,0.0039103203453123,0.0488879568874836,1.0062688488687854e-05,0.0001010698833852,99.99989318847656,1
423,423,0.001983642578125,0.00616455078125,0.0039103152230381,3.934837877750397e-06,3.800168633460999e-05,0.0039103110320866,0.0488878414034843,1.0062713045044802e-05,9.718318324303254e-05,99.99989318847656,1
424,424,0.0020751953125,0.0062255859375,0.0039103063754737,4.306435585021973e-06,3.875792026519776e-05,0.0039103021845221,0.0488877221941947,1.1013038601959124e-05,9.911734377965332e-05,99.99989318847656,1
425,425,0.002105712890625,0.0062255859375,0.0039102970622479,4.434026777744293e-06,3.875792026519776e-05,0.0039102928712964,0.0488876104354858,1.1339360753481742e-05,9.911758388625458e-05,99.99989318847656,1
426,426,0.002105712890625,0.0062255859375,0.0039102877490222,4.434026777744293e-06,3.875792026519776e-05,0.0039102835580706,0.0488874912261962,1.1339387128828092e-05,9.911782399285583e-05,99.99989318847656,1
427,427,0.0020751953125,0.00628662109375,0.0039102784357964,4.306435585021973e-06,3.9521604776382446e-05,0.0039102742448449,0.048887375742197,1.1013117727998178e-05,0.0001010710766422,99.99989318847656,1
428,428,0.002044677734375,0.00640869140625,0.0039102700538933,4.180707037448883e-06,4.10713255405426e-05,0.0039102653972804,0.0488872602581977,1.069160680344794e-05,0.0001050344944815,99.9998779296875,1
429,429,0.0020751953125,0.00640869140625,0.0039102607406675,4.306435585021973e-06,4.10713255405426e-05,0.0039102560840547,0.0488871447741985,1.1013166840712074e-05,0.00010503474914,99.9998779296875,1
430,430,0.00213623046875,0.00634765625,0.0039102514274418,4.563480615615845e-06,4.029273986816406e-05,0.0039102467708289,0.0488870292901992,1.1670555068121756e-05,0.0001030438506859,99.9998779296875,1
431,431,0.002044677734375,0.00634765625,0.0039102425798773,4.180707037448883e-06,4.029273986816406e-05,0.0039102379232645,0.0488869100809097,1.0691681382013485e-05,0.0001030440907925,99.9998779296875,1
432,432,0.002197265625,0.00653076171875,0.0039102332666516,4.827976226806641e-06,4.265084862709045e-05,0.0039102286100387,0.0488867908716201,1.2347029041848144e-05,0.0001090749501599,99.9998779296875,1
433,433,0.002197265625,0.00640869140625,0.0039102239534258,4.827976226806641e-06,4.10713255405426e-05,0.003910219296813,0.0488866753876209,1.2347058145678602e-05,0.0001050357386702,99.9998779296875,1
434,434,0.002197265625,0.00653076171875,0.0039102151058614,4.827976226806641e-06,4.265084862709045e-05,0.0039102104492485,0.0488865599036216,1.234708724950906e-05,0.000109075452201,99.9998779296875,1
435,435,0.002197265625,0.00640869140625,0.0039102062582969,4.827976226806641e-06,4.10713255405426e-05,0.003910201601684,0.0488864444196224,1.234711362485541e-05,0.0001050362116075,99.9998779296875,1
436,436,0.0020751953125,0.00640869140625,0.0039101974107325,4.306435585021973e-06,4.10713255405426e-05,0.0039101927541196,0.0488863252103328,1.1013346011168323e-05,0.0001050364517141,99.9998779296875,1
437,437,0.00201416015625,0.00628662109375,0.0039101876318454,4.056841135025024e-06,3.9521604776382446e-05,0.0039101834408938,0.0488862134516239,1.0375054444011766e-05,0.0001010734195006,99.99989318847656,1
438,438,0.00201416015625,0.00640869140625,0.0039101783186197,4.056841135025024e-06,4.10713255405426e-05,0.0039101736620068,0.048886090517044,1.0375079000368714e-05,0.0001050369610311,99.9998779296875,1
439,439,0.001983642578125,0.00634765625,0.0039101694710552,3.934837877750397e-06,4.029273986816406e-05,0.0039101648144423,0.0488859787583351,1.0063087756861933e-05,0.0001030460116453,99.9998779296875,1
440,440,0.001953125,0.006103515625,0.0039101601578295,3.814697265625e-06,3.725290298461914e-05,0.0039101559668779,0.0488858595490455,9.755858627613634e-06,9.52720656641759e-05,99.99989318847656,1
441,441,0.001983642578125,0.0062255859375,0.0039101503789424,3.934837877750397e-06,3.875792026519776e-05,0.0039101461879909,0.0488857366144657,1.0063136869575828e-05,9.912130190059544e-05,99.99989318847656,1
442,442,0.001922607421875,0.0062255859375,0.003910141531378,3.696419298648834e-06,3.875792026519776e-05,0.0039101373404264,0.0488856211304664,9.453416168980766e-06,9.912152745528148e-05,99.99989318847656,1
443,443,0.00189208984375,0.00604248046875,0.0039101322181522,3.5800039768218994e-06,3.651157021522522e-05,0.0039101280272006,0.0488855056464672,9.155710358754732e-06,9.337681694887578e-05,99.99989318847656,1
444,444,0.001922607421875,0.00592041015625,0.0039101229049265,3.696419298648834e-06,3.505125641822815e-05,0.0039101187139749,0.0488853901624679,9.453460734221151e-06,8.964233711594716e-05,99.99989318847656,1
445,445,0.002044677734375,0.00616455078125,0.0039101131260395,4.180707037448883e-06,3.800168633460999e-05,0.0039101089350879,0.0488852672278881,1.0692035175452476e-05,9.718820365378632e-05,99.99989318847656,1
446,446,0.001983642578125,0.0062255859375,0.003910104278475,3.934837877750397e-06,3.875792026519776e-05,0.0039101000875234,0.0488851480185985,1.006325510388706e-05,9.912247332977132e-05,99.99989318847656,1
447,447,0.002105712890625,0.00616455078125,0.003910094499588,4.434026777744293e-06,3.800168633460999e-05,0.0039100903086364,0.0488850250840187,1.1339948287059087e-05,9.718866203911602e-05,99.99989318847656,1
448,448,0.002105712890625,0.00634765625,0.0039100851863622,4.434026777744293e-06,4.029273986816406e-05,0.0039100805297493,0.0488849058747291,1.133997466240544e-05,0.0001030482380883,99.9998779296875,1
449,449,0.0020751953125,0.00616455078125,0.0039100754074752,4.306435585021973e-06,3.800168633460999e-05,0.0039100712165236,0.0488847866654396,1.1013688890670892e-05,9.718913497636096e-05,99.99989318847656,1
450,450,0.00213623046875,0.00628662109375,0.0039100665599107,4.563480615615845e-06,3.9521604776382446e-05,0.0039100623689591,0.04888466745615,1.1671107131405734e-05,0.0001010765481623,99.99989318847656,1
451,451,0.002166748046875,0.00653076171875,0.003910057246685,4.694797098636627e-06,4.265084862709045e-05,0.0039100525900721,0.0488845407962799,1.2006977158307564e-05,0.0001090798468794,99.9998779296875,1
452,452,0.002197265625,0.006591796875,0.0039100479334592,4.827976226806641e-06,4.3451786041259766e-05,0.0039100432768464,0.0488844178617,1.2347613846941384e-05,0.0001111285237129,99.9998779296875,1
453,453,0.002105712890625,0.00653076171875,0.0039100386202335,4.434026777744293e-06,4.265084862709045e-05,0.0039100339636206,0.0488843023777008,1.1340110177116005e-05,0.0001090803707484,99.9998779296875,1
454,454,0.002105712890625,0.00634765625,0.0039100288413465,4.434026777744293e-06,4.029273986816406e-05,0.0039100241847336,0.0488841831684112,1.1340138371451758e-05,0.0001030497151077,99.9998779296875,1
455,455,0.0020751953125,0.00634765625,0.0039100195281207,4.306435585021973e-06,4.029273986816406e-05,0.0039100148715078,0.0488840639591217,1.10138462332543e-05,0.0001030499697662,99.9998779296875,1
456,456,0.002044677734375,0.0062255859375,0.0039100097492337,4.180707037448883e-06,3.875792026519776e-05,0.0039100055582821,0.0488839447498321,1.0692318028304726e-05,9.9124874395784e-05,99.99989318847656,1
457,457,0.00201416015625,0.0062255859375,0.0039100004360079,4.056841135025024e-06,3.875792026519776e-05,0.0039099962450563,0.0488838218152523,1.0375551028118934e-05,9.912511450238526e-05,99.99989318847656,1
458,458,0.001953125,0.00604248046875,0.0039099906571209,3.814697265625e-06,3.651157021522522e-05,0.0039099864661693,0.048883706331253,9.756281542649958e-06,9.338020026916638e-05,99.99989318847656,1
459,459,0.00201416015625,0.00592041015625,0.0039099813438951,4.056841135025024e-06,3.505125641822815e-05,0.0039099771529436,0.0488835833966732,1.0375601959822234e-05,8.964558219304308e-05,99.99989318847656,1
460,460,0.001983642578125,0.00616455078125,0.0039099715650081,3.934837877750397e-06,3.800168633460999e-05,0.0039099673740565,0.0488834604620933,1.0063596164400224e-05,9.719171794131398e-05,99.99989318847656,1
461,461,0.0020751953125,0.0062255859375,0.0039099617861211,4.306435585021973e-06,3.875792026519776e-05,0.0039099575951695,0.0488833375275135,1.1014009032805916e-05,9.912608948070556e-05,99.99989318847656,1
462,462,0.00201416015625,0.0059814453125,0.0039099524728953,4.056841135025024e-06,3.577768802642822e-05,0.0039099482819437,0.0488832220435142,1.0375678357377184e-05,9.150414553005248e-05,99.99989318847656,1
463,463,0.0020751953125,0.006103515625,0.0039099431596696,4.306435585021973e-06,3.725290298461914e-05,0.003909938968718,0.0488830953836441,1.101406178349862e-05,9.52773552853614e-05,99.99989318847656,1
464,464,0.002044677734375,0.00592041015625,0.0039099338464438,4.180707037448883e-06,3.505125641822815e-05,0.0039099296554923,0.0488829724490642,1.069252539309673e-05,8.964667358668521e-05,99.99989318847656,1
465,465,0.002105712890625,0.00604248046875,0.0039099236018955,4.434026777744293e-06,3.651157021522522e-05,0.0039099194109439,0.0488828495144844,1.1340443052176852e-05,9.33818009798415e-05,99.99989318847656,1
466,466,0.00213623046875,0.0062255859375,0.0039099138230085,4.563480615615845e-06,3.875792026519776e-05,0.0039099096320569,0.0488827265799045,1.1671562788251322e-05,9.912730456562711e-05,99.99989318847656,1
467,467,0.0020751953125,0.00634765625,0.003909904975444,4.306435585021973e-06,4.029273986816406e-05,0.0039099003188312,0.0488826036453247,1.1014169103873428e-05,0.0001030529820127,99.9998779296875,1
468,468,0.002166748046875,0.00628662109375,0.0039098942652344,4.694797098636627e-06,3.9521604776382446e-05,0.0039098900742828,0.0488824769854545,1.200747738039354e-05,0.0001010810010484,99.99989318847656,1
469,469,0.00213623046875,0.00640869140625,0.00390988541767,4.563480615615845e-06,4.10713255405426e-05,0.0039098807610571,0.0488823503255844,1.1671647371258588e-05,0.0001050448336172,99.9998779296875,1
470,470,0.002105712890625,0.0062255859375,0.0039098751731216,4.434026777744293e-06,3.875792026519776e-05,0.0039098709821701,0.0488822311162948,1.1340584023855628e-05,9.912828681990504e-05,99.99989318847656,1
471,471,0.002105712890625,0.00634765625,0.0039098658598959,4.434026777744293e-06,4.029273986816406e-05,0.003909861203283,0.048882108181715,1.134061130869668e-05,0.0001030540151987,99.9998779296875,1
472,472,0.00201416015625,0.00640869140625,0.0039098560810089,4.056841135025024e-06,4.10713255405426e-05,0.003909851424396,0.0488819852471351,1.037593392538838e-05,0.0001050456121447,99.9998779296875,1
473,473,0.001983642578125,0.00628662109375,0.0039098458364605,3.934837877750397e-06,3.9521604776382446e-05,0.003909841645509,0.0488818623125553,1.0063920854008757e-05,0.0001010822525131,99.99989318847656,1
474,474,0.00201416015625,0.00640869140625,0.0039098365232348,4.056841135025024e-06,4.10713255405426e-05,0.0039098318666219,0.0488817319273948,1.0375985766586382e-05,0.0001050461360136,99.9998779296875,1
475,475,0.001983642578125,0.00634765625,0.0039098267443478,3.934837877750397e-06,4.029273986816406e-05,0.0039098220877349,0.0488816127181053,1.0063969966722652e-05,0.0001030550483847,99.9998779296875,1
476,476,0.00201416015625,0.00640869140625,0.0039098169654607,4.056841135025024e-06,4.10713255405426e-05,0.0039098123088479,0.0488814860582351,1.0376037607784385e-05,0.0001050466744345,99.9998779296875,1
477,477,0.00201416015625,0.0062255859375,0.0039098071865737,4.056841135025024e-06,3.875792026519776e-05,0.0039098029956221,0.0488813631236553,1.0376063983130734e-05,9.91300112218596e-05,99.99989318847656,1
478,478,0.002044677734375,0.00616455078125,0.0039097978733479,4.180707037448883e-06,3.800168633460999e-05,0.0039097936823964,0.0488812364637851,1.0692898285924455e-05,9.71960398601368e-05,99.99989318847656,1
479,479,0.00201416015625,0.0062255859375,0.0039097876287996,4.056841135025024e-06,3.875792026519776e-05,0.003909783437848,0.0488811135292053,1.0376115824328735e-05,9.913049871101975e-05,99.99989318847656,1
480,480,0.0020751953125,0.00628662109375,0.0039097773842513,4.306435585021973e-06,3.9521604776382446e-05,0.0039097731932997,0.0488809905946254,1.1014528354280628e-05,0.0001010840278468,99.99989318847656,1
481,481,0.002166748046875,0.006103515625,0.0039097676053643,4.694797098636627e-06,3.725290298461914e-05,0.0039097634144127,0.0488808639347553,1.2007866644125896e-05,9.528163354843856e-05,99.99989318847656,1
482,482,0.002166748046875,0.0062255859375,0.003909757360816,4.694797098636627e-06,3.875792026519776e-05,0.0039097531698644,0.0488807372748851,1.2007897566945758e-05,9.913126996252686e-05,99.99989318847656,1
483,483,0.0020751953125,0.006103515625,0.0039097480475902,4.306435585021973e-06,3.725290298461914e-05,0.0039097438566386,0.0488806143403053,1.101461111829849e-05,9.528210648568348e-05,99.99989318847656,1
484,484,0.00201416015625,0.005859375,0.0039097382687032,4.056841135025024e-06,3.4332275390625e-05,0.0039097345434129,0.0488804914057254,1.037624679156579e-05,8.781220822129399e-05,99.99990844726562,1
485,485,0.002044677734375,0.0059814453125,0.0039097284898161,4.180707037448883e-06,3.577768802642822e-05,0.0039097242988646,0.0488803647458553,1.0693087460822426e-05,9.150939149549232e-05,99.99989318847656,1
486,486,0.0020751953125,0.006103515625,0.0039097182452678,4.306435585021973e-06,3.725290298461914e-05,0.0039097140543162,0.0488802418112754,1.1014694791811053e-05,9.528283408144488e-05,99.99989318847656,1
487,487,0.002105712890625,0.006103515625,0.0039097080007195,4.434026777744293e-06,3.725290298461914e-05,0.0039097038097679,0.0488801077008247,1.1341068784531672e-05,9.528308146400376e-05,99.99989318847656,1
488,488,0.002166748046875,0.006103515625,0.0039096982218325,4.694797098636627e-06,3.725290298461914e-05,0.0039096940308809,0.0488799847662448,1.2008079465886112e-05,9.528332157060504e-05,99.99989318847656,1
489,489,0.002105712890625,0.00616455078125,0.0039096879772841,4.434026777744293e-06,3.800168633460999e-05,0.0039096837863326,0.0488798543810844,1.1341126992192583e-05,9.719876834424213e-05,99.99989318847656,1
490,490,0.00213623046875,0.00628662109375,0.0039096781983971,4.563480615615845e-06,3.9521604776382446e-05,0.0039096740074455,0.0488797277212142,1.1672265827655792e-05,0.0001010865962598,99.99989318847656,1
491,491,0.0020751953125,0.00628662109375,0.0039096679538488,4.306435585021973e-06,3.9521604776382446e-05,0.0039096637628972,0.0488796010613441,1.101483667298453e-05,0.0001010868581943,99.99989318847656,1
492,492,0.001983642578125,0.00628662109375,0.0039096581749618,3.934837877750397e-06,3.9521604776382446e-05,0.0039096539840102,0.048879474401474,1.0064403795695398e-05,0.0001010871055768,99.99989318847656,1
493,493,0.001922607421875,0.0062255859375,0.0039096483960747,3.696419298648834e-06,3.875792026519776e-05,0.0039096442051231,0.0488793477416038,9.45460851653479e-06,9.913403482642023e-05,99.99989318847656,1
494,494,0.002044677734375,0.00628662109375,0.0039096381515264,4.180707037448883e-06,3.9521604776382446e-05,0.0039096339605748,0.0488792173564434,1.0693334843381308e-05,0.0001010876294458,99.99989318847656,1
495,495,0.001983642578125,0.00665283203125,0.0039096283726394,3.934837877750397e-06,4.4260174036026e-05,0.0039096232503652,0.0488790869712829,1.0064480193250349e-05,0.0001132081379182,99.99987030029295,1
496,496,0.001953125,0.0062255859375,0.003909618128091,3.814697265625e-06,3.875792026519776e-05,0.0039096139371395,0.0488789677619934,9.757211955729872e-06,9.913479880196974e-05,99.99989318847656,1
497,497,0.002044677734375,0.00628662109375,0.0039096078835427,4.180707037448883e-06,3.9521604776382446e-05,0.0039096036925911,0.0488788411021232,1.069341760739917e-05,0.0001010884006973,99.99989318847656,1
498,498,0.0020751953125,0.00628662109375,0.0039095981046557,4.306435585021973e-06,3.9521604776382446e-05,0.0039095939137041,0.0488787069916725,1.1015034033334814e-05,0.0001010886626318,99.99989318847656,1
499,499,0.002044677734375,0.00628662109375,0.0039095873944461,4.180707037448883e-06,3.9521604776382446e-05,0.0039095832034945,0.0488785803318023,1.0693473086575978e-05,0.0001010889391181,99.99989318847656,1
0,0,319.91461181640625,594.2088623046875,45.54624938964844,102345.359375,353084.1875,0.0032976185902953,0.0403120182454586,22.47064208984375,77.52212524414062,0.0072401538491249,2
1,1,305.9564819335937,552.7391357421875,39.91632080078125,93609.3671875,305520.5625,0.0033296861220151,0.0406240634620189,23.451400756835938,76.5402603149414,0.008341665379703,2
2,2,291.635009765625,509.104736328125,34.427223205566406,85050.9765625,259187.625,0.0033647688105702,0.0409596040844917,24.70456886291504,75.28565979003906,0.009773570112884,2
3,3,276.7910461425781,463.2369384765625,29.12357711791992,76613.28125,214588.46875,0.0034027905203402,0.041315883398056,26.3062744140625,73.68204498291016,0.0116839716210961,2
4,4,261.34246826171875,415.0704650878906,24.0617790222168,68299.8828125,172283.484375,0.0034437123686075,0.0416917279362678,28.385215759277344,71.60047149658203,0.0143119618296623,2
5,5,245.2262115478516,364.5636291503906,19.307741165161133,60135.89453125,132906.640625,0.0034875352866947,0.0420866087079048,31.1460018157959,68.83592987060547,0.0180628858506679,2
6,6,228.3691253662109,311.74102783203125,14.937026977539062,52152.45703125,97182.46875,0.0035342476330697,0.0425014793872833,34.91488265991211,65.06144714355469,0.0236609857529401,2
7,7,210.6830596923828,256.7330322265625,11.033504486083984,44387.3515625,65911.8515625,0.003583783050999,0.0429419837892055,40.2296028137207,59.73790740966797,0.032480914145708,2
8,8,192.06076049804688,199.83935546875,7.685946464538574,36887.3359375,39935.76953125,0.0036359489895403,0.0433984138071537,47.99322509765625,51.95946502685547,0.0473064556717872,2
9,9,172.3837890625,141.61065673828125,4.98066520690918,29716.169921875,20053.578125,0.003690340090543,0.0438652858138084,59.66305160522461,40.26284790039063,0.0740933194756507,2
10,10,151.52703857421875,82.98199462890625,2.988391637802124,22960.443359375,6886.01123046875,0.0037462003529071,0.0443366393446922,76.83210754394531,23.04253196716309,0.1253584176301956,2
11,11,129.38796997070312,25.40606689453125,1.7424737215042114,16741.24609375,645.46826171875,0.0038022561930119,0.0448025614023208,96.07746887207033,3.704321384429932,0.2182102501392364,2
12,12,105.95188903808594,29.05645751953125,1.210864543914795,11225.802734375,844.2777099609375,0.00385657325387,0.0452478900551795,92.70899200439452,6.972519397735596,0.3184974789619446,2
13,13,81.37771606445312,77.8231201171875,1.2717835903167725,6622.33251953125,6056.43798828125,0.0039065880700945,0.0456601381301879,52.07122039794922,47.62160873413086,0.3071739673614502,2
14,14,56.082550048828125,118.1494140625,1.7144030332565308,3145.25244140625,13959.2841796875,0.0039494181983172,0.046013955026865,18.34605026245117,81.423583984375,0.230366975069046,2
15,15,30.743896484375,147.82598876953125,2.2837533950805664,945.1871948242188,21852.5234375,0.0039826002903282,0.0462870895862579,4.138744354248047,95.68687438964844,0.1743883639574051,2
16,16,6.202056884765625,165.76434326171875,2.7556331157684326,38.46551132202149,27477.818359375,0.0040047145448625,0.0464697889983654,0.1395886540412902,99.71508026123048,0.1453282833099365,2
17,17,16.681732177734375,172.14141845703125,2.995110273361206,278.2801818847656,29632.66796875,0.0040155556052923,0.0465613454580307,0.9291149377822876,98.9368133544922,0.1340703815221786,2
18,18,37.138031005859375,168.14227294921875,2.96912145614624,1379.2333984375,28271.82421875,0.0040159011259675,0.0465676933526992,4.645257472991943,95.21949005126952,0.1352555304765701,2
19,19,54.56011962890625,155.547607421875,2.721193552017212,2976.806640625,24195.05859375,0.00400713365525,0.0464987158775329,10.939340591430664,88.91340637207031,0.1472564786672592,2
20,20,68.54470825195312,136.38446044921875,2.333900690078736,4698.376953125,18600.720703125,0.0039909314364194,0.0463663563132286,20.131006240844727,79.69799041748047,0.1709983497858047,2
21,21,78.90377807617188,112.69140625,1.8964850902557373,6225.80615234375,12699.353515625,0.0039690542034804,0.0461833849549293,32.82813262939453,66.96258544921875,0.2092847526073455,2
22,22,85.64996337890625,86.37176513671875,1.4835429191589355,7335.916015625,7460.08203125,0.0039432141929864,0.045962668955326,49.44862365722656,50.28557586669922,0.2657971084117889,2
23,23,88.96188354492188,59.11676025390625,1.1448158025741575,7914.216796875,3494.791259765625,0.003914997447282,0.045716717839241,69.13091278076172,30.527103424072266,0.3419761657714844,2
24,24,89.14825439453125,32.35638427734375,0.9033204317092896,7947.4111328125,1046.935546875,0.003885825863108,0.0454573258757591,87.97998046875,11.589858055114746,0.4301713705062866,2
25,25,86.60623168945312,7.24053955078125,0.7591633200645447,7500.63916015625,52.425411224365234,0.0038569220341742,0.0451952144503593,98.80138397216795,0.6905682682991028,0.5080490112304688,2
26,26,81.78610229492188,15.3634033203125,0.6963293552398682,6688.96630859375,236.0341644287109,0.0038292955141514,0.0449397936463356,96.06037902832033,3.389691114425659,0.5499259233474731,2
27,27,75.15505981445312,34.8514404296875,0.6900942921638489,5648.283203125,1214.6229248046875,0.0038037407211959,0.0446989014744758,81.84798431396484,17.600826263427734,0.5511914491653442,2
28,28,67.16864013671875,50.849609375,0.7135117053985596,4511.6259765625,2585.682861328125,0.0037808464840054,0.0444787144660949,63.23127746582031,36.23882675170898,0.5298926830291748,2
29,29,58.24899291992188,63.1802978515625,0.7422305345535278,3392.945068359375,3991.75,0.0037610102444887,0.0442837625741958,45.71281814575195,53.780460357666016,0.5067172646522522,2
30,30,48.77386474609375,71.8212890625,0.7574632167816162,2378.889892578125,5158.29736328125,0.0037444676272571,0.044117048382759,31.406009674072266,68.09963989257812,0.4943431913852691,2
31,31,39.0684814453125,76.87396240234375,0.7473264932632446,1526.34619140625,5909.60595703125,0.003731311764568,0.0439801663160324,20.424087524414062,79.07662200927734,0.4992880523204803,2
32,32,29.408233642578125,78.5302734375,0.7069063186645508,864.8441772460938,6167.00390625,0.0037215217016637,0.0438735373318195,12.234211921691896,87.23933410644531,0.5264518857002258,2
33,33,20.020233154296875,77.05450439453125,0.637535572052002,400.8097229003906,5937.396484375,0.003714983118698,0.0437965616583824,6.286860466003418,93.13043212890624,0.5827099680900574,2
34,34,11.0885009765625,72.76922607421875,0.5455430150032043,122.9548568725586,5295.3603515625,0.0037115011364221,0.0437477715313434,2.253806829452514,97.06585693359376,0.6803315281867981,2
35,35,2.761322021484375,66.04486083984375,0.4406656622886657,7.624899387359619,4361.923828125,0.0037108119577169,0.0437249615788459,0.1730313897132873,98.98487854003906,0.8420923948287964,2
36,36,4.8441162109375,57.294189453125,0.334321528673172,23.46546173095703,3282.6240234375,0.0037125945091247,0.0437253415584564,0.70188307762146,98.18762969970705,1.1104862689971924,2
37,37,11.636184692382812,46.96954345703125,0.2378703504800796,135.40078735351562,2206.137939453125,0.0037164743989706,0.0437456034123897,5.692209243774414,92.74539184570312,1.5623949766159058,2
38,38,17.545089721679688,35.55718994140625,0.1609364151954651,307.8301696777344,1264.313720703125,0.0037220316007733,0.0437819845974445,19.12744140625,78.5598373413086,2.3127341270446777,2
39,39,22.519851684570312,23.5701904296875,0.1099985688924789,507.1437072753906,555.5538940429688,0.0037288083694875,0.0438304208219051,46.10457229614258,50.50555419921875,3.3898699283599854,2
40,40,26.5279541015625,11.539306640625,0.0874251201748848,703.7323608398438,133.1555938720703,0.0037363215815275,0.043886661529541,80.49543762207031,15.230816841125488,4.273738861083984,2
41,41,29.5540771484375,0.01043701171875,0.0910884365439415,873.4434814453125,0.0001089312136173,0.0037440806627273,0.0439464300870895,95.88961029052734,1.1958840332226828e-05,4.110379695892334,2
42,42,31.601608276367188,10.57830810546875,0.1148078292608261,998.66162109375,111.90060424804688,0.0037516085430979,0.0440055802464485,86.98548889160156,9.746774673461914,3.267728805541992,2
43,43,32.69319152832031,19.719482421875,0.1495287418365478,1068.8447265625,388.8580017089844,0.0037584705278277,0.0440603643655777,71.48088836669922,26.00556945800781,2.5135438442230225,2
44,44,32.87107849121094,27.071533203125,0.1851018667221069,1080.5078125,732.867919921875,0.0037642950192093,0.0441075898706913,58.37368392944336,39.59267807006836,2.033634185791016,2
45,45,32.19744873046875,32.38134765625,0.2122915238142013,1036.6756591796875,1048.5516357421875,0.003768803551793,0.044144831597805,48.8326416015625,49.39205932617188,1.7752962112426758,2
46,46,30.752487182617188,35.52008056640625,0.224510982632637,945.7154541015624,1261.6761474609375,0.0037718252278864,0.0441705361008644,42.12335205078125,56.19662857055664,1.680018186569214,2
47,47,28.632125854492188,36.49298095703125,0.2189269363880157,819.7986450195312,1331.7376708984375,0.0037733023054897,0.044184111058712,37.44622039794922,60.83023071289063,1.7235441207885742,2
48,48,25.94468688964844,35.4293212890625,0.1966096311807632,673.1267700195312,1255.23681640625,0.0037732878699898,0.0441858135163784,34.23670959472656,63.84410858154297,1.919177532196045,2
49,49,22.805877685546875,32.56878662109375,0.1618553102016449,520.1080322265625,1060.725830078125,0.0037719337269663,0.0441767461597919,32.134132385253906,65.53543853759766,2.330435514450073,2
50,50,19.336395263671875,28.23223876953125,0.1208650097250938,373.8961791992188,797.059326171875,0.0037694624625146,0.0441585816442966,30.935022354125977,65.94623565673828,3.1187376976013184,2
51,51,15.655731201171877,22.798095703125,0.0802516564726829,245.10191345214844,519.753173828125,0.0037661513779312,0.0441334806382656,30.541662216186523,64.76541137695312,4.692926406860352,2
52,52,11.881118774414062,16.66766357421875,0.0456594973802566,141.16098022460938,277.8110046386719,0.0037622998934239,0.044103804975748,30.916013717651367,60.84407424926758,8.239906311035156,2
53,53,8.123077392578125,10.24163818359375,0.0208457633852958,65.98438262939453,104.89115142822266,0.0037582099903374,0.0440719872713089,31.65361595153809,50.31772994995117,18.02865028381348,2
54,54,4.483245849609375,3.89251708984375,0.007279279641807,20.0994930267334,15.151689529418944,0.0037541612982749,0.044040311127901,27.61192321777344,20.8148193359375,51.5732536315918,2
55,55,1.052093505859375,2.04864501953125,0.0042807850986719,1.106900691986084,4.196946620941162,0.003750400384888,0.0440108180046081,2.585742235183716,9.80415153503418,87.610107421875,2
56,56,2.09124755859375,7.30841064453125,0.0095257461071014,4.373316287994385,53.412864685058594,0.0037471284158527,0.0439852029085159,4.591048717498779,56.07210540771485,39.33684921264648,2
57,57,4.882415771484375,11.67584228515625,0.019760824739933,23.837984085083008,136.32528686523438,0.0037444974295794,0.0439647398889064,12.06325340270996,68.9876480102539,18.949094772338867,2
58,58,7.27154541015625,15.00830078125,0.0315550491213798,52.87537384033203,225.2490997314453,0.0037426012568175,0.0439502447843551,16.756549835205078,71.38290405273438,11.860546112060549,2
59,59,9.22344970703125,17.22821044921875,0.0419298149645328,85.072021484375,296.8112487792969,0.0037414887920022,0.0439421385526657,20.28914833068848,70.78763580322266,8.9232177734375,2
60,60,10.717864990234377,18.32061767578125,0.0487929172813892,114.87262725830078,335.64501953125,0.0037411553785204,0.0439403727650642,23.542888641357425,68.7896957397461,7.667414665222168,2
61,61,11.749481201171877,18.3277587890625,0.0511372610926628,138.05030822753906,335.90673828125,0.0037415563128888,0.0439445599913597,26.99603080749512,65.68727111816406,7.31669282913208,2
62,62,12.32696533203125,17.34228515625,0.0490134991705417,151.95407104492188,300.7548522949219,0.0037426073104143,0.043953962624073,31.00249481201172,61.36163330078125,7.635870456695557,2
63,63,12.47113037109375,15.5008544921875,0.0433247536420822,155.5290985107422,240.2764892578125,0.0037441954482346,0.0439675785601139,35.898433685302734,55.45939636230469,8.642162322998047,2
64,64,12.214935302734377,12.97174072265625,0.03549325466156,149.20465087890625,168.26605224609375,0.0037461835891008,0.0439842417836189,42.03746795654297,47.40789413452149,10.554636001586914,2
65,65,11.599639892578123,9.94757080078125,0.0270990002900362,134.55165100097656,98.95416259765624,0.0037484194617718,0.0440026223659515,49.651885986328125,36.51579666137695,13.832315444946287,2
66,66,10.676177978515623,6.6337890625,0.01954953558743,113.98077392578124,44.00715637207031,0.0037507424131035,0.0440213680267334,58.30356979370117,22.51058959960937,19.18583869934082,2
67,67,9.499481201171877,3.240966796875,0.0138273956254124,90.24014282226562,10.503866195678713,0.0037529952824115,0.0440391451120376,65.26184844970703,7.59641695022583,27.14173889160156,2
68,68,8.12957763671875,0.03289794921875,0.0103641413152217,66.09003448486328,0.0010822750627994,0.0037550302222371,0.0440547168254852,63.767974853515625,0.0010442496277391,36.2309799194336,2
69,69,6.6273193359375,3.007080078125,0.0090531064197421,43.92136001586914,9.04253101348877,0.0037567177787423,0.0440670549869537,48.515235900878906,9.98831844329834,41.4964485168457,2
70,70,5.052947998046875,5.5303955078125,0.0093697123229503,25.532283782958984,30.58527374267578,0.0037579562049359,0.0440753400325775,27.24980354309082,32.642704010009766,40.10749053955078,2
71,71,3.464141845703125,7.48858642578125,0.0105665940791368,12.00027847290039,56.07892608642578,0.0037586737889796,0.0440790355205535,11.356807708740234,53.0718994140625,35.5712890625,2
72,72,1.91455078125,8.80999755859375,0.0118869934231042,3.665504693984986,77.61605834960938,0.0037588374689221,0.0440779328346252,3.083626270294189,65.2949447631836,31.62143325805664,2
73,73,0.45123291015625,9.467041015625,0.0127412974834442,0.203611135482788,89.62486267089844,0.0037584505043923,0.0440721288323402,0.1598040759563446,70.34202575683594,29.498178482055664,2
74,74,0.885589599609375,9.47601318359375,0.0128154596313834,0.7842689156532288,89.7948226928711,0.0037575513124465,0.0440620258450508,0.6119709610939026,70.06757354736328,29.320457458496094,2
75,75,2.063995361328125,8.89385986328125,0.0120922932401299,4.260076999664307,79.10074615478516,0.003756210906431,0.0440482981503009,3.5229687690734863,65.4141845703125,31.06285095214844,2
76,76,3.05963134765625,7.80859375,0.0107880728319287,9.36134433746338,60.97413635253906,0.0037545249797403,0.0440318100154399,8.677494049072266,56.51995086669922,34.80255508422852,2
77,77,3.8570556640625,6.33392333984375,0.0092521533370018,14.87687873840332,40.11858367919922,0.0037526078522205,0.0440135821700096,16.079368591308594,43.36134338378906,40.55929183959961,2
78,78,4.448974609375,4.599365234375,0.0078453356400132,19.79337501525879,21.15416145324707,0.0037505822256207,0.0439946986734867,25.229480743408203,26.96399688720703,47.806522369384766,2
79,79,4.834991455078125,2.7369384765625,0.0068353684619069,23.37714195251465,7.490832328796387,0.0037485708016902,0.0439762473106384,34.20026779174805,10.958930015563965,54.84080505371094,2
80,80,5.022003173828125,0.87750244140625,0.0063457414507865,25.220516204833984,0.7700105309486389,0.0037466888315975,0.043959230184555,39.74400329589844,1.2134287357330322,59.04256820678711,2
81,81,5.022705078125,0.8621826171875,0.0063421293161809,25.22756576538086,0.743358850479126,0.0037450366653501,0.0439445003867149,39.77775192260742,1.172096610069275,59.05014801025391,2
82,82,4.853973388671875,2.381591796875,0.006666999310255,23.561058044433597,5.671979427337647,0.0037436955608427,0.0439327731728553,35.33982467651367,8.50754451751709,56.15262985229492,2
83,83,4.5374755859375,3.60516357421875,0.0071013113483786,20.58868408203125,12.997204780578612,0.0037427225615829,0.0439245104789733,28.99279022216797,18.30254173278809,52.70466613769531,2
84,84,4.09710693359375,4.48095703125,0.0074286763556301,16.786285400390625,20.078975677490234,0.0037421504966914,0.0439199805259704,22.596603393554688,27.02900695800781,50.3743896484375,2
85,85,3.558563232421875,4.98504638671875,0.0074933907017111,12.663372039794922,24.85068702697754,0.0037419844884425,0.0439191907644271,16.89938735961914,33.163475036621094,49.9371337890625,2
86,86,2.94879150390625,5.11749267578125,0.0072306198999285,8.695371627807617,26.1887321472168,0.0037422091700136,0.0439219623804092,12.025761604309082,36.21920776367188,51.75502395629883,2
87,87,2.294677734375,4.90338134765625,0.0066736526787281,5.265545845031738,24.043148040771484,0.0037427833303809,0.0439278930425643,7.890050888061523,36.0269660949707,56.08298110961914,2
88,88,1.622528076171875,4.38702392578125,0.0059315068647265,2.6325974464416504,19.24597930908203,0.0037436492275446,0.043936438858509,4.438328266143799,32.4470329284668,63.11464309692383,2
89,89,0.95684814453125,3.62799072265625,0.0051525244489312,0.915558397769928,13.16231632232666,0.0037447372451424,0.0439469367265701,1.7769122123718262,25.545373916625977,72.67771911621094,2
90,90,0.31988525390625,2.69818115234375,0.004484218545258,0.1023265719413757,7.280181407928467,0.0037459675222635,0.0439586490392684,0.2281926274299621,16.235116958618164,83.53668212890625,2
91,91,0.26800537109375,1.67510986328125,0.0040350370109081,0.0718268752098083,2.80599308013916,0.0037472550757229,0.043970800936222,0.178007960319519,6.954070091247559,92.867919921875,2
92,92,0.7911376953125,0.6341552734375,0.0038513259496539,0.6258988380432129,0.4021528959274292,0.0037485207431018,0.0439826622605323,1.625151515007019,1.0441932678222656,97.33065032958984,2
93,93,1.23577880859375,0.35205078125,0.0039147976785898,1.527149319648743,0.1239397525787353,0.0037496886216104,0.0439935512840747,3.900966167449951,0.3165929913520813,95.78243255615234,2
94,94,1.592926025390625,1.221435546875,0.0041536269709467,2.5374133586883545,1.4919047355651855,0.0037506953813135,0.044002890586853,6.108910083770752,3.5918121337890625,90.29928588867188,2
95,95,1.857635498046875,1.92425537109375,0.0044668489135801,3.4508097171783447,3.7027587890625,0.0037514921277761,0.0440102517604827,7.725378036499023,8.289420127868652,83.9852066040039,2
96,96,2.027801513671875,2.42523193359375,0.0047514182515442,4.111979007720947,5.881750106811523,0.0037520453333854,0.0440153293311595,8.654213905334473,12.378934860229492,78.96685028076172,2
97,97,2.10614013671875,2.7083740234375,0.0049294540658593,4.435826301574707,7.33528995513916,0.0037523424252867,0.0440180227160453,8.998616218566895,14.880532264709473,76.120849609375,2
98,98,2.097564697265625,2.77264404296875,0.0049611176364123,4.399777889251709,7.687554836273193,0.0037523841019719,0.0440183505415916,8.868521690368652,15.495610237121582,75.6358642578125,2
99,99,2.010406494140625,2.6336669921875,0.0048499852418899,4.041734218597412,6.936202049255371,0.0037521915510296,0.0440164916217327,8.333498001098633,14.301490783691406,77.3650131225586,2
100,100,1.85528564453125,2.32073974609375,0.0046345870941877,3.442084789276123,5.385832786560059,0.0037517952732741,0.0440127551555633,7.426950454711914,11.620954513549805,80.95209503173828,2
101,101,1.6439208984375,1.87066650390625,0.0043714265339076,2.702476024627685,3.4993932247161865,0.0037512397393584,0.0440075322985649,6.182137489318848,8.00515079498291,85.81271362304688,2
102,102,1.389862060546875,1.32904052734375,0.0041203796863555,1.931716561317444,1.7663487195968628,0.0037505733780562,0.0440012738108634,4.6882004737854,4.286859035491943,91.0249481201172,2
103,103,1.10650634765625,0.7420654296875,0.0039273495785892,1.2243562936782837,0.5506610870361328,0.0037498478777706,0.043994452804327,3.1175127029418945,1.4021188020706177,95.4803695678711,2
104,104,0.807342529296875,0.15826416015625,0.0038168001919984,0.6518019437789917,0.0250475443899631,0.003749115159735,0.0439875461161136,1.7077181339263916,0.0656244605779647,98.22665405273438,2
105,105,0.505401611328125,0.38116455078125,0.0037884947378188,0.2554307878017425,0.1452864110469818,0.0037484229542315,0.0439809896051883,0.6742275953292847,0.3834937512874603,98.94227600097656,2
106,106,0.212554931640625,0.841064453125,0.0038230663631111,0.0451795980334281,0.7073894143104553,0.0037478096783161,0.0439751371741294,0.1181763261556625,1.850319504737854,98.03150939941406,2
107,107,0.060760498046875,1.19622802734375,0.0038907714188098,0.0036918381229043,1.4309614896774292,0.0037473060656338,0.0439702905714511,0.0094887046143412,3.677834510803223,96.31267547607422,2
108,108,0.305755615234375,1.42822265625,0.0039602639153599,0.0934864953160286,2.0398199558258057,0.0037469333037734,0.0439666360616683,0.2360612899065017,5.150717258453369,94.61322784423828,2
109,109,0.5157470703125,1.53302001953125,0.0040083150379359,0.2659950256347656,2.350150346755981,0.0037467004731297,0.0439642667770385,0.6636080741882324,5.863187313079834,93.47320556640624,2
110,110,0.6856689453125,1.51397705078125,0.0040228334255516,0.4701418876647949,2.292126417160034,0.003746606875211,0.043963186442852,1.168683409690857,5.69779109954834,93.13352966308594,2
111,111,0.81207275390625,1.3839111328125,0.0040041101165115,0.6594621539115906,1.915210008621216,0.0037466429639607,0.0439633093774318,1.646963119506836,4.78311014175415,93.56993103027344,2
112,112,0.894317626953125,1.1619873046875,0.0039617926813662,0.7998040318489075,1.3502144813537598,0.0037467908114194,0.0439644902944564,2.0187933444976807,3.408089637756348,94.5731201171875,2
113,113,0.93292236328125,0.8748779296875,0.0039106025360524,0.8703441619873047,0.765411376953125,0.0037470269016921,0.0439665056765079,2.2256011962890625,1.957272171974182,95.81712341308594,2
114,114,0.930633544921875,0.54852294921875,0.0038640196435153,0.866078794002533,0.3008774220943451,0.0037473239935934,0.0439691245555877,2.2413933277130127,0.7786643505096436,96.97994232177734,2
115,115,0.890716552734375,0.21270751953125,0.0038315160199999,0.7933759689331055,0.0452444888651371,0.0037476541474461,0.0439720824360847,2.0706582069396973,0.118085078895092,97.81126403808594,2
116,116,0.8184814453125,0.10748291015625,0.0038161354605108,0.6699118614196777,0.0115525759756565,0.0037479889579117,0.0439751297235488,1.75547194480896,0.0302729699760675,98.21424865722656,2
117,117,0.7196044921875,0.387939453125,0.0038151366170495,0.5178306102752686,0.150497019290924,0.0037483037449419,0.0439780429005622,1.3573055267333984,0.3944734632968902,98.24822235107422,2
118,118,0.60040283203125,0.6116943359375,0.0038220442365854,0.3604835569858551,0.3741699457168579,0.0037485789507627,0.0439806431531906,0.9431694746017456,0.9789785146713256,98.07785034179688,2
119,119,0.467681884765625,0.76544189453125,0.0038292605895549,0.2187263518571853,0.5859013199806213,0.0037487978115677,0.0439827591180801,0.5711973309516907,1.5300637483596802,97.89874267578124,2
120,120,0.328033447265625,0.8428955078125,0.0038307593204081,0.107605941593647,0.710472822189331,0.0037489514797925,0.0439843088388443,0.2808997631072998,1.854652762413025,97.86444854736328,2
121,121,0.188385009765625,0.84674072265625,0.0038242829032242,0.035488910973072,0.7169698476791382,0.0037490371614694,0.0439852550625801,0.0927988588809967,1.8747823238372805,98.03241729736328,2
122,122,0.053741455078125,0.78289794921875,0.0038106383290141,0.0028881439939141,0.6129292249679565,0.0037490567192435,0.0439856201410293,0.0075791603885591,1.608468532562256,98.38395690917967,2
123,123,0.070343017578125,0.66241455078125,0.0037933920975774,0.0049481401219964,0.4387930333614349,0.0037490180693566,0.0439854562282562,0.0130441039800643,1.1567299365997314,98.83023071289062,2
124,124,0.17950439453125,0.500244140625,0.0037771784700453,0.0322218276560306,0.2502442002296448,0.0037489319220185,0.0439848452806472,0.0853066071867942,0.662516176700592,99.2521743774414,2
125,125,0.27020263671875,0.3134765625,0.0037659390363842,0.0730094611644744,0.0982675552368164,0.0037488113157451,0.043983906507492,0.19386787712574,0.2609377205371856,99.54519653320312,2
126,126,0.3406982421875,0.1197509765625,0.0037617131602019,0.1160752922296524,0.0143402963876724,0.0037486716173589,0.0439827740192413,0.3085702955722809,0.0381217151880264,99.65331268310548,2
127,127,0.38983154296875,0.06536865234375,0.0037641513627022,0.151968628168106,0.004273060709238,0.0037485272623598,0.0439815670251846,0.4037261605262756,0.0113519886508584,99.58492279052734,2
128,128,0.416778564453125,0.228515625,0.0037709816824644,0.1737043708562851,0.0522193908691406,0.0037483894266188,0.04398038610816,0.4606343805789947,0.1384769082069397,99.40088653564452,2
129,129,0.42315673828125,0.3568115234375,0.0037789077032357,0.179061621427536,0.1273144632577896,0.0037482702173292,0.0439793467521667,0.4738448560237884,0.3369081020355224,99.1892547607422,2
130,130,0.41009521484375,0.44439697265625,0.0037847445346415,0.1681780815124511,0.1974886655807495,0.0037481777835637,0.043978501111269,0.4443578422069549,0.5218018293380737,99.0338363647461,2
131,131,0.380340576171875,0.487548828125,0.0037863517645746,0.1446589529514312,0.2377038598060608,0.0037481153849512,0.0439779050648212,0.3820536434650421,0.6277912855148315,98.99015808105467,2
132,132,0.3363037109375,0.486572265625,0.0037830709479749,0.1131001859903335,0.2367525696754455,0.0037480858154594,0.0439775772392749,0.2989639639854431,0.6258211135864258,99.0752182006836,2
133,133,0.281402587890625,0.4456787109375,0.0037758671678602,0.0791874155402183,0.1986295133829116,0.0037480853497982,0.0439774952828884,0.2097198069095611,0.5260500311851501,99.26422882080078,2
134,134,0.219207763671875,0.37200927734375,0.0037667551077902,0.048052042722702,0.1383908987045288,0.003748110961169,0.0439776293933391,0.1275687962770462,0.3674008548259735,99.50503540039062,2
135,135,0.153045654296875,0.274169921875,0.0037580158095806,0.023422971367836,0.0751691460609436,0.0037481565959751,0.0439779311418533,0.0623280256986618,0.2000235021114349,99.7376480102539,2
136,136,0.086151123046875,0.16424560546875,0.0037516530137509,0.0074220160022377,0.0269766189157962,0.0037482131738215,0.0439783334732055,0.0197833217680454,0.0719059482216835,99.90830993652344,2
137,137,0.021881103515625,0.0509033203125,0.0037485812790691,0.0004787826910614,0.0025911480188369,0.0037482741754502,0.043978776782751,0.0012772369664162,0.0069123422726988,99.99181365966795,2
138,138,0.03741455078125,0.05474853515625,0.0037487710360437,0.0013998486101627,0.0029974021017551,0.0037483314517885,0.0439791977405548,0.0037341534625738,0.0079956920817494,99.98827362060548,2
139,139,0.08941650390625,0.146240234375,0.003751317737624,0.0079953111708164,0.0213862061500549,0.0037483796477317,0.0439795479178428,0.021313339471817,0.0570098534226417,99.9216766357422,2
140,140,0.13250732421875,0.2152099609375,0.0037548004183918,0.0175581909716129,0.0463153272867202,0.0037484131753444,0.043979775160551,0.0467619821429252,0.1233496367931366,99.82988739013672,2
141,141,0.165435791015625,0.25982666015625,0.0037579173222184,0.0273690000176429,0.0675098896026611,0.0037484294734895,0.0439798720180988,0.0728302374482154,0.1796470731496811,99.74752807617188,2
142,142,0.18798828125,0.2769775390625,0.0037596332840621,0.0353395938873291,0.0767165571451187,0.0037484276108443,0.0439798235893249,0.0939974412322044,0.2040532827377319,99.7019500732422,2
143,143,0.19976806640625,0.26904296875,0.0037596377078443,0.0399072803556919,0.0723841190338134,0.0037484085187315,0.04397963732481,0.1061466187238693,0.1925295144319534,99.70132446289062,2
144,144,0.200897216796875,0.23760986328125,0.0037580567877739,0.040359690785408,0.0564584471285343,0.0037483749911189,0.0439793393015861,0.1073951125144958,0.1502330899238586,99.74237060546876,2
145,145,0.192779541015625,0.1878662109375,0.0037555757444351,0.0371639505028724,0.0352937132120132,0.003748329821974,0.0439789481461048,0.0989567264914512,0.0939768403768539,99.80706024169922,2
146,146,0.17694091796875,0.12579345703125,0.0037529922556132,0.0313080884516239,0.0158239938318729,0.0037482790648937,0.0439785197377204,0.0834216699004173,0.0421636737883091,99.8744125366211,2
147,147,0.15411376953125,0.05914306640625,0.0037509521935135,0.0237510539591312,0.003497902303934,0.0037482273764908,0.0439780950546264,0.0633200630545616,0.0093253711238503,99.92735290527344,2
148,148,0.126708984375,0.00762939453125,0.0037497910670936,0.0160551667213439,5.820766091346741e-05,0.0037481796462088,0.0439777113497257,0.0428161658346653,0.0001552290777908,99.95702362060548,2
149,149,0.0963134765625,0.06732177734375,0.003749520285055,0.0092762857675552,0.0045322217047214,0.0037481393665075,0.0439774021506309,0.0247399266809225,0.0120874708518385,99.96317291259766,2
150,150,0.064361572265625,0.11602783203125,0.003749870462343,0.0041424119845032,0.0134624578058719,0.0037481100298464,0.0439771860837936,0.0110468128696084,0.0359011255204677,99.95305633544922,2
151,151,0.032501220703125,0.1500244140625,0.0037504511419683,0.0010563293471932,0.0225073248147964,0.0037480946630239,0.0439770929515361,0.0028165394905954,0.0600123144686222,99.93717193603516,2
152,152,0.00238037109375,0.1676025390625,0.003750902833417,5.666166543960571e-06,0.0280906111001968,0.00374809326604,0.0439771190285682,1.5106140381249132e-05,0.0748902633786201,99.9250946044922,2
153,153,0.024444580078125,0.1690673828125,0.0037510229740291,0.0005975374951958,0.0285837799310684,0.0037481046747416,0.0439772605895996,0.0015929987421259,0.0762026235461235,99.92219543457033,2
154,154,0.0474853515625,0.15576171875,0.0037507785018533,0.0022548586130142,0.0242617130279541,0.0037481270264834,0.0439774915575981,0.0060117081739008,0.064684472978115,99.92930603027344,2
155,155,0.066192626953125,0.130126953125,0.0037502895575016,0.0043814638629555,0.0169330239295959,0.003748157992959,0.0439777895808219,0.0116830011829733,0.0451512448489666,99.9431610107422,2
156,156,0.07940673828125,0.095947265625,0.0037497454322874,0.0063054300844669,0.0092058777809143,0.0037481943145394,0.0439781248569488,0.0168156214058399,0.0245506726205348,99.95863342285156,2
157,157,0.08746337890625,0.0557861328125,0.0037493086419999,0.0076498426496982,0.0031120926141738,0.0037482322659343,0.0439784750342369,0.0204033404588699,0.0083004441112279,99.9712905883789,2
158,158,0.089935302734375,0.0155029296875,0.0037491004914045,0.0080883586779236,0.0002403408288955,0.0037482676561921,0.0439787879586219,0.0215741302818059,0.0006410626810975,99.977783203125,2
159,159,0.088043212890625,0.022216796875,0.0037491212133318,0.0077516073361039,0.000493586063385,0.0037482967600226,0.0439790375530719,0.0206757970154285,0.0013165379641577,99.97801208496094,2
160,160,0.0821533203125,0.0528564453125,0.0037492720875889,0.0067491680383682,0.0027938038110733,0.0037483177147805,0.043979212641716,0.0180012751370668,0.0074515896849334,99.97454071044922,2
161,161,0.07232666015625,0.076904296875,0.0037494439166039,0.0052311457693576,0.0059142708778381,0.0037483293563127,0.0439793020486831,0.0139517914503812,0.0157737266272306,99.97027587890624,2
162,162,0.05975341796875,0.0899658203125,0.0037494963034987,0.0035704709589481,0.008093848824501,0.003748329821974,0.0439792871475219,0.0095225358381867,0.0215864963829517,99.9688949584961,2
163,163,0.04541015625,0.0916748046875,0.0037493663839995,0.0020620822906494,0.0084042698144912,0.0037483195774257,0.043979175388813,0.0054998151026666,0.0224151723086833,99.97208404541016,2
164,164,0.030181884765625,0.0875244140625,0.003749158931896,0.0009109461680054,0.0076605230569839,0.0037483018822968,0.0439789965748786,0.0024297344498336,0.0204326417297124,99.97714233398438,2
165,165,0.014739990234375,0.07373046875,0.0037488406524062,0.0002172673121094,0.0054361820220947,0.0037482753396034,0.0439787358045578,0.0005795586621388,0.0145009672269225,99.98491668701172,2
166,166,9.1552734375e-05,0.05377197265625,0.003748532384634,8.381903171539307e-09,0.0028914250433444,0.0037482432089746,0.0439784303307533,2.2360492124562373e-08,0.0077134850434958,99.9922866821289,2
167,167,0.013763427734375,0.030029296875,0.0037483177147805,0.0001894319429993,0.0009017586708068,0.0037482087500393,0.043978102505207,0.0005053785862401,0.0024057689588516,99.9970932006836,2
168,168,0.025482177734375,0.00592041015625,0.0037482432089746,0.0006493413820862,3.505125641822815e-05,0.0037481747567653,0.0439777821302413,0.0017323886277154,9.351382323075086e-05,99.99817657470705,2
169,169,0.035125732421875,0.01727294921875,0.0037482965271919,0.0012338170781731,0.0002983547747135,0.0037481433246284,0.0439774915575981,0.0032916741911321,0.0007959742797538,99.99591064453124,2
170,170,0.041717529296875,0.03662109375,0.0037484250497072,0.0017403522506356,0.0013411045074462,0.0037481170147657,0.0439772456884384,0.0046428893692791,0.0035777811426669,99.99178314208984,2
171,171,0.045562744140625,0.0516357421875,0.0037485703360289,0.002075963653624,0.0026662498712539,0.0037480960600078,0.0439770519733428,0.005538014229387,0.0071127112023532,99.98734283447266,2
172,172,0.047088623046875,0.05841064453125,0.0037486471701413,0.0022173384204506,0.003411803394556,0.0037480844184756,0.0439769476652145,0.0059150364249944,0.0091014252975583,99.9849853515625,2
173,173,0.046783447265625,0.05999755859375,0.0037486585788428,0.0021886909380555,0.0035997070372104,0.0037480797618627,0.0439769066870212,0.0058385976590216,0.0096026537939906,99.98455810546876,2
174,174,0.04461669921875,0.05859375,0.0037486217916011,0.0019906498491764,0.0034332275390625,0.0037480792962014,0.0439769029617309,0.0053103510290384,0.0091586392372846,99.98552703857422,2
175,175,0.040496826171875,0.05279541015625,0.0037485260982066,0.001639992929995,0.0027873553335666,0.003748083487153,0.0439769476652145,0.0043750340119004,0.0074358694255352,99.98818969726562,2
176,176,0.034393310546875,0.04217529296875,0.0037483889609575,0.0011828998103737,0.0017787553369998,0.0037480928003787,0.0439770370721817,0.0031557553447782,0.0047453860752284,99.99209594726562,2
177,177,0.02703857421875,0.02874755859375,0.0037482611369341,0.0007310844957828,0.000826422125101,0.0037481053732335,0.0439771637320518,0.0019504630472511,0.0022048146929591,99.99584197998048,2
178,178,0.019134521484375,0.01318359375,0.0037481747567653,0.000366129912436,0.000173807144165,0.003748120740056,0.0439773090183734,0.000976821873337,0.0004637114179786,99.9985580444336,2
179,179,0.011016845703125,0.00103759765625,0.0037481463514268,0.0001213708892464,1.0766088962554932e-06,0.0037481342442333,0.0439774394035339,0.0003238157660234,2.872376853702008e-06,99.99967956542967,2
180,180,0.00347900390625,0.01300048828125,0.0037481635808944,1.210346817970276e-05,0.0001690126955509,0.0037481454201042,0.0439775474369525,3.229172943974845e-05,0.0004509213322307,99.99951934814452,2
181,181,0.00335693359375,0.020751953125,0.0037481971085071,1.126900315284729e-05,0.0004306435585021,0.0037481528706848,0.0439776256680488,3.006512633874081e-05,0.0011489351745694,99.99881744384766,2
182,182,0.008636474609375,0.02545166015625,0.0037482287734746,7.458869367837906e-05,0.0006477870047092,0.0037481565959751,0.0439776629209518,0.0001989971642615,0.0017282482003793,99.99807739257812,2
183,183,0.012664794921875,0.0267333984375,0.0037482443731278,0.0001603970304131,0.0007146745920181,0.0037481568288058,0.0439776703715324,0.0004279257555026,0.0019066914683207,99.99766540527344,2
184,184,0.015228271484375,0.02581787109375,0.0037482441402971,0.0002319002524018,0.0006665624678134,0.0037481542676687,0.0439776480197906,0.0006186903337948,0.0017783326329663,99.9976043701172,2
185,185,0.01678466796875,0.0234375,0.0037482324987649,0.0002817250788211,0.00054931640625,0.0037481493782252,0.0439776107668876,0.0007516211480833,0.0014655344421043,99.9977798461914,2
186,186,0.0169677734375,0.01849365234375,0.0037482043262571,0.0002879053354263,0.0003420151770114,0.0037481412291526,0.0439775362610816,0.0007681153947487,0.0009124773787334,99.99832153320312,2
187,187,0.016448974609375,0.01287841796875,0.0037481745239347,0.0002705687656998,0.0001658536493778,0.0037481309846043,0.0439774468541145,0.0007218680693767,0.0004424917860887,99.99884033203124,2
188,188,0.01531982421875,0.0052490234375,0.0037481456529349,0.0002346970140933,2.755224704742432e-05,0.0037481193430721,0.0439773388206958,0.0006261683302,7.350901432801038e-05,99.99929809570312,2
189,189,0.013671875,0.002197265625,0.0037481258623301,0.0001869201660156,4.827976226806641e-06,0.0037481067702174,0.0439772233366966,0.0004987029824405,1.2881041584478226e-05,99.99949645996094,2
190,190,0.01129150390625,0.009033203125,0.0037481146864593,0.0001274980604648,8.159875869750977e-05,0.0037480937317013,0.0439771115779876,0.0003401658323127,0.000217706139665,99.99944305419922,2
191,191,0.0084228515625,0.01483154296875,0.0037481114268302,7.094442844390869e-05,0.0002199746668338,0.0037480825558304,0.0439770072698593,0.0001892804721137,0.0005868946900591,99.99922943115234,2
192,192,0.00543212890625,0.01861572265625,0.003748110961169,2.950802445411682e-05,0.0003465451300144,0.0037480732426047,0.0439769178628921,7.872771675465629e-05,0.0009245860273949,99.99899291992188,2
193,193,0.00250244140625,0.021484375,0.0037481116596609,6.2622129917144775e-06,0.0004615783691406,0.0037480648607015,0.0439768359065055,1.6707648683222942e-05,0.0012314957566559,99.9987564086914,2
194,194,0.000701904296875,0.0224609375,0.0037481084000319,4.926696419715881e-07,0.0005044937133789,0.0037480578757822,0.0439767688512802,1.314448695666215e-06,0.0013459954643622,99.99864959716795,2
195,195,0.00323486328125,0.022216796875,0.0037481030449271,1.0464340448379517e-05,0.000493586063385,0.003748052753508,0.0439767241477966,2.791903170873411e-05,0.0013168955920264,99.9986572265625,2
196,196,0.005584716796875,0.02093505859375,0.0037480955943465,3.118906170129776e-05,0.0004382766783237,0.0037480487953871,0.0439766868948936,8.321308996528387e-05,0.0011693316046148,99.9987564086914,2
197,197,0.00762939453125,0.01788330078125,0.0037480844184756,5.820766091346741e-05,0.0003198124468326,0.0037480466999113,0.0439766608178615,0.0001552997564431,0.0008532690117135,99.99899291992188,2
198,198,0.009307861328125,0.0150146484375,0.0037480762694031,8.663628250360489e-05,0.0002254396677017,0.0037480450700968,0.04397664219141,0.0002311486750841,0.000601481006015,99.9991683959961,2
199,199,0.010711669921875,0.01080322265625,0.0037480667233467,0.0001147398725152,0.0001167096197605,0.0037480436731129,0.0439766272902488,0.0003061307943426,0.0003113861894235,99.9993896484375,2
200,200,0.011627197265625,0.00628662109375,0.0037480604369193,0.0001351917162537,3.9521604776382446e-05,0.003748042974621,0.0439766198396682,0.0003606977988965,0.0001054454842233,99.9995346069336,2
201,201,0.012298583984375,0.00311279296875,0.0037480581086128,0.0001512551680207,9.689480066299438e-06,0.0037480420432984,0.0439766123890876,0.0004035560705233,2.5852001272141933e-05,99.99957275390624,2
202,202,0.01251220703125,0.0,0.0037480571772903,0.0001565553247928,0.0,0.0037480415776371,0.043976604938507,0.0004176972724962,0.0,99.99958038330078,2
203,203,0.01239013671875,0.00201416015625,0.0037480560131371,0.0001535154879093,4.056841135025024e-06,0.0037480401806533,0.0439765900373458,0.0004095869371667,1.0823853699548636e-05,99.99958038330078,2
204,204,0.0118408203125,0.003173828125,0.0037480532191693,0.0001402050256729,1.0073184967041016e-05,0.0037480383180081,0.0439765751361846,0.0003740742686204,2.687577944016084e-05,99.99960327148438,2
205,205,0.01104736328125,0.00384521484375,0.0037480497267097,0.0001220442354679,1.4785677194595335e-05,0.0037480362225323,0.0439765602350235,0.0003256206400692,3.944898708141409e-05,99.99964141845705,2
206,206,0.009796142578125,0.00408935546875,0.0037480446044355,9.596440941095352e-05,1.6722828149795532e-05,0.0037480334285646,0.0439765341579914,0.0002560386201366,4.46174708486069e-05,99.99970245361328,2
207,207,0.008514404296875,0.00341796875,0.0037480387836694,7.249508053064346e-05,1.1682510375976562e-05,0.0037480304017663,0.0439765080809593,0.0001934213505592,3.116966399829835e-05,99.99977111816406,2
208,208,0.0069580078125,0.00238037109375,0.0037480322644114,4.841387271881104e-05,5.666166543960571e-06,0.0037480269093066,0.0439764782786369,0.0001291714434046,1.5117710063350389e-05,99.9998550415039,2
209,209,0.005340576171875,0.0008544921875,0.0037480257451534,2.852175384759903e-05,7.301568984985352e-07,0.0037480229511857,0.0439764410257339,7.609807653352618e-05,1.9481105937302345e-06,99.99992370605467,2
210,210,0.00396728515625,0.00067138671875,0.0037480203900486,1.5739351511001587e-05,4.507601261138916e-07,0.0037480187602341,0.0439764112234115,4.199377144686878e-05,1.2026619060634405e-06,99.99996185302734,2
211,211,0.002716064453125,0.0029296875,0.0037480159662663,7.377006113529205e-06,8.58306884765625e-06,0.0037480143364518,0.0439763665199279,1.9682429410750046e-05,2.290029988216702e-05,99.99996185302734,2
212,212,0.0015869140625,0.0042724609375,0.0037480120081454,2.518296241760254e-06,1.825392246246338e-05,0.0037480099126696,0.0439763292670249,6.719018529111054e-06,4.870293923886493e-05,99.99994659423828,2
213,213,0.000518798828125,0.00579833984375,0.0037480087485164,2.691522240638733e-07,3.3620744943618774e-05,0.0037480054888874,0.043976292014122,7.181205887718534e-07,8.970295311883092e-05,99.99990844726562,2
214,214,9.1552734375e-05,0.00726318359375,0.0037480068858712,8.381903171539307e-09,5.2753835916519165e-05,0.0037480015307664,0.043976254761219,2.236362739438391e-08,0.0001407516974722,99.9998550415039,2
215,215,0.000457763671875,0.00836181640625,0.0037480038590729,2.095475792884827e-07,6.991997361183167e-05,0.0037479968741536,0.043976217508316,5.590911200670234e-07,0.000186552570085,99.99981689453124,2
216,216,0.000762939453125,0.00872802734375,0.0037480008322745,5.820766091346741e-07,7.617846131324768e-05,0.0037479931488633,0.043976180255413,1.5530322343693117e-06,0.0002032509219134,99.99979400634766,2
217,217,0.000762939453125,0.00933837890625,0.0037479980383068,5.820766091346741e-07,8.720532059669495e-05,0.003747989423573,0.0439761504530906,1.5530334849245264e-06,0.0002326717367395,99.99977111816406,2
218,218,0.000518798828125,0.0093994140625,0.0037479945458471,2.691522240638733e-07,8.834898471832275e-05,0.0037479856982827,0.0439761169254779,7.181233172559587e-07,0.0002357233315706,99.99976348876952,2
219,219,0.000274658203125,0.00897216796875,0.0037479910533875,7.543712854385376e-08,8.04997980594635e-05,0.0037479829043149,0.0439760833978652,2.012735080825223e-07,0.0002147811756003,99.99978637695312,2
220,220,9.1552734375e-05,0.008544921875,0.0037479866296052,8.381903171539307e-09,7.301568984985352e-05,0.0037479794118553,0.0439760535955429,2.236374818664899e-08,0.0001948130811797,99.99980926513672,2
221,221,0.00067138671875,0.00823974609375,0.0037479826714843,4.507601261138916e-07,6.789341568946838e-05,0.0037479759193956,0.0439760275185108,1.2026739568682387e-06,0.0001811465626815,99.99982452392578,2
222,222,0.001251220703125,0.00726318359375,0.0037479787133634,1.5655532479286194e-06,5.2753835916519165e-05,0.0037479731254279,0.0439760014414787,4.177059963694774e-06,0.0001407527452101,99.99984741210938,2
223,223,0.001922607421875,0.006103515625,0.0037479745224118,3.696419298648834e-06,3.725290298461914e-05,0.0037479703314602,0.0439759716391563,9.862445040198509e-06,9.93947614915669e-05,99.99988555908205,2
224,224,0.0025634765625,0.00537109375,0.0037479705642908,6.571412086486816e-06,2.8848648071289062e-05,0.0037479670718312,0.0439759418368339,1.753325341269374e-05,7.697138062212616e-05,99.99990844726562,2
225,225,0.00311279296875,0.00457763671875,0.0037479673046618,9.689480066299438e-06,2.0954757928848267e-05,0.0037479642778635,0.0439759120345115,2.585262882348616e-05,5.5909658840391785e-05,99.99991607666016,2
226,226,0.0037841796875,0.0037841796875,0.0037479633465409,1.4320015907287598e-05,1.4320015907287598e-05,0.0037479605525732,0.0439758822321891,3.820745769189671e-05,3.820745769189671e-05,99.99992370605467,2
227,227,0.004241943359375,0.0030517578125,0.0037479605525732,1.799408346414566e-05,9.313225746154783e-06,0.0037479577586054,0.0439758524298667,4.80103335576132e-05,2.48487813223619e-05,99.99992370605467,2
228,228,0.004638671875,0.00274658203125,0.0037479568272829,2.1517276763916016e-05,7.543712854385376e-06,0.0037479540333151,0.0439758189022541,5.741068162024021e-05,2.0127534298808317e-05,99.99992370605467,2
229,229,0.0048828125,0.00262451171875,0.0037479538004845,2.384185791015625e-05,6.888061761856079e-06,0.0037479507736861,0.0439757890999317,6.361299892887473e-05,1.8378193999524228e-05,99.99991607666016,2
230,230,0.005157470703125,0.00244140625,0.0037479507736861,2.659950405359268e-05,5.960464477539063e-06,0.0037479475140571,0.043975755572319,7.097078923834488e-05,1.5903262465144508e-05,99.99990844726562,2
231,231,0.005218505859375,0.00250244140625,0.0037479470483958,2.7232803404331207e-05,6.2622129917144775e-06,0.0037479435559362,0.0439757257699966,7.26605867384933e-05,1.670838173595257e-05,99.99990844726562,2
232,232,0.00537109375,0.00262451171875,0.0037479435559362,2.8848648071289062e-05,6.888061761856079e-06,0.0037479400634765,0.0439756922423839,7.697194087086245e-05,1.8378243112238124e-05,99.99990844726562,2
233,233,0.00531005859375,0.00286865234375,0.0037479400634765,2.8196722269058228e-05,8.229166269302368e-06,0.0037479363381862,0.0439756587147712,7.523258682340384e-05,2.1956504497211423e-05,99.9999008178711,2
234,234,0.005157470703125,0.00341796875,0.0037479361053556,2.659950405359268e-05,1.1682510375976562e-05,0.0037479323800653,0.0439756214618682,7.097106572473422e-05,3.1170518923318014e-05,99.9999008178711,2
235,235,0.00506591796875,0.004150390625,0.0037479323800653,2.566352486610413e-05,1.722574234008789e-05,0.0037479281891137,0.0439755842089653,6.84738188283518e-05,4.596065264195204e-05,99.99988555908205,2
236,236,0.0047607421875,0.00445556640625,0.0037479291204363,2.2664666175842285e-05,1.985207200050354e-05,0.003747924696654,0.0439755544066429,6.047250280971639e-05,5.296810559229925e-05,99.9998779296875,2
237,237,0.004608154296875,0.00537109375,0.003747925395146,2.123508602380753e-05,2.8848648071289062e-05,0.0037479205057024,0.0439755134284496,5.665823846356943e-05,7.697231194470078e-05,99.99987030029295,2
238,238,0.00439453125,0.005615234375,0.0037479216698557,1.931190490722656e-05,3.153085708618164e-05,0.0037479165475815,0.0439754799008369,5.152697485755198e-05,8.412890747422352e-05,99.99986267089844,2
239,239,0.004058837890625,0.0059814453125,0.003747918177396,1.64741650223732e-05,3.577768802642822e-05,0.0037479130551218,0.0439754463732242,4.39555078628473e-05,9.546016372041775e-05,99.99986267089844,2
240,240,0.00372314453125,0.00616455078125,0.0037479144521057,1.3861805200576782e-05,3.800168633460999e-05,0.0037479093298316,0.0439754128456115,3.698538421303965e-05,0.0001013942237477,99.99986267089844,2
241,241,0.003448486328125,0.00640869140625,0.0037479109596461,1.1892057955265043e-05,4.10713255405426e-05,0.0037479056045413,0.0439753830432891,3.172982906107791e-05,0.0001095845727832,99.9998550415039,2
242,242,0.003173828125,0.00634765625,0.0037479072343558,1.0073184967041016e-05,4.029273986816406e-05,0.0037479023449122,0.0439753495156765,2.687682535906788e-05,0.0001075073014362,99.99987030029295,2
243,243,0.00286865234375,0.00616455078125,0.0037479035090655,8.229166269302368e-06,3.800168633460999e-05,0.0037478988524526,0.0439753159880638,2.1956719137961045e-05,0.000101394514786,99.9998779296875,2
244,244,0.002777099609375,0.00592041015625,0.0037478995509445,7.712282240390778e-06,3.505125641822815e-05,0.0037478953599929,0.0439752861857414,2.0577610484906472e-05,9.352239430882035e-05,99.99988555908205,2
245,245,0.00274658203125,0.00567626953125,0.0037478958256542,7.543712854385376e-06,3.2220035791397095e-05,0.0037478918675333,0.043975256383419,2.0127861716900952e-05,8.596833504270762e-05,99.99989318847656,2
246,246,0.002716064453125,0.00531005859375,0.0037478921003639,7.377006113529205e-06,2.8196722269058228e-05,0.0037478886079043,0.0439752265810966,1.968308060895652e-05,7.523354724980891e-05,99.99990844726562,2
247,247,0.00274658203125,0.00494384765625,0.0037478886079043,7.543712854385376e-06,2.4441629648208615e-05,0.0037478855811059,0.0439751967787742,2.0127899915678427e-05,6.521439354401082e-05,99.99991607666016,2
248,248,0.002716064453125,0.004638671875,0.0037478846497833,7.377006113529205e-06,2.1517276763916016e-05,0.0037478818558156,0.0439751669764518,1.968311880773399e-05,5.741179120377637e-05,99.99992370605467,2
249,249,0.002685546875,0.0045166015625,0.0037478813901543,7.212162017822266e-06,2.039968967437744e-05,0.0037478785961866,0.0439751371741294,1.9243303540861237e-05,5.442992187454365e-05,99.99992370605467,2
250,250,0.00274658203125,0.00421142578125,0.0037478778976947,7.543712854385376e-06,1.7736107110977173e-05,0.0037478753365576,0.0439751036465168,2.012795812333934e-05,4.732306479127146e-05,99.99993133544922,2
251,251,0.00274658203125,0.00421142578125,0.0037478741724044,7.543712854385376e-06,1.7736107110977173e-05,0.0037478716112673,0.0439750701189041,2.012797813222278e-05,4.732311208499596e-05,99.99993133544922,2
252,252,0.00286865234375,0.0042724609375,0.0037478704471141,8.229166269302368e-06,1.825392246246338e-05,0.0037478676531463,0.0439750365912914,2.195691195083782e-05,4.870478369412013e-05,99.99992370605467,2
253,253,0.00299072265625,0.00408935546875,0.0037478667218238,8.944422006607056e-06,1.6722828149795532e-05,0.0037478641606867,0.0439750030636787,2.386536834819708e-05,4.461958815227263e-05,99.99993133544922,2
254,254,0.003265380859375,0.00408935546875,0.0037478632293641,1.0662712156772614e-05,1.6722828149795532e-05,0.0037478604353964,0.043974969536066,2.8450107492972165e-05,4.461963180801831e-05,99.99992370605467,2
255,255,0.0032958984375,0.00421142578125,0.0037478595040738,1.086294651031494e-05,1.7736107110977173e-05,0.0037478564772754,0.0439749285578727,2.898439925047569e-05,4.732329762191512e-05,99.99991607666016,2
256,256,0.00347900390625,0.00445556640625,0.0037478557787835,1.210346817970276e-05,1.985207200050354e-05,0.0037478525191545,0.04397489503026,3.229438152629882e-05,5.296914241625928e-05,99.99990844726562,2
257,257,0.0035400390625,0.004638671875,0.0037478515878319,1.253187656402588e-05,2.1517276763916016e-05,0.0037478483282029,0.0439748577773571,3.343749267514795e-05,5.741229688283056e-05,99.99990844726562,2
258,258,0.003662109375,0.00482177734375,0.0037478480953723,1.341104507446289e-05,2.324953675270081e-05,0.003747844370082,0.0439748205244541,3.57833196176216e-05,6.203436350915581e-05,99.9999008178711,2
259,259,0.00372314453125,0.0048828125,0.0037478441372513,1.3861805200576782e-05,2.384185791015625e-05,0.003747840411961,0.0439747869968414,3.6986075429013e-05,6.361485429806635e-05,99.9999008178711,2
260,260,0.00384521484375,0.005126953125,0.0037478399462997,1.4785677194595335e-05,2.6285648345947266e-05,0.0037478359881788,0.0439747497439384,3.945119533454999e-05,7.013545837253332e-05,99.99989318847656,2
261,261,0.003814697265625,0.00518798828125,0.0037478362210094,1.4551915228366852e-05,2.691522240638733e-05,0.0037478320300579,0.0439747124910354,3.882751116179861e-05,7.181536057032645e-05,99.99988555908205,2
262,262,0.00384521484375,0.0052490234375,0.0037478324957191,1.4785677194595335e-05,2.755224704742432e-05,0.0037478283047676,0.0439746752381324,3.945127537008375e-05,7.351514796027914e-05,99.99988555908205,2
263,263,0.003875732421875,0.00531005859375,0.0037478285375982,1.5021301805973051e-05,2.8196722269058228e-05,0.0037478243466466,0.0439746379852294,4.008001269539818e-05,7.523482054239139e-05,99.99988555908205,2
264,264,0.00390625,0.0052490234375,0.0037478248123079,1.52587890625e-05,2.755224704742432e-05,0.0037478203885257,0.0439746007323265,4.07137194997631e-05,7.351530075538903e-05,99.9998779296875,2
265,265,0.00390625,0.005126953125,0.0037478210870176,1.52587890625e-05,2.6285648345947266e-05,0.003747816896066,0.0439745672047138,4.071375951752998e-05,7.01358076184988e-05,99.99988555908205,2
266,266,0.0037841796875,0.0050048828125,0.0037478173617273,1.4320015907287598e-05,2.504885196685791e-05,0.0037478134036064,0.0439745336771011,3.820894562522881e-05,6.68358406983316e-05,99.99989318847656,2
267,267,0.003662109375,0.0048828125,0.0037478134036064,1.341104507446289e-05,2.384185791015625e-05,0.0037478096783161,0.0439745038747787,3.5783650673693046e-05,6.361537816701457e-05,99.9999008178711,2
268,268,0.0035400390625,0.00482177734375,0.0037478094454854,1.253187656402588e-05,2.324953675270081e-05,0.0037478059530258,0.0439744666218757,3.343787102494389e-05,6.203499651746824e-05,99.99990844726562,2
269,269,0.003570556640625,0.00469970703125,0.0037478052545338,1.2748874723911284e-05,2.208724617958069e-05,0.0037478019949048,0.0439744293689727,3.4016906283795834e-05,5.893381239729933e-05,99.99990844726562,2
270,270,0.00347900390625,0.00469970703125,0.0037478012964129,1.210346817970276e-05,2.208724617958069e-05,0.0037477980367839,0.0439743995666503,3.2294850825564936e-05,5.8933874242939055e-05,99.99990844726562,2
271,271,0.003326416015625,0.0045166015625,0.0037477975711226,1.10650435090065e-05,2.039968967437744e-05,0.0037477943114936,0.0439743623137474,2.95241225103382e-05,5.443113695946522e-05,99.99990844726562,2
272,272,0.00335693359375,0.00433349609375,0.0037477936130017,1.126900315284729e-05,1.877918839454651e-05,0.0037477905862033,0.0439743250608444,3.006836413987912e-05,5.010731547372416e-05,99.99991607666016,2
273,273,0.0032958984375,0.0042724609375,0.0037477894220501,1.086294651031494e-05,1.825392246246338e-05,0.0037477863952517,0.043974295258522,2.898494312830735e-05,4.870583506999537e-05,99.99991607666016,2
274,274,0.003326416015625,0.0045166015625,0.0037477859295904,1.10650435090065e-05,2.039968967437744e-05,0.0037477826699614,0.0439742542803287,2.952421345980838e-05,5.4431307944469154e-05,99.99990844726562,2
275,275,0.003387451171875,0.004638671875,0.0037477812729775,1.147482544183731e-05,2.1517276763916016e-05,0.0037477780133485,0.0439742133021354,3.061765164602548e-05,5.7413377362536266e-05,99.99990844726562,2
276,276,0.003448486328125,0.0047607421875,0.0037477773148566,1.1892057955265043e-05,2.2664666175842285e-05,0.0037477738223969,0.0439741760492324,3.173096047248691e-05,6.047495116945356e-05,99.99990844726562,2
277,277,0.00335693359375,0.0047607421875,0.0037477735895663,1.126900315284729e-05,2.2664666175842285e-05,0.0037477700971066,0.04397414624691,3.006852602993604e-05,6.047501301509328e-05,99.99990844726562,2
278,278,0.003387451171875,0.0047607421875,0.0037477696314454,1.147482544183731e-05,2.2664666175842285e-05,0.0037477661389857,0.0439741052687168,3.0617742595495656e-05,6.0475074860733e-05,99.99990844726562,2
279,279,0.003387451171875,0.005126953125,0.0037477652076631,1.147482544183731e-05,2.6285648345947266e-05,0.0037477614823728,0.0439740642905235,3.0617782613262534e-05,7.013685535639524e-05,99.9999008178711,2
280,280,0.00341796875,0.0048828125,0.0037477610167115,1.1682510375976562e-05,2.384185791015625e-05,0.0037477575242519,0.0439740344882011,3.117197411484085e-05,6.36162658338435e-05,99.99990844726562,2
281,281,0.003448486328125,0.0052490234375,0.0037477572914212,1.1892057955265043e-05,2.755224704742432e-05,0.0037477533333003,0.0439739897847175,3.1731131457490847e-05,7.351662497967482e-05,99.99989318847656,2
282,282,0.003387451171875,0.0052490234375,0.0037477531004697,1.147482544183731e-05,2.755224704742432e-05,0.0037477491423487,0.0439739525318145,3.0617880838690326e-05,7.351670501520857e-05,99.99989318847656,2
283,283,0.00347900390625,0.00494384765625,0.0037477489095181,1.210346817970276e-05,2.4441629648208615e-05,0.0037477454170584,0.0439739152789115,3.2295301934937015e-05,6.521682371385396e-05,99.99990844726562,2
284,284,0.003509521484375,0.0048828125,0.0037477444857358,1.2316741049289703e-05,2.384185791015625e-05,0.0037477409932762,0.0439738743007183,3.286440914962441e-05,6.361654959619045e-05,99.99990844726562,2
285,285,0.003509521484375,0.00518798828125,0.0037477409932762,1.2316741049289703e-05,2.691522240638733e-05,0.0037477370351552,0.043973833322525,3.286444189143367e-05,7.181718683568761e-05,99.99989318847656,2
286,286,0.00341796875,0.00482177734375,0.0037477363366633,1.1682510375976562e-05,2.324953675270081e-05,0.0037477328442037,0.0439737997949123,3.117217784165405e-05,6.20362043264322e-05,99.99990844726562,2
287,287,0.00341796875,0.00482177734375,0.003747732611373,1.1682510375976562e-05,2.324953675270081e-05,0.0037477291189134,0.0439737625420093,3.117221058346331e-05,6.203626981005073e-05,99.99990844726562,2
288,288,0.003509521484375,0.00494384765625,0.0037477281875908,1.2316741049289703e-05,2.4441629648208615e-05,0.0037477246951311,0.0439737290143966,3.2864551030797884e-05,6.521718751173466e-05,99.99990844726562,2
289,289,0.003509521484375,0.00469970703125,0.0037477239966392,1.2316741049289703e-05,2.208724617958069e-05,0.0037477207370102,0.0439736917614936,3.2864587410585955e-05,5.893509296583943e-05,99.99990844726562,2
290,290,0.0035400390625,0.0047607421875,0.0037477200385183,1.253187656402588e-05,2.2664666175842285e-05,0.0037477165460586,0.0439736470580101,3.343866774230264e-05,6.047587885404937e-05,99.99990844726562,2
291,291,0.0035400390625,0.0047607421875,0.0037477158475667,1.253187656402588e-05,2.2664666175842285e-05,0.003747712355107,0.0439736098051071,3.343870776006952e-05,6.0475947975646704e-05,99.99990844726562,2
292,292,0.003448486328125,0.00469970703125,0.0037477116566151,1.1892057955265043e-05,2.208724617958069e-05,0.0037477083969861,0.0439735725522041,3.17315170832444e-05,5.8935285778716207e-05,99.99990844726562,2
293,293,0.00341796875,0.00482177734375,0.0037477074656635,1.1682510375976562e-05,2.324953675270081e-05,0.0037477039732038,0.0439735352993011,3.1172417948255315e-05,6.203668453963473e-05,99.99990844726562,2
294,294,0.00341796875,0.00482177734375,0.0037477032747119,1.1682510375976562e-05,2.324953675270081e-05,0.0037476997822523,0.0439734980463981,3.1172454328043386e-05,6.203675729921088e-05,99.99990844726562,2
295,295,0.00347900390625,0.00482177734375,0.003747698618099,1.210346817970276e-05,2.324953675270081e-05,0.0037476951256394,0.0439734607934951,3.229573485441506e-05,6.203683005878702e-05,99.99990844726562,2
296,296,0.0035400390625,0.00494384765625,0.0037476944271475,1.253187656402588e-05,2.4441629648208615e-05,0.0037476909346878,0.0439734160900116,3.343889693496749e-05,6.52177695883438e-05,99.99990844726562,2
297,297,0.003448486328125,0.00506591796875,0.0037476907018572,1.1892057955265043e-05,2.566352486610413e-05,0.0037476869765669,0.0439733788371086,3.173169170622714e-05,6.84782353346236e-05,99.9999008178711,2
298,298,0.00360107421875,0.00518798828125,0.0037476867437362,1.2967735528945925e-05,2.691522240638733e-05,0.0037476825527846,0.043973334133625,3.460196967353113e-05,7.181822729762644e-05,99.99988555908205,2
299,299,0.00347900390625,0.0048828125,0.003747682319954,1.210346817970276e-05,2.384185791015625e-05,0.0037476788274943,0.0439733043313026,3.2295876735588536e-05,6.361760461004451e-05,99.99990844726562,2
300,300,0.003448486328125,0.0050048828125,0.0037476778961718,1.1892057955265043e-05,2.504885196685791e-05,0.0037476741708815,0.0439732633531093,3.173180084559135e-05,6.683832907583565e-05,99.9999008178711,2
301,301,0.003448486328125,0.004638671875,0.0037476737052202,1.1892057955265043e-05,2.1517276763916016e-05,0.0037476704455912,0.043973222374916,3.173183722537942e-05,5.7415018090978265e-05,99.99990844726562,2
302,302,0.003387451171875,0.00445556640625,0.0037476697470992,1.147482544183731e-05,1.985207200050354e-05,0.0037476664874702,0.0439731888473033,3.061856114072725e-05,5.29717726749368e-05,99.99990844726562,2
303,303,0.00347900390625,0.004638671875,0.003747665323317,1.210346817970276e-05,2.1517276763916016e-05,0.003747662063688,0.0439731478691101,3.229602225474082e-05,5.741514905821532e-05,99.99990844726562,2
304,304,0.0035400390625,0.0050048828125,0.0037476604338735,1.253187656402588e-05,2.504885196685791e-05,0.0037476567085832,0.0439731031656265,3.3439202525187284e-05,6.683864194201306e-05,99.9999008178711,2
305,305,0.003570556640625,0.0048828125,0.0037476564757525,1.2748874723911284e-05,2.384185791015625e-05,0.0037476529832929,0.0439730659127235,3.4018255973933265e-05,6.361804844345897e-05,99.99990844726562,2
306,306,0.00347900390625,0.00494384765625,0.0037476520519703,1.210346817970276e-05,2.4441629648208615e-05,0.0037476485595107,0.0439730212092399,3.2296138670062646e-05,6.521851173602045e-05,99.99990844726562,2
307,307,0.003448486328125,0.0047607421875,0.0037476478610187,1.1892057955265043e-05,2.2664666175842285e-05,0.0037476443685591,0.0439729876816272,3.173205550410785e-05,6.047704300726764e-05,99.99990844726562,2
308,308,0.003509521484375,0.004638671875,0.0037476434372365,1.2316741049289703e-05,2.1517276763916016e-05,0.0037476401776075,0.0439729467034339,3.286529681645334e-05,5.741548375226557e-05,99.99990844726562,2
309,309,0.003509521484375,0.0047607421875,0.0037476392462849,1.2316741049289703e-05,2.2664666175842285e-05,0.0037476357538253,0.0439729019999504,3.286533319624141e-05,6.047718125046231e-05,99.99990844726562,2
310,310,0.003509521484375,0.0048828125,0.003747634589672,1.2316741049289703e-05,2.384185791015625e-05,0.0037476310972124,0.0439728647470474,3.2865373214008287e-05,6.361841224133968e-05,99.99990844726562,2
311,311,0.003448486328125,0.004638671875,0.0037476303987205,1.1892057955265043e-05,2.1517276763916016e-05,0.0037476271390914,0.0439728274941444,3.173220466123894e-05,5.741568384109996e-05,99.99990844726562,2
312,312,0.00347900390625,0.00433349609375,0.0037476262077689,1.210346817970276e-05,1.877918839454651e-05,0.0037476231809705,0.0439727902412414,3.229635694879107e-05,5.010955283069052e-05,99.99991607666016,2
313,313,0.00347900390625,0.00457763671875,0.0037476213183254,1.210346817970276e-05,2.0954757928848267e-05,0.0037476180586963,0.0439727455377578,3.229640060453676e-05,5.5914824770297855e-05,99.99990844726562,2
314,314,0.00341796875,0.00469970703125,0.0037476168945431,1.1682510375976562e-05,2.208724617958069e-05,0.0037476136349141,0.0439727082848548,3.1173171009868383e-05,5.893677371204831e-05,99.99990844726562,2
315,315,0.0035400390625,0.0047607421875,0.0037476124707609,1.253187656402588e-05,2.2664666175842285e-05,0.0037476089783012,0.0439726635813713,3.3439628168707713e-05,6.0477610531961545e-05,99.99990844726562,2
316,316,0.00347900390625,0.00482177734375,0.0037476082798093,1.210346817970276e-05,2.324953675270081e-05,0.0037476047873497,0.043972622603178,3.229651338187978e-05,6.203832890605554e-05,99.99990844726562,2
317,317,0.00335693359375,0.0050048828125,0.0037476038560271,1.126900315284729e-05,2.504885196685791e-05,0.0037476001307368,0.0439725816249847,3.006988663400989e-05,6.683964602416381e-05,99.9999008178711,2
318,318,0.00335693359375,0.00506591796875,0.0037475991994142,1.126900315284729e-05,2.566352486610413e-05,0.0037475954741239,0.0439725369215011,3.0069924832787365e-05,6.847990880487487e-05,99.9999008178711,2
319,319,0.003448486328125,0.005126953125,0.0037475950084626,1.1892057955265043e-05,2.6285648345947266e-05,0.0037475912831723,0.0439724959433078,3.173250297550112e-05,7.014004222583026e-05,99.9999008178711,2
320,320,0.003326416015625,0.00494384765625,0.0037475905846804,1.10650435090065e-05,2.4441629648208615e-05,0.0037475870922207,0.0439724586904048,2.9525754143833183e-05,6.521958130178973e-05,99.99990844726562,2
321,321,0.00335693359375,0.00494384765625,0.0037475861608982,1.126900315284729e-05,2.4441629648208615e-05,0.0037475826684385,0.0439724177122116,3.0070028515183367e-05,6.521966133732349e-05,99.99990844726562,2
322,322,0.003448486328125,0.00494384765625,0.0037475812714546,1.1892057955265043e-05,2.4441629648208615e-05,0.003747577778995,0.043972373008728,3.173261939082295e-05,6.521974864881486e-05,99.99990844726562,2
323,323,0.00341796875,0.00482177734375,0.0037475770805031,1.1682510375976562e-05,2.324953675270081e-05,0.0037475735880434,0.0439723320305347,3.117350206593983e-05,6.203884549904615e-05,99.99990844726562,2
324,324,0.00335693359375,0.0048828125,0.0037475724238902,1.126900315284729e-05,2.384185791015625e-05,0.0037475689314305,0.0439722910523414,3.0070139473536983e-05,6.361947453115135e-05,99.99990844726562,2
325,325,0.003326416015625,0.0048828125,0.0037475682329386,1.10650435090065e-05,2.384185791015625e-05,0.0037475647404789,0.0439722500741481,2.9525930585805327e-05,6.361954001476988e-05,99.99990844726562,2
326,326,0.00341796875,0.0047607421875,0.0037475638091564,1.1682510375976562e-05,2.2664666175842285e-05,0.0037475603166967,0.0439722090959548,3.117361484328285e-05,6.047839633538388e-05,99.99990844726562,2
327,327,0.003326416015625,0.00469970703125,0.0037475591525435,1.10650435090065e-05,2.208724617958069e-05,0.0037475558929145,0.0439721718430519,2.9526001526392065e-05,5.893768320675008e-05,99.99990844726562,2
328,328,0.00335693359375,0.00469970703125,0.0037475547287613,1.126900315284729e-05,2.208724617958069e-05,0.0037475514691323,0.0439721271395683,3.007028135471046e-05,5.8937752328347415e-05,99.99990844726562,2
329,329,0.00341796875,0.00494384765625,0.0037475500721484,1.1682510375976562e-05,2.4441629648208615e-05,0.0037475465796887,0.0439720824360847,3.117372762062587e-05,6.52202870696783e-05,99.99990844726562,2
330,330,0.00341796875,0.0050048828125,0.0037475461140275,1.1682510375976562e-05,2.504885196685791e-05,0.0037475423887372,0.0439720451831817,3.117376036243513e-05,6.684067193418741e-05,99.9999008178711,2
331,331,0.00335693359375,0.0047607421875,0.0037475412245839,1.126900315284729e-05,2.2664666175842285e-05,0.0037475377321243,0.0439720004796981,3.0070390494074672e-05,6.0478760133264586e-05,99.99990844726562,2
332,332,0.00335693359375,0.0050048828125,0.0037475368008017,1.126900315284729e-05,2.504885196685791e-05,0.0037475330755114,0.0439719595015049,3.007042505487334e-05,6.684083928121254e-05,99.9999008178711,2
333,333,0.003387451171875,0.0047607421875,0.0037475321441888,1.147482544183731e-05,2.2664666175842285e-05,0.0037475286517292,0.0439719185233116,3.061968527617864e-05,6.047890929039568e-05,99.99990844726562,2
334,334,0.0035400390625,0.00482177734375,0.0037475272547453,1.253187656402588e-05,2.324953675270081e-05,0.0037475237622857,0.043971873819828,3.34403885062784e-05,6.203966768225655e-05,99.99990844726562,2
335,335,0.003509521484375,0.00469970703125,0.0037475228309631,1.2316741049289703e-05,2.208724617958069e-05,0.0037475195713341,0.0439718328416347,3.2866351830307394e-05,5.893825073144399e-05,99.99990844726562,2
336,336,0.003509521484375,0.004638671875,0.0037475181743502,1.2316741049289703e-05,2.1517276763916016e-05,0.0037475149147212,0.0439717918634414,3.286639184807427e-05,5.741740824305453e-05,99.99990844726562,2
337,337,0.00335693359375,0.00421142578125,0.0037475135177373,1.126900315284729e-05,1.7736107110977173e-05,0.003747510490939,0.0439717508852481,3.0070612410781905e-05,4.7327666834462434e-05,99.99991607666016,2
338,338,0.00341796875,0.00439453125,0.0037475090939551,1.1682510375976562e-05,1.931190490722656e-05,0.0037475060671567,0.0439717099070549,3.117406595265493e-05,5.153264646651223e-05,99.99991607666016,2
339,339,0.00347900390625,0.00469970703125,0.0037475039716809,1.210346817970276e-05,2.208724617958069e-05,0.0037475007120519,0.0439716652035713,3.229741196264513e-05,5.8938552683684975e-05,99.99990844726562,2
340,340,0.003387451171875,0.0047607421875,0.0037474997807294,1.147482544183731e-05,2.2664666175842285e-05,0.0037474962882697,0.0439716205000877,3.061995084863156e-05,6.047942952136509e-05,99.99990844726562,2
341,341,0.00341796875,0.00469970703125,0.0037474948912858,1.1682510375976562e-05,2.208724617958069e-05,0.0037474916316568,0.0439715795218944,3.117418600595556e-05,5.893869456485845e-05,99.99990844726562,2
342,342,0.003448486328125,0.0047607421875,0.0037474904675036,1.1892057955265043e-05,2.2664666175842285e-05,0.003747486975044,0.0439715310931205,3.173339064233005e-05,6.04795859544538e-05,99.99990844726562,2
343,343,0.003448486328125,0.00494384765625,0.0037474858108907,1.1892057955265043e-05,2.4441629648208615e-05,0.0037474823184311,0.0439714863896369,3.173343066009693e-05,6.522140756715089e-05,99.99990844726562,2
344,344,0.003509521484375,0.00506591796875,0.0037474811542779,1.2316741049289703e-05,2.566352486610413e-05,0.0037474774289876,0.0439714416861534,3.286671926616691e-05,6.848206248832867e-05,99.9999008178711,2
345,345,0.003448486328125,0.0050048828125,0.003747476497665,1.1892057955265043e-05,2.504885196685791e-05,0.0037474727723747,0.0439714007079601,3.173350705765188e-05,6.684192339889705e-05,99.9999008178711,2
346,346,0.0035400390625,0.00506591796875,0.0037474718410521,1.253187656402588e-05,2.566352486610413e-05,0.0037474681157618,0.0439713522791862,3.344088327139616e-05,6.84822371113114e-05,99.9999008178711,2
347,347,0.003570556640625,0.00494384765625,0.0037474669516086,1.2748874723911284e-05,2.4441629648208615e-05,0.003747463459149,0.0439713113009929,3.4019980375887826e-05,6.522173498524353e-05,99.99990844726562,2
348,348,0.0035400390625,0.00518798828125,0.0037474620621651,1.253187656402588e-05,2.691522240638733e-05,0.0037474581040441,0.0439712665975093,3.344097058288753e-05,7.182252738857642e-05,99.99989318847656,2
349,349,0.00347900390625,0.00506591796875,0.0037474576383829,1.210346817970276e-05,2.566352486610413e-05,0.0037474539130926,0.0439712256193161,3.229781214031391e-05,6.84824917698279e-05,99.9999008178711,2
350,350,0.003509521484375,0.00494384765625,0.0037474527489393,1.2316741049289703e-05,2.4441629648208615e-05,0.0037474492564797,0.0439711846411228,3.286696664872579e-05,6.522198236780241e-05,99.99990844726562,2
351,351,0.00335693359375,0.00494384765625,0.0037474480923265,1.126900315284729e-05,2.4441629648208615e-05,0.0037474445998668,0.0439711436629295,3.007113809871953e-05,6.522206240333617e-05,99.99990844726562,2
352,352,0.003448486328125,0.0047607421875,0.0037474434357136,1.1892057955265043e-05,2.2664666175842285e-05,0.0037474399432539,0.0439710989594459,3.1733787182020023e-05,6.0480339016066864e-05,99.99990844726562,2
353,353,0.00347900390625,0.004638671875,0.0037474385462701,1.210346817970276e-05,2.1517276763916016e-05,0.0037474352866411,0.0439710542559623,3.229797584936023e-05,5.741862332797609e-05,99.99990844726562,2
354,354,0.003326416015625,0.00439453125,0.0037474336568266,1.10650435090065e-05,1.931190490722656e-05,0.0037474306300282,0.0439710095524787,2.952698923763819e-05,5.153367965249345e-05,99.99991607666016,2
355,355,0.003326416015625,0.00445556640625,0.003747428767383,1.10650435090065e-05,1.985207200050354e-05,0.003747425507754,0.0439709648489952,2.9527027436415665e-05,5.297517782310024e-05,99.99990844726562,2
356,356,0.00335693359375,0.0047607421875,0.0037474243436008,1.126900315284729e-05,2.2664666175842285e-05,0.0037474208511412,0.0439709201455116,3.0071329092606906e-05,6.048064824426547e-05,99.99990844726562,2
357,357,0.00335693359375,0.00433349609375,0.0037474196869879,1.126900315284729e-05,1.877918839454651e-05,0.0037474166601896,0.0439708791673183,3.0071365472394973e-05,5.011231041862629e-05,99.99991607666016,2
358,358,0.00335693359375,0.00469970703125,0.0037474143318831,1.126900315284729e-05,2.208724617958069e-05,0.0037474110722541,0.0439708307385444,3.007140730915125e-05,5.8939964219462126e-05,99.99990844726562,2
359,359,0.003387451171875,0.0047607421875,0.0037474094424396,1.147482544183731e-05,2.2664666175842285e-05,0.00374740594998,0.0439707860350608,3.06206893583294e-05,6.048089198884554e-05,99.99990844726562,2
360,360,0.003326416015625,0.00482177734375,0.0037474047858268,1.10650435090065e-05,2.324953675270081e-05,0.0037474012933671,0.043970737606287,2.9527216611313637e-05,6.20416976744309e-05,99.99990844726562,2
361,361,0.00335693359375,0.0050048828125,0.0037473998963832,1.126900315284729e-05,2.504885196685791e-05,0.0037473961710929,0.0439706929028034,3.007152372447308e-05,6.68432840029709e-05,99.9999008178711,2
362,362,0.00341796875,0.00494384765625,0.0037473947741091,1.1682510375976562e-05,2.4441629648208615e-05,0.0037473912816494,0.0439706444740295,3.1175019103102386e-05,6.522299372591078e-05,99.99990844726562,2
363,363,0.00335693359375,0.0050048828125,0.0037473898846656,1.126900315284729e-05,2.504885196685791e-05,0.0037473861593753,0.0439705997705459,3.007160376000684e-05,6.684345862595364e-05,99.9999008178711,2
364,364,0.003387451171875,0.00494384765625,0.0037473847623914,1.147482544183731e-05,2.4441629648208615e-05,0.0037473812699317,0.0439705550670623,3.062088944716379e-05,6.522316107293591e-05,99.99990844726562,2
365,365,0.00335693359375,0.00457763671875,0.0037473801057785,1.126900315284729e-05,2.0954757928848267e-05,0.0037473768461495,0.043970514088869,3.0071683795540597e-05,5.591842273133807e-05,99.99990844726562,2
366,366,0.003448486328125,0.00469970703125,0.0037473747506737,1.1892057955265043e-05,2.208724617958069e-05,0.0037473714910447,0.0439704656600952,3.173436925862916e-05,5.894058267585933e-05,99.99990844726562,2
367,367,0.003387451171875,0.00469970703125,0.0037473700940608,1.147482544183731e-05,2.208724617958069e-05,0.0037473668344318,0.0439704209566116,3.0621009500464424e-05,5.8940655435435474e-05,99.99990844726562,2
368,368,0.003387451171875,0.00469970703125,0.0037473649717867,1.147482544183731e-05,2.208724617958069e-05,0.0037473617121577,0.043970376253128,3.062105315621011e-05,5.894073547096923e-05,99.99990844726562,2
369,369,0.00335693359375,0.0047607421875,0.0037473603151738,1.126900315284729e-05,2.2664666175842285e-05,0.0037473568227142,0.0439703315496444,3.00718402286293e-05,6.048168143024668e-05,99.99990844726562,2
370,370,0.00347900390625,0.0047607421875,0.0037473554257303,1.210346817970276e-05,2.2664666175842285e-05,0.0037473519332706,0.0439702793955802,3.2298692531185225e-05,6.048176146578044e-05,99.99990844726562,2
371,371,0.003509521484375,0.00482177734375,0.0037473498377949,1.2316741049289703e-05,2.324953675270081e-05,0.0037473463453352,0.0439702309668064,3.286787250544876e-05,6.204260716913268e-05,99.99990844726562,2
372,372,0.00347900390625,0.0048828125,0.003747345181182,1.210346817970276e-05,2.384185791015625e-05,0.0037473416887223,0.0439701862633228,3.2298779842676595e-05,6.362332351272926e-05,99.99990844726562,2
373,373,0.003570556640625,0.00494384765625,0.0037473395932465,1.2748874723911284e-05,2.4441629648208615e-05,0.0037473361007869,0.0439701378345489,3.4021133615169674e-05,6.522394687635824e-05,99.99990844726562,2
374,374,0.003662109375,0.0048828125,0.0037473351694643,1.341104507446289e-05,2.384185791015625e-05,0.003747331444174,0.0439700931310653,3.578821997507475e-05,6.3623498135712e-05,99.9999008178711,2
375,375,0.003631591796875,0.0050048828125,0.0037473302800208,1.3188458979129791e-05,2.504885196685791e-05,0.0037473263218998,0.0439700484275817,3.5194276279071346e-05,6.684452091576532e-05,99.99989318847656,2
376,376,0.00360107421875,0.00518798828125,0.0037473251577466,1.2967735528945925e-05,2.691522240638733e-05,0.003747320966795,0.0439699962735176,3.460530933807604e-05,7.182515400927514e-05,99.99988555908205,2
377,377,0.003448486328125,0.005126953125,0.0037473200354725,1.1892057955265043e-05,2.6285648345947266e-05,0.0037473163101822,0.043969951570034,3.1734834919916466e-05,7.014518632786348e-05,99.9999008178711,2
378,378,0.00347900390625,0.0050048828125,0.0037473151460289,1.210346817970276e-05,2.504885196685791e-05,0.0037473114207386,0.0439699068665504,3.22990381391719e-05,6.684479740215465e-05,99.9999008178711,2
379,379,0.0032958984375,0.0048828125,0.0037473102565854,1.086294651031494e-05,2.384185791015625e-05,0.0037473067641258,0.0439698621630668,2.8988648409722373e-05,6.362392014125362e-05,99.99990844726562,2
380,380,0.00335693359375,0.00494384765625,0.00374730466865,1.126900315284729e-05,2.4441629648208615e-05,0.0037473011761903,0.0439698137342929,3.007228951901197e-05,6.522455805679783e-05,99.99990844726562,2
381,381,0.003265380859375,0.00445556640625,0.0037472997792065,1.0662712156772614e-05,1.985207200050354e-05,0.0037472965195775,0.0439697690308094,2.8454385756049305e-05,5.29770040884614e-05,99.99990844726562,2
382,382,0.00341796875,0.00482177734375,0.003747294191271,1.1682510375976562e-05,2.324953675270081e-05,0.0037472906988114,0.0439697168767452,3.117585583822802e-05,6.204353121574968e-05,99.99990844726562,2
383,383,0.00341796875,0.00469970703125,0.0037472890689969,1.1682510375976562e-05,2.208724617958069e-05,0.0037472858093678,0.0439696721732616,3.11758994939737e-05,5.894192872801796e-05,99.99990844726562,2
384,384,0.00341796875,0.00457763671875,0.0037472839467227,1.1682510375976562e-05,2.0954757928848267e-05,0.0037472806870937,0.0439696237444877,3.117593951174058e-05,5.591985609498806e-05,99.99990844726562,2
385,385,0.00335693359375,0.00457763671875,0.0037472788244485,1.126900315284729e-05,2.0954757928848267e-05,0.0037472755648195,0.0439695790410041,3.007249688380398e-05,5.591993613052182e-05,99.99990844726562,2
386,386,0.00341796875,0.004638671875,0.0037472737021744,1.1682510375976562e-05,2.1517276763916016e-05,0.0037472704425454,0.04396952688694,3.117602682323195e-05,5.742115172324702e-05,99.99990844726562,2
387,387,0.00341796875,0.004638671875,0.0037472688127309,1.1682510375976562e-05,2.1517276763916016e-05,0.0037472655531018,0.0439694821834564,3.117606684099883e-05,5.742122812080197e-05,99.99990844726562,2
388,388,0.00341796875,0.0045166015625,0.0037472634576261,1.1682510375976562e-05,2.039968967437744e-05,0.003747260197997,0.0439694337546825,3.1176110496744514e-05,5.443889676826075e-05,99.99990844726562,2
389,389,0.003448486328125,0.00445556640625,0.0037472583353519,1.1892057955265043e-05,1.985207200050354e-05,0.0037472550757229,0.0439693853259086,3.173535515088588e-05,5.297758980304934e-05,99.99990844726562,2
390,390,0.0035400390625,0.00494384765625,0.0037472527474164,1.253187656402588e-05,2.4441629648208615e-05,0.0037472492549568,0.0439693331718444,3.344284050399437e-05,6.522546027554199e-05,99.99990844726562,2
391,391,0.003448486328125,0.00494384765625,0.0037472473923116,1.1892057955265043e-05,2.4441629648208615e-05,0.003747243899852,0.0439692810177803,3.173544610035606e-05,6.522555486299098e-05,99.99990844726562,2
392,392,0.00347900390625,0.00494384765625,0.0037472422700375,1.210346817970276e-05,2.4441629648208615e-05,0.0037472387775778,0.0439692325890064,3.2299667509505525e-05,6.522564217448235e-05,99.99990844726562,2
393,393,0.0035400390625,0.0048828125,0.003747236682102,1.253187656402588e-05,2.384185791015625e-05,0.0037472331896424,0.0439691841602325,3.344298238516785e-05,6.362517160596326e-05,99.99990844726562,2
394,394,0.003570556640625,0.00482177734375,0.0037472313269972,1.2748874723911284e-05,2.324953675270081e-05,0.0037472278345376,0.0439691320061683,3.402211586944759e-05,6.204457167768851e-05,99.99990844726562,2
395,395,0.003509521484375,0.00494384765625,0.0037472259718924,1.2316741049289703e-05,2.4441629648208615e-05,0.0037472224794328,0.0439690835773944,3.286895662313327e-05,6.52259259368293e-05,99.99990844726562,2
396,396,0.00347900390625,0.0048828125,0.0037472210824489,1.210346817970276e-05,2.384185791015625e-05,0.0037472175899893,0.0439690351486206,3.229985304642469e-05,6.362543354043737e-05,99.99990844726562,2
397,397,0.00347900390625,0.00469970703125,0.0037472159601747,1.210346817970276e-05,2.208724617958069e-05,0.0037472127005457,0.043968990445137,3.2299893064191565e-05,5.8943078329321e-05,99.99990844726562,2
398,398,0.0035400390625,0.00482177734375,0.0037472103722393,1.253187656402588e-05,2.324953675270081e-05,0.0037472068797796,0.0439689382910728,3.344321885379031e-05,6.204491364769638e-05,99.99990844726562,2
399,399,0.003387451171875,0.00494384765625,0.0037472054827958,1.147482544183731e-05,2.4441629648208615e-05,0.0037472019903361,0.0439688935875892,3.062235555262305e-05,6.52262824587524e-05,99.99990844726562,2
400,400,0.003448486328125,0.0050048828125,0.0037471998948603,1.1892057955265043e-05,2.504885196685791e-05,0.00374719616957,0.043968841433525,3.1735849916003644e-05,6.684685649815947e-05,99.9999008178711,2
401,401,0.003448486328125,0.0048828125,0.0037471943069249,1.1892057955265043e-05,2.384185791015625e-05,0.0037471908144652,0.0439687930047512,3.173589720972814e-05,6.362589192576706e-05,99.99990844726562,2
402,402,0.00341796875,0.00433349609375,0.0037471889518201,1.1682510375976562e-05,1.877918839454651e-05,0.0037471859250217,0.0439687483012676,3.1176732591120526e-05,5.011539906263352e-05,99.99991607666016,2
403,403,0.00335693359375,0.004638671875,0.0037471838295459,1.126900315284729e-05,2.1517276763916016e-05,0.0037471805699169,0.0439686924219131,3.007325722137466e-05,5.74225268792361e-05,99.99990844726562,2
404,404,0.00335693359375,0.0048828125,0.0037471782416105,1.126900315284729e-05,2.384185791015625e-05,0.0037471747491508,0.0439686402678489,3.007330269610975e-05,6.362616113619879e-05,99.99990844726562,2
405,405,0.003326416015625,0.0048828125,0.0037471728865057,1.10650435090065e-05,2.384185791015625e-05,0.003747169394046,0.0439685955643653,2.95290446956642e-05,6.362625572364777e-05,99.99990844726562,2
406,406,0.00341796875,0.0050048828125,0.0037471677642315,1.1682510375976562e-05,2.504885196685791e-05,0.0037471640389412,0.0439685396850109,3.1176907214103267e-05,6.684743129881099e-05,99.9999008178711,2
407,407,0.003448486328125,0.00506591796875,0.0037471619434654,1.1892057955265043e-05,2.566352486610413e-05,0.0037471582181751,0.043968491256237,3.173617369611748e-05,6.848789780633524e-05,99.9999008178711,2
408,408,0.00347900390625,0.00494384765625,0.0037471565883606,1.210346817970276e-05,2.4441629648208615e-05,0.003747153095901,0.0439684391021728,3.2300406019203365e-05,6.522713374579325e-05,99.99990844726562,2
409,409,0.003448486328125,0.005126953125,0.0037471512332558,1.1892057955265043e-05,2.6285648345947266e-05,0.0037471475079655,0.0439683906733989,3.173626464558765e-05,7.014835136942565e-05,99.9999008178711,2
410,410,0.00347900390625,0.00494384765625,0.0037471456453204,1.210346817970276e-05,2.4441629648208615e-05,0.0037471421528607,0.043968342244625,3.230050424463116e-05,6.522732292069122e-05,99.99990844726562,2
411,411,0.0035400390625,0.0047607421875,0.0037471405230462,1.253187656402588e-05,2.2664666175842285e-05,0.0037471370305866,0.0439682900905609,3.3443840948166326e-05,6.04852284595836e-05,99.99990844726562,2
412,412,0.003448486328125,0.004638671875,0.0037471347022801,1.1892057955265043e-05,2.1517276763916016e-05,0.0037471314426511,0.0439682379364967,3.173640288878232e-05,5.742327994084917e-05,99.99990844726562,2
413,413,0.00341796875,0.004638671875,0.0037471298128366,1.1682510375976562e-05,2.1517276763916016e-05,0.0037471265532076,0.0439681932330131,3.1177223718259484e-05,5.742335633840412e-05,99.99990844726562,2
414,414,0.003448486328125,0.00469970703125,0.0037471237592399,1.1892057955265043e-05,2.208724617958069e-05,0.0037471204996109,0.0439681410789489,3.17364938382525e-05,5.894453352084384e-05,99.99990844726562,2
415,415,0.003509521484375,0.004638671875,0.0037471184041351,1.2316741049289703e-05,2.1517276763916016e-05,0.003747115144506,0.0439680889248847,3.286989885964431e-05,5.742352732340805e-05,99.99990844726562,2
416,416,0.00347900390625,0.00439453125,0.0037471123505383,1.210346817970276e-05,1.931190490722656e-05,0.00374710932374,0.0439680367708206,3.230078800697811e-05,5.153810343472287e-05,99.99991607666016,2
417,417,0.00347900390625,0.0045166015625,0.0037471074610948,1.210346817970276e-05,2.039968967437744e-05,0.0037471042014658,0.0439679883420467,3.230082802474499e-05,5.4441163229057565e-05,99.99990844726562,2
418,418,0.00347900390625,0.00457763671875,0.0037471016403287,1.210346817970276e-05,2.0954757928848267e-05,0.0037470983806997,0.0439679399132728,3.230087895644829e-05,5.592257730313577e-05,99.99990844726562,2
419,419,0.00335693359375,0.00469970703125,0.0037470960523933,1.126900315284729e-05,2.208724617958069e-05,0.0037470927927643,0.0439678877592086,3.007396298926324e-05,5.894496644032188e-05,99.99990844726562,2
420,420,0.00335693359375,0.00494384765625,0.0037470904644578,1.126900315284729e-05,2.4441629648208615e-05,0.0037470869719982,0.0439678318798542,3.007400482601952e-05,6.52282833470963e-05,99.99990844726562,2
421,421,0.00347900390625,0.0047607421875,0.003747085109353,1.210346817970276e-05,2.2664666175842285e-05,0.0037470816168934,0.04396777972579,3.230102447560057e-05,6.048612704034895e-05,99.99990844726562,2
422,422,0.00341796875,0.0050048828125,0.0037470795214176,1.1682510375976562e-05,2.504885196685791e-05,0.0037470757961273,0.0439677275717258,3.11776420858223e-05,6.684899562969804e-05,99.9999008178711,2
423,423,0.003387451171875,0.005126953125,0.0037470737006515,1.147482544183731e-05,2.6285648345947266e-05,0.0037470699753612,0.0439676754176616,3.062343239434995e-05,7.014979928499088e-05,99.9999008178711,2
424,424,0.003448486328125,0.0050048828125,0.0037470683455467,1.1892057955265043e-05,2.504885196685791e-05,0.0037470646202564,0.0439676232635974,3.173696677549742e-05,6.684919935651124e-05,99.9999008178711,2
425,425,0.003387451171875,0.00506591796875,0.0037470627576112,1.147482544183731e-05,2.566352486610413e-05,0.0037470590323209,0.0439675748348236,3.0623523343820125e-05,6.848970951978117e-05,99.9999008178711,2
426,426,0.003387451171875,0.00494384765625,0.0037470569368451,1.147482544183731e-05,2.4441629648208615e-05,0.0037470534443855,0.0439675226807594,3.062356699956581e-05,6.522887269966304e-05,99.99990844726562,2
427,427,0.003448486328125,0.00543212890625,0.003747051814571,1.1892057955265043e-05,2.950802445411682e-05,0.0037470476236194,0.0439674668014049,3.173710501869209e-05,7.874997390899807e-05,99.99988555908205,2
428,428,0.003509521484375,0.0050048828125,0.0037470457609742,1.2316741049289703e-05,2.504885196685791e-05,0.0037470420356839,0.043967418372631,3.287053550593555e-05,6.684959953418002e-05,99.9999008178711,2
429,429,0.0035400390625,0.00494384765625,0.0037470401730388,1.253187656402588e-05,2.4441629648208615e-05,0.0037470366805791,0.0439673662185668,3.344473589095287e-05,6.522915646201e-05,99.99990844726562,2
430,430,0.0035400390625,0.004638671875,0.003747034817934,1.253187656402588e-05,2.1517276763916016e-05,0.003747031558305,0.0439673140645027,3.344478318467736e-05,5.742481152992696e-05,99.99990844726562,2
431,431,0.003448486328125,0.0042724609375,0.0037470289971679,1.1892057955265043e-05,1.825392246246338e-05,0.0037470259703695,0.0439672619104385,3.173729783156887e-05,4.871571945841424e-05,99.99991607666016,2
432,432,0.003448486328125,0.0045166015625,0.0037470234092324,1.1892057955265043e-05,2.039968967437744e-05,0.0037470201496034,0.0439672097563743,3.173734512529336e-05,5.444238195195794e-05,99.99990844726562,2
433,433,0.00341796875,0.00457763671875,0.0037470173556357,1.1682510375976562e-05,2.0954757928848267e-05,0.0037470140960067,0.0439671576023101,3.117816231679171e-05,5.592383604380302e-05,99.99990844726562,2
434,434,0.003448486328125,0.00457763671875,0.0037470120005309,1.1892057955265043e-05,2.0954757928848267e-05,0.0037470087409019,0.043967105448246,3.1737439712742344e-05,5.592391244135797e-05,99.99990844726562,2
435,435,0.0035400390625,0.00469970703125,0.0037470054812729,1.253187656402588e-05,2.208724617958069e-05,0.0037470022216439,0.0439670458436012,3.344504511915147e-05,5.894639252801426e-05,99.99990844726562,2
436,436,0.003448486328125,0.0047607421875,0.0037470003589987,1.1892057955265043e-05,2.2664666175842285e-05,0.0037469968665391,0.043966993689537,3.1737537938170135e-05,6.0487491282401606e-05,99.99990844726562,2
437,437,0.003387451171875,0.004638671875,0.003746994305402,1.147482544183731e-05,2.1517276763916016e-05,0.003746991045773,0.0439669489860534,3.062407995457761e-05,5.742543362430297e-05,99.99990844726562,2
438,438,0.003387451171875,0.00469970703125,0.0037469887174665,1.147482544183731e-05,2.208724617958069e-05,0.0037469854578375,0.0439668893814086,3.06241272483021e-05,5.894665446248837e-05,99.99990844726562,2
439,439,0.00335693359375,0.0048828125,0.0037469828967005,1.126900315284729e-05,2.384185791015625e-05,0.0037469794042408,0.0439668372273445,3.00748688459862e-05,6.362948624882847e-05,99.99990844726562,2
440,440,0.003387451171875,0.0047607421875,0.0037469768431037,1.147482544183731e-05,2.2664666175842285e-05,0.0037469733506441,0.0439667776226997,3.0624225473729894e-05,6.048787327017635e-05,99.99990844726562,2
441,441,0.003387451171875,0.00494384765625,0.003746970789507,1.147482544183731e-05,2.4441629648208615e-05,0.0037469672970473,0.0439667291939258,3.0624272767454386e-05,6.523037154693156e-05,99.99990844726562,2
442,442,0.003326416015625,0.00506591796875,0.0037469654344022,1.10650435090065e-05,2.566352486610413e-05,0.0037469617091119,0.0439666733145713,2.953067814814858e-05,6.849148485343903e-05,99.9999008178711,2
443,443,0.003204345703125,0.00506591796875,0.0037469591479748,1.026783138513565e-05,2.566352486610413e-05,0.0037469556555151,0.0439666211605072,2.7403104468248785e-05,6.849160854471847e-05,99.99990844726562,2
444,444,0.0032958984375,0.00494384765625,0.0037469535600394,1.086294651031494e-05,2.4441629648208615e-05,0.0037469500675797,0.043966569006443,2.8991407816647552e-05,6.523066986119375e-05,99.99990844726562,2
445,445,0.00335693359375,0.00494384765625,0.0037469477392733,1.126900315284729e-05,2.4441629648208615e-05,0.0037469442468136,0.0439665168523788,3.0075150789343752e-05,6.523076444864273e-05,99.99990844726562,2
446,446,0.00335693359375,0.0047607421875,0.0037469419185072,1.126900315284729e-05,2.2664666175842285e-05,0.0037469384260475,0.0439664609730243,3.0075199902057648e-05,6.048843351891264e-05,99.99990844726562,2
447,447,0.003448486328125,0.0047607421875,0.0037469358649104,1.1892057955265043e-05,2.2664666175842285e-05,0.0037469323724508,0.0439664050936698,3.17380836349912e-05,6.048853174434044e-05,99.99990844726562,2
448,448,0.00335693359375,0.0048828125,0.003746930276975,1.126900315284729e-05,2.384185791015625e-05,0.0037469267845153,0.0439663529396057,3.007529267051723e-05,6.36303739156574e-05,99.99990844726562,2
449,449,0.003448486328125,0.00469970703125,0.0037469242233783,1.1892057955265043e-05,2.208724617958069e-05,0.0037469209637492,0.0439663007855415,3.17381854983978e-05,5.894766945857555e-05,99.99990844726562,2
450,450,0.003570556640625,0.00482177734375,0.0037469181697815,1.2748874723911284e-05,2.324953675270081e-05,0.0037469146773219,0.0439662411808967,3.4024960768874735e-05,6.204975215950981e-05,99.99990844726562,2
451,451,0.003631591796875,0.0050048828125,0.0037469125818461,1.3188458979129791e-05,2.504885196685791e-05,0.0037469086237251,0.0439661890268325,3.51982016582042e-05,6.685197877231985e-05,99.99989318847656,2
452,452,0.003662109375,0.005126953125,0.00374690676108,1.341104507446289e-05,2.6285648345947266e-05,0.003746902802959,0.0439661294221878,3.5792309063253924e-05,7.015292794676498e-05,99.99989318847656,2
453,453,0.003631591796875,0.00494384765625,0.0037469004746526,1.3188458979129791e-05,2.4441629648208615e-05,0.0037468967493623,0.0439660772681236,3.519831443554722e-05,6.523159390781075e-05,99.9999008178711,2
454,454,0.003570556640625,0.00469970703125,0.0037468946538865,1.2748874723911284e-05,2.208724617958069e-05,0.0037468913942575,0.0439660251140594,3.402517540962435e-05,5.894813875784166e-05,99.99990844726562,2
455,455,0.003570556640625,0.00457763671875,0.0037468888331204,1.2748874723911284e-05,2.0954757928848267e-05,0.0037468855734914,0.0439659729599952,3.402522634132765e-05,5.5925756896613166e-05,99.99990844726562,2
456,456,0.003448486328125,0.00457763671875,0.0037468830123543,1.1892057955265043e-05,2.0954757928848267e-05,0.0037468797527253,0.043965920805931,3.173853474436328e-05,5.592584057012573e-05,99.99990844726562,2
457,457,0.003387451171875,0.004638671875,0.0037468767259269,1.147482544183731e-05,2.1517276763916016e-05,0.0037468734662979,0.0439658612012863,3.062504401896149e-05,5.742723442381248e-05,99.99990844726562,2
458,458,0.003448486328125,0.00469970703125,0.0037468709051609,1.1892057955265043e-05,2.208724617958069e-05,0.0037468676455318,0.0439658053219318,3.173863660776988e-05,5.894850619370118e-05,99.99990844726562,2
459,459,0.003387451171875,0.00469970703125,0.0037468648515641,1.147482544183731e-05,2.208724617958069e-05,0.0037468615919351,0.0439657494425773,3.0625138606410474e-05,5.894860441912897e-05,99.99990844726562,2
460,460,0.00341796875,0.004638671875,0.0037468587979674,1.1682510375976562e-05,2.1517276763916016e-05,0.0037468555383384,0.0439656972885131,3.117947926511988e-05,5.742750727222301e-05,99.99990844726562,2
461,461,0.003448486328125,0.0047607421875,0.00374685251154,1.1892057955265043e-05,2.2664666175842285e-05,0.0037468490190804,0.043965645134449,3.173879304085858e-05,6.048987779649906e-05,99.99990844726562,2
462,462,0.003448486328125,0.0047607421875,0.0037468464579433,1.1892057955265043e-05,2.2664666175842285e-05,0.0037468429654836,0.0439655855298042,3.173884397256188e-05,6.048997602192685e-05,99.99990844726562,2
463,463,0.003448486328125,0.00506591796875,0.0037468411028385,1.1892057955265043e-05,2.566352486610413e-05,0.0037468373775482,0.0439655259251594,3.173889126628637e-05,6.849376222817227e-05,99.9999008178711,2
464,464,0.0035400390625,0.00494384765625,0.0037468343507498,1.253187656402588e-05,2.4441629648208615e-05,0.0037468308582901,0.0439654737710952,3.3446569432271644e-05,6.523274350911379e-05,99.99990844726562,2
465,465,0.003509521484375,0.005126953125,0.0037468285299837,1.2316741049289703e-05,2.6285648345947266e-05,0.0037468248046934,0.0439654104411602,3.287244544480927e-05,7.015439041424543e-05,99.9999008178711,2
466,466,0.003509521484375,0.0048828125,0.003746822476387,1.2316741049289703e-05,2.384185791015625e-05,0.0037468189839273,0.0439653620123863,3.287249637651257e-05,6.363220745697618e-05,99.99990844726562,2
467,467,0.003509521484375,0.005126953125,0.0037468164227902,1.2316741049289703e-05,2.6285648345947266e-05,0.0037468126974999,0.0439653024077415,3.287255094619468e-05,7.015461596893147e-05,99.9999008178711,2
468,468,0.003387451171875,0.005126953125,0.0037468103691935,1.147482544183731e-05,2.6285648345947266e-05,0.0037468066439032,0.043965246528387,3.062558243982494e-05,7.01547323842533e-05,99.9999008178711,2
469,469,0.003387451171875,0.00506591796875,0.0037468043155968,1.147482544183731e-05,2.566352486610413e-05,0.0037468005903065,0.0439651906490325,3.062563337152824e-05,6.849443889223039e-05,99.9999008178711,2
470,470,0.003448486328125,0.0050048828125,0.003746798262,1.1892057955265043e-05,2.504885196685791e-05,0.0037467945367097,0.0439651347696781,3.1739251426188275e-05,6.685401604045182e-05,99.9999008178711,2
471,471,0.00347900390625,0.0047607421875,0.0037467919755727,1.210346817970276e-05,2.2664666175842285e-05,0.003746788483113,0.0439650788903236,3.230354923289269e-05,6.0490856412798166e-05,99.99990844726562,2
472,472,0.003509521484375,0.00469970703125,0.0037467856891453,1.2316741049289703e-05,2.208724617958069e-05,0.0037467824295163,0.0439650267362594,3.28728201566264e-05,5.8949848607881e-05,99.99990844726562,2
473,473,0.00341796875,0.004638671875,0.0037467796355485,1.1682510375976562e-05,2.1517276763916016e-05,0.0037467763759195,0.0439649671316146,3.1180137739283964e-05,5.7428725995123386e-05,99.99990844726562,2
474,474,0.00335693359375,0.00433349609375,0.0037467733491212,1.126900315284729e-05,1.877918839454651e-05,0.0037467703223228,0.0439649149775505,3.007655141118448e-05,5.012095789425075e-05,99.99991607666016,2
475,475,0.00335693359375,0.00439453125,0.0037467672955244,1.126900315284729e-05,1.931190490722656e-05,0.0037467642687261,0.0439648553729057,3.0076600523898375e-05,5.1542850997066125e-05,99.99991607666016,2
476,476,0.00347900390625,0.004638671875,0.0037467612419277,1.210346817970276e-05,2.1517276763916016e-05,0.0037467579822987,0.0439647957682609,3.230381480534561e-05,5.7429002481512725e-05,99.99990844726562,2
477,477,0.003448486328125,0.00457763671875,0.0037467549555003,1.1892057955265043e-05,2.0954757928848267e-05,0.0037467516958713,0.0439647361636161,3.173961886204779e-05,5.592775050899945e-05,99.99990844726562,2
478,478,0.003509521484375,0.00469970703125,0.0037467484362423,1.2316741049289703e-05,2.208724617958069e-05,0.0037467451766133,0.0439646802842617,3.287314757471904e-05,5.8950434322468936e-05,99.99990844726562,2
479,479,0.003448486328125,0.005126953125,0.0037467423826456,1.1892057955265043e-05,2.6285648345947266e-05,0.0037467386573553,0.0439646169543266,3.17397243634332e-05,7.015600567683578e-05,99.9999008178711,2
480,480,0.0032958984375,0.00506591796875,0.0037467363290488,1.086294651031494e-05,2.566352486610413e-05,0.0037467326037585,0.0439645648002624,2.899308856285643e-05,6.84956758050248e-05,99.9999008178711,2
481,481,0.003326416015625,0.00482177734375,0.0037467295769602,1.10650435090065e-05,2.324953675270081e-05,0.0037467260845005,0.0439645051956176,2.9532537155319005e-05,6.20528808212839e-05,99.99990844726562,2
482,482,0.003509521484375,0.00469970703125,0.0037467235233634,1.2316741049289703e-05,2.208724617958069e-05,0.0037467202637344,0.0439644530415535,3.287336585344747e-05,5.89508272241801e-05,99.99990844726562,2
483,483,0.00335693359375,0.0048828125,0.0037467170041054,1.126900315284729e-05,2.384185791015625e-05,0.0037467135116457,0.0439643859863281,3.0077004339545965e-05,6.363399734254926e-05,99.99990844726562,2
484,484,0.003326416015625,0.00469970703125,0.0037467111833393,1.10650435090065e-05,2.208724617958069e-05,0.0037467079237103,0.0439643338322639,2.953268267447129e-05,5.895102003705688e-05,99.99990844726562,2
485,485,0.00335693359375,0.0048828125,0.0037467048969119,1.126900315284729e-05,2.384185791015625e-05,0.0037467014044523,0.0439642742276191,3.0077100745984357e-05,6.363420106936246e-05,99.99990844726562,2
486,486,0.00341796875,0.0048828125,0.0037466986104846,1.1682510375976562e-05,2.384185791015625e-05,0.0037466951180249,0.0439642183482646,3.118081076536328e-05,6.363431020872667e-05,99.99990844726562,2
487,487,0.003448486328125,0.00469970703125,0.0037466920912265,1.1892057955265043e-05,2.208724617958069e-05,0.0037466888315975,0.0439641624689102,3.174015000695363e-05,5.895132198929787e-05,99.99990844726562,2
488,488,0.003387451171875,0.0040283203125,0.0037466860376298,1.147482544183731e-05,1.6227364540100098e-05,0.0037466832436621,0.043964110314846,3.0626601073890924e-05,4.3311247281963006e-05,99.99992370605467,2
489,489,0.003448486328125,0.00433349609375,0.0037466792855411,1.1892057955265043e-05,1.877918839454651e-05,0.0037466762587428,0.0439640432596206,3.174025914631784e-05,5.012222027289681e-05,99.99991607666016,2
490,490,0.00335693359375,0.0047607421875,0.0037466732319444,1.126900315284729e-05,2.2664666175842285e-05,0.0037466697394847,0.0439639836549758,3.0077357223490253e-05,6.0492773627629504e-05,99.99990844726562,2
491,491,0.0035400390625,0.00457763671875,0.0037466664798557,1.253187656402588e-05,2.0954757928848267e-05,0.0037466632202267,0.0439639240503311,3.344807191751897e-05,5.5929071095306426e-05,99.99990844726562,2
492,492,0.0035400390625,0.00469970703125,0.0037466601934283,1.253187656402588e-05,2.208724617958069e-05,0.0037466569337993,0.0439638644456863,3.344813012517989e-05,5.895182766835205e-05,99.99990844726562,2
493,493,0.003662109375,0.00537109375,0.0037466543726623,1.341104507446289e-05,2.8848648071289062e-05,0.0037466501817107,0.0439638048410415,3.5794721043203026e-05,7.699842535657808e-05,99.99988555908205,2
494,494,0.00360107421875,0.00537109375,0.0037466478534042,1.2967735528945925e-05,2.8848648071289062e-05,0.0037466436624526,0.0439637452363967,3.461156666162424e-05,7.699855632381514e-05,99.99988555908205,2
495,495,0.003570556640625,0.0052490234375,0.0037466415669769,1.2748874723911284e-05,2.755224704742432e-05,0.0037466376088559,0.0439636893570423,3.402747097425163e-05,7.35385183361359e-05,99.99989318847656,2
496,496,0.00360107421875,0.00531005859375,0.0037466350477188,1.2967735528945925e-05,2.8196722269058228e-05,0.0037466308567672,0.0439636260271072,3.461168671492487e-05,7.525878754677251e-05,99.99988555908205,2
497,497,0.003631591796875,0.00506591796875,0.0037466285284608,1.3188458979129791e-05,2.566352486610413e-05,0.0037466245703399,0.0439635664224624,3.52008682966698e-05,6.849764758953825e-05,99.99989318847656,2
498,498,0.0035400390625,0.00469970703125,0.0037466217763721,1.253187656402588e-05,2.208724617958069e-05,0.0037466185167431,0.0439635142683982,3.3448468457208946e-05,5.895242793485522e-05,99.99990844726562,2
499,499,0.0035400390625,0.0050048828125,0.0037466152571141,1.253187656402588e-05,2.504885196685791e-05,0.0037466115318238,0.0439634472131729,3.344853030284867e-05,6.685728294542059e-05,99.9999008178711,2
0,0,246.90000915527344,835.507568359375,75.90647888183594,60959.61328125,698072.875,0.0032308781519532,0.0394267365336418,8.0308837890625,91.9648666381836,0.0042563928291201,3
1,1,234.52853393554688,805.1401977539062,70.32867431640625,55003.6328125,648250.75,0.0032373040448874,0.0393820218741893,7.820940017700195,92.1744613647461,0.0046031069941818,3
2,2,221.9710235595703,774.285888671875,64.8822250366211,49271.13671875,599518.625,0.0032461690716445,0.0393739081919193,7.593934059143066,92.40105438232422,0.0050031715072691,3
3,3,209.1570281982422,742.81640625,59.5555419921875,43746.6640625,551776.1875,0.0032576888334006,0.0393991842865943,7.345522880554199,92.64900207519533,0.0054700011387467,3
4,4,196.0640411376953,710.546875,54.33506774902344,38441.109375,504876.875,0.0032721573952585,0.0394621267914772,7.074824810028076,92.91915130615234,0.0060221836902201,3
5,5,182.64491271972656,677.298583984375,49.21254348754883,33359.1640625,458733.375,0.0032895822077989,0.0395657643675804,6.778589725494385,93.21472930908205,0.0066844383254647,3
6,6,168.85275268554688,642.9158325195312,44.18851089477539,28511.251953125,413340.78125,0.0033099008724093,0.0397067070007324,6.452186584472656,93.54032135009766,0.0074904104694724,3
7,7,154.64581298828125,607.255126953125,39.27074432373047,23915.328125,368758.78125,0.0033330945298075,0.0398854576051235,6.089858531951904,93.90164947509766,0.0084874751046299,3
8,8,139.987548828125,570.180908203125,34.473636627197266,19596.513671875,325106.28125,0.0033591855317354,0.0401091612875461,5.684492588043213,94.3057632446289,0.0097442157566547,3
9,9,124.85015869140624,531.561767578125,29.81793594360352,15587.5625,282557.90625,0.0033882132265716,0.0403909161686897,5.227579116821289,94.76105499267578,0.0113630043342709,3
10,10,109.21656799316406,491.271484375,25.331010818481445,11928.2587890625,241347.671875,0.0034202297683805,0.0407213643193244,4.708954811096191,95.27754974365234,0.013502144254744,3
11,11,93.08616638183594,449.1909790039063,21.04721069335937,8665.0341796875,201772.53125,0.0034552828874439,0.0410872399806976,4.1169514656066895,95.86663055419922,0.0164168197661638,3
12,12,76.47836303710938,405.2225036621094,17.008914947509766,5848.93994140625,164205.28125,0.0034933981951326,0.041482850909233,3.4387495517730717,96.54071807861328,0.020538629963994,3
13,13,59.44284057617188,359.3089599609375,13.267171859741213,3533.451416015625,129102.9296875,0.0035345493815839,0.0419061258435249,2.663304090499878,97.31005859375,0.0266413167119026,3
14,14,42.0682373046875,311.444091796875,9.880294799804688,1769.736572265625,96997.421875,0.0035786542575806,0.0423552356660366,1.7911778688430786,98.17259979248048,0.0362201146781444,3
15,15,24.49594116210937,261.7025146484375,6.912450790405273,600.0511474609375,68488.203125,0.0036255361046642,0.0428252816200256,0.8680729269981384,99.07947540283205,0.0524493567645549,3
16,16,6.939468383789063,210.27264404296875,4.429948806762695,48.15622329711914,44214.5859375,0.0036748796701431,0.0433094687759876,0.1087060421705246,99.80833435058594,0.082955352962017,3
17,17,10.295013427734377,157.51141357421875,2.495309352874756,105.9873046875,24809.845703125,0.0037261638790369,0.0438006967306137,0.4247461557388305,99.4259262084961,0.149326741695404,3
18,18,26.789764404296875,103.99932861328124,1.15713369846344,717.6914672851562,10815.8603515625,0.0037785917520523,0.044290006160736,6.2023210525512695,93.47113037109376,0.3265475630760193,3
19,19,42.01220703125,50.6246337890625,0.4366188645362854,1765.0255126953125,2562.853515625,0.0038309912197291,0.0447655469179153,40.42485427856445,58.69772338867188,0.8774222731590271,3
20,20,55.342376708984375,1.34100341796875,0.3103393912315368,3062.778564453125,1.798290133476257,0.0038817315362393,0.045211873948574,98.69125366210938,0.0579459182918071,1.2508020401000977,3
21,21,66.14404296875,50.21533203125,0.6935900449752808,4375.0341796875,2521.57958984375,0.003928720485419,0.0456107184290885,63.07809448242188,36.35547637939453,0.5664326548576355,3
22,22,73.86996459960938,93.997314453125,1.433196187019348,5456.771484375,8835.4951171875,0.0039695519953966,0.0459424592554569,38.07413864135742,61.648887634277344,0.2769719958305359,3
23,23,78.17031860351562,130.64642333984375,2.3219103813171387,6110.5986328125,17068.48828125,0.0040018782019615,0.0461895838379859,26.317115783691406,73.51053619384766,0.1723528206348419,3
24,24,78.96609497070312,158.50390625,3.139936923980713,6235.64404296875,25123.48828125,0.0040239174850285,0.0463403388857841,19.8591365814209,80.01271057128906,0.1281528174877166,3
25,25,76.45782470703125,176.66229248046875,3.709571361541748,5845.798828125,31209.56640625,0.0040348567999899,0.0463912487030029,15.758689880371094,84.13253784179688,0.1087688133120536,3
26,26,71.0670166015625,185.09735107421875,3.935190200805664,5050.52099609375,34261.03125,0.0040349313057959,0.0463469251990318,12.834247589111328,87.06321716308594,0.1025345996022224,3
27,27,63.348876953125,184.54730224609372,3.811103820800781,4013.080322265625,34057.70703125,0.0040252115577459,0.0462179854512214,10.52996826171875,89.36441802978516,0.1056180000305175,3
28,28,53.9088134765625,176.25823974609375,3.401319980621338,2906.16015625,31066.966796875,0.0040072728879749,0.0460184328258037,8.544212341308594,91.33796691894533,0.117815226316452,3
29,29,43.34439086914063,161.73809814453125,2.8077778816223145,1878.7362060546875,26159.212890625,0.0039829136803746,0.0457636788487434,6.691185474395752,93.16696166992188,0.1418528705835342,3
30,30,32.209014892578125,142.565673828125,2.140192985534668,1037.420654296875,20324.970703125,0.0039539523422718,0.0454690977931022,4.847322940826416,94.96792602539062,0.1847474724054336,3
31,31,20.991241455078125,120.2584228515625,1.4941940307617188,440.6322326660156,14462.087890625,0.0039221011102199,0.0451492741703987,2.948962450027466,96.7885513305664,0.2624894082546234,3
32,32,10.104248046875,96.19866943359376,0.93951678276062,102.0958251953125,9254.18359375,0.0038888994604349,0.0448175892233848,1.0866843461990356,98.4993896484375,0.4139254689216614,3
33,33,0.1177978515625,71.5859375,0.5163117051124573,0.0138763338327407,5124.54638671875,0.003855672199279,0.0444858744740486,0.0002687588566914,99.25296020507812,0.7467722296714783,3
34,34,9.419570922851562,47.42071533203125,0.2375687658786773,88.72831726074219,2248.72412109375,0.0038235196843743,0.0441643670201301,3.7348475456237793,94.6557159423828,1.6094369888305664,3
35,35,17.619216918945312,24.49969482421875,0.0948604941368103,310.4367980957031,600.2350463867188,0.0037933131679892,0.0438615009188652,32.72561264038086,63.27555084228516,3.998833417892456,3
36,36,24.60140991210937,3.42510986328125,0.0654617846012115,605.2293701171875,11.731377601623535,0.0037657073698937,0.0435839518904686,92.4553680419922,1.792095422744751,5.752527713775635,3
37,37,30.3067626953125,15.373046875,0.1192241981625557,918.4998779296876,236.33056640625,0.0037411600351333,0.0433366596698761,77.03971099853516,19.822364807128903,3.1379201412200928,3
38,38,34.72303771972656,31.6168212890625,0.224251240491867,1205.6893310546875,999.6234130859376,0.0037199603393673,0.0431229919195175,53.765113830566406,44.57604598999024,1.658836007118225,3
39,39,37.87312316894531,45.1539306640625,0.3510273396968841,1434.3734130859375,2038.87744140625,0.0037022507749497,0.0429448708891868,40.86215972900391,58.083152770996094,1.05469012260437,3
40,40,39.80717468261719,55.93255615234375,0.4749942719936371,1584.6112060546875,3128.450927734375,0.0036880625411868,0.0428030267357826,33.36063766479492,65.8629150390625,0.776443600654602,3
41,41,40.59461975097656,63.97833251953125,0.5777923464775085,1647.923095703125,4093.22705078125,0.003677335800603,0.04269715026021,28.52102470397949,70.842529296875,0.636445939540863,3
42,42,40.31919860839844,69.37847900390625,0.6475710272789001,1625.6378173828125,4813.37353515625,0.0036699390038847,0.0426260903477668,25.103620529174805,74.32966613769531,0.5667238235473633,3
43,43,39.073577880859375,72.266845703125,0.6785898208618164,1526.7445068359375,5222.4970703125,0.0036656917072832,0.0425880625844001,22.498783111572266,76.96102905273438,0.5401925444602966,3
44,44,36.95822143554688,72.81109619140625,0.6704009175300598,1365.91015625,5301.45556640625,0.003664368763566,0.0425806827843189,20.374526977539062,79.0788803100586,0.5465936660766602,3
45,45,34.07952880859375,71.2081298828125,0.62686687707901,1161.414306640625,5070.59765625,0.0036657163873314,0.0426011867821216,18.527286529541016,80.88794708251953,0.5847678780555725,3
46,46,30.549468994140625,67.67779541015625,0.5550248622894287,933.2700805664062,4580.2841796875,0.0036694523878395,0.042646437883377,16.814922332763672,82.52394104003906,0.6611329913139343,3
47,47,26.485336303710938,62.46356201171875,0.4639922082424164,701.4730224609375,3901.696533203125,0.0036752701271325,0.0427129864692688,15.118206024169922,84.0896987915039,0.7920973896980286,3
48,48,22.010177612304688,55.82537841796875,0.3637749254703522,484.4479064941406,3116.472900390625,0.0036828413140028,0.042797178030014,13.317242622375488,85.67036437988281,1.0123956203460691,3
49,49,17.251907348632812,48.042236328125,0.2642602920532226,297.6282958984375,2308.056396484375,0.0036918185651302,0.0428951382637023,11.262694358825684,87.34026336669922,1.3970386981964111,3
50,50,12.343490600585938,39.40911865234375,0.1742458641529083,152.36175537109375,1553.07861328125,0.0037018356379121,0.0430028513073921,8.744067192077637,89.1314468383789,2.1244897842407227,3
51,51,7.4208831787109375,30.234375,0.1006311997771263,55.06950759887695,914.117431640625,0.0037125125527381,0.0431162193417549,5.472408771514893,90.83836364746094,3.6892261505126953,3
52,52,2.62060546875,20.83306884765625,0.0478118918836116,6.867572784423828,434.0167541503906,0.0037234597839415,0.0432311445474624,1.4363733530044556,90.77589416503906,7.787727355957031,3
53,53,1.92431640625,11.521240234375,0.0173784904181957,3.702993631362915,132.73898315429688,0.0037342929281294,0.0433436185121536,2.130791425704956,76.38118743896484,21.48801612854004,3
54,54,6.086669921875,2.60791015625,0.0081295082345604,37.047550201416016,6.80119514465332,0.0037446334026753,0.0434498414397239,45.57169723510742,8.366059303283691,46.06223678588867,3
55,55,9.753997802734377,5.6217041015625,0.0164285358041524,95.14047241210938,31.60355758666992,0.003754133824259,0.0435463525354862,57.91171646118164,19.236989974975582,22.851299285888672,3
56,56,12.830474853515623,12.90972900390625,0.0368907004594802,164.62107849121094,166.66110229492188,0.0037624831311404,0.0436301566660404,44.62400817871094,45.17699813842773,10.19900131225586,3
57,57,15.244232177734377,19.04534912109375,0.0632806196808815,232.38661193847656,362.7253112792969,0.0037694289349019,0.0436988733708858,36.72318649291992,57.320125579833984,5.956687927246094,3
58,58,16.950042724609375,23.87152099609375,0.0894901230931282,287.303955078125,569.8494873046875,0.0037747835740447,0.0437508076429367,32.10454177856445,63.67736053466797,4.218100547790527,3
59,59,17.9326171875,27.294921875,0.110437586903572,321.5787658691406,745.0127563476562,0.0037784380838274,0.0437850430607795,29.11859703063965,67.46007537841797,3.421333312988281,3
60,60,18.206085205078125,29.28497314453125,0.1226874813437461,331.4615478515625,857.6096801757812,0.003780361264944,0.0438014529645442,27.01673889160156,69.90196990966797,3.0812933444976807,3
61,61,17.813262939453125,29.88031005859375,0.1247951313853263,317.3123474121094,892.8329467773438,0.0037806050386279,0.0438006781041622,25.426658630371094,71.54389190673828,3.029448986053467,3
62,62,16.82147216796875,29.17633056640625,0.1172012984752655,282.9619140625,851.2582397460938,0.0037792907096445,0.0437840484082698,24.143239974975582,72.63214874267578,3.2246150970458984,3
63,63,15.3170166015625,27.3206787109375,0.1018796488642692,234.61099243164065,746.4194946289062,0.0037766015157103,0.0437534861266613,23.028247833251957,73.26483154296875,3.706924200057984,3
64,64,13.401123046875,24.49969482421875,0.0817552804946899,179.59010314941406,600.2350463867188,0.0037727665621787,0.0437113344669342,21.96678733825684,73.41850280761719,4.614706516265869,3
65,65,11.18206787109375,20.92681884765625,0.0600650832056999,125.03864288330078,437.9317321777344,0.0037680470850318,0.0436602607369422,20.81719398498535,72.90953063964844,6.273273468017578,3
66,66,8.7698974609375,16.82672119140625,0.0397676825523376,76.91110229492188,283.1385498046875,0.0037627164274454,0.0436030477285385,19.34010124206543,71.19815063476562,9.46174430847168,3
67,67,6.2724609375,12.4249267578125,0.023129304870963,39.34376525878906,154.37879943847656,0.0037570493295788,0.043542493134737,17.010353088378906,66.7459716796875,16.243675231933594,3
68,68,3.78900146484375,7.93780517578125,0.0114878360182046,14.356532096862791,63.008750915527344,0.0037513074930757,0.0434812754392623,12.497159957885742,54.84822845458984,32.65460586547852,3
69,69,1.40814208984375,3.5599365234375,0.0052113276906311,1.9828641414642332,12.673148155212402,0.0037457263097167,0.0434218198060989,3.804911375045776,24.31846237182617,71.87661743164062,3
70,70,0.79388427734375,0.53729248046875,0.0038324070628732,0.6302522420883179,0.2886832058429718,0.0037405136972665,0.0433662757277488,1.644533634185791,0.7532686591148376,97.60220336914062,3
71,71,2.7557373046875,4.21148681640625,0.0062689110636711,7.594088077545166,17.736621856689453,0.0037358398549258,0.0433164127171039,12.113886833190918,28.29298591613769,59.59312438964844,3
72,72,4.4307861328125,7.3546142578125,0.0111040566116571,19.631866455078125,54.09035110473633,0.003731835167855,0.0432736165821552,17.67990493774414,48.71224212646485,33.60785675048828,3
73,73,5.78753662109375,9.8885498046875,0.0168564915657043,33.49557876586914,97.78341674804688,0.0037285923026502,0.0432388633489608,19.87102699279785,58.00934982299805,22.11962127685547,3
74,74,6.807876586914063,11.76776123046875,0.0222089029848575,46.34718322753906,138.48020935058594,0.0037261648103594,0.0432127304375171,20.86874008178711,62.35346984863281,16.77779769897461,3
75,75,7.487335205078125,12.97686767578125,0.0261704977601766,56.06018829345703,168.3990936279297,0.0037245710846036,0.0431954115629196,21.4211368560791,64.34691619873047,14.231945991516112,3
76,76,7.8336181640625,13.5269775390625,0.028158264234662,61.36557388305664,182.9791259765625,0.003723794594407,0.0431867577135562,21.79309463500977,64.98239135742188,13.224516868591309,3
77,77,7.864913940429687,13.4552001953125,0.0280137192457914,61.85687255859375,181.04241943359372,0.0037237899377942,0.0431862771511077,22.080921173095703,64.6263427734375,13.292737007141112,3
78,78,7.608322143554687,12.81854248046875,0.0259446464478969,57.886566162109375,164.31503295898438,0.0037244867999106,0.0431932434439659,22.31156349182129,63.33292007446289,14.355511665344238,3
79,79,7.098907470703125,11.69134521484375,0.0224339962005615,50.39448547363281,136.6875457763672,0.0037257927469909,0.0432066842913627,22.46344566345215,60.92875671386719,16.607797622680664,3
80,80,6.377532958984375,10.16278076171875,0.0181231033056974,40.67292785644531,103.28211212158205,0.0037275999784469,0.043225459754467,22.44258499145508,56.989200592041016,20.56822204589844,3
81,81,5.489227294921875,8.33111572265625,0.0136836981400847,30.131616592407227,69.40748596191406,0.0037297883536666,0.0432483069598674,22.020082473754883,50.722755432128906,27.25716590881348,3
82,82,4.48162841796875,6.29840087890625,0.0097077162936329,20.08499336242676,39.66985321044922,0.0037322314456105,0.0432739034295082,20.689720153808597,40.8642463684082,38.44602966308594,3
83,83,3.403289794921875,4.16943359375,0.0066314577125012,11.58238124847412,17.38417625427246,0.0037348023615777,0.0433009155094623,17.46581268310547,26.214712142944336,56.31947326660156,3
84,84,2.30133056640625,2.0447998046875,0.004685110412538,5.296122550964356,4.181206226348877,0.0037373774684965,0.0433280542492866,11.304157257080078,8.924455642700195,79.7713851928711,3
85,85,1.220916748046875,0.01910400390625,0.0038889420684427,1.4906376600265503,0.00036496296525,0.0037398417480289,0.0433541163802146,3.8330159187316895,0.000938463374041,96.16604614257812,3
86,86,0.202789306640625,1.8251953125,0.00407933909446,0.0411235019564628,3.3313379287719727,0.0037420932203531,0.043378047645092,0.1008092164993286,8.166366577148438,91.73282623291016,3
87,87,0.7186279296875,3.41888427734375,0.0049645667895674,0.5164260864257812,11.688769340515137,0.0037440476007759,0.0433989502489566,1.0402238368988037,23.544389724731445,75.41539764404297,3
88,88,1.514984130859375,4.70989990234375,0.0061934720724821,2.2951769828796387,22.18315696716309,0.0037456392310559,0.0434161499142646,3.70580005645752,35.816993713378906,60.47721099853516,3
89,89,2.165252685546875,5.66278076171875,0.0074223638512194,4.688319206237793,32.06708526611328,0.0037468236405402,0.0434291772544384,6.316476821899414,43.20333480834961,50.48019409179688,3
90,90,2.656707763671875,6.26220703125,0.0083749135956168,7.058095932006836,39.21523666381836,0.0037475803401321,0.0434378013014793,8.427663803100586,46.82464599609375,44.74768829345703,3
91,91,2.984649658203125,6.509033203125,0.0088754743337631,8.908133506774902,42.36751174926758,0.0037479102611541,0.043442003428936,10.03679656982422,47.73549270629883,42.22771835327149,3
92,92,3.151275634765625,6.422607421875,0.0088658761233091,9.930538177490234,41.24988555908203,0.0037478334270417,0.0434419773519039,11.20085334777832,46.52657318115234,42.27256774902344,3
93,93,3.16632080078125,6.03515625,0.0083922585472464,10.02558708190918,36.42311096191406,0.0037473887205123,0.0434380993247032,11.946232795715332,43.40084457397461,44.652923583984375,3
94,94,3.04498291015625,5.39141845703125,0.00758056063205,9.271921157836914,29.067392349243164,0.0037466292269527,0.0434309020638465,12.231181144714355,38.34465026855469,49.42417144775391,3
95,95,2.8067626953125,4.54638671875,0.0066003734245896,7.877916812896728,20.66963195800781,0.0037456189747899,0.0434210151433944,11.935562133789062,31.31585121154785,56.74859237670898,3
96,96,2.474761962890625,3.55816650390625,0.0056229280307888,6.124446868896484,12.66054916381836,0.0037444285117089,0.0434091538190841,10.891916275024414,22.51593589782715,66.59214782714844,3
97,97,2.073760986328125,2.48675537109375,0.0047915745526552,4.300484657287598,6.183952331542969,0.0037431307137012,0.0433960556983947,8.975096702575684,12.90588665008545,78.11901092529297,3
98,98,1.629119873046875,1.39178466796875,0.0042009064927697,2.65403151512146,1.937064528465271,0.0037417970597743,0.0433824583888053,6.3177595138549805,4.611063003540039,89.07118225097656,3
99,99,1.16558837890625,0.328857421875,0.0038871695287525,1.3585963249206543,0.1081472039222717,0.003740495070815,0.0433690436184406,3.495078563690185,0.2782157957553863,96.2267074584961,3
100,100,0.705596923828125,0.654052734375,0.0038318487349897,0.4978670179843902,0.4277849793434143,0.0037392836529761,0.0433564335107803,1.299286723136902,1.1163932085037231,97.5843276977539,3
101,101,0.269317626953125,1.5150146484375,0.0039749927818775,0.07253198325634,2.29526948928833,0.0037382128648459,0.0433451570570468,0.1824707239866256,5.774272918701172,94.0432586669922,3
102,102,0.126312255859375,2.22430419921875,0.0042336690239608,0.0159547850489616,4.947529315948486,0.0037373206578195,0.0433356128633022,0.0376854799687862,11.686149597167969,88.27616882324219,3
103,103,0.468017578125,2.75958251953125,0.004520068410784,0.2190404534339904,7.615295886993408,0.0037366347387433,0.0433281064033508,0.4845954477787018,16.84774398803711,82.66766357421875,3
104,104,0.74639892578125,3.1104736328125,0.0047593847848474,0.557111382484436,9.67504596710205,0.0037361690774559,0.0433227941393852,1.1705533266067505,20.328353881835938,78.50109100341797,3
105,105,0.956268310546875,3.27606201171875,0.0049006282351911,0.9144490957260132,10.732582092285156,0.0037359250709414,0.0433197245001792,1.865983366966248,21.900421142578125,76.23359680175781,3
106,106,1.09576416015625,3.26434326171875,0.004921558778733,1.2006990909576416,10.65593719482422,0.003735895268619,0.0433188378810882,2.4396722316741943,21.65154838562012,75.90878295898438,3
107,107,1.166717529296875,3.0911865234375,0.0048277280293405,1.3612297773361206,9.555434226989746,0.0037360617425292,0.0433199554681777,2.8196074962615967,19.792818069458008,77.38758087158203,3
108,108,1.173919677734375,2.77996826171875,0.0046470277011394,1.3780874013900757,7.728223323822021,0.0037363967858254,0.0433228425681591,2.965524196624756,16.630464553833008,80.40401458740234,3
109,109,1.124481201171875,2.355712890625,0.0044182543642818,1.264457941055298,5.549383163452148,0.003736870130524,0.0433271750807762,2.8618948459625244,12.560124397277832,84.5779800415039,3
110,110,1.02752685546875,1.852294921875,0.0041861254721879,1.0558114051818848,3.430996417999268,0.0037374445237219,0.0433325916528701,2.5221683979034424,8.196114540100098,89.2817153930664,3
111,111,0.893585205078125,1.300048828125,0.0039869435131549,0.7984945178031921,1.690126895904541,0.0037380815483629,0.0433387234807014,2.0027735233306885,4.23915433883667,93.7580795288086,3
112,112,0.7333984375,0.7313232421875,0.0038460141513496,0.5378732681274414,0.5348336696624756,0.0037387434858828,0.0433451868593692,1.3985211849212646,1.390618085861206,97.21086120605467,3
113,113,0.5584716796875,0.17669677734375,0.0037737055681645,0.3118906021118164,0.0312217511236667,0.0037393942475318,0.0433516129851341,0.8264836072921753,0.0827349945902824,99.09078216552734,3
114,114,0.379180908203125,0.33685302734375,0.003765724832192,0.1437781602144241,0.1134699583053588,0.0037400000728666,0.0433576703071594,0.3818073868751526,0.3013230264186859,99.3168716430664,3
115,115,0.20538330078125,0.7857666015625,0.0038064951077103,0.0421823002398014,0.6174291372299194,0.0037405339535325,0.0433630757033824,0.1108166426420211,1.6220409870147705,98.26714324951172,3
116,116,0.045196533203125,1.15374755859375,0.0038742918986827,0.0020427266135811,1.331133484840393,0.0037409744691103,0.0433676019310951,0.0052725155837833,3.4358105659484863,96.55892181396484,3
117,117,0.0947265625,1.42767333984375,0.0039460295811295,0.0089731216430664,2.0382511615753174,0.0037413071841001,0.0433711037039756,0.0227396208792924,5.165321350097656,94.81194305419922,3
118,118,0.209716796875,1.60107421875,0.0040022642351686,0.04398113489151,2.563438653945923,0.0037415223196148,0.0433734692633152,0.1098906397819519,6.404970645904541,93.48513793945312,3
119,119,0.296966552734375,1.6749267578125,0.0040309778414666,0.0881891325116157,2.805379629135132,0.0037416210398077,0.0433747023344039,0.2187785059213638,6.959550857543945,92.82167053222656,3
120,120,0.35498046875,1.65252685546875,0.004027291201055,0.1260111331939697,2.7308449745178223,0.0037416056729853,0.0433748140931129,0.3128930330276489,6.780848026275635,92.90625762939452,3
121,121,0.3846435546875,1.544677734375,0.0039948876947164,0.1479506641626358,2.3860292434692383,0.0037414897233247,0.0433739274740219,0.3703500032424927,5.972706317901611,93.65694427490234,3
122,122,0.388214111328125,1.36407470703125,0.0039424281567335,0.1507101953029632,1.8606997728347776,0.0037412871606647,0.043372169137001,0.3822775781154632,4.719679355621338,94.8980484008789,3
123,123,0.368743896484375,1.12750244140625,0.0038817406166344,0.1359720677137375,1.2712618112564087,0.0037410170771181,0.0433697253465652,0.3502863347530365,3.2749786376953125,96.3747329711914,3
124,124,0.330780029296875,0.8515625,0.0038241560105234,0.1094154268503189,0.72515869140625,0.0037406985647976,0.0433667786419391,0.2861165106296539,1.8962581157684328,97.817626953125,3
125,125,0.2786865234375,0.5557861328125,0.0037790108472108,0.0776661783456802,0.3088982105255127,0.0037403544411063,0.0433635488152504,0.2055198401212692,0.8174048662185669,98.9770736694336,3
126,126,0.217864990234375,0.2568359375,0.0037513489369302,0.0474651530385017,0.0659646987915039,0.0037400058936327,0.0433602407574653,0.1265282183885574,0.175842598080635,99.69762420654295,3
127,127,0.15301513671875,0.02874755859375,0.0037420948501676,0.0234136320650577,0.000826422125101,0.0037396708503365,0.043357029557228,0.0625682473182678,0.0022084477823227,99.93521881103516,3
128,128,0.088531494140625,0.28619384765625,0.0037483412306755,0.0078378254547715,0.0819069147109985,0.0037393667735159,0.0433540940284729,0.0209101177752017,0.2185150682926178,99.76057434082033,3
129,129,0.028411865234375,0.50445556640625,0.003764635650441,0.0008072340860962,0.2544754147529602,0.0037391074001789,0.0433515608310699,0.0021442554425448,0.6759629845619202,99.3218994140625,3
130,130,0.023681640625,0.67449951171875,0.0037844534963369,0.0005608201026916,0.4549495875835418,0.0037389025092124,0.0433495491743087,0.0014819051139056,1.2021539211273191,98.79637145996094,3
131,131,0.06622314453125,0.79205322265625,0.0038019323255866,0.0043855048716068,0.6273483037948608,0.0037387588527053,0.0433481037616729,0.0115349367260932,1.65007746219635,98.33838653564452,3
132,132,0.097320556640625,0.85595703125,0.0038128900341689,0.009471290744841,0.7326624393463135,0.0037386766634881,0.0433472469449043,0.024840185418725,1.9215410947799685,98.05361938476562,3
133,133,0.116546630859375,0.8660888671875,0.0038150267209857,0.0135831171646714,0.7501099109649658,0.0037386573385447,0.043346993625164,0.035604253411293,1.9661983251571653,97.99819946289062,3
134,134,0.1243896484375,0.8282470703125,0.0038088406436145,0.0154727846384048,0.6859931945800781,0.0037386938929557,0.0433472767472267,0.0406233444809913,1.8010549545288086,98.15831756591795,3
135,135,0.12152099609375,0.74810791015625,0.0037962228525429,0.0147673524916172,0.5596654415130615,0.0037387795746326,0.043348029255867,0.0389001183211803,1.474269151687622,98.48683166503906,3
136,136,0.109466552734375,0.6343994140625,0.0037803491577506,0.0119829261675477,0.4024626016616821,0.0037389046046882,0.0433491766452789,0.0316979326307773,1.0646175146102903,98.9036865234375,3
137,137,0.09051513671875,0.49658203125,0.0037645371630787,0.008192989975214,0.2465937137603759,0.0037390585057437,0.0433505997061729,0.0217636041343212,0.6550438404083252,99.3231964111328,3
138,138,0.066986083984375,0.34381103515625,0.0037514981813728,0.0044871354475617,0.1182060241699218,0.0037392289377748,0.0433521904051303,0.0119609152898192,0.315090149641037,99.6729507446289,3
139,139,0.04107666015625,0.18743896484375,0.0037430876400321,0.001687292009592,0.0351333655416965,0.0037394054234027,0.043353833258152,0.0045077544637024,0.0938619896769523,99.90162658691406,3
140,140,0.014617919921875,0.034912109375,0.0037397204432636,0.0002136835828423,0.0012188553810119,0.0037395772524178,0.0433554500341415,0.000571389158722,0.0032592150382697,99.99617004394533,3
141,141,0.009765625,0.104248046875,0.0037408301141113,9.5367431640625e-05,0.0108676552772521,0.0037397337146103,0.0433569215238094,0.0002549365453887,0.0290514528751373,99.97069549560548,3
142,142,0.030731201171875,0.22430419921875,0.0037449935916811,0.0009444067254662,0.0503123737871646,0.003739867825061,0.0433581806719303,0.0025217847432941,0.1343456953763961,99.86312866210938,3
143,143,0.046966552734375,0.31854248046875,0.0037503400817513,0.0022058570757508,0.1014693081378936,0.0037399725988507,0.0433591678738594,0.0058817518875002,0.2705602645874023,99.72355651855467,3
144,144,0.057403564453125,0.385498046875,0.0037552360445261,0.003295169211924,0.1486087441444397,0.0037400457076728,0.0433598458766937,0.0087748663499951,0.3957374095916748,99.59548950195312,3
145,145,0.061920166015625,0.42388916015625,0.0037584374658763,0.0038341069594025,0.1796820163726806,0.0037400857545435,0.0433602184057235,0.0102013321593403,0.4780763685703277,99.51171875,3
146,146,0.06097412109375,0.43145751953125,0.0037590786814689,0.0037178434431552,0.1861555874347686,0.0037400913424789,0.0433602631092071,0.009890304878354,0.4952159821987152,99.4948959350586,3
147,147,0.054656982421875,0.4144287109375,0.0037575413007289,0.0029873857274651,0.1717511564493179,0.0037400673609226,0.043360024690628,0.007950372993946,0.4570838510990143,99.53496551513672,3
148,148,0.043914794921875,0.37506103515625,0.0037542772479355,0.0019285092130303,0.1406707763671875,0.0037400173023343,0.0433595404028892,0.0051368321292102,0.374694675207138,99.62017059326172,3
149,149,0.030029296875,0.31646728515625,0.0037500511389225,0.0009017586708068,0.1001515388488769,0.0037399458233267,0.0433588586747646,0.0024046569596976,0.2670671343803406,99.73052978515624,3
150,150,0.01409912109375,0.2451171875,0.0037458878941833,0.0001987852156162,0.0600824356079101,0.0037398599088191,0.0433580316603183,0.000530675810296,0.1603956967592239,99.83908081054688,3
151,151,0.00250244140625,0.16558837890625,0.0037425071932375,6.2622129917144775e-06,0.0274195112287998,0.0037397644482553,0.0433571264147758,1.6732667063479312e-05,0.0732650831341743,99.92671966552734,3
152,152,0.018798828125,0.0836181640625,0.0037404014728963,0.0003533959388732,0.0069919973611831,0.0037396668922156,0.0433562099933624,0.0009448074852116,0.0186931733042001,99.98036193847656,3
153,153,0.03302001953125,0.005126953125,0.0037396848201751,0.0010903216898441,2.6285648345947266e-05,0.0037395732942968,0.0433553270995616,0.0029155442025512,7.028839900158346e-05,99.99701690673828,3
154,154,0.04473876953125,0.06634521484375,0.0037401283625513,0.0020015574991703,0.0044016875326633,0.0037394878454506,0.0433545261621475,0.0053515741601586,0.011768814176321,99.98287200927734,3
155,155,0.052581787109375,0.12689208984375,0.0037413022946566,0.0027648443356156,0.0161016024649143,0.0037394156679511,0.0433538630604743,0.0073900585994124,0.0430374257266521,99.94957733154295,3
156,156,0.057586669921875,0.17437744140625,0.0037427307106554,0.0033162245526909,0.0304074920713901,0.0037393583916127,0.0433533415198326,0.0088604418560862,0.0812441334128379,99.90989685058594,3
157,157,0.058380126953125,0.20745849609375,0.0037439633160829,0.0034082392230629,0.0430390276014804,0.0037393185775727,0.0433529913425445,0.0091032916679978,0.1149557903409004,99.87593841552734,3
158,158,0.055084228515625,0.22357177734375,0.0037445994094014,0.0030342722311615,0.0499843396246433,0.0037392976228147,0.0433528199791908,0.0081030623987317,0.1334837973117828,99.85841369628906,3
159,159,0.048553466796875,0.22454833984375,0.0037445730995386,0.0023574391379952,0.0504219569265842,0.0037392950616776,0.0433528274297714,0.0062956153415143,0.1346534192562103,99.85904693603516,3
160,160,0.038970947265625,0.21343994140625,0.0037440140731632,0.0015187347307801,0.0455566085875034,0.0037393067032098,0.0433529689908027,0.0040564341470599,0.1216785162687301,99.874267578125,3
161,161,0.02740478515625,0.190185546875,0.0037430240772664,0.0007510222494602,0.0361705422401428,0.0037393318489193,0.0433532409369945,0.0020064583513885,0.0966345369815826,99.90135192871094,3
162,162,0.014190673828125,0.15814208984375,0.0037418885622173,0.0002013752236962,0.0250089205801486,0.0037393677048385,0.0433536097407341,0.0005381646333262,0.0668350234627723,99.93263244628906,3
163,163,0.0010986328125,0.11944580078125,0.0037408375646919,1.2069940567016602e-06,0.014267299324274,0.0037394105456769,0.0433540381491184,3.226534317946061e-06,0.0381393171846866,99.96185302734376,3
164,164,0.0115966796875,0.077880859375,0.0037400762084871,0.0001344829797744,0.0060654282569885,0.0037394561804831,0.0433544963598251,0.0003595728194341,0.0162173919379711,99.9834213256836,3
165,165,0.023040771484375,0.0355224609375,0.0037396810948848,0.0005308771505951,0.0012618452310562,0.0037395018152892,0.0433549433946609,0.0014195786789059,0.0033742054365575,99.99520874023438,3
166,166,0.03253173828125,0.004638671875,0.0037396529223769,0.0010583139955997,2.1517276763916016e-05,0.0037395448889583,0.043355356901884,0.002829979173839,5.753816367359832e-05,99.99710845947266,3
167,167,0.039306640625,0.03973388671875,0.0037398946005851,0.0015450119972229,0.0015787817537784,0.0037395821418613,0.0433557108044624,0.0041311644017696,0.0042214603163301,99.99164581298828,3
168,168,0.043212890625,0.06854248046875,0.0037402678281068,0.0018673539161682,0.0046980716288089,0.0037396112456917,0.0433559827506542,0.0049925674684345,0.0125607894733548,99.9824447631836,3
169,169,0.044769287109375,0.08953857421875,0.0037406333722174,0.0020042890682816,0.0080171562731266,0.0037396312691271,0.0433561652898788,0.0053581539541482,0.0214326158165931,99.97320556640624,3
170,170,0.043304443359375,0.1014404296875,0.0037408568896353,0.0018752748146653,0.0102901607751846,0.0037396403495222,0.0433562397956848,0.0050129550509154,0.027507496997714,99.9674835205078,3
171,171,0.0391845703125,0.10406494140625,0.0037408764474093,0.0015354305505752,0.0108295120298862,0.0037396401166915,0.043356217443943,0.0041044675745069,0.0289491284638643,99.96694946289062,3
172,172,0.032989501953125,0.1019287109375,0.0037407809868454,0.0010883072391152,0.0103894621133804,0.0037396333646029,0.0433561280369758,0.0029093048069626,0.0277735088020563,99.96932220458984,3
173,173,0.025146484375,0.0933837890625,0.0037405535113066,0.0006323456764221,0.0087205320596694,0.003739618230611,0.0433559603989124,0.0016905136872082,0.0233134794980287,99.9749984741211,3
174,174,0.01617431640625,0.07879638671875,0.0037402426823973,0.0002616085112094,0.0062088705599308,0.0037395956460386,0.0433557257056236,0.0006994426366873,0.0166001804172992,99.98270416259766,3
175,175,0.006500244140625,0.05938720703125,0.0037399248685687,4.2253173887729645e-05,0.0035268403589725,0.003739567939192,0.0433554425835609,0.000112978668767,0.0094302436336874,99.9904556274414,3
176,176,0.002960205078125,0.03802490234375,0.0037396841216832,8.762814104557037e-06,0.0014458931982517,0.0037395386025309,0.043355144560337,2.343196319998242e-05,0.0038663512095808,99.99610900878906,3
177,177,0.01171875,0.01605224609375,0.0037395479157567,0.0001373291015625,0.0002576746046543,0.0037395083345472,0.0433548428118228,0.0003672344901133,0.0006890528020448,99.99893951416016,3
178,178,0.01953125,0.005126953125,0.0037395195104181,0.0003814697265625,2.6285648345947266e-05,0.0037394787650555,0.0433545522391796,0.0010201035765931,7.029150583548471e-05,99.99890899658205,3
179,179,0.025421142578125,0.0240478515625,0.0037395749241113,0.0006462344899773,0.000578299164772,0.0037394524551928,0.043354295194149,0.001728096161969,0.0015464301686733,99.9967269897461,3
180,180,0.029205322265625,0.03973388671875,0.0037396736443042,0.000852950848639,0.0015787817537784,0.0037394305691123,0.0433540865778923,0.0022808162029832,0.0042217099107801,99.99349975585938,3
181,181,0.03106689453125,0.05072021484375,0.0037397677078843,0.0009651519358158,0.0025725401937961,0.0037394138053059,0.0433539301156997,0.0025807805359363,0.0068788765929639,99.99053192138672,3
182,182,0.03155517578125,0.0574951171875,0.0037398333661258,0.0009957291185855,0.0033056885004043,0.0037394030950963,0.043353833258152,0.0026624959427863,0.008839133195579,99.98849487304688,3
183,183,0.030303955078125,0.05987548828125,0.0037398480344563,0.000918329693377,0.0035850740969181,0.0037393977399915,0.0433537885546684,0.0024555267300456,0.0095861488953232,99.98796081542967,3
184,184,0.027557373046875,0.0596923828125,0.0037398277781903,0.0007594088092446,0.003563180565834,0.0037393956445157,0.0433537848293781,0.0020305984653532,0.0095276590436697,99.98844146728516,3
185,185,0.023529052734375,0.05657958984375,0.0037397721316665,0.0005536163225769,0.0032012499868869,0.0037393965758383,0.0433538146317005,0.0014803477097302,0.0085600139573216,99.98995971679688,3
186,186,0.01824951171875,0.05047607421875,0.0037396892439574,0.0003330446779727,0.0025478340685367,0.0037394012324512,0.0433538779616355,0.0008905677823349,0.0068129561841487,99.99230194091795,3
187,187,0.012451171875,0.042236328125,0.0037396023981273,0.0001550316810607,0.0017839074134826,0.0037394084502011,0.0433539673686027,0.0004145672719459,0.004770312923938,99.99481201171876,3
188,188,0.00628662109375,0.03204345703125,0.003739524167031,3.9521604776382446e-05,0.0010267831385135,0.0037394175305962,0.0433540791273117,0.0001056861801771,0.0027457589749246,99.99715423583984,3
189,189,0.0,0.0208740234375,0.0037394722457975,0.0,0.0004357248544692,0.0037394287064671,0.0433541983366012,0.0,0.0011652040993794,99.99884033203124,3
190,190,0.00555419921875,0.00994873046875,0.0037394510582089,3.084912896156311e-05,9.89772379398346e-05,0.0037394380196928,0.0433543100953102,8.24964081402868e-05,0.0002646838547661,99.9996566772461,3
191,191,0.00994873046875,0.00042724609375,0.0037394564133137,9.89772379398346e-05,1.825392246246338e-07,0.003739446401596,0.0433544032275676,0.0002646834764163,4.881437689618906e-07,99.9997329711914,3
192,192,0.013092041015625,0.00701904296875,0.0037394748069345,0.0001714015379548,4.926696419715881e-05,0.0037394526880234,0.0433544740080833,0.0004583572736009,0.000131748340209,99.9994125366211,3
193,193,0.015045166015625,0.0133056640625,0.0037394969258457,0.0002263570204377,0.0001770406961441,0.0037394566461443,0.0433545187115669,0.0006053140386939,0.0004734345129691,99.9989242553711,3
194,194,0.015960693359375,0.01678466796875,0.003739511128515,0.0002547437325119,0.0002817250788211,0.0037394575774669,0.0433545261621475,0.0006812220090068,0.0007533740717917,99.99856567382812,3
195,195,0.015960693359375,0.0185546875,0.0037395164836198,0.0002547437325119,0.0003442764282226,0.0037394566461443,0.0433545261621475,0.0006812210194766,0.0009206442045979,99.99840545654295,3
196,196,0.015411376953125,0.01922607421875,0.0037395150866359,0.0002375105395913,0.0003696419298648,0.0037394543178379,0.0433545000851154,0.0006351371994242,0.0009884755127131,99.99837493896484,3
197,197,0.01422119140625,0.0185546875,0.0037395053077489,0.0002022422850131,0.0003442764282226,0.0037394505925476,0.0433544628322124,0.0005408262950368,0.0009206469985656,99.99854278564452,3
198,198,0.01226806640625,0.01708984375,0.0037394897080957,0.0001505054533481,0.0002920627593994,0.0037394454702734,0.0433544069528579,0.0004024759109597,0.0007810230017639,99.99881744384766,3
199,199,0.009796142578125,0.0145263671875,0.0037394694518297,9.596440941095352e-05,0.000211015343666,0.0037394387181848,0.043354332447052,0.0002566257317084,0.0005642921896651,99.99917602539062,3
200,200,0.006805419921875,0.01129150390625,0.0037394480314105,4.631374031305313e-05,0.0001274980604648,0.0037394305691123,0.0433542504906654,0.000123851801618,0.000340954225976,99.9995346069336,3
201,201,0.003662109375,0.00653076171875,0.003739426843822,1.341104507446289e-05,4.265084862709045e-05,0.0037394212558865,0.0433541536331176,3.586390448617749e-05,0.0001140571694122,99.99984741210938,3
202,202,0.000640869140625,0.00244140625,0.0037394126411527,4.10713255405426e-07,5.960464477539063e-06,0.0037394119426608,0.0433540567755699,1.0983361562466598e-06,1.593957313161809e-05,99.99998474121094,3
203,203,0.002410888671875,0.0018310546875,0.0037394028622657,5.812384188175201e-06,3.3527612686157227e-06,0.0037394021637737,0.0433539561927318,1.5543615518254228e-05,8.966033419710584e-06,99.99998474121094,3
204,204,0.004852294921875,0.0062255859375,0.0037394000682979,2.3544766008853912e-05,3.875792026519776e-05,0.0037393937818706,0.0433538705110549,6.296401988947764e-05,0.0001036474350257,99.99983215332033,3
205,205,0.006744384765625,0.00970458984375,0.0037393996026366,4.5486725866794586e-05,9.417906403541564e-05,0.003739385632798,0.0433537922799587,0.0001216417877003,0.0002518561086617,99.99962615966795,3
206,206,0.008209228515625,0.01239013671875,0.0037394005339592,6.739143282175064e-05,0.0001535154879093,0.0037393784150481,0.043353721499443,0.0001802198821678,0.0004105349944438,99.9994125366211,3
207,207,0.009124755859375,0.0152587890625,0.0037394042592495,8.32611694931984e-05,0.0002328306436538,0.003739372594282,0.0433536693453788,0.0002226588985649,0.0006226410041563,99.99915313720705,3
208,208,0.0096435546875,0.01654052734375,0.0037394047249108,9.299814701080322e-05,0.0002735890448093,0.0037393679376691,0.0433536246418952,0.0002486977027729,0.0007316379924304,99.99901580810548,3
209,209,0.00982666015625,0.01727294921875,0.0037394037935882,9.656324982643127e-05,0.0002983547747135,0.0037393644452095,0.0433535948395729,0.000258231681073,0.0007978672510944,99.99894714355467,3
210,210,0.009765625,0.01751708984375,0.0037394014652818,9.5367431640625e-05,0.000306848436594,0.0037393611855804,0.0433535613119602,0.0002550339268054,0.000820581568405,99.9989242553711,3
211,211,0.00933837890625,0.01727294921875,0.0037393975071609,8.720532059669495e-05,0.0002983547747135,0.0037393590901046,0.0433535501360893,0.000233206883422,0.0007978685316629,99.9989776611328,3
212,212,0.00848388671875,0.0166015625,0.0037393916863948,7.197633385658264e-05,0.0002756118774414,0.0037393569946289,0.0433535315096378,0.0001924813841469,0.0007370500243268,99.9990692138672,3
213,213,0.0074462890625,0.015380859375,0.0037393849343061,5.544722080230713e-05,0.0002365708351135,0.003739355597645,0.0433535240590572,0.0001482789812143,0.0006326463771983,99.99921417236328,3
214,214,0.006072998046875,0.01373291015625,0.0037393767852336,3.6881305277347565e-05,0.0001885928213596,0.0037393542006611,0.0433535203337669,9.862954902928324e-05,0.0005043428973294,99.99939727783205,3
215,215,0.00469970703125,0.0118408203125,0.0037393691018223,2.208724617958069e-05,0.0001402050256729,0.0037393530365079,0.0433535166084766,5.906676960876212e-05,0.0003749429888557,99.99957275390624,3
216,216,0.003265380859375,0.0101318359375,0.0037393642123788,1.0662712156772614e-05,0.0001026540994644,0.0037393528036773,0.0433535203337669,2.851477256626822e-05,0.0002745228703133,99.99969482421876,3
217,217,0.001739501953125,0.0086669921875,0.0037393595557659,3.0258670449256897e-06,7.511675357818604e-05,0.0037393518723547,0.0433535203337669,8.091938980214763e-06,0.0002008813171414,99.99979400634766,3
218,218,0.000701904296875,0.00665283203125,0.003739355597645,4.926696419715881e-07,4.4260174036026e-05,0.0037393511738628,0.0433535203337669,1.3175255162423127e-06,0.0001183631102321,99.9998779296875,3
219,219,0.000396728515625,0.005126953125,0.0037393525708466,1.573935151100159e-07,2.6285648345947266e-05,0.0037393500097095,0.0433535128831863,4.209111352793116e-07,7.029464904917404e-05,99.99993133544922,3
220,220,0.00128173828125,0.0037841796875,0.0037393500097095,1.642853021621704e-06,1.4320015907287598e-05,0.003739348379895,0.0433535054326057,4.393418748804834e-06,3.829546403721906e-05,99.99996185302734,3
221,221,0.001800537109375,0.0025634765625,0.0037393476814031,3.2419338822364807e-06,6.571412086486816e-06,0.0037393467500805,0.0433534905314445,8.669783710502088e-06,1.7573684090166353e-05,99.9999771118164,3
222,222,0.002288818359375,0.00201416015625,0.0037393453530967,5.238689482212067e-06,4.056841135025024e-06,0.0037393444217741,0.0433534756302833,1.4009643564349972e-05,1.0849067621165888e-05,99.9999771118164,3
223,223,0.00250244140625,0.00146484375,0.0037393432576209,6.2622129917144775e-06,2.1457672119140625e-06,0.0037393423262983,0.0433534607291221,1.6746826076996513e-05,5.738353138440289e-06,99.9999771118164,3
224,224,0.00262451171875,0.00115966796875,0.0037393409293144,6.888061761856079e-06,1.344829797744751e-06,0.0037393399979919,0.0433534383773803,1.8420523701934144e-05,3.5964355902251555e-06,99.9999771118164,3
225,225,0.002410888671875,0.00115966796875,0.0037393374368548,5.812384188175201e-06,1.344829797744751e-06,0.0037393367383629,0.0433534085750579,1.5543886547675356e-05,3.596438773456612e-06,99.99998474121094,3
226,226,0.002288818359375,0.00128173828125,0.0037393344100564,5.238689482212067e-06,1.642853021621704e-06,0.0037393337115645,0.0433533787727355,1.4009684491611551e-05,4.393436938698869e-06,99.99998474121094,3
227,227,0.001861572265625,0.00164794921875,0.0037393309175968,3.465451300144196e-06,2.7157366275787358e-06,0.0037393304519355,0.0433533489704132,9.267570931115188e-06,7.26262715033954e-06,99.99998474121094,3
228,228,0.001556396484375,0.00201416015625,0.0037393274251371,2.42237001657486e-06,4.056841135025024e-06,0.0037393267266452,0.0433533117175102,6.4780906541273e-06,1.0849119462363888e-05,99.99998474121094,3
229,229,0.00103759765625,0.002685546875,0.0037393232341855,1.0766088962554932e-06,7.212162017822266e-06,0.0037393225356936,0.0433532819151878,2.87915440821962e-06,1.9287344912299886e-05,99.99998474121094,3
230,230,0.000640869140625,0.00299072265625,0.0037393202073872,4.10713255405426e-07,8.944422006607056e-06,0.0037393192760646,0.0433532446622848,1.0983633274008753e-06,2.391991438344121e-05,99.9999771118164,3
231,231,0.000152587890625,0.0035400390625,0.0037393160164356,2.3283064365386963e-08,1.253187656402588e-05,0.0037393148522824,0.0433532074093818,6.226557047739334e-08,3.351382110849954e-05,99.99996948242188,3
232,232,0.00030517578125,0.00445556640625,0.0037393132224678,9.313225746154785e-08,1.985207200050354e-05,0.0037393111269921,0.0433531701564788,2.4906245243983e-07,5.309014886734076e-05,99.99994659423828,3
233,233,0.0008544921875,0.00506591796875,0.0037393097300082,7.301568984985352e-07,2.566352486610413e-05,0.0037393071688711,0.0433531329035759,1.9526514734025118e-06,6.863171438453719e-05,99.99993133544922,3
234,234,0.00128173828125,0.00604248046875,0.0037393069360405,1.642853021621704e-06,3.651157021522522e-05,0.0037393029779195,0.0433530956506729,4.393469225760782e-06,9.764260903466492e-05,99.99989318847656,3
235,235,0.00164794921875,0.007080078125,0.0037393041420727,2.7157366275787358e-06,5.012750625610352e-05,0.0037392987869679,0.0433530583977699,7.262678991537541e-06,0.0001340557064395,99.9998550415039,3
236,236,0.001953125,0.00732421875,0.0037393008824437,3.814697265625e-06,5.364418029785156e-05,0.0037392950616776,0.0433530211448669,1.0201631994277705e-05,0.0001434604491805,99.99984741210938,3
237,237,0.002349853515625,0.0076904296875,0.0037392976228147,5.521811544895172e-06,5.914270877838135e-05,0.0037392913363873,0.0433529838919639,1.476697525504278e-05,0.000158165290486,99.99983215332033,3
238,238,0.002593994140625,0.00787353515625,0.0037392945960164,6.728805601596832e-06,6.199255585670471e-05,0.003739287611097,0.0433529540896415,1.7994851077673957e-05,0.0001657867687754,99.99981689453124,3
239,239,0.002685546875,0.0079345703125,0.0037392913363873,7.212162017822266e-06,6.295740604400635e-05,0.003739284351468,0.0433529242873191,1.928751044033561e-05,0.0001683672016952,99.99981689453124,3
240,240,0.002777099609375,0.008056640625,0.003739288309589,7.712282240390778e-06,6.490945816040039e-05,0.003739281091839,0.043352898210287,2.062499879684765e-05,0.0001735877303872,99.99980926513672,3
241,241,0.00286865234375,0.00787353515625,0.0037392855156213,8.229166269302368e-06,6.199255585670471e-05,0.0037392782978713,0.043352872133255,2.2007321604178287e-05,0.0001657871616771,99.99980926513672,3
242,242,0.00286865234375,0.00787353515625,0.0037392827216535,8.229166269302368e-06,6.199255585670471e-05,0.0037392755039036,0.0433528460562229,2.200733797508292e-05,0.0001657872926443,99.99980926513672,3
243,243,0.002777099609375,0.00775146484375,0.0037392794620245,7.712282240390778e-06,6.008520722389221e-05,0.0037392727099359,0.0433528199791908,2.0625047909561545e-05,0.0001606865844223,99.99982452392578,3
244,244,0.00262451171875,0.00762939453125,0.0037392762023955,6.888061761856079e-06,5.820766091346741e-05,0.0037392696831375,0.043352797627449,1.8420843844069168e-05,0.00015566557704,99.99982452392578,3
245,245,0.002410888671875,0.00732421875,0.0037392724771052,5.812384188175201e-06,5.364418029785156e-05,0.0037392666563391,0.0433527752757072,1.5544157577096485e-05,0.0001434615405742,99.99984741210938,3
246,246,0.0023193359375,0.0072021484375,0.0037392694503068,5.379319190979004e-06,5.187094211578369e-05,0.0037392638623714,0.0433527454733848,1.4386016118805856e-05,0.000138719449751,99.99984741210938,3
247,247,0.002166748046875,0.0068359375,0.0037392664235085,4.694797098636627e-06,4.673004150390625e-05,0.0037392613012343,0.043352723121643,1.2555395187519023e-05,0.0001249711494892,99.99986267089844,3
248,248,0.00201416015625,0.00634765625,0.0037392626982182,4.056841135025024e-06,4.029273986816406e-05,0.0037392582744359,0.0433527007699012,1.0849306818272453e-05,0.0001077558408724,99.9998779296875,3
249,249,0.00177001953125,0.005859375,0.0037392592057585,3.1329691410064697e-06,3.4332275390625e-05,0.0037392554804682,0.0433526784181594,8.378582606383134e-06,9.181570931104945e-05,99.9999008178711,3
250,250,0.001556396484375,0.0054931640625,0.0037392561789602,2.42237001657486e-06,3.0174851417541504e-05,0.0037392529193311,0.0433526560664176,6.478213435912039e-06,8.069747127592564e-05,99.99990844726562,3
251,251,0.001434326171875,0.00543212890625,0.0037392536178231,2.057291567325592e-06,2.950802445411682e-05,0.0037392503581941,0.0433526299893856,5.501877694769064e-06,7.891420682426542e-05,99.99990844726562,3
252,252,0.001312255859375,0.00518798828125,0.0037392498925328,1.7220154404640198e-06,2.691522240638733e-05,0.0037392468657344,0.0433526039123535,4.605243248079205e-06,7.198027014965191e-05,99.99991607666016,3
253,253,0.001190185546875,0.00482177734375,0.0037392466329038,1.4165416359901428e-06,2.324953675270081e-05,0.0037392440717667,0.0433525815606117,3.788307594732032e-06,6.217705958988518e-05,99.99993133544922,3
254,254,0.00103759765625,0.004638671875,0.0037392436061054,1.0766088962554932e-06,2.1517276763916016e-05,0.0037392415106296,0.0433525554835796,2.879215571738314e-06,5.75444646528922e-05,99.99994659423828,3
255,255,0.000732421875,0.0047607421875,0.0037392401136457,5.364418029785156e-07,2.2664666175842285e-05,0.0037392377853393,0.0433525294065475,1.4346278476295993e-06,6.061302337911911e-05,99.99993896484376,3
256,256,0.000732421875,0.0048828125,0.0037392368540167,5.364418029785156e-07,2.384185791015625e-05,0.0037392345257103,0.0433524996042251,1.4346290981848142e-06,6.37612902210094e-05,99.99993896484376,3
257,257,0.000640869140625,0.0047607421875,0.0037392335943877,4.10713255405426e-07,2.2664666175842285e-05,0.0037392312660813,0.0433524698019027,1.098388793252525e-06,6.0613132518483326e-05,99.99993896484376,3
258,258,0.000640869140625,0.0048828125,0.0037392298690974,4.10713255405426e-07,2.384185791015625e-05,0.003739227540791,0.0433524399995803,1.098389930120902e-06,6.376141391228884e-05,99.99993896484376,3
259,259,0.000640869140625,0.00537109375,0.0037392270751297,4.10713255405426e-07,2.8848648071289062e-05,0.003739224281162,0.0433524101972579,1.0983907259287662e-06,7.715136598562822e-05,99.99992370605467,3
260,260,0.000732421875,0.00555419921875,0.0037392240483313,5.364418029785156e-07,3.084912896156311e-05,0.003739221021533,0.0433523803949356,1.4346339867188362e-06,8.250142127508298e-05,99.99991607666016,3
261,261,0.000762939453125,0.00567626953125,0.0037392205558717,5.820766091346741e-07,3.2220035791397095e-05,0.0037392172962427,0.0433523505926132,1.5566790807497457e-06,8.616778359282762e-05,99.99990844726562,3
262,262,0.000885009765625,0.005859375,0.003739217063412,7.832422852516174e-07,3.4332275390625e-05,0.0037392135709524,0.0433523133397102,2.094669071084354e-06,9.181674977298826e-05,99.99990844726562,3
263,263,0.0009765625,0.00592041015625,0.003739213803783,9.5367431640625e-07,3.505125641822815e-05,0.0037392103113234,0.0433522835373878,2.550467343098717e-06,9.373963985126466e-05,99.99990844726562,3
264,264,0.00103759765625,0.0059814453125,0.003739210544154,1.0766088962554932e-06,3.577768802642822e-05,0.0037392070516943,0.0433522537350654,2.8792410375899635e-06,9.56824587774463e-05,99.99990844726562,3
265,265,0.001129150390625,0.00604248046875,0.0037392068188637,1.27498060464859e-06,3.651157021522522e-05,0.0037392028607428,0.043352223932743,3.4097620300599374e-06,9.764522837940603e-05,99.99989318847656,3
266,266,0.001251220703125,0.00616455078125,0.0037392035592347,1.5655532479286194e-06,3.800168633460999e-05,0.0037391996011137,0.0433521941304206,4.186862952337833e-06,0.0001016304304357,99.99989318847656,3
267,267,0.001373291015625,0.006103515625,0.0037391998339444,1.885928213596344e-06,3.725290298461914e-05,0.0037391958758234,0.0433521643280983,5.04366789755295e-06,9.962800686480476e-05,99.99989318847656,3
268,268,0.00140380859375,0.006103515625,0.003739196807146,1.9706785678863525e-06,3.725290298461914e-05,0.0037391928490251,0.0433521345257759,5.270325800665887e-06,9.962808690033852e-05,99.99989318847656,3
269,269,0.001434326171875,0.0062255859375,0.003739193547517,2.057291567325592e-06,3.875792026519776e-05,0.0037391893565654,0.0433521009981632,5.501965915755136e-06,0.0001036531539284,99.99988555908205,3
270,270,0.001434326171875,0.00634765625,0.0037391898222267,2.057291567325592e-06,4.029273986816406e-05,0.0037391856312751,0.0433520674705505,5.5019713727233466e-06,0.0001077579363482,99.99988555908205,3
271,271,0.001495361328125,0.00640869140625,0.0037391867954283,2.236105501651764e-06,4.10713255405426e-05,0.0037391823716461,0.0433520413935184,5.980191872367868e-06,0.0001098402572097,99.9998779296875,3
272,272,0.001556396484375,0.00628662109375,0.003739183070138,2.42237001657486e-06,3.9521604776382446e-05,0.0037391788791865,0.043352011591196,6.478340765170287e-06,0.0001056958208209,99.99988555908205,3
273,273,0.00152587890625,0.0062255859375,0.0037391800433397,2.3283064365386963e-06,3.875792026519776e-05,0.0037391758523881,0.0433519817888736,6.226783625606913e-06,0.0001036535322782,99.99988555908205,3
274,274,0.001495361328125,0.006103515625,0.00373917655088,2.236105501651764e-06,3.725290298461914e-05,0.0037391725927591,0.0433519557118415,5.9802082432725e-06,9.96286325971596e-05,99.99989318847656,3
275,275,0.001556396484375,0.00604248046875,0.0037391730584204,2.42237001657486e-06,3.651157021522522e-05,0.0037391691002994,0.0433519259095191,6.47835759082227e-06,9.764610149431974e-05,99.99989318847656,3
276,276,0.0015869140625,0.00604248046875,0.0037391697987914,2.518296241760254e-06,3.651157021522522e-05,0.0037391658406704,0.0433518961071968,6.734906946803676e-06,9.764619608176872e-05,99.99989318847656,3
277,277,0.00140380859375,0.00579833984375,0.0037391658406704,1.9706785678863525e-06,3.3620744943618774e-05,0.0037391623482108,0.0433518663048744,5.270369456411572e-06,8.991509093903005e-05,99.99990844726562,3
278,278,0.00146484375,0.00592041015625,0.0037391623482108,2.1457672119140625e-06,3.505125641822815e-05,0.0037391586229205,0.043351836502552,5.738630534324329e-06,9.374092769576237e-05,99.9999008178711,3
279,279,0.00140380859375,0.005859375,0.0037391593214124,1.9706785678863525e-06,3.4332275390625e-05,0.0037391555961221,0.0433518067002296,5.27037855135859e-06,9.18181613087654e-05,99.9999008178711,3
280,280,0.001373291015625,0.00579833984375,0.0037391555961221,1.885928213596344e-06,3.3620744943618774e-05,0.0037391521036624,0.0433517768979072,5.0437274694559164e-06,8.991533832158893e-05,99.99990844726562,3
281,281,0.001434326171875,0.00579833984375,0.0037391518708318,2.057291567325592e-06,3.3620744943618774e-05,0.0037391483783721,0.0433517433702945,5.502027306647506e-06,8.99154256330803e-05,99.99990844726562,3
282,282,0.001312255859375,0.00579833984375,0.0037391490768641,1.7220154404640198e-06,3.3620744943618774e-05,0.0037391455844044,0.0433517172932624,4.605366939358646e-06,8.991549111669883e-05,99.99990844726562,3
283,283,0.001312255859375,0.00579833984375,0.0037391451187431,1.7220154404640198e-06,3.3620744943618774e-05,0.0037391416262835,0.04335168749094,4.605371941579506e-06,8.991559298010543e-05,99.99990844726562,3
284,284,0.001251220703125,0.0057373046875,0.0037391420919448,1.5655532479286194e-06,3.291666507720947e-05,0.0037391385994851,0.0433516576886177,4.186931619187817e-06,8.803266973700374e-05,99.99990844726562,3
285,285,0.00115966796875,0.00579833984375,0.0037391383666545,1.344829797744751e-06,3.3620744943618774e-05,0.0037391348741948,0.043351624161005,3.596630222091335e-06,8.991575305117294e-05,99.99990844726562,3
286,286,0.00115966796875,0.0057373046875,0.0037391346413642,1.344829797744751e-06,3.291666507720947e-05,0.0037391311489045,0.0433515980839729,3.5966336326964665e-06,8.803283708402887e-05,99.99990844726562,3
287,287,0.001190185546875,0.00579833984375,0.0037391311489045,1.4165416359901428e-06,3.3620744943618774e-05,0.0037391276564449,0.0433515608310699,3.78842446480121e-06,8.991592767415568e-05,99.99990844726562,3
288,288,0.001190185546875,0.00579833984375,0.0037391276564449,1.4165416359901428e-06,3.3620744943618774e-05,0.0037391241639852,0.0433515310287475,3.788428102780017e-06,8.991600770968944e-05,99.99990844726562,3
289,289,0.001190185546875,0.00579833984375,0.0037391241639852,1.4165416359901428e-06,3.3620744943618774e-05,0.0037391206715255,0.0433515012264251,3.7884315133851487e-06,8.991609502118081e-05,99.99990844726562,3
290,290,0.001220703125,0.005859375,0.0037391206715255,1.4901161193847656e-06,3.4332275390625e-05,0.0037391169462352,0.0433514714241027,3.98520478483988e-06,9.181911445921288e-05,99.9999008178711,3
291,291,0.001220703125,0.00579833984375,0.0037391174118965,1.4901161193847656e-06,3.3620744943618774e-05,0.0037391139194369,0.0433514378964901,3.985207968071336e-06,8.991625509224832e-05,99.99990844726562,3
292,292,0.001251220703125,0.005859375,0.0037391134537756,1.5655532479286194e-06,3.4332275390625e-05,0.0037391097284853,0.0433514043688774,4.186963451502379e-06,9.181929635815322e-05,99.9999008178711,3
293,293,0.00128173828125,0.005859375,0.0037391099613159,1.642853021621704e-06,3.4332275390625e-05,0.0037391062360256,0.043351374566555,4.393700692162383e-06,9.181937639368698e-05,99.9999008178711,3
294,294,0.001312255859375,0.005859375,0.0037391064688563,1.7220154404640198e-06,3.4332275390625e-05,0.003739102743566,0.0433513447642326,4.605419690051349e-06,9.181946370517836e-05,99.9999008178711,3
295,295,0.0013427734375,0.00592041015625,0.0037391025107353,1.8030405044555664e-06,3.505125641822815e-05,0.003739098785445,0.0433513075113296,4.8221208999166265e-06,9.37424338189885e-05,99.9999008178711,3
296,296,0.0013427734375,0.005859375,0.0037390990182757,1.8030405044555664e-06,3.4332275390625e-05,0.0037390952929854,0.0433512777090072,4.822125447390135e-06,9.18196456041187e-05,99.9999008178711,3
297,297,0.001373291015625,0.00604248046875,0.003739095525816,1.885928213596344e-06,3.651157021522522e-05,0.0037390915676951,0.0433512441813945,5.043808414484374e-06,9.764813876245172e-05,99.99989318847656,3
298,298,0.001495361328125,0.006103515625,0.0037390918005257,2.236105501651764e-06,3.725290298461914e-05,0.0037390878424048,0.0433512106537818,5.980344212730415e-06,9.963088086806238e-05,99.99989318847656,3
299,299,0.00152587890625,0.00616455078125,0.0037390880752354,2.3283064365386963e-06,3.800168633460999e-05,0.0037390841171145,0.0433511734008789,6.226936420716811e-06,0.0001016335663734,99.99989318847656,3
300,300,0.001434326171875,0.0059814453125,0.0037390845827758,2.057291567325592e-06,3.577768802642822e-05,0.0037390808574855,0.0433511473238468,5.502126441569999e-06,9.5685689302627e-05,99.9999008178711,3
301,301,0.001434326171875,0.00604248046875,0.0037390810903161,2.057291567325592e-06,3.651157021522522e-05,0.0037390771321952,0.0433511137962341,5.502131443790859e-06,9.764850983629005e-05,99.99989318847656,3
302,302,0.00146484375,0.005859375,0.0037390771321952,2.1457672119140625e-06,3.4332275390625e-05,0.0037390734069049,0.0433510839939117,5.738761501561385e-06,9.182018402498215e-05,99.9999008178711,3
303,303,0.00140380859375,0.005859375,0.0037390734069049,1.9706785678863525e-06,3.4332275390625e-05,0.0037390696816146,0.0433510541915893,5.270499514153926e-06,9.182027861243114e-05,99.9999008178711,3
304,304,0.00140380859375,0.005859375,0.0037390701472759,1.9706785678863525e-06,3.4332275390625e-05,0.0037390664219856,0.0433510206639766,5.2705040616274346e-06,9.18203586479649e-05,99.9999008178711,3
305,305,0.001312255859375,0.00579833984375,0.0037390661891549,1.7220154404640198e-06,3.3620744943618774e-05,0.0037390626966953,0.0433509908616542,4.605469257512596e-06,8.991749200504273e-05,99.99990844726562,3
306,306,0.001251220703125,0.00579833984375,0.0037390624638646,1.5655532479286194e-06,3.3620744943618774e-05,0.003739058971405,0.0433509573340415,4.187020749668591e-06,8.99175793165341e-05,99.99990844726562,3
307,307,0.001312255859375,0.005859375,0.003739058971405,1.7220154404640198e-06,3.4332275390625e-05,0.0037390552461147,0.0433509275317192,4.605478352459613e-06,9.182062785839662e-05,99.9999008178711,3
308,308,0.001312255859375,0.00579833984375,0.0037390552461147,1.7220154404640198e-06,3.3620744943618774e-05,0.003739051753655,0.0433508902788162,4.605482899933122e-06,8.991775393951684e-05,99.99990844726562,3
309,309,0.00128173828125,0.0057373046875,0.0037390512879937,1.642853021621704e-06,3.291666507720947e-05,0.0037390477955341,0.0433508604764938,4.393769813759718e-06,8.803480886854231e-05,99.99990844726562,3
310,310,0.0013427734375,0.00592041015625,0.0037390473298728,1.8030405044555664e-06,3.505125641822815e-05,0.0037390436045825,0.0433508232235908,4.822191840503365e-06,9.37438162509352e-05,99.9999008178711,3
311,311,0.001312255859375,0.00592041015625,0.0037390436045825,1.7220154404640198e-06,3.505125641822815e-05,0.0037390398792922,0.0433507934212684,4.605496997101e-06,9.374390356242655e-05,99.9999008178711,3
312,312,0.001312255859375,0.0057373046875,0.0037390396464616,1.7220154404640198e-06,3.291666507720947e-05,0.0037390361540019,0.0433507598936557,4.605501999321859e-06,8.803507807897404e-05,99.99990844726562,3
313,313,0.00128173828125,0.00579833984375,0.0037390363868325,1.642853021621704e-06,3.3620744943618774e-05,0.0037390328943729,0.043350726366043,4.393787094159052e-06,8.991820504888892e-05,99.99990844726562,3
314,314,0.00128173828125,0.005859375,0.0037390324287116,1.642853021621704e-06,3.4332275390625e-05,0.0037390287034213,0.0433506928384304,4.393791641632561e-06,9.18212826945819e-05,99.9999008178711,3
315,315,0.00140380859375,0.00592041015625,0.0037390287034213,1.9706785678863525e-06,3.505125641822815e-05,0.003739024978131,0.0433506555855274,5.270562724035699e-06,9.37442819122225e-05,99.9999008178711,3
316,316,0.001434326171875,0.00592041015625,0.0037390247453004,2.057291567325592e-06,3.505125641822815e-05,0.0037390210200101,0.0433506220579147,5.502214662556071e-06,9.37443837756291e-05,99.9999008178711,3
317,317,0.00128173828125,0.00592041015625,0.0037390210200101,1.642853021621704e-06,3.505125641822815e-05,0.0037390172947198,0.0433505922555923,4.393805284053087e-06,9.374447108712047e-05,99.9999008178711,3
318,318,0.001312255859375,0.00592041015625,0.0037390170618891,1.7220154404640198e-06,3.505125641822815e-05,0.0037390133365988,0.0433505587279796,4.605529738910263e-06,9.374456567456946e-05,99.9999008178711,3
319,319,0.0013427734375,0.00592041015625,0.0037390131037682,1.8030405044555664e-06,3.505125641822815e-05,0.0037390093784779,0.0433505214750766,4.822236405743752e-06,9.374467481393368e-05,99.9999008178711,3
320,320,0.001251220703125,0.00579833984375,0.0037390096113085,1.5655532479286194e-06,3.3620744943618774e-05,0.0037390061188489,0.0433504879474639,4.187080321571557e-06,8.991884533315897e-05,99.99990844726562,3
321,321,0.00140380859375,0.00592041015625,0.0037390054203569,1.9706785678863525e-06,3.505125641822815e-05,0.0037390016950666,0.0433504581451416,5.270595465844963e-06,9.374486398883164e-05,99.9999008178711,3
322,322,0.0013427734375,0.00604248046875,0.0037390021607279,1.8030405044555664e-06,3.651157021522522e-05,0.003738998202607,0.0433504208922386,4.822250502911629e-06,9.765056893229485e-05,99.99989318847656,3
323,323,0.001373291015625,0.00592041015625,0.0037389979697763,1.885928213596344e-06,3.505125641822815e-05,0.003738994244486,0.0433503873646259,5.043940291216131e-06,9.37450531637296e-05,99.9999008178711,3
324,324,0.00152587890625,0.00604248046875,0.0037389937788248,2.3283064365386963e-06,3.651157021522522e-05,0.0037389898207038,0.0433503501117229,6.227093308552867e-06,9.765078721102328e-05,99.99989318847656,3
325,325,0.00146484375,0.00604248046875,0.0037389902863651,2.1457672119140625e-06,3.651157021522522e-05,0.0037389863282442,0.0433503165841102,5.738894742535194e-06,9.765087452251464e-05,99.99989318847656,3
326,326,0.001434326171875,0.00592041015625,0.0037389860954135,2.057291567325592e-06,3.505125641822815e-05,0.0037389823701232,0.0433502830564975,5.502271505974932e-06,9.374534420203418e-05,99.9999008178711,3
327,327,0.00140380859375,0.005859375,0.0037389821372926,1.9706785678863525e-06,3.4332275390625e-05,0.0037389784120023,0.0433502495288848,5.2706282076542266e-06,9.182251960737632e-05,99.9999008178711,3
328,328,0.00140380859375,0.0059814453125,0.0037389784120023,1.9706785678863525e-06,3.577768802642822e-05,0.003738974686712,0.0433502197265625,5.270633209875086e-06,9.568840323481707e-05,99.9999008178711,3
329,329,0.00140380859375,0.0059814453125,0.0037389742210507,1.9706785678863525e-06,3.577768802642822e-05,0.0037389704957604,0.0433501787483692,5.270639576337999e-06,9.568850509822369e-05,99.9999008178711,3
330,330,0.0013427734375,0.0059814453125,0.0037389700300991,1.8030405044555664e-06,3.577768802642822e-05,0.0037389663048088,0.0433501452207565,4.82229188492056e-06,9.568862151354553e-05,99.9999008178711,3
331,331,0.0013427734375,0.005859375,0.0037389667704701,1.8030405044555664e-06,3.4332275390625e-05,0.0037389630451798,0.0433501116931438,4.822295977646718e-06,9.182289068121464e-05,99.9999008178711,3
332,332,0.001373291015625,0.0059814453125,0.0037389625795185,1.885928213596344e-06,3.577768802642822e-05,0.0037389588542282,0.0433500744402408,5.043988039687974e-06,9.568881068844348e-05,99.9999008178711,3
333,333,0.001373291015625,0.00579833984375,0.0037389586213976,1.885928213596344e-06,3.3620744943618774e-05,0.0037389551289379,0.0433500409126281,5.043993496656185e-06,8.992007496999577e-05,99.99990844726562,3
334,334,0.00140380859375,0.00592041015625,0.003738954430446,1.9706785678863525e-06,3.505125641822815e-05,0.0037389507051557,0.0433500036597251,5.270667315926403e-06,9.374614455737174e-05,99.9999008178711,3
335,335,0.001434326171875,0.00592041015625,0.003738950472325,2.057291567325592e-06,3.505125641822815e-05,0.0037389467470347,0.0433499701321125,5.502323801920284e-06,9.374623914482072e-05,99.9999008178711,3
336,336,0.001434326171875,0.006103515625,0.0037389469798654,2.057291567325592e-06,3.725290298461914e-05,0.0037389430217444,0.0433499328792095,5.502328804141143e-06,9.963474440155552e-05,99.99989318847656,3
337,337,0.00140380859375,0.005859375,0.0037389430217444,1.9706785678863525e-06,3.4332275390625e-05,0.0037389392964541,0.0433498993515968,5.270683232083684e-06,9.182348003378138e-05,99.9999008178711,3
338,338,0.001373291015625,0.005859375,0.0037389388307929,1.885928213596344e-06,3.4332275390625e-05,0.0037389351055026,0.0433498620986938,5.044019872002536e-06,9.182358189718798e-05,99.9999008178711,3
339,339,0.001373291015625,0.005859375,0.0037389348726719,1.885928213596344e-06,3.4332275390625e-05,0.0037389311473816,0.0433498285710811,5.044025328970747e-06,9.182367648463696e-05,99.9999008178711,3
340,340,0.001373291015625,0.005859375,0.0037389306817203,1.885928213596344e-06,3.4332275390625e-05,0.00373892695643,0.0433497950434684,5.044030785938958e-06,9.182377834804356e-05,99.9999008178711,3
341,341,0.001373291015625,0.00579833984375,0.0037389264907687,1.885928213596344e-06,3.3620744943618774e-05,0.0037389229983091,0.0433497615158557,5.044036697654519e-06,8.992084622150287e-05,99.99990844726562,3
342,342,0.00140380859375,0.00579833984375,0.0037389222998172,1.9706785678863525e-06,3.3620744943618774e-05,0.0037389188073575,0.0433497242629528,5.270712790661492e-06,8.992094808490947e-05,99.99990844726562,3
343,343,0.00128173828125,0.005615234375,0.0037389190401881,1.642853021621704e-06,3.153085708618164e-05,0.0037389155477285,0.0433496907353401,4.39392488260637e-06,8.433147741016e-05,99.99990844726562,3
344,344,0.001312255859375,0.0057373046875,0.0037389143835753,1.7220154404640198e-06,3.291666507720947e-05,0.0037389108911156,0.0433496534824371,4.60565615867381e-06,8.80380321177654e-05,99.99990844726562,3
345,345,0.001312255859375,0.0057373046875,0.003738910658285,1.7220154404640198e-06,3.291666507720947e-05,0.0037389071658253,0.0433496162295341,4.605660706147319e-06,8.803811215329915e-05,99.99990844726562,3
346,346,0.001312255859375,0.0057373046875,0.0037389062345027,1.7220154404640198e-06,3.291666507720947e-05,0.0037389027420431,0.0433495789766311,4.605666163115529e-06,8.803821401670575e-05,99.99990844726562,3
347,347,0.001312255859375,0.005859375,0.0037389020435512,1.7220154404640198e-06,3.4332275390625e-05,0.0037388983182609,0.0433495417237281,4.60567162008374e-06,9.182448411593214e-05,99.9999008178711,3
348,348,0.0013427734375,0.0059814453125,0.0037388980854302,1.8030405044555664e-06,3.577768802642822e-05,0.0037388943601399,0.0433495044708251,4.822384653380141e-06,9.56904623308219e-05,99.9999008178711,3
349,349,0.0013427734375,0.00592041015625,0.0037388941273093,1.8030405044555664e-06,3.505125641822815e-05,0.003738890402019,0.0433494746685028,4.822390110348351e-06,9.374765795655549e-05,99.9999008178711,3
350,350,0.0013427734375,0.00592041015625,0.0037388899363577,1.8030405044555664e-06,3.505125641822815e-05,0.0037388862110674,0.0433494336903095,4.822395112569211e-06,9.374775981996208e-05,99.9999008178711,3
351,351,0.00140380859375,0.0059814453125,0.0037388859782367,1.9706785678863525e-06,3.577768802642822e-05,0.0037388822529464,0.0433494001626968,5.270763722364791e-06,9.56907679210417e-05,99.9999008178711,3
352,352,0.001373291015625,0.00592041015625,0.0037388815544545,1.885928213596344e-06,3.505125641822815e-05,0.0037388778291642,0.0433493629097938,5.044097633799538e-06,9.37479708227329e-05,99.9999008178711,3
353,353,0.00140380859375,0.00604248046875,0.0037388775963336,1.9706785678863525e-06,3.651157021522522e-05,0.0037388736382126,0.0433493256568908,5.270775545795914e-06,9.76538212853484e-05,99.99989318847656,3
354,354,0.00140380859375,0.00604248046875,0.003738873405382,1.9706785678863525e-06,3.651157021522522e-05,0.003738869447261,0.0433492884039878,5.270781457511475e-06,9.76539377006702e-05,99.99989318847656,3
355,355,0.00146484375,0.006103515625,0.0037388692144304,2.1457672119140625e-06,3.725290298461914e-05,0.0037388652563095,0.0433492437005043,5.739080734201707e-06,9.963681804947556e-05,99.99989318847656,3
356,356,0.00140380859375,0.006103515625,0.0037388654891401,1.9706785678863525e-06,3.725290298461914e-05,0.0037388615310192,0.0433492138981819,5.270792371447897e-06,9.963691991288216e-05,99.99989318847656,3
357,357,0.00140380859375,0.006103515625,0.0037388610653579,1.9706785678863525e-06,3.725290298461914e-05,0.0037388571072369,0.0433491766452789,5.270798737910809e-06,9.963702905224636e-05,99.99989318847656,3
358,358,0.0013427734375,0.00592041015625,0.0037388568744063,1.8030405044555664e-06,3.505125641822815e-05,0.003738853149116,0.0433491431176662,4.822437858820194e-06,9.37485892791301e-05,99.9999008178711,3
359,359,0.00140380859375,0.0059814453125,0.0037388526834547,1.9706785678863525e-06,3.577768802642822e-05,0.0037388489581644,0.0433491021394729,5.270810561341932e-06,9.569161920808256e-05,99.9999008178711,3
360,360,0.001434326171875,0.00592041015625,0.0037388484925031,2.057291567325592e-06,3.505125641822815e-05,0.0037388447672128,0.0433490648865699,5.502473868546076e-06,9.374880028190093e-05,99.9999008178711,3
361,361,0.0013427734375,0.00592041015625,0.0037388443015515,1.8030405044555664e-06,3.505125641822815e-05,0.0037388405762612,0.0433490276336669,4.822453774977475e-06,9.374890214530752e-05,99.9999008178711,3
362,362,0.001312255859375,0.00579833984375,0.0037388403434306,1.7220154404640198e-06,3.3620744943618774e-05,0.0037388368509709,0.0433489978313446,4.605747562891338e-06,8.992291986942291e-05,99.99990844726562,3
363,363,0.00128173828125,0.005615234375,0.0037388356868177,1.642853021621704e-06,3.153085708618164e-05,0.0037388321943581,0.0433489605784416,4.394023108034162e-06,8.433335460722446e-05,99.99990844726562,3
364,364,0.00128173828125,0.0057373046875,0.0037388314958661,1.642853021621704e-06,3.291666507720947e-05,0.0037388280034065,0.0433489233255386,4.394028110255022e-06,8.8039982074406e-05,99.99990844726562,3
365,365,0.001251220703125,0.005615234375,0.0037388273049145,1.5655532479286194e-06,3.153085708618164e-05,0.0037388238124549,0.0433488860726356,4.187284048384754e-06,8.433354378212243e-05,99.99990844726562,3
366,366,0.001373291015625,0.005615234375,0.003738823113963,1.885928213596344e-06,3.153085708618164e-05,0.0037388196215033,0.0433488488197326,5.044176305091241e-06,8.433363836957142e-05,99.99990844726562,3
367,367,0.00128173828125,0.005615234375,0.0037388189230114,1.642853021621704e-06,3.153085708618164e-05,0.0037388154305517,0.0433488115668296,4.39404266217025e-06,8.43337329570204e-05,99.99990844726562,3
368,368,0.0013427734375,0.00567626953125,0.0037388142663985,1.8030405044555664e-06,3.2220035791397095e-05,0.0037388107739388,0.0433487705886364,4.822492883249652e-06,8.617714775027707e-05,99.99990844726562,3
369,369,0.001434326171875,0.00567626953125,0.0037388103082776,2.057291567325592e-06,3.2220035791397095e-05,0.0037388068158179,0.0433487370610237,5.502529802470235e-06,8.617723506176844e-05,99.99990844726562,3
370,370,0.0013427734375,0.00567626953125,0.0037388058844953,1.8030405044555664e-06,3.2220035791397095e-05,0.0037388023920357,0.0433486998081207,4.822503797186073e-06,8.617733692517504e-05,99.99990844726562,3
371,371,0.00140380859375,0.00579833984375,0.0037388019263744,1.9706785678863525e-06,3.3620744943618774e-05,0.0037387984339147,0.0433486551046371,5.270882411423372e-06,8.992384391603991e-05,99.99990844726562,3
372,372,0.001434326171875,0.00616455078125,0.0037387972697615,2.057291567325592e-06,3.800168633460999e-05,0.0037387933116406,0.0433486178517341,5.502549356606323e-06,0.0001016414753394,99.99989318847656,3
373,373,0.00140380859375,0.00604248046875,0.0037387933116406,1.9706785678863525e-06,3.651157021522522e-05,0.0037387893535196,0.0433485768735408,5.270894689601846e-06,9.765602590050548e-05,99.99989318847656,3
374,374,0.0013427734375,0.00604248046875,0.0037387888878583,1.8030405044555664e-06,3.651157021522522e-05,0.0037387849297374,0.0433485433459281,4.822525625058916e-06,9.765614231582732e-05,99.99989318847656,3
375,375,0.0013427734375,0.00604248046875,0.0037387849297374,1.8030405044555664e-06,3.651157021522522e-05,0.0037387809716165,0.0433485023677349,4.822530627279775e-06,9.765624417923392e-05,99.99989318847656,3
376,376,0.0013427734375,0.00604248046875,0.0037387802731245,1.8030405044555664e-06,3.651157021522522e-05,0.0037387763150036,0.0433484613895416,4.822536538995337e-06,9.765636787051336e-05,99.99989318847656,3
377,377,0.001312255859375,0.00567626953125,0.0037387758493423,1.7220154404640198e-06,3.2220035791397095e-05,0.0037387723568826,0.0433484315872192,4.605826688930392e-06,8.6178035417106e-05,99.99990844726562,3
378,378,0.0013427734375,0.00604248046875,0.0037387714255601,1.8030405044555664e-06,3.651157021522522e-05,0.0037387674674391,0.0433483906090259,4.822547907679109e-06,9.76565934251994e-05,99.99989318847656,3
379,379,0.0013427734375,0.00579833984375,0.0037387670017778,1.8030405044555664e-06,3.3620744943618774e-05,0.0037387635093182,0.0433483496308326,4.8225538193946704e-06,8.992468792712316e-05,99.99990844726562,3
380,380,0.001373291015625,0.00579833984375,0.0037387621123343,1.885928213596344e-06,3.3620744943618774e-05,0.0037387586198747,0.0433483123779296,5.044258159614401e-06,8.992479706648737e-05,99.99990844726562,3
381,381,0.001373291015625,0.00579833984375,0.0037387579213827,1.885928213596344e-06,3.3620744943618774e-05,0.0037387544289231,0.0433482751250267,5.0442640713299625e-06,8.992489892989397e-05,99.99990844726562,3
382,382,0.001373291015625,0.00579833984375,0.0037387537304311,1.885928213596344e-06,3.3620744943618774e-05,0.0037387502379715,0.0433482378721237,5.044269528298173e-06,8.992500079330057e-05,99.99990844726562,3
383,383,0.001312255859375,0.00592041015625,0.0037387495394796,1.7220154404640198e-06,3.505125641822815e-05,0.0037387458141893,0.0433481968939304,4.605858975992305e-06,9.375127410748972e-05,99.9999008178711,3
384,384,0.00128173828125,0.00592041015625,0.0037387448828667,1.642853021621704e-06,3.505125641822815e-05,0.0037387411575764,0.0433481559157371,4.394129518914269e-06,9.375139779876918e-05,99.9999008178711,3
385,385,0.00128173828125,0.00579833984375,0.0037387404590845,1.642853021621704e-06,3.3620744943618774e-05,0.0037387369666248,0.0433481186628341,4.39413497588248e-06,8.992532093543559e-05,99.99990844726562,3
386,386,0.00128173828125,0.00592041015625,0.0037387365009635,1.642853021621704e-06,3.505125641822815e-05,0.0037387327756732,0.0433480814099311,4.394139523355989e-06,9.375160880154e-05,99.9999008178711,3
387,387,0.001312255859375,0.005859375,0.00373873161152,1.7220154404640198e-06,3.4332275390625e-05,0.0037387278862297,0.0433480441570282,4.6058817133598495e-06,9.182866779156028e-05,99.9999008178711,3
388,388,0.0013427734375,0.005859375,0.0037387274205684,1.8030405044555664e-06,3.4332275390625e-05,0.0037387236952781,0.0433479994535446,4.82260475109797e-06,9.182876965496688e-05,99.9999008178711,3
389,389,0.001373291015625,0.00579833984375,0.0037387227639555,1.885928213596344e-06,3.3620744943618774e-05,0.0037387192714959,0.0433479622006416,5.0443118198018055e-06,8.992575021693483e-05,99.99990844726562,3
390,390,0.001373291015625,0.00579833984375,0.0037387183401733,1.885928213596344e-06,3.3620744943618774e-05,0.0037387148477137,0.0433479249477386,5.044317276770016e-06,8.992585935629904e-05,99.99990844726562,3
391,391,0.001312255859375,0.00579833984375,0.0037387136835604,1.7220154404640198e-06,3.3620744943618774e-05,0.0037387101911008,0.0433478839695453,4.605903541232692e-06,8.992596121970564e-05,99.99990844726562,3
392,392,0.00140380859375,0.0057373046875,0.0037387090269476,1.9706785678863525e-06,3.291666507720947e-05,0.0037387055344879,0.043347842991352,5.2710129239130765e-06,8.804286335362121e-05,99.99990844726562,3
393,393,0.001373291015625,0.005859375,0.0037387046031653,1.885928213596344e-06,3.4332275390625e-05,0.003738700877875,0.0433478020131588,5.0443359214114025e-06,9.182932990370318e-05,99.9999008178711,3
394,394,0.001312255859375,0.0057373046875,0.0037386999465525,1.7220154404640198e-06,3.291666507720947e-05,0.0037386964540928,0.0433477684855461,4.605920366884675e-06,8.804307435639203e-05,99.99990844726562,3
395,395,0.001373291015625,0.005859375,0.0037386957556009,1.885928213596344e-06,3.4332275390625e-05,0.0037386920303106,0.0433477237820625,5.0443477448425256e-06,9.18295481824316e-05,99.9999008178711,3
396,396,0.0013427734375,0.00555419921875,0.003738691098988,1.8030405044555664e-06,3.084912896156311e-05,0.003738687839359,0.0433476865291595,4.822651590075111e-06,8.251317194662988e-05,99.99990844726562,3
397,397,0.001220703125,0.00555419921875,0.0037386864423751,1.4901161193847656e-06,3.084912896156311e-05,0.0037386831827461,0.0433476492762565,3.985667717643082e-06,8.25132810859941e-05,99.99990844726562,3
398,398,0.0013427734375,0.00567626953125,0.0037386817857623,1.8030405044555664e-06,3.2220035791397095e-05,0.0037386782933026,0.0433476045727729,4.822663868253585e-06,8.618020365247503e-05,99.99990844726562,3
399,399,0.0013427734375,0.00579833984375,0.0037386771291494,1.8030405044555664e-06,3.3620744943618774e-05,0.0037386736366897,0.0433475635945797,4.822669325221796e-06,8.992684888653457e-05,99.99990844726562,3
400,400,0.001373291015625,0.00592041015625,0.0037386727053672,1.885928213596344e-06,3.505125641822815e-05,0.0037386689800769,0.0433475226163864,5.044379122409737e-06,9.37532022362575e-05,99.9999008178711,3
401,401,0.001373291015625,0.00567626953125,0.0037386682815849,1.885928213596344e-06,3.2220035791397095e-05,0.0037386647891253,0.0433474853634834,5.044385034125298e-06,8.618050924269482e-05,99.99990844726562,3
402,402,0.001373291015625,0.005859375,0.0037386633921414,1.885928213596344e-06,3.4332275390625e-05,0.0037386596668511,0.0433474406599998,5.044391400588211e-06,9.183034126181155e-05,99.9999008178711,3
403,403,0.0013427734375,0.005615234375,0.0037386592011898,1.8030405044555664e-06,3.153085708618164e-05,0.0037386557087302,0.0433474034070968,4.822692972084042e-06,8.433733455603942e-05,99.99990844726562,3
404,404,0.00146484375,0.0057373046875,0.0037386540789157,2.1457672119140625e-06,3.291666507720947e-05,0.003738650586456,0.0433473587036132,5.7394108807784505e-06,8.804415847407654e-05,99.99990844726562,3
405,405,0.00146484375,0.0057373046875,0.0037386494223028,2.1457672119140625e-06,3.291666507720947e-05,0.0037386459298431,0.0433473214507103,5.739417701988714e-06,8.804426761344075e-05,99.99990844726562,3
406,406,0.001373291015625,0.00567626953125,0.0037386449985206,1.885928213596344e-06,3.2220035791397095e-05,0.0037386415060609,0.0433472841978073,5.044416411692509e-06,8.618105493951589e-05,99.99990844726562,3
407,407,0.001434326171875,0.00579833984375,0.003738640109077,2.057291567325592e-06,3.3620744943618774e-05,0.0037386366166174,0.0433472394943237,5.502780368260574e-06,8.99277365533635e-05,99.99990844726562,3
408,408,0.001373291015625,0.00579833984375,0.0037386354524642,1.885928213596344e-06,3.3620744943618774e-05,0.0037386319600045,0.0433472022414207,5.044429144618334e-06,8.992784569272771e-05,99.99990844726562,3
409,409,0.001373291015625,0.0057373046875,0.0037386310286819,1.885928213596344e-06,3.291666507720947e-05,0.0037386275362223,0.0433471575379371,5.044435056333896e-06,8.80447041708976e-05,99.99990844726562,3
410,410,0.001373291015625,0.00567626953125,0.0037386266048997,1.885928213596344e-06,3.2220035791397095e-05,0.0037386231124401,0.0433471165597438,5.044441422796808e-06,8.61814696690999e-05,99.99990844726562,3
411,411,0.001373291015625,0.005859375,0.0037386217154562,1.885928213596344e-06,3.4332275390625e-05,0.0037386179901659,0.0433470755815506,5.044447789259721e-06,9.183136717183515e-05,99.9999008178711,3
412,412,0.001373291015625,0.0059814453125,0.0037386170588433,1.885928213596344e-06,3.577768802642822e-05,0.003738613333553,0.043347030878067,5.044454155722633e-06,9.569765825290232e-05,99.9999008178711,3
413,413,0.001312255859375,0.00604248046875,0.0037386126350611,1.7220154404640198e-06,3.651157021522522e-05,0.0037386086769402,0.043346993625164,4.606027687259484e-06,9.766074799699707e-05,99.99989318847656,3
414,414,0.00128173828125,0.0057373046875,0.0037386077456176,1.642853021621704e-06,3.291666507720947e-05,0.0037386042531579,0.0433469489216804,4.394290954223834e-06,8.804524986771867e-05,99.99990844726562,3
415,415,0.001251220703125,0.005615234375,0.0037386030890047,1.5655532479286194e-06,3.153085708618164e-05,0.0037385995965451,0.0433469116687774,4.187535523669794e-06,8.433860057266429e-05,99.99990844726562,3
416,416,0.001251220703125,0.005859375,0.0037385984323918,1.5655532479286194e-06,3.4332275390625e-05,0.0037385947071015,0.0433468669652938,4.187540525890654e-06,9.183194197248667e-05,99.9999008178711,3
417,417,0.00128173828125,0.00579833984375,0.0037385935429483,1.642853021621704e-06,3.3620744943618774e-05,0.0037385900504887,0.0433468297123909,4.394307325128466e-06,8.992885705083609e-05,99.99990844726562,3
418,418,0.00128173828125,0.005859375,0.0037385886535048,1.642853021621704e-06,3.4332275390625e-05,0.0037385849282145,0.0433467850089073,4.394313236844027e-06,9.183218207908794e-05,99.9999008178711,3
419,419,0.00128173828125,0.00592041015625,0.0037385839968919,1.642853021621704e-06,3.505125641822815e-05,0.0037385802716016,0.0433467477560043,4.394318693812238e-06,9.375542867928743e-05,99.9999008178711,3
420,420,0.001312255859375,0.005859375,0.0037385793402791,1.7220154404640198e-06,3.4332275390625e-05,0.0037385756149888,0.0433467030525207,4.606069069268415e-06,9.183240763377398e-05,99.9999008178711,3
421,421,0.001312255859375,0.005615234375,0.0037385749164968,1.7220154404640198e-06,3.153085708618164e-05,0.0037385714240372,0.0433466657996177,4.606074526236625e-06,8.433924085693434e-05,99.99990844726562,3
422,422,0.001373291015625,0.005859375,0.003738569561392,1.885928213596344e-06,3.4332275390625e-05,0.0037385658361017,0.0433466210961341,5.044517820351757e-06,9.183265501633286e-05,99.9999008178711,3
423,423,0.001373291015625,0.0054931640625,0.0037385649047791,1.885928213596344e-06,3.0174851417541504e-05,0.0037385616451501,0.0433465763926506,5.04452464156202e-06,8.071239426499233e-05,99.99990844726562,3
424,424,0.001373291015625,0.0054931640625,0.003738559782505,1.885928213596344e-06,3.0174851417541504e-05,0.003738556522876,0.0433465354144573,5.044531462772284e-06,8.071250340435654e-05,99.99990844726562,3
425,425,0.0013427734375,0.0054931640625,0.0037385551258921,1.8030405044555664e-06,3.0174851417541504e-05,0.0037385518662631,0.043346494436264,4.822827122552553e-06,8.071259799180552e-05,99.99990844726562,3
426,426,0.001373291015625,0.005615234375,0.0037385507021099,1.885928213596344e-06,3.153085708618164e-05,0.0037385472096502,0.0433464497327804,5.044543740950758e-06,8.43397865537554e-05,99.99990844726562,3
427,427,0.001373291015625,0.00604248046875,0.0037385458126664,1.885928213596344e-06,3.651157021522522e-05,0.0037385418545454,0.0433464050292968,5.044550562161021e-06,9.766248695086688e-05,99.99989318847656,3
428,428,0.001434326171875,0.005859375,0.0037385409232228,2.057291567325592e-06,3.4332275390625e-05,0.0037385371979326,0.0433463603258132,5.502926342160208e-06,9.183335350826384e-05,99.9999008178711,3
429,429,0.001434326171875,0.0059814453125,0.0037385360337793,2.057291567325592e-06,3.577768802642822e-05,0.003738532308489,0.04334631934762,5.502933618117822e-06,9.569972462486476e-05,99.9999008178711,3
430,430,0.001434326171875,0.0059814453125,0.0037385311443358,2.057291567325592e-06,3.577768802642822e-05,0.0037385274190455,0.0433462783694267,5.5029408940754365e-06,9.56998555921018e-05,99.9999008178711,3
431,431,0.0013427734375,0.0057373046875,0.0037385264877229,1.8030405044555664e-06,3.291666507720947e-05,0.0037385229952633,0.0433462336659431,4.822863957087975e-06,8.80471634445712e-05,99.99990844726562,3
432,432,0.00140380859375,0.00592041015625,0.0037385215982794,1.9706785678863525e-06,3.505125641822815e-05,0.0037385178729891,0.0433461964130401,5.2712775868712924e-06,9.375699301017448e-05,99.9999008178711,3
433,433,0.00140380859375,0.00592041015625,0.0037385167088359,1.9706785678863525e-06,3.505125641822815e-05,0.0037385129835456,0.0433461479842662,5.271284408081556e-06,9.375711670145392e-05,99.9999008178711,3
434,434,0.001373291015625,0.005859375,0.0037385118193924,1.885928213596344e-06,3.4332275390625e-05,0.0037385080941021,0.043346107006073,5.04459603689611e-06,9.183406655211002e-05,99.9999008178711,3
435,435,0.00128173828125,0.00567626953125,0.0037385066971182,1.642853021621704e-06,3.2220035791397095e-05,0.0037385032046586,0.04334606975317,4.394409643282415e-06,8.61842418089509e-05,99.99990844726562,3
436,436,0.0013427734375,0.00567626953125,0.003738502273336,1.8030405044555664e-06,3.2220035791397095e-05,0.0037384987808763,0.0433460250496864,4.822895334655186e-06,8.61843436723575e-05,99.99990844726562,3
437,437,0.001312255859375,0.00555419921875,0.0037384971510618,1.7220154404640198e-06,3.084912896156311e-05,0.0037384938914328,0.0433459803462028,4.6061704779276624e-06,8.251745748566464e-05,99.99990844726562,3
438,438,0.0013427734375,0.00567626953125,0.0037384920287877,1.8030405044555664e-06,3.2220035791397095e-05,0.003738488536328,0.0433459393680095,4.822908522328362e-06,8.618457650300115e-05,99.99990844726562,3
439,439,0.001220703125,0.00567626953125,0.0037384873721748,1.4901161193847656e-06,3.2220035791397095e-05,0.0037384838797152,0.0433458983898162,3.985879629908595e-06,8.618468564236537e-05,99.99990844726562,3
440,440,0.001251220703125,0.00555419921875,0.0037384824827313,1.5655532479286194e-06,3.084912896156311e-05,0.0037384792231023,0.0433458536863327,4.187670128885657e-06,8.251777762779966e-05,99.99990844726562,3
441,441,0.001312255859375,0.00579833984375,0.0037384773604571,1.7220154404640198e-06,3.3620744943618774e-05,0.0037384738679975,0.0433458089828491,4.606194579537259e-06,8.993165101855993e-05,99.99990844726562,3
442,442,0.001190185546875,0.00579833984375,0.0037384724710136,1.4165416359901428e-06,3.3620744943618774e-05,0.003738468978554,0.0433457642793655,3.7890920339123113e-06,8.993176743388176e-05,99.99990844726562,3
443,443,0.001251220703125,0.00579833984375,0.0037384678144007,1.5655532479286194e-06,3.3620744943618774e-05,0.0037384643219411,0.0433457195758819,4.187686954537639e-06,8.993188384920359e-05,99.99990844726562,3
444,444,0.001220703125,0.00567626953125,0.0037384626921266,1.4901161193847656e-06,3.2220035791397095e-05,0.0037384591996669,0.0433456823229789,3.985906005254947e-06,8.618525316705927e-05,99.99990844726562,3
445,445,0.00128173828125,0.00567626953125,0.0037384575698524,1.642853021621704e-06,3.2220035791397095e-05,0.0037384540773928,0.043345633894205,4.394467396195978e-06,8.61853695823811e-05,99.99990844726562,3
446,446,0.0013427734375,0.00592041015625,0.0037384529132395,1.8030405044555664e-06,3.505125641822815e-05,0.0037384491879493,0.0433455891907215,4.82295899928431e-06,9.375871741212904e-05,99.9999008178711,3
447,447,0.001373291015625,0.00604248046875,0.0037384482566267,1.885928213596344e-06,3.651157021522522e-05,0.0037384442985057,0.0433455444872379,5.044681984145427e-06,9.766504081198946e-05,99.99989318847656,3
448,448,0.001251220703125,0.005859375,0.0037384429015219,1.5655532479286194e-06,3.4332275390625e-05,0.0037384391762316,0.043345496058464,4.187714694126044e-06,9.183576185023412e-05,99.9999008178711,3
449,449,0.001251220703125,0.005859375,0.003738438244909,1.5655532479286194e-06,3.4332275390625e-05,0.0037384345196187,0.043345458805561,4.187720151094254e-06,9.183587826555596e-05,99.9999008178711,3
450,450,0.00128173828125,0.0057373046875,0.0037384328898042,1.642853021621704e-06,3.291666507720947e-05,0.0037384293973445,0.0433454141020774,4.394496045279084e-06,8.804936078377068e-05,99.99990844726562,3
451,451,0.0013427734375,0.0057373046875,0.00373842776753,1.8030405044555664e-06,3.291666507720947e-05,0.0037384242750704,0.0433453693985939,4.822991286346223e-06,8.804949175100774e-05,99.99990844726562,3
452,452,0.00128173828125,0.00555419921875,0.0037384228780865,1.642853021621704e-06,3.084912896156311e-05,0.0037384196184575,0.0433453246951103,4.394507868710207e-06,8.251909457612783e-05,99.99990844726562,3
453,453,0.00128173828125,0.0054931640625,0.0037384177558124,1.642853021621704e-06,3.0174851417541504e-05,0.0037384144961833,0.0433452874422073,4.394513780425768e-06,8.071556658251211e-05,99.99990844726562,3
454,454,0.001312255859375,0.00543212890625,0.0037384130991995,1.7220154404640198e-06,2.950802445411682e-05,0.0037384098395705,0.0433452390134334,4.606273705576314e-06,7.89319456089288e-05,99.99990844726562,3
455,455,0.001373291015625,0.00555419921875,0.0037384077440947,1.885928213596344e-06,3.084912896156311e-05,0.0037384044844657,0.0433451943099498,5.0447365538275335e-06,8.251942927017808e-05,99.99990844726562,3
456,456,0.00146484375,0.0057373046875,0.0037384023889899,2.1457672119140625e-06,3.291666507720947e-05,0.0037383988965302,0.0433451458811759,5.739797416026704e-06,8.80500883795321e-05,99.99990844726562,3
457,457,0.00140380859375,0.00579833984375,0.0037383974995464,1.9706785678863525e-06,3.3620744943618774e-05,0.0037383940070867,0.0433451011776924,5.271452664601384e-06,8.993357187137008e-05,99.99990844726562,3
458,458,0.00140380859375,0.00592041015625,0.0037383926101028,1.9706785678863525e-06,3.505125641822815e-05,0.0037383888848125,0.0433450564742088,5.271459485811647e-06,9.37602308113128e-05,99.9999008178711,3
459,459,0.0013427734375,0.00579833984375,0.003738387254998,1.8030405044555664e-06,3.3620744943618774e-05,0.0037383837625384,0.0433450117707252,4.823043582291575e-06,8.993381925392896e-05,99.99990844726562,3
460,460,0.00140380859375,0.005859375,0.0037383825983852,1.9706785678863525e-06,3.4332275390625e-05,0.0037383788730949,0.0433449670672416,5.2714735829795245e-06,9.18372461455874e-05,99.9999008178711,3
461,461,0.00140380859375,0.005859375,0.0037383770104497,1.9706785678863525e-06,3.4332275390625e-05,0.0037383732851594,0.043344922363758,5.27148131368449e-06,9.183738438878208e-05,99.9999008178711,3
462,462,0.001373291015625,0.005859375,0.0037383721210062,1.885928213596344e-06,3.4332275390625e-05,0.0037383683957159,0.0433448776602745,5.044784302299377e-06,9.183750080410392e-05,99.9999008178711,3
463,463,0.00140380859375,0.005859375,0.0037383667659014,1.9706785678863525e-06,3.4332275390625e-05,0.0037383630406111,0.0433448292315006,5.271495865599718e-06,9.183763177134097e-05,99.9999008178711,3
464,464,0.001434326171875,0.0059814453125,0.0037383616436272,2.057291567325592e-06,3.577768802642822e-05,0.0037383579183369,0.043344784528017,5.503190550371073e-06,9.570419206283988e-05,99.9999008178711,3
465,465,0.0013427734375,0.005859375,0.0037383567541837,1.8030405044555664e-06,3.4332275390625e-05,0.0037383530288934,0.0433447398245334,4.823083145311102e-06,9.183787915389983e-05,99.9999008178711,3
466,466,0.001312255859375,0.005859375,0.0037383516319096,1.7220154404640198e-06,3.4332275390625e-05,0.0037383479066193,0.0433446951210498,4.606349648383912e-06,9.183800284517928e-05,99.9999008178711,3
467,467,0.001312255859375,0.00592041015625,0.0037383465096354,1.7220154404640198e-06,3.505125641822815e-05,0.0037383427843451,0.0433446504175663,4.606356014846824e-06,9.376138768857344e-05,99.9999008178711,3
468,468,0.00128173828125,0.00592041015625,0.0037383411545306,1.642853021621704e-06,3.505125641822815e-05,0.0037383374292403,0.043344609439373,4.394604275148595e-06,9.37615186558105e-05,99.9999008178711,3
469,469,0.001220703125,0.0057373046875,0.0037383360322564,1.4901161193847656e-06,3.291666507720947e-05,0.0037383325397968,0.0433445647358894,3.98604106521816e-06,8.805165271041915e-05,99.99990844726562,3
470,470,0.001251220703125,0.00579833984375,0.0037383313756436,1.5655532479286194e-06,3.3620744943618774e-05,0.0037383278831839,0.0433445200324058,4.187839749647537e-06,8.993516530608758e-05,99.99990844726562,3
471,471,0.00128173828125,0.0057373046875,0.0037383257877081,1.642853021621704e-06,3.291666507720947e-05,0.0037383222952485,0.0433444716036319,4.39462246504263e-06,8.80518855410628e-05,99.99990844726562,3
472,472,0.001190185546875,0.0054931640625,0.0037383204326033,1.4165416359901428e-06,3.0174851417541504e-05,0.0037383171729743,0.0433444306254386,3.789246193264262e-06,8.071766933426261e-05,99.99990844726562,3
473,473,0.001251220703125,0.00567626953125,0.0037383155431598,1.5655532479286194e-06,3.2220035791397095e-05,0.0037383120507001,0.0433443859219551,4.187857484794222e-06,8.618864376330748e-05,99.99990844726562,3
474,474,0.001251220703125,0.005859375,0.0037383104208856,1.5655532479286194e-06,3.4332275390625e-05,0.0037383066955953,0.0433443374931812,4.187863396509783e-06,9.183901420328766e-05,99.9999008178711,3
475,475,0.001220703125,0.00567626953125,0.0037383048329502,1.4901161193847656e-06,3.2220035791397095e-05,0.0037383013404905,0.0433442890644073,3.986074261774775e-06,8.618889114586636e-05,99.99990844726562,3
476,476,0.001220703125,0.00567626953125,0.0037382999435067,1.4901161193847656e-06,3.2220035791397095e-05,0.003738296451047,0.0433442443609237,3.986079263995634e-06,8.618900756118819e-05,99.99990844726562,3
477,477,0.00128173828125,0.00579833984375,0.0037382945884019,1.642853021621704e-06,3.3620744943618774e-05,0.0037382910959422,0.0433441996574401,4.394658844830701e-06,8.99360456969589e-05,99.99990844726562,3
478,478,0.001190185546875,0.00567626953125,0.0037382890004664,1.4165416359901428e-06,3.2220035791397095e-05,0.0037382855080068,0.0433441549539566,3.789277798205149e-06,8.618926221970469e-05,99.99990844726562,3
479,479,0.00128173828125,0.00567626953125,0.0037382843438535,1.642853021621704e-06,3.2220035791397095e-05,0.0037382808513939,0.043344110250473,4.394671123009175e-06,8.61893713590689e-05,99.99990844726562,3
480,480,0.001251220703125,0.00592041015625,0.0037382785230875,1.5655532479286194e-06,3.505125641822815e-05,0.0037382747977972,0.0433440580964088,4.1878988668031525e-06,9.376309753861278e-05,99.9999008178711,3
481,481,0.0013427734375,0.0059814453125,0.0037382736336439,1.8030405044555664e-06,3.577768802642822e-05,0.0037382699083536,0.0433440133929252,4.823190465685912e-06,9.570644760970026e-05,99.9999008178711,3
482,482,0.00140380859375,0.005859375,0.0037382682785391,1.9706785678863525e-06,3.4332275390625e-05,0.0037382645532488,0.0433439649641513,5.271635018289089e-06,9.184005466522648e-05,99.9999008178711,3
483,483,0.00140380859375,0.005859375,0.003738263156265,1.9706785678863525e-06,3.4332275390625e-05,0.0037382594309747,0.0433439165353775,5.2716418394993525e-06,9.184017835650592e-05,99.9999008178711,3
484,484,0.00140380859375,0.00579833984375,0.0037382573354989,1.9706785678863525e-06,3.3620744943618774e-05,0.0037382538430392,0.0433438755571842,5.2716500249516685e-06,8.993694063974544e-05,99.99990844726562,3
485,485,0.00140380859375,0.00567626953125,0.0037382522132247,1.9706785678863525e-06,3.2220035791397095e-05,0.0037382487207651,0.0433438308537006,5.271657300909283e-06,8.619010623078793e-05,99.99990844726562,3
486,486,0.0013427734375,0.005859375,0.0037382468581199,1.8030405044555664e-06,3.4332275390625e-05,0.0037382431328296,0.0433437786996364,4.823225026484579e-06,9.184057853417472e-05,99.9999008178711,3
487,487,0.00140380859375,0.005859375,0.0037382417358458,1.9706785678863525e-06,3.4332275390625e-05,0.0037382380105555,0.0433437339961528,5.271672307571862e-06,9.184070222545417e-05,99.9999008178711,3
488,488,0.00128173828125,0.005859375,0.0037382368464022,1.642853021621704e-06,3.4332275390625e-05,0.0037382331211119,0.0433436892926692,4.394726602185983e-06,9.184081864077598e-05,99.9999008178711,3
489,489,0.0013427734375,0.00592041015625,0.0037382312584668,1.8030405044555664e-06,3.505125641822815e-05,0.0037382275331765,0.0433436408638954,4.823245035368018e-06,9.376427624374628e-05,99.9999008178711,3
490,490,0.00128173828125,0.00592041015625,0.003738225903362,1.642853021621704e-06,3.505125641822815e-05,0.0037382221780717,0.0433435961604118,4.394739335111808e-06,9.376441448694096e-05,99.9999008178711,3
491,491,0.001190185546875,0.00579833984375,0.0037382205482572,1.4165416359901428e-06,3.3620744943618774e-05,0.0037382170557975,0.0433435477316379,3.7893476019235095e-06,8.993782830657437e-05,99.99990844726562,3
492,492,0.001220703125,0.00592041015625,0.0037382151931524,1.4901161193847656e-06,3.505125641822815e-05,0.0037382114678621,0.043343499302864,3.986169758718461e-06,9.376468369737267e-05,99.9999008178711,3
493,493,0.00115966796875,0.00579833984375,0.0037382098380476,1.344829797744751e-06,3.3620744943618774e-05,0.0037382063455879,0.0433434545993804,3.5975238006358268e-06,8.993808296509087e-05,99.99990844726562,3
494,494,0.001129150390625,0.00567626953125,0.0037382044829428,1.27498060464859e-06,3.2220035791397095e-05,0.0037382009904831,0.0433434098958969,3.410676072235219e-06,8.619120490038767e-05,99.99990844726562,3
495,495,0.00115966796875,0.0057373046875,0.003738199127838,1.344829797744751e-06,3.291666507720947e-05,0.0037381956353783,0.043343361467123,3.5975340324512217e-06,8.805487595964223e-05,99.99990844726562,3
496,496,0.001251220703125,0.005859375,0.0037381937727332,1.5655532479286194e-06,3.4332275390625e-05,0.0037381900474429,0.0433433130383491,4.187993908999488e-06,9.184188093058764e-05,99.9999008178711,3
497,497,0.001220703125,0.0057373046875,0.0037381884176284,1.4901161193847656e-06,3.291666507720947e-05,0.0037381849251687,0.0433432683348655,3.986198407801567e-06,8.805512334220111e-05,99.99990844726562,3
498,498,0.001251220703125,0.0057373046875,0.0037381828296929,1.5655532479286194e-06,3.291666507720947e-05,0.0037381793372333,0.0433432199060916,4.188006187177962e-06,8.805526158539578e-05,99.99990844726562,3
499,499,0.001312255859375,0.0057373046875,0.0037381772417575,1.7220154404640198e-06,3.291666507720947e-05,0.0037381737492978,0.0433431677520275,4.60656428913353e-06,8.805539255263284e-05,99.99990844726562,3
0,0,217.16342163085935,887.8052978515625,83.53907012939453,47159.953125,788198.25,0.0032481481321156,0.0362749733030796,5.645256996154785,94.3508529663086,0.0038881786167621,4
1,1,202.88389587402344,880.0384521484375,81.56621551513672,41161.875,774467.6875,0.0032552680931985,0.0362714007496833,5.046436786651611,94.94956970214844,0.0039909514598548,4
2,2,188.83908081054688,872.2954711914062,79.65921783447266,35660.19921875,760899.375,0.0032634751405566,0.0362888164818286,4.476593971252441,95.5193099975586,0.0040967953391373,4
3,3,174.86062622070312,864.5669555664062,77.8084945678711,30576.23828125,747476.0,0.0032731597311794,0.0363345891237258,3.929678678512573,96.06610870361328,0.004206686746329,4
4,4,160.84828186035156,856.801025390625,76.00129699707031,25872.169921875,734108.0,0.0032846315298229,0.0364125333726406,3.4041748046875,96.5915069580078,0.0043218098580837,4
5,5,146.71871948242188,848.93603515625,74.22517395019531,21526.3828125,720692.375,0.0032979696989059,0.0365228056907653,2.9001457691192627,97.0954132080078,0.0044431956484913,4
6,6,132.42068481445312,840.9116821289062,72.47007751464844,17535.23828125,707132.4375,0.0033130822703242,0.036662857979536,2.419652223587036,97.57577514648438,0.0045716552995145,4
7,7,117.93023681640624,832.6702270507812,70.7280502319336,13907.541015625,693339.6875,0.0033298584166914,0.0368306636810302,1.9663403034210205,98.02896118164062,0.0047079743817448,4
8,8,103.23736572265624,824.155517578125,68.99237823486328,10657.9541015625,679232.3125,0.0033481894060969,0.0370354130864143,1.5448017120361328,98.45034790039062,0.0048529845662415,4
9,9,88.33772277832031,815.3114013671875,67.25698852539062,7803.55322265625,664732.6875,0.0033679825719445,0.0372675396502018,1.1602590084075928,98.83473205566406,0.0050076320767402,4
10,10,73.23612976074219,806.0802001953125,65.51627349853516,5363.53076171875,649765.3125,0.003389149904251,0.0375217497348785,0.8186562061309814,99.17617797851562,0.0051729893311858,4
11,11,57.95347595214844,796.4006958007812,63.76467514038086,3358.60546875,634254.0625,0.0034115912858396,0.0377963967621326,0.5267188549041748,99.46793365478516,0.0053502842783927,4
12,12,42.53263854980469,786.2090454101562,61.996803283691406,1809.025390625,618124.6875,0.0034351877402514,0.0380901470780372,0.2917933166027069,99.70266723632812,0.0055409111082553,4
13,13,27.04571533203125,775.4383544921875,60.207069396972656,731.470703125,601304.625,0.0034597853664308,0.0384006649255752,0.1214924827218055,99.87276458740234,0.0057464772835373,4
14,14,11.604034423828123,764.019287109375,58.389495849609375,134.6536102294922,583725.5,0.0034851799719035,0.0387258343398571,0.0230612736195325,99.9709701538086,0.0059688473120331,4
15,15,3.631317138671875,751.8796997070312,56.53713607788086,13.186464309692385,565323.0625,0.0035110907629132,0.0390634164214134,0.0023323544301092,99.991455078125,0.0062102377414703,4
16,16,18.4449462890625,738.9452514648438,54.641563415527344,340.2160339355469,546040.0625,0.0035371491685509,0.0394109338521957,0.0622632279992103,99.93126678466795,0.0064733671024441,4
17,17,32.579010009765625,725.1387939453125,52.692325592041016,1061.391845703125,525826.25,0.0035629111807793,0.0397657565772533,0.2014319598674774,99.79180908203124,0.0067617269232869,4
18,18,45.75924682617188,710.380126953125,50.67697143554688,2093.90869140625,504639.9375,0.0035879118368029,0.0401254519820213,0.4131874144077301,99.5797348022461,0.0070799649693071,4
19,19,57.728057861328125,694.584716796875,48.58165740966797,3332.528564453125,482447.9375,0.0036117481067776,0.0404898300766944,0.6859643459320068,99.30660247802734,0.0074343862943351,4
20,20,68.26824951171875,677.6617431640625,46.39223098754883,4660.5537109375,459225.4375,0.003634161548689,0.0408607833087444,1.004597783088684,98.9875717163086,0.0078335562720894,4
21,21,77.2205810546875,659.5150756835938,44.09596633911133,5963.01806640625,434960.125,0.0036550783552229,0.0412340573966503,1.352281928062439,98.6394271850586,0.0082889180630445,4
22,22,84.4912109375,640.040283203125,41.682708740234375,7138.7646484375,409651.5625,0.0036745991092175,0.041609801352024,1.712644100189209,98.2785415649414,0.0088156443089246,4
23,23,90.04522705078125,619.1253051757812,39.146121978759766,8108.14306640625,383316.15625,0.0036929617635905,0.0419890023767948,2.0712506771087646,97.9193115234375,0.0094337873160839,4
24,24,93.90081787109376,596.6480102539062,36.48433303833008,8817.36328125,355988.84375,0.003710500197485,0.0423740334808826,2.41675329208374,97.57307434082033,0.0101701198145747,4
25,25,96.11282348632812,572.4769287109375,33.700477600097656,9237.6748046875,327729.84375,0.0037276046350598,0.0427673757076263,2.7411108016967773,97.24783325195312,0.0110609838739037,4
26,26,96.76226806640624,546.4725952148438,30.803268432617188,9362.9365234375,298632.3125,0.0037446932401508,0.0431714132428169,3.039591789245605,96.94824981689452,0.0121568050235509,4
27,27,95.94287109375,518.484619140625,27.8068962097168,9205.0341796875,268826.3125,0.0037621918600052,0.043588288128376,3.310342073440552,96.67613220214844,0.0135297086089849,4
28,28,93.75909423828124,488.35296630859375,24.73171806335449,8790.767578125,238488.625,0.0037805244792252,0.0440203435719013,3.554450750350952,96.43026733398438,0.0152861382812261,4
29,29,90.3135986328125,455.9137268066406,21.605186462402344,8156.5458984375,207857.328125,0.0038000999484211,0.0444696433842182,3.7752721309661865,96.20713806152344,0.0175888314843177,4
30,30,85.70391845703125,421.0034484863281,18.462726593017575,7345.16162109375,177243.90625,0.0038213061634451,0.0449380874633789,3.978373050689697,96.0009307861328,0.0206974111497402,4
31,31,80.021728515625,383.4713134765625,15.34921646118164,6403.47705078125,147050.25,0.0038444970268756,0.0454271547496318,4.171859264373779,95.8031005859375,0.0250468607991933,4
32,32,73.35098266601562,343.1874389648437,12.31966781616211,5380.36669921875,117777.6171875,0.0038699838332831,0.0459421575069427,4.367298126220703,95.60128784179688,0.0314130522310733,4
33,33,65.76992797851562,300.06378173828125,9.440293312072754,4325.68359375,90038.2734375,0.0038980171084403,0.0464800372719764,4.582149505615234,95.3765640258789,0.041291270405054,4
34,34,57.353057861328125,254.0816650390625,6.7886152267456055,3289.373291015625,64557.4921875,0.0039287614636123,0.0470390431582927,4.845426082611084,95.0967025756836,0.0578727982938289,4
35,35,48.1778564453125,205.33502197265625,4.452320098876953,2321.10595703125,42162.47265625,0.003962259273976,0.0476168096065521,5.213250160217285,94.69775390625,0.0889931321144104,4
36,36,38.3275146484375,154.09295654296875,2.525362014770508,1468.9984130859375,23744.638671875,0.0039983596652746,0.0482089221477508,5.816981315612793,94.02468872070312,0.1583281755447387,4
37,37,27.905487060546875,100.88525390625,1.09969162940979,778.7161865234375,10177.833984375,0.0040366575121879,0.0488080903887748,7.081222534179688,92.5517120361328,0.3670717477798462,4
38,38,17.0443115234375,46.62420654296875,0.2505088746547699,290.508544921875,2173.816650390625,0.0040763667784631,0.0494030341506004,11.596735954284668,86.77603149414062,1.6272345781326294,4
39,39,5.9208984375,7.26068115234375,0.0128936469554901,35.057037353515625,52.71749114990234,0.0041161943227052,0.0499776229262352,27.189388275146484,40.88640975952149,31.924205780029297,4
40,40,5.227996826171875,58.71246337890625,0.3516027629375458,27.331951141357425,3447.1533203125,0.0041542341932654,0.0505102574825286,0.7773531079292297,98.04113006591795,1.1815135478973389,4
41,41,16.083343505859375,105.0963134765625,1.1345789432525637,258.6739501953125,11045.2353515625,0.0041880230419337,0.0509743876755237,2.2799112796783447,97.35096740722656,0.3691257536411285,4
42,42,26.23042297363281,143.54815673828125,2.1336257457733154,688.0350952148438,20606.07421875,0.0042149038054049,0.0513428151607513,3.224722385406494,96.5777359008789,0.1975465267896652,4
43,43,35.18183898925781,171.65045166015625,3.0743963718414307,1237.7618408203125,29463.876953125,0.0042326962575316,0.051594465970993,4.026031970977783,95.83629608154295,0.1376756876707077,4
44,44,42.46321105957031,188.09661865234372,3.7225866317749023,1803.124267578125,35380.33984375,0.0042403293773531,0.0517200529575347,4.843739986419678,95.04235076904295,0.1139081418514251,4
45,45,47.73265075683594,192.93841552734372,3.954601526260376,2278.406005859375,37225.23046875,0.0042380117811262,0.0517233684659004,5.761404514312744,94.13143157958984,0.107166588306427,4
46,46,50.84709167480469,187.35638427734372,3.7730109691619873,2585.4267578125,35102.4140625,0.0042269676923751,0.0516184642910957,6.852422714233398,93.0355453491211,0.1120316833257675,4
47,47,51.85723876953125,173.22076416015625,3.273669719696045,2689.173095703125,30005.43359375,0.0042089964263141,0.0514252111315727,8.21455192565918,91.65687561035156,0.1285711973905563,4
48,48,50.952545166015625,152.67584228515625,2.5947935581207275,2596.161865234375,23309.912109375,0.0041860984638333,0.0511656180024147,10.005271911621094,89.83340454101562,0.1613268405199051,4
49,49,48.39794921875,127.853271484375,1.8730422258377075,2342.361572265625,16346.458984375,0.004160220734775,0.0508614927530288,12.50565242767334,87.27223205566406,0.2221103459596634,4
50,50,44.483154296875,100.6973876953125,1.2160046100616455,1978.7509765625,10139.9638671875,0.0041331108659505,0.0505329482257366,16.27256202697754,83.38754272460938,0.3398926854133606,4
51,51,39.48991394042969,72.8720703125,0.6910854578018188,1559.4532470703125,5310.3388671875,0.0041062487289309,0.0501976050436496,22.56527328491211,76.8405532836914,0.594173789024353,4
52,52,33.677581787109375,45.72198486328125,0.3265487551689148,1134.1795654296875,2090.5,0.0040808063931763,0.0498702749609947,34.73231887817383,64.01800537109375,1.2496775388717651,4
53,53,27.279037475585938,20.270751953125,0.1195625811815261,744.1458740234375,410.90338134765625,0.0040576518513262,0.0495628081262111,62.23902893066406,34.36722183227539,3.393747329711914,4
54,54,20.50341796875,2.75128173828125,0.046833336353302,420.39013671875,7.56955099105835,0.004037364386022,0.0492841452360153,89.76301574707031,1.6162739992141724,8.620706558227539,4
55,55,13.542694091796877,22.8760986328125,0.0746923089027404,183.4045562744141,523.31591796875,0.0040202671661973,0.0490403845906257,24.55467796325684,70.0628890991211,5.3824381828308105,4
56,56,6.577651977539063,39.8458251953125,0.1671019941568374,43.265506744384766,1587.6898193359375,0.0040064682252705,0.0488351173698902,2.589167594909668,95.01322174072266,2.397618532180786,4
57,57,0.217926025390625,53.569580078125,0.2909706532955169,0.0474917516112327,2869.699951171875,0.0039959051646292,0.0486696735024452,0.0016321833245456,98.62506103515624,1.3733018636703491,4
58,58,6.67620849609375,64.07818603515625,0.4190469682216644,44.57175827026367,4106.01416015625,0.0039883907884359,0.0485436655580997,1.063645839691162,97.9845733642578,0.9517765641212464,4
59,59,12.635406494140623,71.491455078125,0.5310518145561218,159.65350341796875,5111.0283203125,0.0039836498908698,0.0484553650021553,3.006363868713379,96.24349212646484,0.7501433491706848,4
60,60,17.943206787109375,75.990478515625,0.6136325001716614,321.95867919921875,5774.552734375,0.0039813555777072,0.0484021119773387,5.246766567230225,94.10441589355467,0.6488175988197327,4
61,61,22.46102905273437,77.79669189453125,0.6596634387969971,504.4978332519531,6052.3251953125,0.0039811562746763,0.0483805835247039,7.647806167602539,91.7486801147461,0.603513240814209,4
62,62,26.069305419921875,77.157470703125,0.667271077632904,679.6087036132812,5953.275390625,0.0039826934225857,0.0483870953321456,10.184896469116213,89.21823120117188,0.5968629121780396,4
63,63,28.67465209960937,74.34014892578125,0.6388549208641052,822.2356567382812,5526.45751953125,0.0039856228977441,0.048417717218399,12.87045955657959,86.50566864013672,0.623869776725769,4
64,64,30.21392822265625,69.628662109375,0.5800927877426147,912.8814697265624,4848.150390625,0.0039896205998957,0.0484684593975544,15.73681640625,83.57542419433594,0.6877555847167969,4
65,65,30.659942626953125,63.3123779296875,0.4988433122634887,940.0321044921876,4008.457275390625,0.0039943903684616,0.0485353656113147,18.84423446655273,80.35503387451172,0.8007304668426514,4
66,66,30.02301025390625,55.6956787109375,0.4043386280536651,901.3811645507812,3102.008544921875,0.003999666776508,0.0486145839095115,22.292728424072266,76.71807861328125,0.9891874194145204,4
67,67,28.352813720703125,47.0877685546875,0.3061192035675049,803.8820190429688,2217.258056640625,0.0040052095428109,0.0487023778259754,26.26042366027832,72.43119812011719,1.308382272720337,4
68,68,25.73812866210937,37.80499267578125,0.2131776809692382,662.4512939453125,1429.217529296875,0.0040108067914843,0.0487951673567295,31.0750789642334,67.0434799194336,1.8814384937286377,4
69,69,22.30355834960937,28.167236328125,0.1331004500389099,497.4486999511719,793.3931884765625,0.0040162694640457,0.048889547586441,37.373931884765625,59.60860443115234,3.017472505569458,4
70,70,18.205810546875,18.491455078125,0.0713599696755409,331.4515380859375,341.93389892578125,0.0040214285254478,0.0489822998642921,46.44782257080078,47.91676330566406,5.635412216186523,4
71,71,13.628173828125,9.08819580078125,0.0308583751320838,185.7271270751953,82.59530639648438,0.0040261331014335,0.0490704700350761,60.18693923950195,26.765928268432617,13.047131538391112,4
72,72,8.772552490234375,0.24700927734375,0.0117321228608489,76.95767974853516,0.0610135830938816,0.0040302537381649,0.0491513833403587,65.59569549560547,0.0520055778324604,34.352294921875,4
73,73,3.850433349609375,7.76727294921875,0.0115493210032582,14.82583713531494,60.330528259277344,0.0040336847305297,0.0492227263748645,12.8369779586792,52.23729705810547,34.92572784423828,4
74,74,0.927642822265625,14.730224609375,0.0258203465491533,0.8605211973190308,216.97952270507807,0.0040363422594964,0.0492826178669929,0.3332725167274475,84.03431701660156,15.63240909576416,4
75,75,5.361846923828125,20.4658203125,0.0487980954349041,28.74940299987793,418.8497924804688,0.0040381769649684,0.0493296831846237,5.891500949859619,85.83322143554688,8.275275230407715,4
76,76,9.275177001953123,24.85504150390625,0.0744193643331527,86.0289077758789,617.7730712890625,0.0040391706861555,0.0493630953133106,11.560015678405762,83.01240539550781,5.4275803565979,4
77,77,12.522476196289062,27.84161376953125,0.0972361266613006,156.81240844726562,775.1554565429688,0.0040393411181867,0.0493826158344745,16.126970291137695,79.7188720703125,4.154156684875488,4
78,78,14.997512817382812,29.43182373046875,0.1131545007228851,224.9253845214844,866.2322387695312,0.0040387422777712,0.049388587474823,19.877723693847656,76.55305480957031,3.569228172302246,4
79,79,16.63848876953125,29.694091796875,0.1198952868580818,276.8392944335937,881.7390747070312,0.0040374565869569,0.0493819005787372,23.090089797973636,73.54242706298828,3.367485523223877,4
80,80,17.42779541015625,28.74591064453125,0.117041140794754,303.7280578613281,826.327392578125,0.004035597667098,0.0493639484047889,25.950538635253903,70.60144805908203,3.448016166687012,4
81,81,17.390396118164062,26.7515869140625,0.1058406233787536,302.4258728027344,715.6473999023438,0.004033294506371,0.0493364818394184,28.57370376586914,67.61557006835938,3.8107247352600098,4
82,82,16.589950561523438,23.9014892578125,0.0886814445257186,275.2264709472656,571.2811889648438,0.0040306858718395,0.0493015125393867,31.0354061126709,64.41947174072266,4.54512882232666,4
83,83,15.120864868164062,20.4049072265625,0.0685279890894889,228.6405487060547,416.3602294921875,0.0040279114618897,0.0492611825466156,33.36454772949219,60.7576904296875,5.877761363983154,4
84,84,13.10235595703125,16.47357177734375,0.0483301281929016,171.67173767089844,271.3785705566406,0.0040250997990369,0.0492175966501235,35.52064514160156,56.15101623535156,8.328344345092773,4
85,85,10.669052124023438,12.312744140625,0.0305655989795923,113.82867431640624,151.60366821289062,0.004022364038974,0.0491727888584136,37.24077987670898,49.59944152832031,13.15977382659912,4
86,86,7.964187622070312,8.11529541015625,0.01694842800498,63.42828369140625,65.85801696777344,0.0040197977796196,0.0491285771131515,37.42428588867188,38.857887268066406,23.71782112121582,4
87,87,5.13232421875,4.04644775390625,0.0082889189943671,26.34075164794922,16.37373924255371,0.0040174699388444,0.0490865148603916,31.778270721435547,19.75376892089844,48.467960357666016,4
88,88,2.312744140625,0.2503662109375,0.0045565692707896,5.348785400390625,0.0626832395792007,0.0040154224261641,0.0490478351712226,11.73862361907959,0.1375667452812194,88.12380981445312,4
89,89,0.36627197265625,3.1605224609375,0.0050259856507182,0.1341551542282104,9.98890209197998,0.004013679921627,0.0490134917199611,0.2669230699539184,19.874513626098636,79.85856628417969,4
90,90,2.79345703125,6.09869384765625,0.0085119903087615,7.803401947021484,37.19406509399414,0.0040122438222169,0.0489841252565383,9.167540550231934,43.696083068847656,47.136375427246094,4
91,91,4.877166748046875,8.50811767578125,0.0136285871267318,23.786754608154297,72.38806915283203,0.0040111048147082,0.0489601008594036,17.453571319580078,53.114871978759766,29.431550979614254,4
92,92,6.549041748046875,10.3553466796875,0.0190225578844547,42.88994598388672,107.23320770263672,0.0040102414786815,0.0489415675401687,22.5468864440918,56.3716049194336,21.081504821777344,4
93,93,7.76513671875,11.63189697265625,0.023569468408823,60.29734802246094,135.301025390625,0.00400962959975,0.0489284582436084,25.582820892333984,57.40520858764648,17.011964797973633,4
94,94,8.507080078125,12.34710693359375,0.0264913868159055,72.37041473388672,152.4510498046875,0.0040092407725751,0.0489205829799175,27.31846809387207,57.547401428222656,15.13412857055664,4
95,95,8.78021240234375,12.53057861328125,0.0274198018014431,77.09213256835938,157.01539611816406,0.004009049385786,0.048917569220066,28.11549568176269,57.26350402832031,14.621000289916992,4
96,96,8.612579345703125,12.22564697265625,0.0263733267784118,74.17652130126953,149.46644592285156,0.0040090316906571,0.0489189960062503,28.12558364868164,56.673336029052734,15.20108413696289,4
97,97,8.05145263671875,11.48712158203125,0.0236871521919965,64.82588958740234,131.95396423339844,0.0040091671980917,0.0489243641495704,27.367528915405277,55.70697784423828,16.925493240356445,4
98,98,7.15899658203125,10.3807373046875,0.0199105311185121,51.2512321472168,107.75970458984376,0.0040094372816383,0.0489330813288688,25.740766525268555,54.12196350097656,20.137269973754883,4
99,99,6.009246826171875,8.97735595703125,0.0156802218407392,36.11104583740234,80.5929183959961,0.0040098247118294,0.0489445589482784,23.02967834472656,51.39781951904297,25.57250022888184,4
100,100,4.68231201171875,7.3536376953125,0.0116103151813149,21.92404556274414,54.07598876953125,0.0040103117935359,0.0489581450819969,18.88324737548828,46.57581329345703,34.54093933105469,4
101,101,3.26025390625,5.58843994140625,0.0081968707963824,10.629255294799805,31.230661392211918,0.0040108794346451,0.0489731803536415,12.96745491027832,38.100711822509766,48.93183898925781,4
102,102,1.82305908203125,3.7591552734375,0.005756989121437,3.323544502258301,14.131248474121094,0.0040115094743669,0.0489890053868293,5.773060321807861,24.546247482299805,69.6806869506836,4
103,103,0.44378662109375,1.94207763671875,0.0044090379960834,0.1969465613365173,3.771665573120117,0.0040121767669916,0.0490049459040164,0.4466882348060608,8.55439567565918,90.99891662597656,4
104,104,0.813201904296875,0.20672607421875,0.004083261359483,0.6612973213195801,0.0427356697618961,0.0040128580294549,0.0490204021334648,1.6195321083068848,0.1046606227755546,98.27580261230467,4
105,105,1.89642333984375,1.38531494140625,0.0045650796964764,3.596421480178833,1.9190975427627563,0.004013527650386,0.0490347817540168,7.878113746643066,4.203864097595215,87.91802215576172,4
106,106,2.76812744140625,2.78033447265625,0.0055534373968839,7.662529468536377,7.730259895324707,0.0040141581557691,0.0490475744009017,13.797813415527344,13.919775009155272,72.28240203857422,4
107,107,3.40557861328125,3.93670654296875,0.006724287290126,11.597965240478516,15.497658729553224,0.0040147248655557,0.0490583702921867,17.24787139892578,23.047286987304688,59.70484161376953,4
108,108,3.800537109375,4.825927734375,0.0077885705977678,14.444082260131836,23.28957939147949,0.0040152044966816,0.0490668341517448,18.545228958129883,29.902250289916992,51.552520751953125,4
109,109,3.95819091796875,5.43060302734375,0.0085314493626356,15.667275428771973,29.4914493560791,0.0040155765600502,0.0490727536380291,18.36414337158203,34.56792449951172,47.06792831420898,4
110,110,3.89654541015625,5.7484130859375,0.008838559500873,15.183066368103027,33.04425430297852,0.0040158270858228,0.0490760318934917,17.178211212158203,37.38647079467773,45.4353141784668,4
111,111,3.643096923828125,5.78839111328125,0.0086937081068754,13.272154808044434,33.505470275878906,0.0040159462951123,0.0490766875445842,15.266389846801758,38.5399055480957,46.19371032714844,4
112,112,3.23309326171875,5.57086181640625,0.008164670318365,10.452892303466797,31.034502029418945,0.0040159313939511,0.0490748435258865,12.802589416503906,38.01072311401367,49.18669509887695,4
113,113,2.706146240234375,5.1259765625,0.0073756705969572,7.323227405548096,26.275634765625,0.0040157847106456,0.0490707270801067,9.9288969039917,35.62474060058594,54.44636917114258,4
114,114,2.103973388671875,4.49200439453125,0.0064759966917335,4.426703929901123,20.17810440063477,0.0040155160240828,0.0490646623075008,6.8355560302734375,31.158300399780277,62.00614547729492,4
115,115,1.467529296875,3.711669921875,0.0056081525981426,2.153642177581787,13.776494026184082,0.0040151388384401,0.0490570142865181,3.840198755264282,24.56511878967285,71.59468078613281,4
116,116,0.83477783203125,2.8321533203125,0.0048864660784602,0.6968540549278259,8.021092414855957,0.004014671780169,0.0490482151508331,1.4260900020599363,16.414913177490234,82.15900421142578,4
117,117,0.2388916015625,1.9010009765625,0.0043812245130538,0.0570691972970962,3.613804817199707,0.0040141367353498,0.0490387082099914,0.1302585452795028,8.24838924407959,91.62134552001952,4
118,118,0.293304443359375,0.964111328125,0.0041151139885187,0.0860274955630302,0.9295106530189514,0.0040135602466762,0.0490289479494094,0.2090525180101394,2.258772611618042,97.5321807861328,4
119,119,0.741851806640625,0.0640869140625,0.0040684128180146,0.5503441095352173,0.0041071325540542,0.0040129679255187,0.0490193702280521,1.3527241945266724,0.0100951716303825,98.6371841430664,4
120,120,1.0936279296875,0.76202392578125,0.0041900556534528,1.1960220336914062,0.5806804895401001,0.0040123853832483,0.0490103811025619,2.8544297218322754,1.3858537673950195,95.75971221923828,4
121,121,1.343109130859375,1.48089599609375,0.0044115376658737,1.803942084312439,2.1930530071258545,0.0040118377655744,0.0490023307502269,4.089145660400391,4.971175670623779,90.9396743774414,4
122,122,1.49090576171875,2.0689697265625,0.0046616904437541,2.2228000164031982,4.280635833740234,0.0040113469585776,0.0489955097436904,4.768227577209473,9.182581901550291,86.0491943359375,4
123,123,1.543121337890625,2.5103759765625,0.0048792539164423,2.381223440170288,6.301987648010254,0.0040109325200319,0.0489901266992092,4.8803019523620605,12.915884017944336,82.20380401611328,4
124,124,1.51025390625,2.79486083984375,0.0050198193639516,2.280866861343384,7.8112473487854,0.0040106084197759,0.0489863269031047,4.543722629547119,15.560812950134276,79.89546966552734,4
125,125,1.40618896484375,2.9228515625,0.0050624259747564,1.9773674011230469,8.543061256408691,0.0040103835053741,0.0489841550588607,3.905967950820923,16.875429153442383,79.2186050415039,4
126,126,1.246368408203125,2.90106201171875,0.0050072218291461,1.5534342527389526,8.416160583496094,0.0040102624334394,0.0489835850894451,3.1023874282836914,16.808042526245117,80.08956909179688,4
127,127,1.04736328125,2.74102783203125,0.0048712631687521,1.0969698429107666,7.513233661651611,0.0040102428756654,0.0489845238626003,2.251920700073242,15.423583984375,82.32450103759766,4
128,128,0.824981689453125,2.462646484375,0.0046848412603139,0.680594801902771,6.064627647399902,0.0040103187784552,0.0489867962896823,1.4527595043182373,12.945215225219728,85.60202026367188,4
129,129,0.59405517578125,2.08880615234375,0.0044820783659815,0.3529015481472015,4.3631110191345215,0.0040104771032929,0.0489901788532733,0.7873614430427551,9.73457145690918,89.47807312011719,4
130,130,0.367218017578125,1.64569091796875,0.0042950180359184,0.1348490715026855,2.708298683166504,0.0040107029490172,0.0489943958818912,0.3139662444591522,6.3056745529174805,93.3803482055664,4
131,131,0.15557861328125,1.16009521484375,0.0041479803621768,0.0242047049105167,1.3458209037780762,0.0040109776891767,0.0489991754293441,0.0583529882133007,3.244521141052246,96.6971206665039,4
132,132,0.032989501953125,0.6591796875,0.0040548420511186,0.0010883072391152,0.4345178604125976,0.0040112813003361,0.0490042082965374,0.0026839694473892,1.071602463722229,98.92571258544922,4
133,133,0.193267822265625,0.1707763671875,0.0040182447992265,0.0373524501919746,0.0291645675897598,0.0040115932933986,0.049009196460247,0.0929571315646171,0.0725803598761558,99.83446502685548,4
134,134,0.3218994140625,0.28338623046875,0.0040302858687937,0.1036192327737808,0.0803077518939971,0.0040118931792676,0.0490138828754425,0.257101446390152,0.1992606818675995,99.54364013671876,4
135,135,0.4178466796875,0.681396484375,0.0040760533884167,0.1745958477258682,0.4643011689186096,0.0040121637284755,0.0490180142223835,0.4283453226089477,1.1390948295593262,98.43255615234376,4
136,136,0.4822998046875,1.0081787109375,0.0041372925043106,0.2326131016016006,1.016424298286438,0.0040123891085386,0.0490214154124259,0.5622350573539734,2.456737756729126,96.98103332519533,4
137,137,0.517242431640625,1.2530517578125,0.0041963262483477,0.2675397396087646,1.570138692855835,0.0040125581435859,0.0490239411592483,0.6375570297241211,3.741698265075684,95.62074279785156,4
138,138,0.5262451171875,1.40948486328125,0.0042390218004584,0.2769339084625244,1.986647605895996,0.0040126638486981,0.0490255244076252,0.653296709060669,4.68657112121582,94.66014099121094,4
139,139,0.51275634765625,1.47821044921875,0.0042575048282742,0.2629190683364868,2.185106039047241,0.0040127024985849,0.0490261390805244,0.617542564868927,5.132362842559815,94.2500991821289,4
140,140,0.480926513671875,1.462158203125,0.0042495955713093,0.2312903106212616,2.137906551361084,0.0040126759558916,0.0490258149802684,0.5442642569541931,5.030847072601318,94.42488861083984,4
141,141,0.434478759765625,1.36993408203125,0.0042191380634903,0.1887717992067337,1.876719355583191,0.0040125893428921,0.0490246526896953,0.4474178850650787,4.448110580444336,95.10447692871094,4
142,142,0.377166748046875,1.21435546875,0.0041741426102817,0.1422547549009323,1.4746592044830322,0.0040124510414898,0.0490227714180946,0.3407999277114868,3.532843351364136,96.12635040283205,4
143,143,0.31256103515625,1.0081787109375,0.004123683553189,0.0976943969726562,1.016424298286438,0.0040122717618942,0.0490203201770782,0.2369104921817779,2.464845657348633,97.29824829101562,4
144,144,0.243743896484375,0.76806640625,0.0040769977495074,0.0594110861420631,0.58992600440979,0.00401206407696,0.0490174889564514,0.1457226276397705,1.446961760520935,98.40731811523438,4
145,145,0.173004150390625,0.5089111328125,0.0040407334454357,0.0299304351210594,0.2589905261993408,0.0040118410252034,0.0490144416689872,0.0740717872977256,0.6409493088722229,99.28497314453124,4
146,146,0.102569580078125,0.248291015625,0.0040188319981098,0.0105205187574028,0.0616484284400939,0.0040116151794791,0.0490113645792007,0.0261780507862567,0.1533988565206527,99.82041931152344,4
147,147,0.03466796875,0.0009765625,0.0040115197189152,0.0012018680572509,9.5367431640625e-07,0.004011399578303,0.0490084253251552,0.0029960416723042,2.3773391149006784e-06,99.99700927734376,4
148,148,0.029083251953125,0.2257080078125,0.0040163821540772,0.0008458355441689,0.0509441047906875,0.0040112030692398,0.0490057580173015,0.0021059636492282,0.1268407851457595,99.8710479736328,4
149,149,0.087188720703125,0.415771484375,0.0040290812030434,0.0076018730178475,0.1728659272193908,0.0040110344998538,0.0490034818649292,0.0188675094395875,0.429045557975769,99.55208587646484,4
150,150,0.1378173828125,0.56494140625,0.0040447148494422,0.0189936310052871,0.3191587924957275,0.0040108994580805,0.0490016676485538,0.0469591319561004,0.7890760898590088,99.1639633178711,4
151,151,0.180084228515625,0.66845703125,0.0040587265975773,0.0324303284287452,0.4468348026275635,0.0040108002722263,0.0490003563463687,0.0799027159810066,1.1009235382080078,98.81917572021484,4
152,152,0.212615966796875,0.724853515625,0.004067800939083,0.0452055484056472,0.5254126191139221,0.0040107388049364,0.0489995777606964,0.1111301854252815,1.2916380167007446,98.59722137451172,4
153,153,0.234283447265625,0.737060546875,0.0040705259889364,0.0548887327313423,0.5432582497596741,0.0040107113309204,0.0489992909133434,0.1348443180322647,1.334614396095276,98.5305404663086,4
154,154,0.245086669921875,0.70587158203125,0.0040665469132363,0.0600674748420715,0.4982546865940094,0.0040107150562107,0.0489994660019874,0.1477112472057342,1.225252389907837,98.62704467773438,4
155,155,0.2442626953125,0.6407470703125,0.0040577664040029,0.0596642643213272,0.4105567932128906,0.0040107443928718,0.0490000173449516,0.1470372080802917,1.0117802619934082,98.8411865234375,4
156,156,0.23236083984375,0.54656982421875,0.0040460652671754,0.0539915598928928,0.298738569021225,0.0040107918903231,0.0490008667111396,0.1334421336650848,0.7383434176445007,99.12820434570312,4
157,157,0.209869384765625,0.43212890625,0.0040339296683669,0.0440451577305793,0.1867353916168213,0.0040108514949679,0.0490019209682941,0.1091867238283157,0.46291184425354,99.42789459228516,4
158,158,0.17822265625,0.30645751953125,0.00402348395437,0.0317633152008056,0.0939162075519561,0.0040109162218868,0.0490030832588672,0.0789447948336601,0.2334201037883758,99.6876449584961,4
159,159,0.1390380859375,0.17657470703125,0.004016030114144,0.0193315893411636,0.0311786271631717,0.0040109790861606,0.0490042641758918,0.0481360666453838,0.0776354372501373,99.87422943115234,4
160,160,0.094268798828125,0.05096435546875,0.0040121832862496,0.0088866064324975,0.0025973655283451,0.0040110349655151,0.0490053854882717,0.0221490543335676,0.006473695859313,99.97137451171876,4
161,161,0.046539306640625,0.06378173828125,0.0040117031894624,0.0021659070625901,0.0040681101381778,0.0040110796689987,0.0490063652396202,0.0053989710286259,0.0101406062021851,99.98445129394533,4
162,162,0.0015869140625,0.16290283203125,0.0040137628093361,2.518296241760254e-06,0.0265373326838016,0.0040111085399985,0.0490071550011634,6.2741528381593525e-06,0.0661158487200737,99.93386840820312,4
163,163,0.047454833984375,0.24224853515625,0.0040172147564589,0.0022519612684845,0.0586843527853488,0.0040111211128532,0.0490077175199985,0.0056057777255773,0.1460821777582168,99.84831237792967,4
164,164,0.08868408203125,0.29901123046875,0.0040208431892097,0.0078648664057254,0.0894077122211456,0.0040111159905791,0.0490080341696739,0.0195602402091026,0.2223605960607528,99.7580795288086,4
165,165,0.123016357421875,0.33251953125,0.0040236646309494,0.0151330241933465,0.1105692386627197,0.0040110941044986,0.0490081012248992,0.0376100540161132,0.2747973501682281,99.68758392333984,4
166,166,0.1488037109375,0.34375,0.0040250881575047,0.022142544388771,0.1181640625,0.0040110573172569,0.0490079298615455,0.0550113283097744,0.293568879365921,99.6514129638672,4
167,167,0.16473388671875,0.335693359375,0.0040249908342957,0.0271372534334659,0.1126900315284729,0.0040110079571604,0.0490075536072254,0.0674218982458114,0.2799758613109588,99.65260314941406,4
168,168,0.17083740234375,0.3082275390625,0.0040233661420643,0.0291854180395603,0.0950042158365249,0.0040109469555318,0.0490069799125194,0.0725397989153862,0.2361311763525009,99.69132232666016,4
169,169,0.1663818359375,0.26580810546875,0.0040207142010331,0.0276829153299331,0.0706539452075958,0.0040108803659677,0.0490062832832336,0.0688507407903671,0.1757248491048813,99.7554168701172,4
170,170,0.15240478515625,0.2130126953125,0.0040176692418754,0.0232272185385227,0.0453744083642959,0.0040108091197907,0.0490054786205291,0.0578126646578311,0.112937144935131,99.82925415039062,4
171,171,0.130279541015625,0.1541748046875,0.0040148124098777,0.0169727578759193,0.0237698704004287,0.0040107378736138,0.0490046292543411,0.0422753430902957,0.0592054277658462,99.89851379394533,4
172,172,0.101776123046875,0.09222412109375,0.004012553486973,0.0103583792224526,0.0085052885115146,0.0040106675587594,0.0490037649869918,0.0258149281144142,0.0211966969072818,99.9530029296875,4
173,173,0.069091796875,0.031982421875,0.004011180717498,0.0047736763954162,0.0010228753089904,0.0040106009691953,0.049002930521965,0.0119009250774979,0.0025500603951513,99.98554229736328,4
174,174,0.03436279296875,0.02374267578125,0.0040107150562107,0.0011808015406131,0.0005637146532535,0.004010540433228,0.0490021631121635,0.0029441171791404,0.0014055215287953,99.9956512451172,4
175,175,9.1552734375e-05,0.072509765625,0.0040110116824507,8.381903171539307e-09,0.0052576661109924,0.0040104859508574,0.0490014776587486,2.0897230612604293e-08,0.013108080253005,99.98689270019533,4
176,176,0.03167724609375,0.11224365234375,0.0040117977187037,0.0010034479200839,0.0125986374914646,0.0040104375220835,0.0490008816123008,0.0025012425612658,0.0314039662480354,99.96609497070312,4
177,177,0.0587158203125,0.14166259765625,0.0040127467364072,0.0034475475549697,0.0200682915747165,0.0040103951469063,0.0490003861486911,0.0085914898663759,0.050011359155178,99.94139862060548,4
178,178,0.08001708984375,0.160400390625,0.0040135723538696,0.0064027346670627,0.0257282853126525,0.0040103592909872,0.049000009894371,0.0159527081996202,0.0641032010316848,99.9199447631836,4
179,179,0.0941162109375,0.16790771484375,0.0040140333585441,0.0088578611612319,0.02819300070405,0.0040103285573422,0.0489997342228889,0.0220672320574522,0.0702360868453979,99.90769958496094,4
180,180,0.100494384765625,0.1663818359375,0.0040140808559954,0.0100991213694214,0.0276829153299331,0.0040103024803102,0.048999547958374,0.0251592360436916,0.0689645186066627,99.90586853027344,4
181,181,0.100128173828125,0.15673828125,0.0040137381292879,0.0100256511941552,0.0245668888092041,0.0040102787315845,0.048999436199665,0.0249783396720886,0.061207003891468,99.91381072998048,4
182,182,0.092620849609375,0.138427734375,0.0040130326524376,0.0085786217823624,0.0191622376441955,0.0040102587081491,0.048999398946762,0.0213769041001796,0.0477500148117542,99.93087768554688,4
183,183,0.079498291015625,0.114501953125,0.0040121828205883,0.006319978274405,0.0131106972694396,0.0040102396160364,0.0489994026720523,0.0157519690692424,0.0326772145926952,99.95156860351562,4
184,184,0.06219482421875,0.0869140625,0.0040113632567226,0.0038681961596012,0.0075540542602539,0.0040102209895849,0.0489994324743747,0.0096430955454707,0.0188316386193037,99.97152709960938,4
185,185,0.0418701171875,0.05816650390625,0.004010715521872,0.0017531067132949,0.0033833421766757,0.0040102018974721,0.0489994809031486,0.0043710567988455,0.0084357568994164,99.98719024658205,4
186,186,0.020355224609375,0.02764892578125,0.004010300617665,0.0004143351688981,0.000764463096857,0.0040101828053593,0.0489995218813419,0.0010331773664802,0.0019062487408518,99.99706268310548,4
187,187,0.000823974609375,0.0009765625,0.0040101613849401,6.789341568946838e-07,9.5367431640625e-07,0.0040101613849401,0.0489995405077934,1.6930345054788631e-06,2.3781444724590983e-06,100.0,4
188,188,0.020050048828125,0.02435302734375,0.0040102382190525,0.0004020044580101,0.0005930699408054,0.0040101390331983,0.0489995367825031,0.0010024452349171,0.001478889491409,99.99752807617188,4
189,189,0.036529541015625,0.0443115234375,0.0040104435756802,0.0013344073668122,0.0019635111093521,0.0040101134218275,0.0489994883537292,0.0033273310400545,0.0048959949053823,99.99176788330078,4
190,190,0.049072265625,0.0599365234375,0.0040106866508722,0.0024080872535705,0.0035923868417739,0.0040100868791341,0.0489993952214717,0.0060041770339012,0.0089570367708802,99.98504638671876,4
191,191,0.057342529296875,0.07049560546875,0.0040108831599354,0.0032881656661629,0.0049696303904056,0.004010057542473,0.0489992536604404,0.008198108524084,0.0123903639614582,99.97941589355467,4
192,192,0.0611572265625,0.0740966796875,0.0040109478868544,0.0037402063608169,0.0054903179407119,0.0040100249461829,0.048999048769474,0.009324993006885,0.0136883286759257,99.97698974609376,4
193,193,0.06085205078125,0.0743408203125,0.0040109157562255,0.0037029720842838,0.0055265575647354,0.0040099928155541,0.0489988215267658,0.009232236072421,0.013778792694211,99.97698974609376,4
194,194,0.056060791015625,0.0714111328125,0.0040107844397425,0.0031428122892975,0.0050995498895645,0.004009960219264,0.0489985644817352,0.0078359041363,0.0127145946025848,99.9794464111328,4
195,195,0.048065185546875,0.0645751953125,0.0040105720981955,0.0023102620616555,0.0041699558496475,0.0040099243633449,0.048998262733221,0.0057604303583502,0.010397408157587,99.98384857177734,4
196,196,0.03765869140625,0.05303955078125,0.0040103099308907,0.0014181770384311,0.0028131939470767,0.0040098866447806,0.0489979237318038,0.0035363275092095,0.0070149037055671,99.98944091796876,4
197,197,0.026092529296875,0.0394287109375,0.0040100715123116,0.0006808200851082,0.0015546232461929,0.0040098479948937,0.0489975586533546,0.0016977754421532,0.0038767964579164,99.9944305419922,4
198,198,0.01434326171875,0.02490234375,0.0040098894387483,0.0002057291567325,0.0006201267242431,0.0040098070167005,0.0489971786737442,0.0005130544304847,0.0015464933821931,99.99794006347656,4
199,199,0.003173828125,0.00933837890625,0.0040097758173942,1.0073184967041016e-05,8.720532059669495e-05,0.0040097660385072,0.0489967875182628,2.5121566068264656e-05,0.0002174817782361,99.999755859375,4
200,200,0.006744384765625,0.00543212890625,0.0040097320452332,4.5486725866794586e-05,2.950802445411682e-05,0.0040097245946526,0.0489964000880718,0.0001134408084908,7.359100709436461e-05,99.99981689453124,4
201,201,0.014892578125,0.0191650390625,0.0040097418241202,0.0002217888832092,0.0003672987222671,0.0040096826851367,0.0489960201084613,0.0005531250499188,0.000916015880648,99.99852752685548,4
202,202,0.020721435546875,0.02996826171875,0.0040097744204103,0.0004293778911232,0.0008980967104434,0.0040096417069435,0.0489956587553024,0.0010708280606195,0.0022397686261683,99.99668884277344,4
203,203,0.02423095703125,0.038330078125,0.0040098074823617,0.0005871392786502,0.0014691948890686,0.0040096016600728,0.0489953272044658,0.0014642579481005,0.0036640034522861,99.99486541748048,4
204,204,0.025054931640625,0.04296875,0.0040098107419908,0.0006277495995163,0.0018463134765625,0.0040095634758472,0.0489950254559516,0.0015655341558158,0.0046044904738664,99.99382781982422,4
205,205,0.023773193359375,0.04510498046875,0.0040097860619425,0.0005651647225022,0.0020344592630863,0.0040095262229442,0.0489947535097599,0.0014094634680077,0.00507373502478,99.99352264404295,4
206,206,0.021087646484375,0.0457763671875,0.0040097432211041,0.0004446888342499,0.0020954757928848,0.0040094894357025,0.0489944964647293,0.0011090207844972,0.0052259601652622,99.99366760253906,4
207,207,0.017059326171875,0.04498291015625,0.0040096850134432,0.0002910206094384,0.0020234622061252,0.0040094535797834,0.0489942505955696,0.0007257941178977,0.0050464365631341,99.99423217773438,4
208,208,0.0120849609375,0.04217529296875,0.0040096109732985,0.0001460462808609,0.0017787553369998,0.0040094186551868,0.0489940270781517,0.0003642405208665,0.0044362293556332,99.99520111083984,4
209,209,0.006805419921875,0.03631591796875,0.0040095220319926,4.631374031305313e-05,0.0013188458979129,0.0040093855932354,0.0489938259124755,0.0001155093777924,0.0032892846502363,99.99659729003906,4
210,210,0.001312255859375,0.02984619140625,0.0040094414725899,1.7220154404640198e-06,0.0008907951414585,0.004009352531284,0.04899363219738,4.294901373214088e-06,0.0022217435762286,99.9977798461914,4
211,211,0.00341796875,0.02264404296875,0.0040093739517033,1.1682510375976562e-05,0.0005127526819705,0.0040093213319778,0.048993457108736,2.913799107773229e-05,0.0012788847088813,99.99868774414062,4
212,212,0.00750732421875,0.013916015625,0.0040093166753649,5.63599169254303e-05,0.0001936554908752,0.0040092915296554,0.0489932894706726,0.0001405723742209,0.0004830137186218,99.99937438964844,4
213,213,0.0103759765625,0.0059814453125,0.0040092761628329,0.0001076608896255,3.577768802642822e-05,0.004009261727333,0.0489931255578994,0.0002685294602997,8.923727000365034e-05,99.99964141845705,4
214,214,0.01239013671875,0.00128173828125,0.0040092463605105,0.0001535154879093,1.642853021621704e-06,0.0040092309936881,0.0489929504692554,0.0003829035849776,4.097660166735295e-06,99.99961853027344,4
215,215,0.013427734375,0.00750732421875,0.00400922447443,0.0001803040504455,5.63599169254303e-05,0.0040092007257044,0.0489927679300308,0.0004497229820117,0.0001405756047461,99.9994125366211,4
216,216,0.013885498046875,0.01202392578125,0.0040092035196721,0.0001928070560097,0.000144574791193,0.0040091699920594,0.0489925742149353,0.0004809111123904,0.00036060725688,99.9991683959961,4
217,217,0.01336669921875,0.0146484375,0.0040091765113174,0.0001786686480045,0.0002145767211914,0.0040091373957693,0.0489923581480979,0.0004456492315512,0.0005352139123715,99.9990234375,4
218,218,0.01251220703125,0.01617431640625,0.0040091462433338,0.0001565553247928,0.0002616085112094,0.0040091043338179,0.0489921271800994,0.0003904954064637,0.0006525292410515,99.99895477294922,4
219,219,0.011260986328125,0.0167236328125,0.0040091113187372,0.0001268098130822,0.0002796798944473,0.0040090708062052,0.0489918924868106,0.0003163040091749,0.0006976106669753,99.99898529052734,4
220,220,0.009735107421875,0.01617431640625,0.0040090708062052,9.477231651544572e-05,0.0002616085112094,0.0040090354159474,0.0489916428923606,0.0002363946987316,0.0006525415228679,99.99911499023438,4
221,221,0.008087158203125,0.0150146484375,0.0040090288966894,6.540212780237198e-05,0.0002254396677017,0.0040090000256896,0.0489913783967494,0.000163137083291,0.0005623298347927,99.99927520751952,4
222,222,0.00640869140625,0.01324462890625,0.0040089851245284,4.10713255405426e-05,0.0001754201948642,0.0040089632384479,0.0489911064505577,0.000102448175312,0.0004375675925984,99.99945068359376,4
223,223,0.004608154296875,0.0107421875,0.0040089399553835,2.123508602380753e-05,0.0001153945922851,0.0040089259855449,0.048990823328495,5.296932431519963e-05,0.0002878431696444,99.9996566772461,4
224,224,0.00341796875,0.00714111328125,0.004008893854916,1.1682510375976562e-05,5.099549889564514e-05,0.004008887335658,0.0489905290305614,2.9141479899408296e-05,0.0001272059016628,99.99983978271484,4
225,225,0.0023193359375,0.003662109375,0.004008850082755,5.379319190979004e-06,1.341104507446289e-05,0.0040088482201099,0.0489902272820472,1.3418609341897536e-05,3.345359436934814e-05,99.9999542236328,4
226,226,0.001556396484375,0.00079345703125,0.0040088091045618,2.42237001657486e-06,6.295740604400635e-07,0.0040088086389005,0.048989925533533,6.042617314960808e-06,1.5704763427493162e-06,99.99998474121094,4
227,227,0.001129150390625,0.0048828125,0.0040087704546749,1.27498060464859e-06,2.384185791015625e-05,0.0040087681263685,0.0489896163344383,3.180477733621956e-06,5.947424142505042e-05,99.99993896484376,4
228,228,0.0009765625,0.00787353515625,0.0040087350644171,9.5367431640625e-07,6.199255585670471e-05,0.0040087290108203,0.048989325761795,2.3789905299054226e-06,0.000154643683345,99.99984741210938,4
229,229,0.0009765625,0.010009765625,0.0040087001398205,9.5367431640625e-07,0.0001001954078674,0.0040086898952722,0.0489890314638614,2.379011220909888e-06,0.0002499448892194,99.99974060058594,4
230,230,0.00115966796875,0.0123291015625,0.0040086670778691,1.344829797744751e-06,0.0001520067453384,0.0040086517110466,0.0489887446165084,3.3548055853316328e-06,0.0003791952331084,99.99961853027344,4
231,231,0.0015869140625,0.01434326171875,0.004008634481579,2.518296241760254e-06,0.0002057291567325,0.0040086135268211,0.0489884652197361,6.2821795836498495e-06,0.0005132150254212,99.99947357177734,4
232,232,0.001861572265625,0.01507568359375,0.0040085995569825,3.465451300144196e-06,0.0002272762358188,0.0040085762739181,0.0489881969988346,8.645041816635057e-06,0.0005669716047123,99.99942016601562,4
233,233,0.0023193359375,0.01556396484375,0.0040085641667246,5.379319190979004e-06,0.0002422370016574,0.0040085394866764,0.0489879287779331,1.34195661303238e-05,0.0006042987224645,99.9993896484375,4
234,234,0.002655029296875,0.0155029296875,0.0040085278451442,7.049180567264557e-06,0.0002403408288955,0.0040085026994347,0.0489876717329025,1.758546022756491e-05,0.0005995738320052,99.99937438964844,4
235,235,0.002593994140625,0.0150146484375,0.00400849012658,6.728805601596832e-06,0.0002254396677017,0.0040084673091769,0.0489874221384525,1.6786383639555424e-05,0.0005624054465442,99.99942779541016,4
236,236,0.002716064453125,0.01397705078125,0.0040084524080157,7.377006113529205e-06,0.0001953579485416,0.004008431918919,0.0489871799945831,1.8403625290375203e-05,0.0004873650032095,99.9994888305664,4
237,237,0.002655029296875,0.01239013671875,0.004008412361145,7.049180567264557e-06,0.0001535154879093,0.0040083960629999,0.0489869341254234,1.7585965906619094e-05,0.0003829832712654,99.99959564208984,4
238,238,0.002471923828125,0.01104736328125,0.0040083737112581,6.1104074120521545e-06,0.0001220442354679,0.0040083611384034,0.048986691981554,1.5244106180034578e-05,0.0003044731856789,99.99968719482422,4
239,239,0.002410888671875,0.00946044921875,0.0040083350613713,5.812384188175201e-06,8.950009942054749e-05,0.0040083257481455,0.0489864498376846,1.45007434184663e-05,0.0002232849801657,99.99977111816406,4
240,240,0.002227783203125,0.00762939453125,0.0040082968771457,4.963018000125885e-06,5.820766091346741e-05,0.004008290823549,0.0489862151443958,1.2381862688926049e-05,0.0001452179421903,99.99984741210938,4
241,241,0.002197265625,0.0059814453125,0.0040082596242427,4.827976226806641e-06,3.577768802642822e-05,0.0040082554332911,0.0489859692752361,1.204506952490192e-05,8.925990550778806e-05,99.99989318847656,4
242,242,0.00238037109375,0.00445556640625,0.0040082219056785,5.666166543960571e-06,1.985207200050354e-05,0.004008219577372,0.0489857234060764,1.4136358913674483e-05,4.95283748023212e-05,99.99993896484376,4
243,243,0.0025634765625,0.00299072265625,0.0040081851184368,6.571412086486816e-06,8.944422006607056e-06,0.0040081837214529,0.048985481262207,1.639498077565804e-05,2.2315391106531024e-05,99.99996185302734,4
244,244,0.00299072265625,0.00177001953125,0.0040081483311951,8.944422006607056e-06,3.1329691410064697e-06,0.0040081469342112,0.0489852204918861,2.2315596652333625e-05,7.816500328772236e-06,99.99996185302734,4
245,245,0.003204345703125,0.000732421875,0.0040081115439534,1.026783138513565e-05,5.364418029785156e-07,0.0040081106126308,0.0489849671721458,2.561762994446326e-05,1.3383903478825232e-06,99.9999771118164,4
246,246,0.003570556640625,0.0001220703125,0.004008075222373,1.2748874723911284e-05,1.4901161193847656e-08,0.0040080738253891,0.0489847138524055,3.180797284585424e-05,3.71778483554408e-08,99.99996185302734,4
247,247,0.003997802734375,0.0003662109375,0.00400803796947,1.5982426702976227e-05,1.341104507446289e-07,0.0040080365724861,0.0489844493567943,3.9875936636235565e-05,3.346037544815772e-07,99.99996185302734,4
248,248,0.004302978515625,0.00048828125,0.004008000716567,1.851562410593033e-05,2.384185791015625e-07,0.0040079988539218,0.0489841848611831,4.61966592411045e-05,5.948566013103118e-07,99.9999542236328,4
249,249,0.00482177734375,0.000244140625,0.0040079625323414,2.324953675270081e-05,5.960464477539064e-08,0.004007960204035,0.048983909189701,5.800836879643612e-05,1.487155714130495e-07,99.99993896484376,4
250,250,0.005157470703125,0.00067138671875,0.0040079248137772,2.659950405359268e-05,4.507601261138916e-07,0.0040079220198094,0.0489836335182189,6.636726902797818e-05,1.1246720532653851e-06,99.99993133544922,4
251,251,0.00537109375,0.0015869140625,0.0040078866295516,2.8848648071289062e-05,2.518296241760254e-06,0.0040078833699226,0.0489833541214466,7.197970262495801e-05,6.283351467573084e-06,99.99991607666016,4
252,252,0.0052490234375,0.002197265625,0.004007848445326,2.755224704742432e-05,4.827976226806641e-06,0.004007845185697,0.0489830821752548,6.874572864035144e-05,1.2046304618706928e-05,99.99991607666016,4
253,253,0.005126953125,0.0030517578125,0.0040078097954392,2.6285648345947266e-05,9.313225746154783e-06,0.0040078060701489,0.0489828027784824,6.558606401085854e-05,2.323769331269432e-05,99.99990844726562,4
254,254,0.00506591796875,0.00372314453125,0.0040077720768749,2.566352486610413e-05,1.3861805200576782e-05,0.0040077678859233,0.04898252338171,6.403439329005778e-05,3.458730861893855e-05,99.99989318847656,4
255,255,0.004669189453125,0.00457763671875,0.0040077334269881,2.1801330149173737e-05,2.0954757928848267e-05,0.0040077292360365,0.0489822439849376,5.439815140562132e-05,5.2285809942986816e-05,99.99989318847656,4
256,256,0.0042724609375,0.00518798828125,0.0040076947771012,1.825392246246338e-05,2.691522240638733e-05,0.0040076901204884,0.0489819683134555,4.554718543658964e-05,6.715886411257088e-05,99.99988555908205,4
257,257,0.003692626953125,0.00567626953125,0.0040076565928757,1.363549381494522e-05,3.2220035791397095e-05,0.0040076519362628,0.0489816889166832,3.4023607440758497e-05,8.039620297495276e-05,99.99988555908205,4
258,258,0.00323486328125,0.00628662109375,0.0040076174773275,1.0464340448379517e-05,3.9521604776382446e-05,0.0040076128207147,0.0489814095199108,2.6111127226613465e-05,9.86162049230188e-05,99.99988555908205,4
259,259,0.00250244140625,0.00665283203125,0.0040075797587633,6.2622129917144775e-06,4.4260174036026e-05,0.0040075746364891,0.048981137573719,1.562592115078587e-05,0.0001104411567212,99.9998779296875,4
260,260,0.002227783203125,0.00689697265625,0.0040075411088764,4.963018000125885e-06,4.756823182106018e-05,0.0040075359866023,0.0489808619022369,1.23841973618255e-05,0.0001186968002002,99.9998779296875,4
261,261,0.0020751953125,0.00714111328125,0.0040075029246509,4.306435585021973e-06,5.099549889564514e-05,0.0040074973367154,0.0489805787801742,1.0745931831479538e-05,0.0001272500521736,99.99986267089844,4
262,262,0.001983642578125,0.00714111328125,0.004007464274764,3.934837877750397e-06,5.099549889564514e-05,0.0040074586868286,0.0489803105592727,9.818772014114074e-06,0.0001272512745345,99.99986267089844,4
263,263,0.001983642578125,0.00689697265625,0.0040074256248772,3.934837877750397e-06,4.756823182106018e-05,0.004007420502603,0.0489800386130809,9.81886660156306e-06,0.0001187002199003,99.9998779296875,4
264,264,0.002197265625,0.00665283203125,0.004007386509329,4.827976226806641e-06,4.4260174036026e-05,0.0040073813870549,0.0489797629415988,1.2047692507621832e-05,0.0001104464754462,99.9998779296875,4
265,265,0.002410888671875,0.00653076171875,0.0040073473937809,5.812384188175201e-06,4.265084862709045e-05,0.004007342737168,0.0489794909954071,1.4504317732644267e-05,0.0001064316165866,99.99988555908205,4
266,266,0.002593994140625,0.00579833984375,0.0040073073469102,6.728805601596832e-06,3.3620744943618774e-05,0.0040073036216199,0.0489792227745056,1.6791338566690683e-05,8.389858703594655e-05,99.99990844726562,4
267,267,0.00299072265625,0.005615234375,0.0040072686970233,8.944422006607056e-06,3.153085708618164e-05,0.0040072645060718,0.0489789433777332,2.2320495190797374e-05,7.868415559642017e-05,99.99989318847656,4
268,268,0.00323486328125,0.00531005859375,0.0040072291158139,1.0464340448379517e-05,2.8196722269058228e-05,0.0040072253905236,0.0489786639809608,2.611365562188439e-05,7.036462920950726e-05,99.99990844726562,4
269,269,0.00347900390625,0.0050048828125,0.0040071900002658,1.210346817970276e-05,2.504885196685791e-05,0.0040071862749755,0.048978392034769,3.0204379072529264e-05,6.250976730370894e-05,99.99990844726562,4
270,270,0.00384521484375,0.00439453125,0.0040071499533951,1.4785677194595335e-05,1.931190490722656e-05,0.0040071466937661,0.0489781126379966,3.689823643071577e-05,4.819361856789328e-05,99.99991607666016,4
271,271,0.004058837890625,0.004150390625,0.0040071113035082,1.64741650223732e-05,1.722574234008789e-05,0.0040071075782179,0.0489778369665145,4.111232192371972e-05,4.298792919144034e-05,99.99990844726562,4
272,272,0.004150390625,0.00408935546875,0.0040070717222988,1.722574234008789e-05,1.6722828149795532e-05,0.0040070679970085,0.0489775612950325,4.298835483496077e-05,4.173328852630221e-05,99.99990844726562,4
273,273,0.00421142578125,0.00372314453125,0.0040070321410894,1.7736107110977173e-05,1.3861805200576782e-05,0.0040070288814604,0.0489772818982601,4.426245141075924e-05,3.4593696909723803e-05,99.99991607666016,4
274,274,0.004302978515625,0.00384521484375,0.0040069920942187,1.851562410593033e-05,1.4785677194595335e-05,0.0040069888345897,0.0489769950509071,4.620828622137197e-05,3.6899691622238606e-05,99.99991607666016,4
275,275,0.00421142578125,0.0037841796875,0.0040069525130093,1.7736107110977173e-05,1.4320015907287598e-05,0.0040069492533802,0.0489767156541347,4.426333180163056e-05,3.57379212800879e-05,99.99991607666016,4
276,276,0.003936767578125,0.0037841796875,0.0040069120004773,1.5498138964176178e-05,1.4320015907287598e-05,0.0040069092065095,0.0489764362573623,3.867851046379656e-05,3.5738281439989805e-05,99.99993133544922,4
277,277,0.003662109375,0.00384521484375,0.0040068719536066,1.341104507446289e-05,1.4785677194595335e-05,0.0040068691596388,0.0489761494100093,3.3470110793132335e-05,3.690079756779596e-05,99.99993133544922,4
278,278,0.003509521484375,0.00396728515625,0.0040068319067358,1.2316741049289703e-05,1.5739351511001587e-05,0.0040068291127681,0.0489758625626564,3.073934931308031e-05,3.928128717234358e-05,99.99993133544922,4
279,279,0.003570556640625,0.00433349609375,0.0040067918598651,1.2748874723911284e-05,1.877918839454651e-05,0.0040067886002361,0.0489755719900131,3.1818159186514094e-05,4.6868386561982334e-05,99.99991607666016,4
280,280,0.003448486328125,0.00469970703125,0.0040067518129944,1.1892057955265043e-05,2.208724617958069e-05,0.0040067480877041,0.0489752776920795,2.968004446302075e-05,5.512506322702393e-05,99.99990844726562,4
281,281,0.003173828125,0.0047607421875,0.0040067108348011,1.0073184967041016e-05,2.2664666175842285e-05,0.0040067075751721,0.0489749945700168,2.5140781872323718e-05,5.656676148646511e-05,99.99991607666016,4
282,282,0.003143310546875,0.0048828125,0.0040066703222692,9.880401194095612e-06,2.384185791015625e-05,0.0040066670626401,0.0489747077226638,2.4659879272803664e-05,5.9505411627469584e-05,99.99991607666016,4
283,283,0.003082275390625,0.0052490234375,0.0040066302753984,9.500421583652496e-06,2.755224704742432e-05,0.0040066265501081,0.0489744171500206,2.3711751055088826e-05,6.8766632466577e-05,99.99990844726562,4
284,284,0.003021240234375,0.00537109375,0.0040065892972052,9.127892553806303e-06,2.8848648071289062e-05,0.0040065855719149,0.0489741265773773,2.2782201995141804e-05,7.200300751719624e-05,99.99990844726562,4
285,285,0.003204345703125,0.00543212890625,0.0040065483190119,1.026783138513565e-05,2.950802445411682e-05,0.0040065445937216,0.048973836004734,2.5627621653256934e-05,7.364949124166742e-05,99.99990844726562,4
286,286,0.003204345703125,0.00555419921875,0.0040065082721412,1.026783138513565e-05,3.084912896156311e-05,0.0040065040811896,0.0489735454320907,2.562787813076284e-05,7.699753768974915e-05,99.99989318847656,4
287,287,0.0032958984375,0.005615234375,0.0040064672939479,1.086294651031494e-05,3.153085708618164e-05,0.0040064631029963,0.0489732511341571,2.711352681217249e-05,7.869989349273965e-05,99.99989318847656,4
288,288,0.003173828125,0.0054931640625,0.0040064258500933,1.0073184967041016e-05,3.0174851417541504e-05,0.004006422124803,0.0489729642868042,2.5142571757896803e-05,7.53161366446875e-05,99.99990844726562,4
289,289,0.003265380859375,0.0052490234375,0.0040063848719,1.0662712156772614e-05,2.755224704742432e-05,0.0040063811466097,0.0489726774394512,2.661429607542232e-05,6.87708452460356e-05,99.99990844726562,4
290,290,0.00323486328125,0.005126953125,0.0040063438937067,1.0464340448379517e-05,2.6285648345947266e-05,0.0040063401684165,0.0489723868668079,2.611942545627244e-05,6.561006011907011e-05,99.99990844726562,4
291,291,0.00347900390625,0.00506591796875,0.0040063033811748,1.210346817970276e-05,2.566352486610413e-05,0.0040062991902232,0.0489720962941646,3.021106385858729e-05,6.405786552932113e-05,99.99989318847656,4
292,292,0.00347900390625,0.00494384765625,0.0040062614716589,1.210346817970276e-05,2.4441629648208615e-05,0.0040062577463686,0.048971801996231,3.0211378543754108e-05,6.1008569900877774e-05,99.99990844726562,4
293,293,0.003387451171875,0.00469970703125,0.0040062204934656,1.147482544183731e-05,2.208724617958069e-05,0.0040062172338366,0.0489715151488781,2.864252019207925e-05,5.513237556442618e-05,99.99991607666016,4
294,294,0.0035400390625,0.00469970703125,0.004006179049611,1.253187656402588e-05,2.208724617958069e-05,0.0040061753243207,0.0489712171256542,3.12813681375701e-05,5.513294308912009e-05,99.99990844726562,4
295,295,0.00347900390625,0.00457763671875,0.0040061371400952,1.210346817970276e-05,2.0954757928848267e-05,0.0040061338804662,0.0489709228277206,3.0212317142286335e-05,5.230664464761503e-05,99.99991607666016,4
296,296,0.003509521484375,0.00469970703125,0.0040060961619019,1.2316741049289703e-05,2.208724617958069e-05,0.0040060924366116,0.0489706248044967,3.074499545618892e-05,5.513408541446552e-05,99.99990844726562,4
297,297,0.003631591796875,0.004638671875,0.004006054252386,1.3188458979129791e-05,2.1517276763916016e-05,0.0040060505270957,0.0489703342318534,3.292131805210374e-05,5.371189763536677e-05,99.99990844726562,4
298,298,0.003662109375,0.004638671875,0.0040060123428702,1.341104507446289e-05,2.1517276763916016e-05,0.0040060086175799,0.0489700362086296,3.3477292163297534e-05,5.371245424612425e-05,99.99990844726562,4
299,299,0.00347900390625,0.004638671875,0.0040059708990156,1.210346817970276e-05,2.1517276763916016e-05,0.0040059671737253,0.048969741910696,3.021357042598538e-05,5.371301085688174e-05,99.99990844726562,4
300,300,0.00347900390625,0.00469970703125,0.0040059289894998,1.210346817970276e-05,2.208724617958069e-05,0.0040059252642095,0.0489694438874721,3.0213885111152194e-05,5.5136388255050406e-05,99.99990844726562,4
301,301,0.003509521484375,0.0047607421875,0.0040058866143226,1.2316741049289703e-05,2.2664666175842285e-05,0.0040058828890323,0.0489691421389579,3.074660344282165e-05,5.6578399380669e-05,99.99990844726562,4
302,302,0.00335693359375,0.0047607421875,0.0040058442391455,1.126900315284729e-05,2.2664666175842285e-05,0.0040058409795165,0.0489688441157341,2.81314041785663e-05,5.657899964717217e-05,99.99991607666016,4
303,303,0.003265380859375,0.00482177734375,0.0040058023296296,1.0662712156772614e-05,2.324953675270081e-05,0.0040057990700006,0.0489685460925102,2.6618166884873062e-05,5.803964813821949e-05,99.99991607666016,4
304,304,0.00335693359375,0.0048828125,0.0040057594887912,1.126900315284729e-05,2.384185791015625e-05,0.0040057562291622,0.048968244343996,2.813199898810126e-05,5.951894127065316e-05,99.99991607666016,4
305,305,0.003204345703125,0.0048828125,0.0040057175792753,1.026783138513565e-05,2.384185791015625e-05,0.0040057143196463,0.0489679463207721,2.56329367402941e-05,5.951956700300798e-05,99.99991607666016,4
306,306,0.003265380859375,0.0048828125,0.0040056752040982,1.0662712156772614e-05,2.384185791015625e-05,0.0040056719444692,0.0489676408469677,2.6619010895956308e-05,5.952020001132041e-05,99.99991607666016,4
307,307,0.003173828125,0.00494384765625,0.004005632828921,1.0073184967041016e-05,2.4441629648208615e-05,0.004005629569292,0.0489673390984535,2.5147548512904905e-05,6.1018148699076846e-05,99.99991607666016,4
308,308,0.003265380859375,0.0050048828125,0.0040055904537439,1.0662712156772614e-05,2.504885196685791e-05,0.0040055871941149,0.0489670410752296,2.661957660166081e-05,6.25347311142832e-05,99.99991607666016,4
309,309,0.003387451171875,0.00506591796875,0.0040055476129055,1.147482544183731e-05,2.566352486610413e-05,0.0040055438876152,0.0489667356014251,2.864733323804103e-05,6.406995089491829e-05,99.99990844726562,4
310,310,0.00335693359375,0.00506591796875,0.004005504772067,1.126900315284729e-05,2.566352486610413e-05,0.0040055010467767,0.0489664338529109,2.8133788873674348e-05,6.407064211089164e-05,99.99990844726562,4
311,311,0.00335693359375,0.00506591796875,0.0040054623968899,1.126900315284729e-05,2.566352486610413e-05,0.0040054586715996,0.0489661246538162,2.813408718793653e-05,6.407131877494976e-05,99.99990844726562,4
312,312,0.0032958984375,0.00482177734375,0.0040054190903902,1.086294651031494e-05,2.324953675270081e-05,0.0040054158307611,0.0489658266305923,2.7120622689835727e-05,5.804520333185792e-05,99.99991607666016,4
313,313,0.00341796875,0.00482177734375,0.004005376715213,1.1682510375976562e-05,2.324953675270081e-05,0.0040053729899227,0.0489655174314975,2.9167071261326782e-05,5.804581451229751e-05,99.99990844726562,4
314,314,0.00335693359375,0.00494384765625,0.004005332943052,1.126900315284729e-05,2.4441629648208615e-05,0.004005329683423,0.0489652119576931,2.81349948636489e-05,6.102271072450094e-05,99.99991607666016,4
315,315,0.003448486328125,0.00506591796875,0.0040052905678749,1.1892057955265043e-05,2.566352486610413e-05,0.0040052863769233,0.0489649027585983,2.9690872906940054e-05,6.407406908692792e-05,99.99989318847656,4
316,316,0.003448486328125,0.00506591796875,0.0040052477270364,1.1892057955265043e-05,2.566352486610413e-05,0.0040052435360848,0.0489646010100841,2.969119123008568e-05,6.407474575098604e-05,99.99989318847656,4
317,317,0.0032958984375,0.004638671875,0.0040052034892141,1.086294651031494e-05,2.1517276763916016e-05,0.0040052002295851,0.0489642918109893,2.712208333832677e-05,5.372330633690581e-05,99.99991607666016,4
318,318,0.0032958984375,0.0045166015625,0.0040051601827144,1.086294651031494e-05,2.039968967437744e-05,0.0040051573887467,0.0489639863371849,2.7122376195620745e-05,5.093351501272991e-05,99.99993133544922,4
319,319,0.0032958984375,0.004638671875,0.0040051168762147,1.086294651031494e-05,2.1517276763916016e-05,0.0040051136165857,0.0489636771380901,2.712266905291472e-05,5.372446685214527e-05,99.99991607666016,4
320,320,0.003265380859375,0.0045166015625,0.004005073569715,1.0662712156772614e-05,2.039968967437744e-05,0.0040050707757472,0.0489633716642856,2.6623010853654705e-05,5.0934613682329655e-05,99.99993133544922,4
321,321,0.003326416015625,0.004638671875,0.004005029797554,1.10650435090065e-05,2.1517276763916016e-05,0.004005026537925,0.0489630587399005,2.7627867893897928e-05,5.372563828132115e-05,99.99991607666016,4
322,322,0.003204345703125,0.0047607421875,0.0040049864910542,1.026783138513565e-05,2.2664666175842285e-05,0.0040049832314252,0.0489627495408058,2.5637618819018823e-05,5.659111411659978e-05,99.99991607666016,4
323,323,0.0035400390625,0.0048828125,0.0040049427188932,1.253187656402588e-05,2.384185791015625e-05,0.0040049389936029,0.0489624366164207,3.1291026971302927e-05,5.953108484391123e-05,99.99990844726562,4
324,324,0.003509521484375,0.0048828125,0.0040048989467322,1.2316741049289703e-05,2.384185791015625e-05,0.0040048952214419,0.0489621236920356,3.075418499065563e-05,5.953173240413889e-05,99.99990844726562,4
325,325,0.003509521484375,0.0048828125,0.0040048551745712,1.2316741049289703e-05,2.384185791015625e-05,0.0040048514492809,0.0489618107676506,3.075452332268469e-05,5.953238724032417e-05,99.99990844726562,4
326,326,0.003448486328125,0.0048828125,0.0040048109367489,1.1892057955265043e-05,2.384185791015625e-05,0.0040048072114586,0.0489615015685558,2.9694427212234583e-05,5.953303843853064e-05,99.99990844726562,4
327,327,0.00347900390625,0.0050048828125,0.0040047671645879,1.210346817970276e-05,2.504885196685791e-05,0.0040047634392976,0.0489611886441707,3.022265082108788e-05,6.254758773138747e-05,99.99990844726562,4
328,328,0.00347900390625,0.0048828125,0.0040047229267656,1.210346817970276e-05,2.384185791015625e-05,0.0040047192014753,0.0489608757197856,3.022298551513813e-05,5.953434811090119e-05,99.99990844726562,4
329,329,0.003387451171875,0.0047607421875,0.004004678223282,1.147482544183731e-05,2.2664666175842285e-05,0.004004674963653,0.0489605590701103,2.8653550543822348e-05,5.659547241521068e-05,99.99991607666016,4
330,330,0.003204345703125,0.00482177734375,0.0040046339854598,1.026783138513565e-05,2.324953675270081e-05,0.0040046307258307,0.0489602461457252,2.5639874365879223e-05,5.80565829295665e-05,99.99991607666016,4
331,331,0.003143310546875,0.00469970703125,0.0040045902132987,9.880401194095612e-06,2.208724617958069e-05,0.0040045869536697,0.0489599294960498,2.467269041517284e-05,5.515482189366594e-05,99.99991607666016,4
332,332,0.003204345703125,0.00494384765625,0.0040045455098152,1.026783138513565e-05,2.4441629648208615e-05,0.0040045422501862,0.0489596128463745,2.564044007158373e-05,6.1034712416585535e-05,99.99991607666016,4
333,333,0.003173828125,0.005126953125,0.0040045008063316,1.0073184967041016e-05,2.6285648345947266e-05,0.0040044970810413,0.0489592961966991,2.515465712349396e-05,6.564025534316897e-05,99.99990844726562,4
334,334,0.00323486328125,0.00482177734375,0.004004456102848,1.0464340448379517e-05,2.324953675270081e-05,0.004004452843219,0.0489589795470237,2.6131741833523847e-05,5.805915861856192e-05,99.99991607666016,4
335,335,0.003143310546875,0.00482177734375,0.0040044118650257,9.880401194095612e-06,2.324953675270081e-05,0.0040044086053967,0.0489586628973484,2.4673787265783176e-05,5.805979890283197e-05,99.99991607666016,4
336,336,0.00323486328125,0.00494384765625,0.0040043666958808,1.0464340448379517e-05,2.4441629648208615e-05,0.0040043634362518,0.0489583425223827,2.6132323910132985e-05,6.103744090069085e-05,99.99991607666016,4
337,337,0.003326416015625,0.005126953125,0.0040043219923973,1.10650435090065e-05,2.6285648345947266e-05,0.004004318267107,0.0489580184221267,2.763275188044645e-05,6.564318755408749e-05,99.99990844726562,4
338,338,0.0032958984375,0.00506591796875,0.0040042772889137,1.086294651031494e-05,2.566352486610413e-05,0.0040042735636234,0.0489577054977417,2.7128357032779604e-05,6.409027992049232e-05,99.99990844726562,4
339,339,0.00335693359375,0.0047607421875,0.0040042321197688,1.126900315284729e-05,2.2664666175842285e-05,0.0040042288601398,0.048957385122776,2.814273102558218e-05,5.660177703248337e-05,99.99991607666016,4
340,340,0.00335693359375,0.0047607421875,0.0040041874162852,1.126900315284729e-05,2.2664666175842285e-05,0.0040041841566562,0.0489570721983909,2.814304389175959e-05,5.66024100407958e-05,99.99991607666016,4
341,341,0.003387451171875,0.0047607421875,0.0040041417814791,1.147482544183731e-05,2.2664666175842285e-05,0.0040041385218501,0.0489567480981349,2.8657390430453237e-05,5.6603057601023465e-05,99.99991607666016,4
342,342,0.003387451171875,0.0048828125,0.0040040966123342,1.147482544183731e-05,2.384185791015625e-05,0.0040040933527052,0.048956423997879,2.8657714210567065e-05,5.954366497462616e-05,99.99991607666016,4
343,343,0.003387451171875,0.00457763671875,0.004004050977528,1.147482544183731e-05,2.0954757928848267e-05,0.004004047717899,0.048956099897623,2.8658041628659703e-05,5.233389310888015e-05,99.99991607666016,4
344,344,0.003387451171875,0.00469970703125,0.0040040058083832,1.147482544183731e-05,2.208724617958069e-05,0.0040040025487542,0.048955775797367,2.865836358978413e-05,5.5162872740766034e-05,99.99991607666016,4
345,345,0.003509521484375,0.0048828125,0.0040039606392383,1.2316741049289703e-05,2.384185791015625e-05,0.004003956913948,0.0489554516971111,3.076139182667248e-05,5.954568041488528e-05,99.99990844726562,4
346,346,0.00347900390625,0.0047607421875,0.0040039150044322,1.210346817970276e-05,2.2664666175842285e-05,0.0040039112791419,0.0489551275968551,3.022908276761882e-05,5.660626266035251e-05,99.99990844726562,4
347,347,0.003448486328125,0.00494384765625,0.004003869369626,1.1892057955265043e-05,2.4441629648208615e-05,0.0040038656443357,0.0489547997713089,2.97014103125548e-05,6.104502244852483e-05,99.99990844726562,4
348,348,0.00341796875,0.0050048828125,0.0040038237348198,1.1682510375976562e-05,2.504885196685791e-05,0.0040038200095295,0.0489544756710529,2.9178383556427437e-05,6.256232154555619e-05,99.99990844726562,4
349,349,0.003326416015625,0.0050048828125,0.0040037776343524,1.10650435090065e-05,2.504885196685791e-05,0.0040037743747234,0.0489541515707969,2.763650809356477e-05,6.256304186535999e-05,99.99991607666016,4
350,350,0.0032958984375,0.00494384765625,0.0040037319995462,1.086294651031494e-05,2.4441629648208615e-05,0.0040037287399172,0.0489538237452507,2.713205140025821e-05,6.104711792431772e-05,99.99991607666016,4
351,351,0.0032958984375,0.005126953125,0.0040036863647401,1.086294651031494e-05,2.6285648345947266e-05,0.0040036826394498,0.0489534959197044,2.713236062845681e-05,6.565361400134861e-05,99.99990844726562,4
352,352,0.00335693359375,0.005126953125,0.0040036402642726,1.126900315284729e-05,2.6285648345947266e-05,0.0040036365389823,0.0489531680941581,2.814689105434809e-05,6.565437070094049e-05,99.99990844726562,4
353,353,0.003204345703125,0.0048828125,0.0040035936981439,1.026783138513565e-05,2.384185791015625e-05,0.0040035904385149,0.0489528477191925,2.564653732406441e-05,5.9551144659053534e-05,99.99991607666016,4
354,354,0.0030517578125,0.00494384765625,0.0040035480633378,9.313225746154783e-06,2.4441629648208615e-05,0.0040035448037087,0.0489525124430656,2.326242974959314e-05,6.104991916799918e-05,99.99991607666016,4
355,355,0.003173828125,0.0048828125,0.0040035019628703,1.0073184967041016e-05,2.384185791015625e-05,0.0040034987032413,0.0489521883428096,2.5160932636936195e-05,5.9552508901106194e-05,99.99991607666016,4
356,356,0.003204345703125,0.0048828125,0.0040034558624029,1.026783138513565e-05,2.384185791015625e-05,0.0040034526027739,0.0489518567919731,2.5647417714935727e-05,5.955318920314312e-05,99.99991607666016,4
357,357,0.003387451171875,0.0050048828125,0.0040034092962741,1.147482544183731e-05,2.504885196685791e-05,0.0040034060366451,0.0489515289664268,2.8662634576903656e-05,6.256880442379043e-05,99.99991607666016,4
358,358,0.00341796875,0.00494384765625,0.0040033631958067,1.1682510375976562e-05,2.4441629648208615e-05,0.0040033594705164,0.0489511974155902,2.9181739591876976e-05,6.105273496359587e-05,99.99990844726562,4
359,359,0.00335693359375,0.0050048828125,0.0040033156983554,1.126900315284729e-05,2.504885196685791e-05,0.0040033124387264,0.0489508658647537,2.814917388604954e-05,6.257025961531326e-05,99.99991607666016,4
360,360,0.00341796875,0.00494384765625,0.0040032700635492,1.1682510375976562e-05,2.4441629648208615e-05,0.0040032663382589,0.0489505343139171,2.9182419893913902e-05,6.105416105128825e-05,99.99990844726562,4
361,361,0.00335693359375,0.00494384765625,0.0040032230317592,1.126900315284729e-05,2.4441629648208615e-05,0.0040032197721302,0.0489501990377903,2.8149825084256008e-05,6.105487409513444e-05,99.99991607666016,4
362,362,0.003387451171875,0.00506591796875,0.0040031769312918,1.147482544183731e-05,2.566352486610413e-05,0.0040031732060015,0.0489498674869537,2.8664297133218497e-05,6.410789501387626e-05,99.99990844726562,4
363,363,0.00335693359375,0.0050048828125,0.0040031298995018,1.126900315284729e-05,2.504885196685791e-05,0.0040031266398727,0.0489495322108268,2.815047810145188e-05,6.257316999835894e-05,99.99991607666016,4
364,364,0.003326416015625,0.00494384765625,0.0040030828677117,1.10650435090065e-05,2.4441629648208615e-05,0.0040030796080827,0.0489492043852806,2.764130294963252e-05,6.105701322667301e-05,99.99991607666016,4
365,365,0.003204345703125,0.0048828125,0.004003036301583,1.026783138513565e-05,2.384185791015625e-05,0.004003033041954,0.0489488691091537,2.5650106181274168e-05,5.955943197477609e-05,99.99991607666016,4
366,366,0.003204345703125,0.00494384765625,0.0040029888041317,1.026783138513565e-05,2.4441629648208615e-05,0.0040029855445027,0.0489485338330268,2.565040995250456e-05,6.1058446590323e-05,99.99991607666016,4
367,367,0.003265380859375,0.0048828125,0.004002942238003,1.0662712156772614e-05,2.384185791015625e-05,0.004002938978374,0.0489482022821903,2.6637186238076534e-05,5.9560836234595627e-05,99.99991607666016,4
368,368,0.0032958984375,0.00506591796875,0.0040028952062129,1.086294651031494e-05,2.566352486610413e-05,0.0040028914809226,0.0489478632807731,2.7137721190229055e-05,6.411240610759705e-05,99.99990844726562,4
369,369,0.003387451171875,0.0050048828125,0.0040028472431004,1.147482544183731e-05,2.504885196685791e-05,0.0040028439834713,0.0489475205540657,2.86666581814643e-05,6.257758650463074e-05,99.99991607666016,4
370,370,0.003326416015625,0.00445556640625,0.0040028002113103,1.10650435090065e-05,1.985207200050354e-05,0.0040027974173426,0.0489471927285194,2.764325654425193e-05,4.959545549354516e-05,99.99993133544922,4
371,371,0.00335693359375,0.00445556640625,0.0040027531795203,1.126900315284729e-05,1.985207200050354e-05,0.0040027503855526,0.0489468611776828,2.8153126550023444e-05,4.95960412081331e-05,99.99993133544922,4
372,372,0.003448486328125,0.0048828125,0.0040027061477303,1.1892057955265043e-05,2.384185791015625e-05,0.00400270242244,0.0489465147256851,2.9710043236264028e-05,5.956434688414447e-05,99.99990844726562,4
373,373,0.003387451171875,0.0047607421875,0.0040026581846177,1.147482544183731e-05,2.2664666175842285e-05,0.0040026549249887,0.0489461794495582,2.8668011509580538e-05,5.662403782480396e-05,99.99991607666016,4
374,374,0.00341796875,0.0050048828125,0.0040026111528277,1.1682510375976562e-05,2.504885196685791e-05,0.0040026074275374,0.0489458367228508,2.9187222025939263e-05,6.258127541514114e-05,99.99990844726562,4
375,375,0.003326416015625,0.0048828125,0.0040025627240538,1.10650435090065e-05,2.384185791015625e-05,0.0040025594644248,0.0489454977214336,2.764489545370452e-05,5.956647873972543e-05,99.99991607666016,4
376,376,0.003326416015625,0.00494384765625,0.0040025156922638,1.10650435090065e-05,2.4441629648208615e-05,0.0040025124326348,0.0489451587200164,2.764522287179716e-05,6.106567161623389e-05,99.99991607666016,4
377,377,0.00323486328125,0.005126953125,0.0040024677291512,1.0464340448379517e-05,2.6285648345947266e-05,0.0040024640038609,0.0489448197185993,2.6144720322918147e-05,6.567360105691478e-05,99.99990844726562,4
378,378,0.003265380859375,0.0050048828125,0.0040024197660386,1.0662712156772614e-05,2.504885196685791e-05,0.0040024165064096,0.0489444769918918,2.6640662326826717e-05,6.258426583372056e-05,99.99991607666016,4
379,379,0.00323486328125,0.00494384765625,0.004002371802926,1.0464340448379517e-05,2.4441629648208615e-05,0.004002368543297,0.0489441342651844,2.614534969325177e-05,6.106786167947575e-05,99.99991607666016,4
380,380,0.00335693359375,0.0050048828125,0.0040023238398134,1.126900315284729e-05,2.504885196685791e-05,0.0040023205801844,0.0489437915384769,2.8156147891422734e-05,6.25857719569467e-05,99.99991607666016,4
381,381,0.003265380859375,0.0050048828125,0.0040022754110395,1.0662712156772614e-05,2.504885196685791e-05,0.0040022721514105,0.0489434488117694,2.664162457222119e-05,6.258652865653858e-05,99.99991607666016,4
382,382,0.003387451171875,0.0050048828125,0.0040022269822657,1.147482544183731e-05,2.504885196685791e-05,0.0040022237226367,0.048943106085062,2.867110197257716e-05,6.258728535613045e-05,99.99991607666016,4
383,383,0.003326416015625,0.00494384765625,0.0040021790191531,1.10650435090065e-05,2.4441629648208615e-05,0.0040021757595241,0.0489427633583545,2.764754754025489e-05,6.107080116635188e-05,99.99991607666016,4
384,384,0.003204345703125,0.00494384765625,0.0040021315217018,1.026783138513565e-05,2.4441629648208615e-05,0.0040021282620728,0.0489424206316471,2.5655905119492672e-05,6.10715287621133e-05,99.99991607666016,4
385,385,0.0032958984375,0.0048828125,0.0040020826272666,1.086294651031494e-05,2.384185791015625e-05,0.0040020793676376,0.048942070454359,2.71432327281218e-05,5.957362373010256e-05,99.99991607666016,4
386,386,0.003204345703125,0.0048828125,0.004002034664154,1.026783138513565e-05,2.384185791015625e-05,0.004002031404525,0.0489417314529418,2.5656527213868685e-05,5.957434041192755e-05,99.99991607666016,4
387,387,0.003265380859375,0.0050048828125,0.0040019857697188,1.0662712156772614e-05,2.504885196685791e-05,0.0040019825100898,0.0489413850009441,2.664355270098895e-05,6.25910543021746e-05,99.99991607666016,4
388,388,0.00335693359375,0.00482177734375,0.0040019368752837,1.126900315284729e-05,2.324953675270081e-05,0.0040019336156547,0.048941034823656,2.815887091855984e-05,5.809570939163677e-05,99.99991607666016,4
389,389,0.003265380859375,0.00469970703125,0.0040018884465098,1.0662712156772614e-05,2.208724617958069e-05,0.0040018851868808,0.0489406883716583,2.664420208020601e-05,5.519205660675652e-05,99.99991607666016,4
390,390,0.003204345703125,0.0048828125,0.0040018400177359,1.026783138513565e-05,2.384185791015625e-05,0.0040018367581069,0.0489403419196605,2.565777504059952e-05,5.9577236243058e-05,99.99991607666016,4
391,391,0.00335693359375,0.0048828125,0.0040017911233007,1.126900315284729e-05,2.384185791015625e-05,0.0040017878636717,0.0489399917423725,2.815989682858344e-05,5.957796747679822e-05,99.99991607666016,4
392,392,0.003387451171875,0.0050048828125,0.0040017417632043,1.147482544183731e-05,2.504885196685791e-05,0.0040017385035753,0.0489396452903747,2.8674578061327335e-05,6.259487417992204e-05,99.99991607666016,4
393,393,0.003326416015625,0.00469970703125,0.0040016933344304,1.10650435090065e-05,2.208724617958069e-05,0.0040016900748014,0.048939298838377,2.7650903575704436e-05,5.519474871107377e-05,99.99991607666016,4
394,394,0.00335693359375,0.0047607421875,0.004001643974334,1.126900315284729e-05,2.2664666175842285e-05,0.0040016407147049,0.0489389449357986,2.816093183355406e-05,5.663838601321913e-05,99.99991607666016,4
395,395,0.003265380859375,0.00482177734375,0.0040015950798988,1.0662712156772614e-05,2.324953675270081e-05,0.0040015918202698,0.0489385947585105,2.664615385583602e-05,5.810067159472965e-05,99.99991607666016,4
396,396,0.00323486328125,0.0048828125,0.0040015461854636,1.0464340448379517e-05,2.384185791015625e-05,0.0040015429258346,0.0489382445812225,2.6150742996833287e-05,5.958161273156293e-05,99.99991607666016,4
397,397,0.0032958984375,0.00494384765625,0.0040014963597059,1.086294651031494e-05,2.4441629648208615e-05,0.0040014931000769,0.0489378869533538,2.7147209038957957e-05,6.10812203376554e-05,99.99991607666016,4
398,398,0.003387451171875,0.005126953125,0.004001447930932,1.147482544183731e-05,2.6285648345947266e-05,0.0040014442056417,0.0489375367760658,2.867668263206724e-05,6.569034303538501e-05,99.99990844726562,4
399,399,0.0032958984375,0.0050048828125,0.0040013981051743,1.086294651031494e-05,2.504885196685791e-05,0.0040013948455452,0.0489371865987777,2.714787660806905e-05,6.260024383664131e-05,99.99991607666016,4
400,400,0.003387451171875,0.005126953125,0.0040013487450778,1.147482544183731e-05,2.6285648345947266e-05,0.0040013450197875,0.0489368289709091,2.8677393856924027e-05,6.569196557393298e-05,99.99990844726562,4
401,401,0.00323486328125,0.00506591796875,0.0040012993849813,1.0464340448379517e-05,2.566352486610413e-05,0.004001295659691,0.0489364825189113,2.615235462144483e-05,6.41379738226533e-05,99.99990844726562,4
402,402,0.00323486328125,0.005126953125,0.0040012500248849,1.0464340448379517e-05,2.6285648345947266e-05,0.0040012462995946,0.048936128616333,2.6152680220548064e-05,6.569358811248094e-05,99.99990844726562,4
403,403,0.0032958984375,0.00506591796875,0.0040012001991271,1.086294651031494e-05,2.566352486610413e-05,0.0040011964738368,0.0489357747137546,2.714921902224887e-05,6.41395672573708e-05,99.99990844726562,4
404,404,0.00323486328125,0.00494384765625,0.0040011499077081,1.0464340448379517e-05,2.4441629648208615e-05,0.0040011466480791,0.0489354208111763,2.6153333237743936e-05,6.10865099588409e-05,99.99991607666016,4
405,405,0.003265380859375,0.00494384765625,0.004001101013273,1.0662712156772614e-05,2.4441629648208615e-05,0.0040010977536439,0.0489350669085979,2.664944622665644e-05,6.108725938247517e-05,99.99991607666016,4
406,406,0.0032958984375,0.0050048828125,0.0040010507218539,1.086294651031494e-05,2.504885196685791e-05,0.0040010474622249,0.0489347130060195,2.7150232199346647e-05,6.26056789769791e-05,99.99991607666016,4
407,407,0.003204345703125,0.00494384765625,0.0040010008960962,1.026783138513565e-05,2.4441629648208615e-05,0.0040009976364672,0.0489343553781509,2.566315561125521e-05,6.108878733357415e-05,99.99991607666016,4
408,408,0.00323486328125,0.0048828125,0.0040009510703384,1.0464340448379517e-05,2.384185791015625e-05,0.0040009478107094,0.0489339977502822,2.6154631996178068e-05,5.9590474847937e-05,99.99991607666016,4
409,409,0.00323486328125,0.00494384765625,0.0040009012445807,1.0464340448379517e-05,2.4441629648208615e-05,0.0040008979849517,0.0489336401224136,2.6154959414270703e-05,6.109030800871551e-05,99.99991607666016,4
410,410,0.003326416015625,0.00482177734375,0.0040008509531617,1.10650435090065e-05,2.324953675270081e-05,0.0040008476935327,0.0489332824945449,2.765672434179578e-05,5.811147639178671e-05,99.99991607666016,4
411,411,0.00341796875,0.0047607421875,0.0040008011274039,1.1682510375976562e-05,2.2664666175842285e-05,0.0040007974021136,0.0489329248666763,2.9200427889009006e-05,5.665031494572759e-05,99.99990844726562,4
412,412,0.003387451171875,0.00469970703125,0.0040007508359849,1.147482544183731e-05,2.208724617958069e-05,0.0040007475763559,0.0489325672388076,2.868167939595878e-05,5.520775084733032e-05,99.99991607666016,4
413,413,0.00335693359375,0.00482177734375,0.0040007005445659,1.126900315284729e-05,2.324953675270081e-05,0.0040006972849369,0.0489322058856487,2.816757478285581e-05,5.811365917907096e-05,99.99991607666016,4
414,414,0.00335693359375,0.0048828125,0.0040006497874855,1.126900315284729e-05,2.384185791015625e-05,0.0040006465278565,0.04893184825778,2.81679294857895e-05,5.959496411378496e-05,99.99991607666016,4
415,415,0.00341796875,0.0047607421875,0.0040005999617278,1.1682510375976562e-05,2.2664666175842285e-05,0.0040005962364375,0.0489314869046211,2.9201895813457668e-05,5.6653170759091154e-05,99.99990844726562,4
416,416,0.003265380859375,0.0047607421875,0.0040005487389862,1.0662712156772614e-05,2.2664666175842285e-05,0.0040005454793572,0.0489311255514621,2.6653122404241003e-05,5.665389107889496e-05,99.99991607666016,4
417,417,0.003204345703125,0.0048828125,0.0040004984475672,1.026783138513565e-05,2.384185791015625e-05,0.0040004951879382,0.0489307641983032,2.566637886047829e-05,5.9597216022666544e-05,99.99991607666016,4
418,418,0.003265380859375,0.0050048828125,0.0040004476904869,1.0662712156772614e-05,2.504885196685791e-05,0.0040004444308578,0.0489303991198539,2.665379724930972e-05,6.261512316996232e-05,99.99991607666016,4
419,419,0.0032958984375,0.00506591796875,0.0040003973990678,1.086294651031494e-05,2.566352486610413e-05,0.0040003936737775,0.0489300414919853,2.715466689551249e-05,6.415243842639029e-05,99.99990844726562,4
420,420,0.003265380859375,0.005126953125,0.0040003466419875,1.0662712156772614e-05,2.6285648345947266e-05,0.0040003429166972,0.0489296726882457,2.665447027538903e-05,6.570842379005626e-05,99.99990844726562,4
421,421,0.003326416015625,0.0048828125,0.0040002954192459,1.10650435090065e-05,2.384185791015625e-05,0.0040002921596169,0.0489293113350868,2.7660564228426665e-05,5.960023918305524e-05,99.99991607666016,4
422,422,0.003448486328125,0.00518798828125,0.0040002446621656,1.1892057955265043e-05,2.691522240638733e-05,0.004000240471214,0.0489289462566375,2.9728324079769664e-05,6.72839378239587e-05,99.99989318847656,4
423,423,0.00335693359375,0.005126953125,0.004000193439424,1.126900315284729e-05,2.6285648345947266e-05,0.0040001897141337,0.0489285811781883,2.817114364006557e-05,6.571094127139077e-05,99.99990844726562,4
424,424,0.00335693359375,0.00494384765625,0.0040001422166824,1.126900315284729e-05,2.4441629648208615e-05,0.0040001389570534,0.048928216099739,2.8171503799967468e-05,6.11018986091949e-05,99.99991607666016,4
425,425,0.0032958984375,0.00494384765625,0.0040000909939408,1.086294651031494e-05,2.4441629648208615e-05,0.0040000877343118,0.0489278510212898,2.7156747819390148e-05,6.110267713665962e-05,99.99991607666016,4
426,426,0.003173828125,0.00482177734375,0.0040000402368605,1.0073184967041016e-05,2.324953675270081e-05,0.0040000369772315,0.0489274896681308,2.518270957807545e-05,5.812325252918527e-05,99.99991607666016,4
427,427,0.003265380859375,0.0048828125,0.0039999885484576,1.0662712156772614e-05,2.384185791015625e-05,0.0039999852888286,0.0489271208643913,2.665685497049708e-05,5.960481576039456e-05,99.99991607666016,4
428,428,0.00311279296875,0.0048828125,0.003999937325716,9.689480066299438e-06,2.384185791015625e-05,0.003999934066087,0.0489267595112323,2.422408215352334e-05,5.960557609796524e-05,99.99991607666016,4
429,429,0.003204345703125,0.00494384765625,0.0039998856373131,1.026783138513565e-05,2.4441629648208615e-05,0.0039998823776841,0.0489263869822025,2.567031151556876e-05,6.110582035034895e-05,99.99991607666016,4
430,430,0.0032958984375,0.00494384765625,0.0039998344145715,1.086294651031494e-05,2.4441629648208615e-05,0.0039998311549425,0.0489260181784629,2.7158490411238745e-05,6.110659887781367e-05,99.99991607666016,4
431,431,0.003509521484375,0.00506591796875,0.0039997831918299,1.2316741049289703e-05,2.566352486610413e-05,0.0039997790008783,0.0489256493747234,3.0793522455496714e-05,6.41622900729999e-05,99.99989318847656,4
432,432,0.00335693359375,0.00506591796875,0.0039997310377657,1.126900315284729e-05,2.566352486610413e-05,0.0039997273124754,0.0489252842962741,2.817440145008732e-05,6.416311953216791e-05,99.99990844726562,4
433,433,0.00335693359375,0.004638671875,0.0039996793493628,1.126900315284729e-05,2.1517276763916016e-05,0.0039996760897338,0.0489249154925346,2.8174765247968026e-05,5.379750291467644e-05,99.99991607666016,4
434,434,0.003387451171875,0.0047607421875,0.0039996276609599,1.147482544183731e-05,2.2664666175842285e-05,0.0039996244013309,0.0489245429635047,2.868973388103768e-05,5.666693687089719e-05,99.99991607666016,4
435,435,0.003387451171875,0.00482177734375,0.0039995755068957,1.147482544183731e-05,2.324953675270081e-05,0.0039995722472667,0.0489241741597652,2.8690110411844216e-05,5.813000825583004e-05,99.99991607666016,4
436,436,0.00323486328125,0.00482177734375,0.0039995238184928,1.0464340448379517e-05,2.324953675270081e-05,0.0039995205588638,0.0489238016307354,2.6163965230807665e-05,5.8130757679464296e-05,99.99991607666016,4
437,437,0.003265380859375,0.00494384765625,0.0039994716644287,1.0662712156772614e-05,2.4441629648208615e-05,0.0039994684047997,0.0489234291017055,2.6660300136427395e-05,6.111214315751567e-05,99.99991607666016,4
438,438,0.00311279296875,0.00482177734375,0.0039994199760258,9.689480066299438e-06,2.324953675270081e-05,0.0039994167163968,0.0489230565726757,2.4227214453276247e-05,5.8132271078648046e-05,99.99991607666016,4
439,439,0.00323486328125,0.00506591796875,0.0039993682876229,1.0464340448379517e-05,2.566352486610413e-05,0.0039993645623326,0.0489226877689361,2.6164983864873648e-05,6.416894029825926e-05,99.99990844726562,4
440,440,0.00335693359375,0.00494384765625,0.0039993152022361,1.126900315284729e-05,2.4441629648208615e-05,0.0039993119426071,0.0489223152399063,2.817733184201643e-05,6.111453694757074e-05,99.99991607666016,4
441,441,0.00335693359375,0.00494384765625,0.0039992630481719,1.126900315284729e-05,2.4441629648208615e-05,0.0039992597885429,0.0489219427108764,2.817769745888654e-05,6.111533002695069e-05,99.99991607666016,4
442,442,0.003448486328125,0.00494384765625,0.0039992113597691,1.1892057955265043e-05,2.4441629648208615e-05,0.0039992076344788,0.0489215664565563,2.973600567202084e-05,6.111612310633063e-05,99.99990844726562,4
443,443,0.00347900390625,0.0050048828125,0.0039991587400436,1.210346817970276e-05,2.504885196685791e-05,0.0039991550147533,0.0489211939275264,3.0265036912169307e-05,6.263529940042645e-05,99.99990844726562,4
444,444,0.003387451171875,0.00482177734375,0.0039991061203181,1.147482544183731e-05,2.324953675270081e-05,0.0039991028606891,0.048920813947916,2.8693475542240776e-05,5.813682946609333e-05,99.99991607666016,4
445,445,0.003387451171875,0.00494384765625,0.0039990539662539,1.147482544183731e-05,2.4441629648208615e-05,0.0039990507066249,0.0489204376935958,2.8693850254057907e-05,6.111852417234331e-05,99.99991607666016,4
446,446,0.00335693359375,0.00469970703125,0.0039990018121898,1.126900315284729e-05,2.208724617958069e-05,0.0039989985525608,0.048920065164566,2.8179540095152333e-05,5.5231896112672985e-05,99.99991607666016,4
447,447,0.003173828125,0.00494384765625,0.003998948726803,1.0073184967041016e-05,2.4441629648208615e-05,0.003998945467174,0.0489196926355361,2.518958172004204e-05,6.112013943493366e-05,99.99991607666016,4
448,448,0.003143310546875,0.0050048828125,0.0039988956414163,9.880401194095612e-06,2.504885196685791e-05,0.0039988923817873,0.0489193089306354,2.470782419550233e-05,6.263942486839369e-05,99.99991607666016,4
449,449,0.00323486328125,0.0050048828125,0.0039988434873521,1.0464340448379517e-05,2.504885196685791e-05,0.0039988402277231,0.0489189364016056,2.616841629787814e-05,6.264023977564648e-05,99.99991607666016,4
450,450,0.00311279296875,0.0050048828125,0.0039987904019653,9.689480066299438e-06,2.504885196685791e-05,0.0039987871423363,0.0489185601472854,2.423102705506608e-05,6.26410692348145e-05,99.99991607666016,4
451,451,0.00323486328125,0.00506591796875,0.0039987377822399,1.0464340448379517e-05,2.566352486610413e-05,0.0039987340569496,0.048918180167675,2.616910933284089e-05,6.417906115530059e-05,99.99990844726562,4
452,452,0.0032958984375,0.0048828125,0.0039986842311918,1.086294651031494e-05,2.384185791015625e-05,0.0039986809715628,0.0489178001880645,2.716630297072697e-05,5.9624257119139656e-05,99.99991607666016,4
453,453,0.00335693359375,0.0048828125,0.0039986316114664,1.126900315284729e-05,2.384185791015625e-05,0.0039986283518373,0.0489174202084541,2.818214488797821e-05,5.962503928458318e-05,99.99991607666016,4
454,454,0.00323486328125,0.0048828125,0.0039985785260796,1.0464340448379517e-05,2.384185791015625e-05,0.0039985752664506,0.0489170402288436,2.617014979477972e-05,5.962582872598432e-05,99.99991607666016,4
455,455,0.003326416015625,0.00494384765625,0.0039985249750316,1.10650435090065e-05,2.4441629648208615e-05,0.0039985217154026,0.0489166602492332,2.767281148408074e-05,6.112660776125267e-05,99.99991607666016,4
456,456,0.00335693359375,0.00494384765625,0.0039984718896448,1.126900315284729e-05,2.4441629648208615e-05,0.0039984686300158,0.0489162839949131,2.8183274480397813e-05,6.112742266850546e-05,99.99991607666016,4
457,457,0.00347900390625,0.00494384765625,0.0039984188042581,1.210346817970276e-05,2.4441629648208615e-05,0.0039984150789678,0.0489159002900123,3.027063576155342e-05,6.112823757575825e-05,99.99990844726562,4
458,458,0.003387451171875,0.00494384765625,0.0039983647875487,1.147482544183731e-05,2.4441629648208615e-05,0.0039983615279197,0.0489155165851116,2.8698796086246148e-05,6.112905975896865e-05,99.99991607666016,4
459,459,0.003326416015625,0.00469970703125,0.003998311702162,1.10650435090065e-05,2.208724617958069e-05,0.003998308442533,0.0489151403307914,2.7674290322465825e-05,5.5241427617147565e-05,99.99991607666016,4
460,460,0.00335693359375,0.00469970703125,0.0039982581511139,1.126900315284729e-05,2.208724617958069e-05,0.0039982548914849,0.0489147566258907,2.818478060362395e-05,5.524216976482421e-05,99.99991607666016,4
461,461,0.00335693359375,0.00482177734375,0.0039982046000659,1.126900315284729e-05,2.324953675270081e-05,0.0039982013404369,0.0489143691956996,2.818515531544108e-05,5.814994074171409e-05,99.99991607666016,4
462,462,0.00335693359375,0.00482177734375,0.0039981510490179,1.126900315284729e-05,2.324953675270081e-05,0.0039981477893888,0.0489139854907989,2.8185533665237017e-05,5.815071926917881e-05,99.99991607666016,4
463,463,0.003204345703125,0.00482177734375,0.0039980970323085,1.026783138513565e-05,2.324953675270081e-05,0.0039980937726795,0.0489136055111885,2.568179479567334e-05,5.815150507260114e-05,99.99991607666016,4
464,464,0.003265380859375,0.0050048828125,0.0039980434812605,1.0662712156772614e-05,2.504885196685791e-05,0.0039980402216315,0.0489132143557071,2.666982436494436e-05,6.265277625061572e-05,99.99991607666016,4
465,465,0.003204345703125,0.0050048828125,0.0039979894645512,1.026783138513565e-05,2.504885196685791e-05,0.0039979862049221,0.0489128306508064,2.568248783063609e-05,6.265362026169896e-05,99.99991607666016,4
466,466,0.00323486328125,0.0048828125,0.0039979354478418,1.0464340448379517e-05,2.384185791015625e-05,0.0039979321882128,0.0489124432206153,2.617436257423833e-05,5.963542571407743e-05,99.99991607666016,4
467,467,0.003143310546875,0.0048828125,0.0039978814311325,9.880401194095612e-06,2.384185791015625e-05,0.0039978781715035,0.0489120557904243,2.4714092432986945e-05,5.963622606941499e-05,99.99991607666016,4
468,468,0.00323486328125,0.00506591796875,0.0039978278800845,1.0464340448379517e-05,2.566352486610413e-05,0.0039978241547942,0.0489116683602333,2.61750647041481e-05,6.419367127818987e-05,99.99990844726562,4
469,469,0.00341796875,0.00506591796875,0.0039977743290364,1.1682510375976562e-05,2.566352486610413e-05,0.0039977701380848,0.0489112809300422,2.9222535886219703e-05,6.419452984118834e-05,99.99989318847656,4
470,470,0.00335693359375,0.005126953125,0.0039977198466658,1.126900315284729e-05,2.6285648345947266e-05,0.0039977161213755,0.0489108897745609,2.8188575015519746e-05,6.575159932253882e-05,99.99990844726562,4
471,471,0.003387451171875,0.00494384765625,0.0039976644329726,1.147482544183731e-05,2.4441629648208615e-05,0.0039976611733436,0.0489105060696601,2.870382377295755e-05,6.113976996857673e-05,99.99991607666016,4
472,472,0.003326416015625,0.00494384765625,0.0039976104162633,1.10650435090065e-05,2.4441629648208615e-05,0.0039976071566343,0.0489101186394691,2.767914338619448e-05,6.114059942774475e-05,99.99991607666016,4
473,473,0.003204345703125,0.0048828125,0.003997556399554,1.026783138513565e-05,2.384185791015625e-05,0.003997553139925,0.0489097312092781,2.568527088442352e-05,5.964107549516484e-05,99.99991607666016,4
474,474,0.003173828125,0.00482177734375,0.0039975019171833,1.0073184967041016e-05,2.324953675270081e-05,0.0039974986575543,0.048909343779087,2.519869849493261e-05,5.816016346216202e-05,99.99991607666016,4
475,475,0.003173828125,0.00494384765625,0.0039974469691514,1.0073184967041016e-05,2.4441629648208615e-05,0.0039974437095224,0.0489089488983154,2.519904592190869e-05,6.114309508120641e-05,99.99991607666016,4
476,476,0.003173828125,0.00482177734375,0.0039973929524421,1.0073184967041016e-05,2.324953675270081e-05,0.0039973896928131,0.048908557742834,2.519938425393775e-05,5.816174962092191e-05,99.99991607666016,4
477,477,0.003143310546875,0.0048828125,0.0039973380044102,9.880401194095612e-06,2.384185791015625e-05,0.0039973347447812,0.0489081628620624,2.471745028742589e-05,5.96443387621548e-05,99.99991607666016,4
478,478,0.0032958984375,0.00482177734375,0.0039972835220396,1.086294651031494e-05,2.324953675270081e-05,0.0039972802624106,0.0489077754318714,2.717582174227573e-05,5.816333941766061e-05,99.99991607666016,4
479,479,0.00341796875,0.0048828125,0.003997229039669,1.1682510375976562e-05,2.384185791015625e-05,0.0039972253143787,0.04890738427639,2.922652129200287e-05,5.964596493868157e-05,99.99990844726562,4
480,480,0.003326416015625,0.004638671875,0.0039971736259758,1.10650435090065e-05,2.1517276763916016e-05,0.0039971703663468,0.0489069893956184,2.768216836557258e-05,5.383123061619699e-05,99.99991607666016,4
481,481,0.003204345703125,0.004638671875,0.0039971186779439,1.026783138513565e-05,2.1517276763916016e-05,0.0039971154183149,0.0489065945148468,2.5688081223051995e-05,5.383196912589483e-05,99.99991607666016,4
482,482,0.003265380859375,0.00469970703125,0.0039970632642507,1.0662712156772614e-05,2.208724617958069e-05,0.0039970600046217,0.0489061996340751,2.667636363185011e-05,5.52586825506296e-05,99.99991607666016,4
483,483,0.00335693359375,0.00469970703125,0.0039970087818801,1.126900315284729e-05,2.208724617958069e-05,0.0039970055222511,0.0489058084785938,2.819358815031592e-05,5.525943561224267e-05,99.99991607666016,4
484,484,0.00347900390625,0.00482177734375,0.0039969538338482,1.210346817970276e-05,2.324953675270081e-05,0.0039969501085579,0.0489054098725318,3.028173159691505e-05,5.816813791170716e-05,99.99990844726562,4
485,485,0.00335693359375,0.00482177734375,0.0039968979544937,1.126900315284729e-05,2.324953675270081e-05,0.0039968946948647,0.0489050149917602,2.8194370315759443e-05,5.816894918098114e-05,99.99991607666016,4
486,486,0.003265380859375,0.00469970703125,0.0039968430064618,1.0662712156772614e-05,2.208724617958069e-05,0.0039968397468328,0.0489046201109886,2.6677835194277577e-05,5.526172753889114e-05,99.99991607666016,4
487,487,0.00323486328125,0.0048828125,0.0039967871271073,1.0464340448379517e-05,2.384185791015625e-05,0.0039967838674783,0.0489042215049266,2.6181880457443185e-05,5.965255695628002e-05,99.99991607666016,4
488,488,0.0032958984375,0.00506591796875,0.0039967321790754,1.086294651031494e-05,2.566352486610413e-05,0.0039967284537851,0.0489038228988647,2.717957067943644e-05,6.421127181965858e-05,99.99990844726562,4
489,489,0.003204345703125,0.0048828125,0.003996676299721,1.026783138513565e-05,2.384185791015625e-05,0.0039966730400919,0.0489034242928028,2.569092612247914e-05,5.965421223663725e-05,99.99991607666016,4
490,490,0.003173828125,0.00494384765625,0.0039966208860278,1.0073184967041016e-05,2.4441629648208615e-05,0.0039966176263988,0.0489030256867408,2.520425186958164e-05,6.115573341958225e-05,99.99991607666016,4
491,491,0.00311279296875,0.0048828125,0.0039965650066733,9.689480066299438e-06,2.384185791015625e-05,0.0039965617470443,0.0489026308059692,2.4244520318461585e-05,5.965587115497328e-05,99.99991607666016,4
492,492,0.00323486328125,0.0050048828125,0.0039965095929801,1.0464340448379517e-05,2.504885196685791e-05,0.0039965063333511,0.048902228474617,2.618369944684673e-05,6.267682329053059e-05,99.99991607666016,4
493,493,0.00335693359375,0.0050048828125,0.0039964537136256,1.126900315284729e-05,2.504885196685791e-05,0.0039964504539966,0.0489018261432647,2.8197504434501752e-05,6.26776964054443e-05,99.99991607666016,4
494,494,0.00323486328125,0.0050048828125,0.0039963982999324,1.0464340448379517e-05,2.504885196685791e-05,0.0039963950403034,0.0489014349877834,2.6184428861597556e-05,6.2678569520358e-05,99.99991607666016,4
495,495,0.003448486328125,0.005126953125,0.0039963428862392,1.1892057955265043e-05,2.6285648345947266e-05,0.0039963386952877,0.0489010289311409,2.9757351512671448e-05,6.577425665454939e-05,99.99989318847656,4
496,496,0.003326416015625,0.00506591796875,0.0039962860755622,1.10650435090065e-05,2.566352486610413e-05,0.0039962823502719,0.0489006265997886,2.768831473076716e-05,6.421843863790855e-05,99.99990844726562,4
497,497,0.0032958984375,0.0050048828125,0.0039962301962077,1.086294651031494e-05,2.504885196685791e-05,0.0039962269365787,0.048900231719017,2.718298310355749e-05,6.268120341701433e-05,99.99991607666016,4
498,498,0.0032958984375,0.0050048828125,0.0039961738511919,1.086294651031494e-05,2.504885196685791e-05,0.0039961705915629,0.0488998256623744,2.718336691032164e-05,6.268208380788565e-05,99.99991607666016,4
499,499,0.003265380859375,0.00506591796875,0.0039961184374988,1.0662712156772614e-05,2.566352486610413e-05,0.0039961147122085,0.0488994270563125,2.668267370609101e-05,6.42211307422258e-05,99.99990844726562,4
0,0,1318.1986083984375,107.3577880859375,174.9234161376953,1737647.625,11525.6943359375,0.0060841129161417,0.0679525360465049,99.33761596679688,0.6588994264602661,0.0034781580325216,5
1,1,1144.5382080078125,113.09161376953124,132.28175354003906,1309967.75,12789.712890625,0.0060104532167315,0.0674689337611198,99.02860260009766,0.96685391664505,0.004543675109744,5
2,2,978.45947265625,118.0855712890625,97.1386489868164,957382.9375,13944.2021484375,0.0059453840367496,0.0670478492975235,98.55838775634766,1.4354946613311768,0.0061205136589705,5
3,3,820.33544921875,121.931884765625,68.78765106201172,672950.25,14867.384765625,0.0058901840820908,0.0666832774877548,97.83009338378906,2.1613450050354004,0.0085628507658839,5
4,4,670.406982421875,124.16156005859376,46.49200820922852,449445.53125,15416.0927734375,0.0058457232080399,0.0663868486881256,96.67156982421876,3.315858602523804,0.0125736081972718,5
5,5,528.8865966796875,124.4034423828125,29.525535583496094,279721.03125,15476.216796875,0.0058119343593716,0.0661893784999847,94.73867797851562,5.241637706756592,0.0196844339370727,5
6,6,396.0341491699219,122.4100341796875,17.188514709472656,156843.046875,14984.216796875,0.0057882745750248,0.066064715385437,91.24874114990234,8.717575073242188,0.0336752459406852,5
7,7,272.1960754394531,118.014404296875,8.807583808898926,74090.703125,13927.3994140625,0.0057739596813917,0.0659966543316841,84.1214828491211,15.81296157836914,0.0655566826462745,5
8,8,157.8360595703125,111.09967041015624,3.7313036918640137,24912.22265625,12343.13671875,0.0057679209858179,0.0659768506884574,66.76546478271484,33.0799560546875,0.1545819193124771,5
9,9,53.587005615234375,101.63128662109376,1.3258171081542969,2871.567138671875,10328.91796875,0.0057686590589582,0.0659972503781318,21.658845901489254,77.90605163574219,0.4351021647453308,5
10,10,39.71969604492188,89.6656494140625,0.9675324559211732,1577.654296875,8039.9287109375,0.0057741655036807,0.0660481452941894,16.30595588684082,83.09725189208984,0.5967929363250732,5
11,11,121.08869934082033,75.40399169921875,2.040605306625366,14662.47265625,5685.76220703125,0.0057819159701466,0.0661172121763229,71.85354614257812,27.863115310668945,0.2833431959152221,5
12,12,189.5082550048828,59.207763671875,3.9476826190948486,35913.37890625,3505.559326171875,0.0057891285978257,0.0661876648664474,90.97331237792967,8.880043029785156,0.1466462463140487,5
13,13,244.23081970214844,41.6114501953125,6.143813610076904,59648.69140625,1731.5128173828125,0.0057932995259761,0.06624536216259,97.08740234375,2.818303108215332,0.0942948460578918,5
14,14,285.05816650390625,23.28717041015625,8.185836791992188,81258.15625,542.2922973632812,0.005792804993689,0.0662802010774612,99.26676940917967,0.6624763011932373,0.0707661882042884,5
15,15,312.43231201171875,4.99407958984375,9.769676208496094,97613.953125,24.94083023071289,0.0057869362644851,0.0662858188152313,99.91524505615234,0.0255288202315568,0.0592336505651474,5
16,16,327.3441467285156,12.4903564453125,10.73679542541504,107154.1875,156.00900268554688,0.0057756071910262,0.0662587881088256,99.8009033203125,0.1453031301498413,0.053792655467987,5
17,17,331.1433410644531,28.42755126953125,11.052163124084473,109655.9140625,808.1256713867188,0.005759026389569,0.066196784377098,99.2166976928711,0.7311922907829285,0.0521076843142509,5
18,18,325.37286376953125,42.17193603515625,10.770334243774414,105867.5,1778.47216796875,0.0057375179603695,0.0660984069108963,98.29546356201172,1.6512691974639893,0.0532714948058128,5
19,19,311.6343994140625,53.238525390625,10.000744819641112,97116.0,2834.340576171875,0.0057115023955702,0.0659633502364158,97.1087646484375,2.834129571914673,0.057110771536827,5
20,20,291.499755859375,61.3533935546875,8.879316329956055,84972.109375,3764.239013671875,0.0056815333664417,0.065793290734291,95.6966781616211,4.2393341064453125,0.0639861598610878,5
21,21,266.4565734863281,66.45458984375,7.54718017578125,70999.109375,4416.21240234375,0.0056482949294149,0.0655917078256607,94.07369232177734,5.851473331451416,0.0748398080468177,5
22,22,237.87228393554688,68.6585693359375,6.135334491729736,56583.22265625,4713.9990234375,0.0056125624105334,0.0653634145855903,92.22516632080078,7.683361530303955,0.0914793238043785,5
23,23,206.97991943359372,68.20904541015625,4.7548909187316895,42840.6875,4652.4736328125,0.0055751516483724,0.0651140064001083,90.09815216064452,9.784605979919434,0.117250882089138,5
24,24,174.86679077148438,65.429931640625,3.491483688354492,30578.39453125,4281.076171875,0.0055368575267493,0.0648493766784668,87.57994079589844,12.261481285095217,0.1585818082094192,5
25,25,142.47137451171875,60.68682861328125,2.403596878051758,20298.091796875,3682.89111328125,0.0054984209127724,0.0645753741264343,84.44882202148438,15.322415351867676,0.2287580370903015,5
26,26,110.59202575683594,54.36077880859375,1.5240294933319092,12230.595703125,2955.09423828125,0.0054605156183242,0.0642975717782974,80.25170135498047,19.39000701904297,0.3582946360111236,5
27,27,79.88665771484375,46.82989501953125,0.8629153966903687,6381.8779296875,2193.0390625,0.0054237069562077,0.0640210583806037,73.95716094970703,25.41429901123047,0.628532886505127,5
28,28,50.88784790039063,38.4580078125,0.4122475981712341,2589.572998046875,1479.018310546875,0.0053884694352746,0.0637503713369369,62.81596374511719,35.8769416809082,1.3070954084396362,5
29,29,24.0079345703125,29.5894775390625,0.1505469977855682,576.3809204101562,875.5371704101562,0.005355189088732,0.0634895116090774,38.28578186035156,58.15707015991211,3.557154655456543,5
30,30,0.442535400390625,20.54034423828125,0.0475343130528926,0.1958375871181488,421.9057312011719,0.0053241588175296,0.0632418915629386,0.0411992035806179,88.75813293457031,11.200664520263672,5
31,31,22.24853515625,11.59686279296875,0.0682440400123596,494.997314453125,134.4872283935547,0.0052955886349081,0.0630103051662445,72.53340911865234,19.706809997558597,7.759781837463379,5
32,32,41.27728271484375,3.01361083984375,0.1765591949224472,1703.8140869140625,9.081850051879885,0.0052696210332214,0.0627970546483993,96.50100708007812,0.5143798589706421,2.9846200942993164,5
33,33,57.46331787109375,4.990478515625,0.3379401266574859,3302.032958984375,24.90487670898437,0.0052463305182754,0.0626038163900375,97.7105941772461,0.7369611859321594,1.5524437427520752,5
34,34,70.80606079101562,12.23468017578125,0.5215442776679993,5013.498046875,149.68739318847656,0.005225739441812,0.0624317079782485,96.12794494628906,2.8700802326202397,1.00197434425354,5
35,35,81.35345458984375,18.57421875,0.7015464901924133,6618.384765625,345.0015869140625,0.0052078240551054,0.0622813776135444,94.33992767333984,4.91772985458374,0.7423348426818848,5
36,36,89.19793701171875,23.90301513671875,0.8579550981521606,7956.27197265625,571.3541259765625,0.005192523356527,0.0621529668569564,92.73529052734376,6.659487724304199,0.6052208542823792,5
37,37,94.46771240234376,28.15234375,0.9768500328063964,8924.1484375,792.554443359375,0.0051797474734485,0.0620462521910667,91.35637664794922,8.113368034362793,0.5302500128746033,5
38,38,97.32089233398438,31.2886962890625,1.0502033233642578,9471.3564453125,978.9825439453124,0.005169375333935,0.061960618942976,90.18592834472656,9.321837425231934,0.4922261536121368,5
39,39,97.94039916992188,33.310546875,1.0753527879714966,9592.322265625,1109.592529296875,0.0051612770184874,0.0618951693177223,89.20162963867188,10.318404197692873,0.4799612760543823,5
40,40,96.5274658203125,34.248046875,1.0542032718658447,9317.5517578125,1172.9287109375,0.0051552942022681,0.0618487074971199,88.38477325439453,11.12621021270752,0.4890227615833282,5
41,41,93.2977294921875,34.15533447265625,0.9922566413879396,8704.466796875,1166.5869140625,0.0051512662321329,0.0618198774755001,87.72394561767578,11.756906509399414,0.5191465616226196,5
42,42,88.47830200195312,33.10931396484375,0.8976126313209534,7828.41015625,1096.2266845703125,0.0051490170881152,0.0618071109056472,87.21367645263672,12.212692260742188,0.5736346244812012,5
43,43,82.30288696289062,31.20831298828125,0.779920756816864,6773.76513671875,973.9588012695312,0.0051483619026839,0.0618087127804756,86.85196685791016,12.487919807434082,0.6601134538650513,5
44,44,75.00729370117188,28.56622314453125,0.6493614912033081,5626.09423828125,816.0291137695312,0.0051491055637598,0.0618228316307067,86.6404037475586,12.566637992858888,0.7929490208625793,5
45,45,66.82720947265625,25.3106689453125,0.5158016085624695,4465.8759765625,640.6299438476562,0.0051510441116988,0.0618475414812564,86.58126831054688,12.420083999633787,0.9986483454704284,5
46,46,57.99581909179688,21.5814208984375,0.3880812525749206,3363.51513671875,465.7577209472656,0.0051539661362767,0.0618808269500732,86.6703872680664,12.001550674438477,1.3280636072158811,5
47,47,48.74118041992188,17.52191162109375,0.2734296321868896,2375.70263671875,307.01739501953125,0.0051576551049947,0.0619206205010414,86.88533782958984,11.228386878967283,1.886282444000244,5
48,48,39.28082275390625,13.28076171875,0.1770980656147003,1542.9830322265625,176.37863159179688,0.0051618907600641,0.0619648620486259,87.12591552734375,9.959375381469728,2.914707660675049,5
49,49,29.8228759765625,9.007080078125,0.1022195890545845,889.4039306640625,81.12749481201172,0.0051664486527442,0.0620114579796791,87.00914001464844,7.936589241027832,5.054265022277832,5
50,50,20.5596923828125,4.8419189453125,0.0497856251895427,422.7009582519531,23.44417953491211,0.0051711136475205,0.0620584115386009,84.90422058105469,4.7090253829956055,10.386760711669922,5
51,51,11.66796875,0.9202880859375,0.018874516710639,136.14149475097656,0.8469301462173462,0.005175675265491,0.0621037781238555,72.1297836303711,0.4487161934375763,27.421497344970703,5
52,52,3.307647705078125,2.642578125,0.0069723203778266,10.940533638000488,6.983219146728516,0.0051799449138343,0.0621458888053894,15.691381454467772,10.015631675720217,74.29298400878906,5
53,53,4.384521484375,5.74615478515625,0.0104079814627766,19.224029541015625,33.01829528808594,0.0051837493665516,0.0621832087635993,18.470468521118164,31.72401237487793,49.80552291870117,5
54,54,11.292251586914062,8.3155517578125,0.0248532854020595,127.51494598388672,69.14839935302734,0.0051869507879018,0.0622145533561706,51.30707550048828,27.8226375579834,20.870281219482425,5
55,55,17.323562622070312,10.30078125,0.0458106324076652,300.1058349609375,106.10609436035156,0.0051894392818212,0.0622389987111091,65.51008605957031,23.16189193725586,11.32802391052246,5
56,56,22.412384033203125,11.67864990234375,0.0690617263317108,502.3149719238281,136.390869140625,0.0051911412738263,0.0622559636831283,72.73420715332031,19.74912643432617,7.516668796539307,5
57,57,26.515060424804688,12.45526123046875,0.0910102203488349,703.0484008789062,155.13352966308594,0.0051920250989496,0.0622652284801006,77.2493896484375,17.045726776123047,5.704881191253662,5
58,58,29.61572265625,12.6607666015625,0.108930692076683,877.0910034179688,160.29501342773438,0.0051920926198363,0.0622669011354446,80.51826477050781,14.71532154083252,4.76641845703125,5
59,59,31.720184326171875,12.34600830078125,0.1210507750511169,1006.1701049804688,152.42391967773438,0.005191380623728,0.062261376529932,83.11967468261719,12.5917329788208,4.288597583770752,5
60,60,32.85795593261719,11.583740234375,0.1265727877616882,1079.645263671875,134.18304443359375,0.005189954303205,0.0622493028640747,85.29837036132812,10.6012544631958,4.100371360778809,5
61,61,33.0792236328125,10.45623779296875,0.1255446970462799,1094.2349853515625,109.3329086303711,0.0051879025995731,0.062231533229351,87.15899658203125,8.708683013916016,4.132315158843994,5
62,62,32.45201110839844,9.05694580078125,0.1187014654278755,1053.133056640625,82.02826690673828,0.0051853363402187,0.0622090995311737,88.72114562988281,6.910468101501465,4.36838436126709,5
63,63,31.061264038085938,7.47967529296875,0.1072571352124214,964.8021240234376,55.94554138183594,0.0051823719404637,0.0621831007301807,89.95225524902344,5.216020584106445,4.831727027893066,5
64,64,29.00257873535156,5.815185546875,0.0926757231354713,841.1495971679688,33.816383361816406,0.0051791304722428,0.0621546357870101,90.76266479492188,3.648893594741821,5.588443756103516,5
65,65,26.3822021484375,4.1497802734375,0.0764998644590377,696.0205688476562,17.22067642211914,0.0051757358014583,0.0621248260140419,90.98323822021484,2.251072883605957,6.765679836273193,5
66,66,23.3116455078125,2.55902099609375,0.0601704381406307,543.4328002929688,6.548588275909424,0.0051722996868193,0.0620947033166885,90.31558227539062,1.0883398056030271,8.596081733703613,5
67,67,19.906463623046875,1.10272216796875,0.0449172519147396,396.2673034667969,1.2159961462020874,0.0051689227111637,0.0620651766657829,88.22161865234375,0.2707191705703735,11.50765609741211,5
68,68,16.279449462890625,0.1676025390625,0.0316705517470836,265.0204772949219,0.0280906111001968,0.0051656975410878,0.0620370805263519,83.68041229248047,0.0088696312159299,16.310728073120117,5
69,69,12.54412841796875,1.22222900390625,0.0210475921630859,157.35516357421875,1.4938437938690186,0.0051626907661557,0.0620110183954238,74.7615966796875,0.7097456455230713,24.52865219116211,5
70,70,8.80670166015625,2.0439453125,0.0133335292339324,77.55799102783203,4.177712440490723,0.0051599596627056,0.0619874708354473,58.16763687133789,3.1332380771636963,38.69913101196289,5
71,71,5.16461181640625,2.6285400390625,0.0085157826542854,26.673215866088867,6.909222602844238,0.0051575386896729,0.061966773122549,31.322093963623047,8.113431930541992,60.56446838378906,5
72,72,1.706939697265625,2.9852294921875,0.0063379779458045,2.9136431217193604,8.911595344543457,0.0051554539240896,0.0619491189718246,4.597117424011231,14.060628890991213,81.34224700927734,5
73,73,1.488372802734375,3.1348876953125,0.0063579827547073,2.215253591537476,9.827521324157717,0.0051537053659558,0.0619344934821128,3.484208106994629,15.456978797912598,81.0588150024414,5
74,74,4.357330322265625,3.10577392578125,0.0080155059695243,18.986328125,9.645832061767578,0.0051522902213037,0.0619228556752204,23.68699836730957,12.033965110778809,64.27903747558594,5
75,75,6.8475341796875,2.93060302734375,0.0106989052146673,46.88872528076172,8.588434219360352,0.0051511898636817,0.0619140118360519,43.825721740722656,8.027395248413086,48.14688873291016,5
76,76,8.92242431640625,2.64764404296875,0.0138123445212841,79.60965728759766,7.010018825531006,0.0051503768190741,0.0619077086448669,57.636600494384766,5.075183391571045,37.28821563720703,5
77,77,10.558441162109377,2.29376220703125,0.0168240256607532,111.48068237304688,5.261344909667969,0.0051498240791261,0.0619036592543125,66.26278686523438,3.127280235290528,30.60993766784668,5
78,78,11.745574951171877,1.90380859375,0.0193077977746725,137.95852661132812,3.624487161636353,0.0051494967192411,0.0619015544652938,71.45223236083984,1.877214193344116,26.670555114746094,5
79,79,12.487335205078123,1.51116943359375,0.0209710765630006,155.9335479736328,2.28363299369812,0.0051493584178388,0.0619010254740715,74.35647583007812,1.0889440774917605,24.55457305908203,5
80,80,12.79888916015625,1.14306640625,0.0216611921787261,163.8115692138672,1.30660080909729,0.0051493761129677,0.0619017928838729,75.62444305419922,0.6031988859176636,23.772357940673828,5
81,81,12.708160400390623,0.81915283203125,0.0213663522154092,161.49734497070312,0.6710113883018494,0.0051495162770152,0.0619035363197326,75.58488464355469,0.3140504956245422,24.101055145263672,5
82,82,12.2510986328125,0.55401611328125,0.0201893877238035,150.08941650390625,0.3069338500499725,0.0051497537642717,0.061906024813652,74.34074401855469,0.1520273089408874,25.50722885131836,5
83,83,11.4713134765625,0.35498046875,0.0183217637240886,131.59103393554688,0.1260111331939697,0.00515006063506,0.061909019947052,71.82225036621094,0.068776749074459,28.10897827148437,5
84,84,10.4202880859375,0.2242431640625,0.0160136874765157,108.58240509033205,0.0502849966287612,0.0051504177972674,0.0619123429059982,67.80599975585938,0.0314012579619884,32.16259765625,5
85,85,9.15203857421875,0.15631103515625,0.0135292317718267,83.75981140136719,0.0244331397116184,0.0051508080214262,0.0619158595800399,61.910247802734375,0.0180595163255929,38.07169342041016,5
86,86,7.72369384765625,0.1409912109375,0.0111187510192394,59.65544509887695,0.0198785215616226,0.0051512187346816,0.06191948056221,53.65300750732422,0.0178783759474754,46.3291130065918,5
87,87,6.1922607421875,0.16693115234375,0.0089888367801904,38.34409332275391,0.0278660096228122,0.0051516410894691,0.0619231425225734,42.65745544433594,0.0310006849467754,57.31154251098633,5
88,88,4.61492919921875,0.21856689453125,0.0072866003029048,21.297571182250977,0.0477714873850345,0.0051520657725632,0.0619267672300338,29.228404998779297,0.0655607283115387,70.70602416992188,5
89,89,3.04351806640625,0.28076171875,0.0060866731218993,9.263002395629885,0.0788271427154541,0.0051524899899959,0.061930377036333,15.218498229980469,0.129507765173912,84.65198516845703,5
90,90,1.527069091796875,0.33856201171875,0.0053975619375705,2.331939935684204,0.1146242320537567,0.0051529058255255,0.0619338974356651,4.320357799530029,0.2123629748821258,95.46728515625,5
91,91,0.10760498046875,0.380859375,0.0051689730025827,0.01157883182168,0.1450538635253906,0.0051533095538616,0.0619373321533203,0.0224006418138742,0.2806241512298584,99.69696807861328,5
92,92,1.17852783203125,0.39569091796875,0.0053082462400197,1.3889278173446655,0.1565712988376617,0.0051536965183913,0.0619406439363956,2.6165473461151123,0.294958621263504,97.0885009765625,5
93,93,2.30224609375,0.3775634765625,0.0056983507238328,5.300336837768555,0.1425541788339615,0.0051540615968406,0.061943806707859,9.301527976989746,0.2501674294471741,90.44830322265624,5
94,94,3.242889404296875,0.3228759765625,0.0062164575792849,10.516331672668455,0.104248896241188,0.0051543996669352,0.0619467720389366,16.916919708251953,0.1676982343196869,82.9153823852539,5
95,95,3.98724365234375,0.232421875,0.0067499144934117,15.898112297058104,0.0540199279785156,0.005154700949788,0.0619494765996933,23.553056716918945,0.0800305306911468,76.36690521240234,5
96,96,4.52923583984375,0.1112060546875,0.0072075962089002,20.51397705078125,0.0123667865991592,0.0051549617201089,0.0619518607854843,28.461605072021484,0.0171579904854297,71.52123260498047,5
97,97,4.870025634765625,0.03570556640625,0.0075270179659128,23.71714973449707,0.0012748874723911,0.0051551754586398,0.0619538836181163,31.509357452392575,0.0016937484033405,68.48895263671875,5
98,98,5.01861572265625,0.1966552734375,0.0076778507791459,25.186504364013672,0.0386732965707778,0.0051553328521549,0.0619554407894611,32.804107666015625,0.0503699518740177,67.14552307128906,5
99,99,4.98834228515625,0.36181640625,0.0076568773947656,24.88355827331543,0.130911111831665,0.0051554306410253,0.0619565024971962,32.498313903808594,0.170971930027008,67.33071899414062,5
100,100,4.797027587890625,0.51953125,0.0074836011044681,23.011474609375,0.2699127197265625,0.0051554627716541,0.0619570016860961,30.74919891357422,0.3606722354888916,68.89012908935547,5
101,101,4.4666748046875,0.6602783203125,0.0071941437199711,19.9511833190918,0.4359674453735351,0.0051554287783801,0.0619569234549999,27.732532501220703,0.6060032844543457,71.66146850585938,5
102,102,4.021514892578125,0.773193359375,0.0068323700688779,16.172582626342773,0.5978279709815979,0.0051553291268646,0.0619562342762947,23.670530319213867,0.8749935626983643,75.45448303222656,5
103,103,3.487945556640625,0.8507080078125,0.0064441105350852,12.165763854980469,0.7237040996551514,0.0051551638171076,0.0619549602270126,18.87888526916504,1.1230472326278689,79.99806213378906,5
104,104,2.89288330078125,0.886962890625,0.0060704839415848,8.368773460388184,0.7867031693458557,0.0051549365743994,0.0619531124830246,13.78600788116455,1.2959480285644531,84.91805267333984,5
105,105,2.26141357421875,0.88006591796875,0.005743509158492,5.1139912605285645,0.7745160460472107,0.0051546585746109,0.0619507730007171,8.903948783874512,1.3485066890716553,89.74755096435547,5
106,106,1.61907958984375,0.830078125,0.0054853814654052,2.6214187145233154,0.6890296936035156,0.0051543368026614,0.0619480088353157,4.7789177894592285,1.256119966506958,93.9649658203125,5
107,107,0.98779296875,0.739013671875,0.0053061684593558,0.9757349491119384,0.5461412072181702,0.0051539810374379,0.0619449168443679,1.8388692140579224,1.0292571783065796,97.1318817138672,5
108,108,0.3875732421875,0.61376953125,0.0052063004113733,0.1502130180597305,0.3767130374908447,0.0051536075770854,0.0619416162371635,0.2885216176509857,0.7235714793205261,98.98789978027344,5
109,109,0.16424560546875,0.46124267578125,0.0051771998405456,0.0269766189157962,0.212744802236557,0.005153227597475,0.0619382299482822,0.0521065779030323,0.4109264016151428,99.5369644165039,5
110,110,0.655059814453125,0.28973388671875,0.0052041593007743,0.4291033744812011,0.0839457213878631,0.0051528546027839,0.0619348734617233,0.8245392441749573,0.1613050401210785,99.01416015625,5
111,111,1.073333740234375,0.110595703125,0.0052689295262098,1.1520453691482544,0.0122314095497131,0.0051525016315281,0.0619316808879375,2.186488628387451,0.0232142191380262,97.79029846191406,5
112,112,1.412567138671875,0.0670166015625,0.0053521655499935,1.995345950126648,0.0044912248849868,0.005152182187885,0.0619287714362144,3.72810959815979,0.0083914157003164,96.26350402832033,5
113,113,1.6705322265625,0.23370361328125,0.0054364348761737,2.790678024291992,0.054617378860712,0.005151905119419,0.0619262307882308,5.133286476135254,0.1004654318094253,94.76624298095705,5
114,114,1.845611572265625,0.37896728515625,0.0055066696368157,3.4062821865081787,0.1436161994934082,0.005151679739356,0.0619241520762443,6.185738563537598,0.2608041167259216,93.55345153808594,5
115,115,1.93988037109375,0.49884033203125,0.0055527077056467,3.76313591003418,0.2488416731357574,0.0051515102386474,0.0619225725531578,6.77711820602417,0.4481447041034698,92.77474212646484,5
116,116,1.95941162109375,0.58514404296875,0.0055695679038763,3.839293956756592,0.342393547296524,0.005151399411261,0.0619215369224548,6.893342018127441,0.6147578358650208,92.49190521240234,5
117,117,1.911102294921875,0.63665771484375,0.0055571147240698,3.65231204032898,0.4053330421447754,0.0051513500511646,0.0619210638105869,6.572316646575928,0.729394793510437,92.6982879638672,5
118,118,1.803375244140625,0.651611328125,0.0055190343409776,3.252162218093872,0.4245973229408264,0.0051513584330677,0.0619211159646511,5.8926286697387695,0.7693325877189636,93.3380355834961,5
119,119,1.643829345703125,0.633544921875,0.0054617752321064,2.7021749019622803,0.4013791680335998,0.0051514194346964,0.0619216486811637,4.947429656982422,0.7348877191543579,94.3176727294922,5
120,120,1.444488525390625,0.58282470703125,0.0053941500373184,2.0865471363067627,0.3396846354007721,0.0051515265367925,0.0619226172566413,3.868166446685791,0.629727840423584,95.50210571289062,5
121,121,1.215179443359375,0.5069580078125,0.0053250342607498,1.4766610860824585,0.2570064067840576,0.0051516671665012,0.061923898756504,2.773054599761963,0.4826380014419555,96.74430084228516,5
122,122,0.96685791015625,0.4107666015625,0.0052621909417212,0.9348142147064208,0.1687292009592056,0.0051518366672098,0.0619254596531391,1.7764732837677002,0.3206444084644317,97.90288543701172,5
123,123,0.709747314453125,0.30133056640625,0.0052114757709205,0.5037412643432617,0.0908001065254211,0.0051520215347409,0.0619271583855152,0.966599941253662,0.174231082201004,98.85916900634766,5
124,124,0.452911376953125,0.18634033203125,0.0051761996001005,0.2051287144422531,0.0347227193415164,0.0051522143185138,0.061928916722536,0.3962920904159546,0.0670814886689186,99.53662109375,5
125,125,0.206085205078125,0.0721435546875,0.0051571684889495,0.0424711108207702,0.0052046924829483,0.0051524005830287,0.0619306340813636,0.0823535397648811,0.010092151351273,99.90754699707033,5
126,126,0.025177001953125,0.03466796875,0.0051527586765587,0.0006338814273476,0.0012018680572509,0.0051525752060115,0.0619322396814823,0.0012301787501201,0.002332474803552,99.99644470214844,5
127,127,0.233367919921875,0.12811279296875,0.0051598162390291,0.05446058511734,0.0164128877222538,0.0051527288742363,0.0619336515665054,0.1055475175380706,0.0318090505897998,99.86264038085938,5
128,128,0.412994384765625,0.20477294921875,0.0051741041243076,0.1705643683671951,0.0419319607317447,0.0051528546027839,0.0619348026812076,0.3296500444412231,0.081041969358921,99.5893096923828,5
129,129,0.561798095703125,0.2618408203125,0.0051913685165345,0.3156171143054962,0.0685606151819229,0.0051529509946703,0.0619356893002986,0.6079651117324829,0.132066547870636,99.25997161865234,5
130,130,0.676422119140625,0.29730224609375,0.0052076075226068,0.4575468897819519,0.0883886218070983,0.0051530143246054,0.0619362667202949,0.8786123991012573,0.1697297841310501,98.95166015625,5
131,131,0.75714111328125,0.31207275390625,0.0052201095968484,0.5732626914978027,0.0973894000053405,0.0051530445925891,0.0619365349411964,1.0981812477111816,0.1865658164024353,98.71525573730467,5
132,132,0.802490234375,0.30682373046875,0.0052268565632402,0.6439905762672424,0.0941407978534698,0.0051530431956052,0.0619365125894546,1.232080101966858,0.1801097691059112,98.58780670166016,5
133,133,0.81231689453125,0.28515625,0.0052271308377385,0.659858763217926,0.0813140869140625,0.0051530133932828,0.0619362369179725,1.2623728513717651,0.1555615961551666,98.58206176757812,5
134,134,0.794891357421875,0.2493896484375,0.0052223624661564,0.6318522691726685,0.0621951967477798,0.0051529579795897,0.0619357153773307,1.2098973989486694,0.1190939769148826,98.67101287841795,5
135,135,0.749420166015625,0.2047119140625,0.0052132401615381,0.5616306066513062,0.0419069677591323,0.0051528867334127,0.0619350522756576,1.0773158073425293,0.0803856402635574,98.8423080444336,5
136,136,0.679473876953125,0.15338134765625,0.005201319232583,0.4616847634315491,0.0235258378088474,0.0051527982577681,0.0619342401623725,0.8876301050186157,0.0452305227518081,99.067138671875,5
137,137,0.59173583984375,0.10113525390625,0.0051887398585677,0.3501513004302978,0.0102283395826816,0.0051527018658816,0.0619333609938621,0.6748291254043579,0.0197125691920518,99.30545806884766,5
138,138,0.490325927734375,0.049560546875,0.0051768887788057,0.2404195219278335,0.002456247806549,0.0051526012830436,0.0619324445724487,0.4644092619419098,0.0047446405515074,99.53084564208984,5
139,139,0.3792724609375,0.002685546875,0.0051668877713382,0.1438475996255874,7.212162017822266e-06,0.0051525020971894,0.0619315430521965,0.2784027755260467,1.3958426279714333e-05,99.7215805053711,5
140,140,0.26361083984375,0.03765869140625,0.0051594977267086,0.0694906711578369,0.0014181770384311,0.0051524066366255,0.0619306787848472,0.1346849501132965,0.0027486726175993,99.86256408691406,5
141,141,0.148590087890625,0.06884765625,0.0051550022326409,0.022079013288021,0.0047399997711181,0.0051523204892873,0.0619299113750457,0.0428302660584449,0.0091949515044689,99.9479751586914,5
142,142,0.038360595703125,0.09051513671875,0.0051532112993299,0.0014715353026986,0.008192989975214,0.0051522450521588,0.061929240822792,0.0028555693570524,0.0158988032490015,99.9812469482422,5
143,143,0.063232421875,0.103271484375,0.00515364902094,0.0039983391761779,0.0106649994850158,0.0051521826535463,0.0619286894798278,0.0077582676894962,0.0206940751522779,99.97154235839844,5
144,144,0.15435791015625,0.10821533203125,0.0051556848920881,0.0238263644278049,0.0117105580866336,0.0051521309651434,0.0619282461702823,0.0462137721478939,0.0227138753980398,99.93106842041016,5
145,145,0.232391357421875,0.10504150390625,0.0051585957407951,0.054005742073059,0.0110337175428867,0.0051520918495953,0.0619279146194458,0.1046907752752304,0.0213889926671981,99.8739242553711,5
146,146,0.292236328125,0.095947265625,0.0051615261472761,0.0854020714759826,0.0092058777809143,0.0051520653069019,0.0619276911020278,0.1654589474201202,0.0178355723619461,99.81670379638672,5
147,147,0.336517333984375,0.083251953125,0.0051640653982758,0.1132439151406288,0.0069308876991271,0.0051520480774343,0.0619275569915771,0.2192921638488769,0.0134213780984282,99.7672882080078,5
148,148,0.36224365234375,0.068115234375,0.0051656235009431,0.1312204599380493,0.0046396851539611,0.0051520378328859,0.0619274973869323,0.2540263831615448,0.0089818490669131,99.73699951171876,5
149,149,0.36944580078125,0.05230712890625,0.0051659597083926,0.1364901959896087,0.002736035734415,0.0051520369015634,0.0619275011122226,0.2642107307910919,0.0052962778136134,99.7304916381836,5
150,150,0.366058349609375,0.0374755859375,0.0051655820570886,0.1339987218379974,0.0014044195413589,0.0051520415581762,0.0619275495409965,0.2594068050384521,0.002718802075833,99.73786926269533,5
151,151,0.346771240234375,0.0233154296875,0.0051641301251947,0.120250292122364,0.0005436092615127,0.0051520504057407,0.0619276352226734,0.232856810092926,0.0010526636615395,99.76608276367188,5
152,152,0.313201904296875,0.01318359375,0.0051618870347738,0.0980954319238662,0.000173807144165,0.0051520601846277,0.0619277283549308,0.1900379359722137,0.0003367124008946,99.80963134765624,5
153,153,0.270965576171875,0.00421142578125,0.0051594143733382,0.0734223425388336,1.7736107110977173e-05,0.005152070429176,0.061927817761898,0.1423075050115585,3.437620398472063e-05,99.85765838623048,5
154,154,0.221405029296875,0.0001220703125,0.0051569826900959,0.0490201860666275,1.4901161193847656e-08,0.0051520806737244,0.0619279034435749,0.0950559452176094,2.889511385717469e-08,99.90494537353516,5
155,155,0.168121337890625,0.00213623046875,0.0051549179479479,0.0282647833228111,4.563480615615845e-06,0.0051520909182727,0.0619279816746711,0.054830715060234,8.852673090586904e-06,99.94515991210938,5
156,156,0.11297607421875,0.0025634765625,0.0051533766090869,0.0127635933458805,6.571412086486816e-06,0.0051520997658371,0.0619280524551868,0.0247674360871315,1.275166323466692e-05,99.9752197265625,5
157,157,0.058349609375,0.00140380859375,0.0051524476148188,0.003404676914215,1.9706785678863525e-06,0.0051521072164177,0.0619281083345413,0.0066078826785087,3.824742634606082e-06,99.99339294433594,5
158,158,0.00628662109375,0.0010986328125,0.0051521160639822,3.9521604776382446e-05,1.2069940567016602e-06,0.0051521123386919,0.061928141862154,7.670946069993079e-05,2.342715106351534e-06,99.99993133544922,5
159,159,0.040863037109375,0.00372314453125,0.0051522832363843,0.0016697878018021,1.3861805200576782e-05,0.0051521146669983,0.0619281530380249,0.0032408693805336,2.690419751161244e-05,99.9967269897461,5
160,160,0.082427978515625,0.00604248046875,0.0051527968607842,0.0067943716421723,3.651157021522522e-05,0.0051521137356758,0.0619281381368637,0.0131857935339212,7.085777178872377e-05,99.98674011230467,5
161,161,0.11639404296875,0.0068359375,0.0051534720696508,0.0135475732386112,4.673004150390625e-05,0.0051521128043532,0.0619281232357025,0.0262882448732852,9.067681821761651e-05,99.97362518310548,5
162,162,0.142608642578125,0.00677490234375,0.0051541477441787,0.0203372240066528,4.589930176734924e-05,0.0051521095447242,0.0619280859827995,0.0394579730927944,8.90531373443082e-05,99.96044921875,5
163,163,0.156402587890625,0.0054931640625,0.0051545524038374,0.0244617685675621,3.0174851417541504e-05,0.0051521034911274,0.0619280412793159,0.0474566258490085,5.854019400430843e-05,99.9524917602539,5
164,164,0.16064453125,0.001953125,0.0051546785980463,0.0258066654205322,3.814697265625e-06,0.0051520974375307,0.0619279816746711,0.0500645413994789,7.400456070172368e-06,99.9499282836914,5
165,165,0.16009521484375,0.0010986328125,0.0051546520553529,0.0256304778158664,1.2069940567016602e-06,0.0051520890556275,0.0619279071688652,0.0497230030596256,2.341562776564388e-06,99.95027923583984,5
166,166,0.156005859375,0.00439453125,0.0051545123569667,0.0243378281593322,1.931190490722656e-05,0.0051520764827728,0.0619278103113174,0.0472165457904338,3.746601578313857e-05,99.95274353027344,5
167,167,0.14581298828125,0.0076904296875,0.0051541938446462,0.0212614275515079,5.914270877838135e-05,0.0051520615816116,0.0619276873767375,0.0412507317960262,0.000114746762847,99.95862579345705,5
168,168,0.12957763671875,0.01190185546875,0.0051537379622459,0.0167903639376163,0.000141654163599,0.0051520448178052,0.0619275495409965,0.0325790010392665,0.00027485715691,99.96714782714844,5
169,169,0.109405517578125,0.0157470703125,0.0051532476209104,0.0119695672765374,0.0002479702234268,0.0051520261913537,0.0619273819029331,0.0232272278517484,0.0004811921389773,99.9762954711914,5
170,170,0.08587646484375,0.01806640625,0.0051527749747037,0.0073747672140598,0.00032639503479,0.0051520047709345,0.061927206814289,0.0143122235313057,0.0006334354402497,99.98505401611328,5
171,171,0.06011962890625,0.0186767578125,0.0051523777656257,0.0036143697798252,0.0003488212823867,0.0051519814878702,0.0619269981980323,0.00701495539397,0.0006770102772861,99.9923095703125,5
172,172,0.03466796875,0.01776123046875,0.0051521086134016,0.0012018680572509,0.000315461307764,0.0051519568078219,0.0619267858564853,0.0023327691014856,0.0006122954655438,99.99705505371094,5
173,173,0.010528564453125,0.0152587890625,0.0051519642584025,0.0001108506694436,0.0002328306436538,0.0051519297994673,0.0619265511631965,0.0002151619555661,0.0004519259673543,99.99932861328124,5
174,174,0.010986328125,0.0118408203125,0.0051519297994673,0.0001206994056701,0.0001402050256729,0.0051519037224352,0.061926320195198,0.0002342799853067,0.0002721407799981,99.99949645996094,5
175,175,0.02880859375,0.00616455078125,0.0051519623957574,0.0008299350738525,3.800168633460999e-05,0.0051518757827579,0.061926070600748,0.0016109105199575,7.376157736871392e-05,99.99832153320312,5
176,176,0.0435791015625,0.00079345703125,0.0051520401611924,0.0018991380929946,6.295740604400635e-07,0.0051518501713871,0.0619258470833301,0.0036861863918602,1.2219898053444922e-06,99.99630737304688,5
177,177,0.054351806640625,0.0052490234375,0.0051521235145628,0.0029541188850998,2.755224704742432e-05,0.0051518254913389,0.0619256272912025,0.0057337889447808,5.347745900508016e-05,99.99421691894533,5
178,178,0.06103515625,0.01104736328125,0.0051521868444979,0.0037252902984619,0.0001220442354679,0.0051518022082746,0.0619254186749458,0.0072305034846067,0.0002368785062571,99.9925308227539,5
179,179,0.064361572265625,0.0159912109375,0.005152222700417,0.0041424119845032,0.0002557188272476,0.0051517826505005,0.0619252398610115,0.0080400481820106,0.0004963271785527,99.991455078125,5
180,180,0.06585693359375,0.01983642578125,0.0051522394642233,0.0043371357023715,0.000393483787775,0.0051517663523554,0.0619250982999801,0.0084179621189832,0.0007637140806764,99.99081420898438,5
181,181,0.06585693359375,0.02215576171875,0.0051522348076105,0.0043371357023715,0.000490877777338,0.0051517523825168,0.0619249641895294,0.0084179695695638,0.0009527472429908,99.99063873291016,5
182,182,0.065399169921875,0.0233154296875,0.005152222700417,0.0042770514264702,0.0005436092615127,0.0051517407409846,0.061924859881401,0.0083013717085123,0.001055096508935,99.99064636230467,5
183,183,0.062408447265625,0.02392578125,0.0051521765999495,0.0038948142901062,0.0005724430084228,0.005151730030775,0.0619247630238533,0.0075595509260892,0.0011110701598227,99.9913330078125,5
184,184,0.057952880859375,0.0235595703125,0.0051521118730306,0.0033585363999009,0.0005550533533096,0.0051517207175493,0.0619246698915958,0.0065187565051019,0.0010773317189887,99.9924087524414,5
185,185,0.052490234375,0.021728515625,0.0051520359702408,0.0027552247047424,0.0004721283912658,0.0051517132669687,0.0619245991110801,0.0053478362970054,0.0009163918439298,99.99373626708984,5
186,186,0.044647216796875,0.01861572265625,0.0051519395783543,0.0019933739677071,0.0003465451300144,0.0051517058163881,0.0619245320558548,0.0038691717199981,0.0006726498249918,99.9954605102539,5
187,187,0.035736083984375,0.0152587890625,0.0051518497057259,0.0012770676985383,0.0002328306436538,0.0051516988314688,0.0619244761765003,0.0024788526352494,0.0004519360081758,99.9970703125,5
188,188,0.026763916015625,0.0108642578125,0.0051517765969038,0.0007163072004914,0.0001180320978164,0.0051516932435333,0.0619244202971458,0.0013904080260545,0.0002291094860993,99.99838256835938,5
189,189,0.017608642578125,0.00701904296875,0.0051517239771783,0.0003100642934441,4.926696419715881e-05,0.0051516876555979,0.0619243755936622,0.0006018651183694,9.563199273543432e-05,99.99929809570312,5
190,190,0.00885009765625,0.00335693359375,0.0051516890525817,7.832422852516174e-05,1.126900315284729e-05,0.0051516802050173,0.0619243085384368,0.0001520360092399,2.1874384401598945e-05,99.99982452392578,5
191,191,0.0009765625,0.00030517578125,0.0051516736857593,9.5367431640625e-07,9.313225746154785e-08,0.0051516736857593,0.0619242489337921,1.8511931330067453e-06,1.807805745102087e-07,100.0,5
192,192,0.00506591796875,0.0018310546875,0.0051516685634851,2.566352486610413e-05,3.3527612686157227e-06,0.0051516653038561,0.0619241744279861,4.9815946113085374e-05,6.5081076172646135e-06,99.99993133544922,5
193,193,0.0098876953125,0.00341796875,0.0051516667008399,9.776651859283449e-05,1.1682510375976562e-05,0.0051516555249691,0.0619240924715995,0.0001897764741443,2.2677148081129417e-05,99.99978637695312,5
194,194,0.013519287109375,0.00384521484375,0.0051516667008399,0.0001827711239457,1.4785677194595335e-05,0.0051516471430659,0.0619240030646324,0.0003547805536072,2.8700764232780784e-05,99.99961853027344,5
195,195,0.016510009765625,0.00372314453125,0.0051516648381948,0.000272580422461,1.3861805200576782e-05,0.005151635967195,0.061923898756504,0.000529111304786,2.690742985578254e-05,99.99944305419922,5
196,196,0.01861572265625,0.0030517578125,0.0051516606472432,0.0003465451300144,9.313225746154783e-06,0.0051516252569854,0.0619237944483757,0.0006726862629875,1.8078104403684847e-05,99.9993133544922,5
197,197,0.019439697265625,0.00225830078125,0.0051516508683562,0.0003779018297791,5.09992241859436e-06,0.0051516126841306,0.0619236826896667,0.000733554828912,9.899587894324212e-06,99.99925994873048,5
198,198,0.019775390625,0.000244140625,0.005151639226824,0.0003910660743713,5.960464477539064e-08,0.0051516001112759,0.0619235634803772,0.0007591099129058,1.1570035240993093e-07,99.9992446899414,5
199,199,0.019561767578125,0.00115966796875,0.0051516247913241,0.0003826627507805,1.344829797744751e-06,0.0051515866070985,0.0619234442710876,0.0007428001263178,2.6104962671524845e-06,99.99925994873048,5
200,200,0.018798828125,0.00225830078125,0.0051516089588403,0.0003533959388732,5.09992241859436e-06,0.0051515731029212,0.0619233138859272,0.0006859913701191,9.899668839352673e-06,99.99930572509766,5
201,201,0.01806640625,0.00384521484375,0.0051515935920178,0.00032639503479,1.4785677194595335e-05,0.0051515595987439,0.0619231909513473,0.0006335807265713,2.870117168640718e-05,99.99933624267578,5
202,202,0.016937255859375,0.0048828125,0.0051515763625502,0.0002868706360459,2.384185791015625e-05,0.005151545163244,0.0619230568408966,0.0005568598862737,4.628070382750593e-05,99.9993896484375,5
203,203,0.01544189453125,0.00592041015625,0.00515155820176,0.0002384521067142,3.505125641822815e-05,0.0051515307277441,0.0619229264557361,0.0004628737224265,6.804010627092794e-05,99.9994659423828,5
204,204,0.01361083984375,0.00653076171875,0.0051515386439859,0.0001852549612522,4.265084862709045e-05,0.0051515158265829,0.0619227960705757,0.000359610945452,8.279244502773508e-05,99.9995574951172,5
205,205,0.0115966796875,0.00726318359375,0.0051515190862119,0.0001344829797744,5.2753835916519165e-05,0.0051515004597604,0.0619226694107055,0.000261054985458,0.0001024044177029,99.9996337890625,5
206,206,0.00909423828125,0.00714111328125,0.0051514995284378,8.270516991615295e-05,5.099549889564514e-05,0.0051514860242605,0.0619225390255451,0.0001605458091944,9.899156430037692e-05,99.99974060058594,5
207,207,0.006622314453125,0.00689697265625,0.005151480436325,4.385504871606827e-05,4.756823182106018e-05,0.0051514715887606,0.0619224086403846,8.513095963280648e-05,9.233895252691582e-05,99.99982452392578,5
208,208,0.003936767578125,0.0067138671875,0.0051514627411961,1.5498138964176178e-05,4.507601261138916e-05,0.0051514566875994,0.0619222819805145,3.008492785738781e-05,8.750137931201607e-05,99.9998779296875,5
209,209,0.001739501953125,0.006591796875,0.0051514469087123,3.0258670449256897e-06,4.3451786041259766e-05,0.0051514422520995,0.0619221590459346,5.873819645785261e-06,8.434869960183278e-05,99.99990844726562,5
210,210,0.000762939453125,0.00616455078125,0.0051514315418899,5.820766091346741e-07,3.800168633460999e-05,0.0051514278165996,0.0619220249354839,1.129931774812576e-06,7.376918074442074e-05,99.99993133544922,5
211,211,0.002838134765625,0.005615234375,0.0051514180377125,8.055008947849274e-06,3.153085708618164e-05,0.0051514138467609,0.0619219094514846,1.5636489479220472e-05,6.120810576248914e-05,99.99991607666016,5
212,212,0.004669189453125,0.00506591796875,0.0051514054648578,2.1801330149173737e-05,2.566352486610413e-05,0.0051514003425836,0.0619217939674854,4.232113133184612e-05,4.981849269825034e-05,99.9999008178711,5
213,213,0.005950927734375,0.0048828125,0.005151392892003,3.541354089975357e-05,2.384185791015625e-05,0.0051513868384063,0.0619216635823249,6.874556856928393e-05,4.628235183190554e-05,99.9998779296875,5
214,214,0.007232666015625,0.00445556640625,0.0051513807848095,5.231145769357681e-05,1.985207200050354e-05,0.0051513737998902,0.0619215480983257,0.0001015484158415,3.853737871395424e-05,99.99986267089844,5
215,215,0.008544921875,0.00396728515625,0.0051513700745999,7.301568984985352e-05,1.5739351511001587e-05,0.0051513612270355,0.0619214326143264,0.000141740325489,3.055371780646965e-05,99.99982452392578,5
216,216,0.009674072265625,0.00323486328125,0.0051513584330677,9.358767420053482e-05,1.0464340448379517e-05,0.0051513481885194,0.0619213171303272,0.0001816757139749,2.0313749701017517e-05,99.9998016357422,5
217,217,0.010498046875,0.00360107421875,0.0051513477228581,0.0001102089881896,1.2967735528945925e-05,0.0051513351500034,0.0619211941957473,0.0002139420539606,2.517348002584185e-05,99.999755859375,5
218,218,0.0108642578125,0.00390625,0.0051513351500034,0.0001180320978164,1.52587890625e-05,0.0051513221114873,0.0619210824370384,0.0002291291166329,2.9621038265759125e-05,99.99974822998048,5
219,219,0.01153564453125,0.004150390625,0.0051513239741325,0.0001330710947513,1.722574234008789e-05,0.00515130860731,0.0619209557771682,0.0002583240566309,3.343944626976736e-05,99.99970245361328,5
220,220,0.011688232421875,0.00439453125,0.0051513114012777,0.0001366147771477,1.931190490722656e-05,0.0051512960344552,0.0619208440184593,0.0002652038820087,3.748929884750396e-05,99.99970245361328,5
221,221,0.011444091796875,0.0050048828125,0.0051512983627617,0.0001309672370553,2.504885196685791e-05,0.0051512829959392,0.0619207210838794,0.0002542412257753,4.862628702539951e-05,99.99970245361328,5
222,222,0.0111083984375,0.005615234375,0.0051512857899069,0.0001233965158462,3.153085708618164e-05,0.0051512704230844,0.0619206093251705,0.0002395450719632,6.120968464529142e-05,99.99970245361328,5
223,223,0.0108642578125,0.006103515625,0.0051512732170522,0.0001180320978164,3.725290298461914e-05,0.0051512578502297,0.0619204938411712,0.0002291318814968,7.23178600310348e-05,99.99970245361328,5
224,224,0.010589599609375,0.0064697265625,0.0051512601785361,0.0001121396198868,4.185736179351807e-05,0.0051512448117136,0.0619203671813011,0.0002176935668103,8.125654858304188e-05,99.99970245361328,5
225,225,0.009857177734375,0.00689697265625,0.0051512466743588,9.716395288705826e-05,4.756823182106018e-05,0.0051512322388589,0.0619202554225921,0.0001886222016764,9.23431434785016e-05,99.99971771240234,5
226,226,0.009490966796875,0.00689697265625,0.0051512322388589,9.00784507393837e-05,4.756823182106018e-05,0.0051512187346816,0.0619201362133026,0.0001748677750583,9.234339813701808e-05,99.99974060058594,5
227,227,0.008880615234375,0.00714111328125,0.0051512201316654,7.886532694101334e-05,5.099549889564514e-05,0.0051512070931494,0.0619200132787227,0.0001531002781121,9.899692668113858e-05,99.99974822998048,5
228,228,0.008056640625,0.00714111328125,0.0051512061618268,6.490945816040039e-05,5.099549889564514e-05,0.0051511945202946,0.0619199052453041,0.0001260082644876,9.899718861561269e-05,99.99977111816406,5
229,229,0.007720947265625,0.00665283203125,0.0051511931233108,5.961302667856216e-05,4.4260174036026e-05,0.0051511824131011,0.0619197934865951,0.0001157266378868,8.592217636760324e-05,99.99979400634766,5
230,230,0.0067138671875,0.00634765625,0.0051511796191334,4.507601261138916e-05,4.029273986816406e-05,0.005151170771569,0.0619196854531765,8.750618871999905e-05,7.822040788596496e-05,99.99982452392578,5
231,231,0.006256103515625,0.00604248046875,0.0051511661149561,3.9138831198215485e-05,3.651157021522522e-05,0.0051511586643755,0.0619195625185966,7.598052616231143e-05,7.08802035660483e-05,99.9998550415039,5
232,232,0.0054931640625,0.0062255859375,0.0051511526107788,3.0174851417541504e-05,3.875792026519776e-05,0.0051511460915207,0.0619194582104682,5.857883661519736e-05,7.524125976487994e-05,99.9998779296875,5
233,233,0.004852294921875,0.00537109375,0.0051511395722627,2.3544766008853912e-05,2.8848648071289062e-05,0.0051511344499886,0.0619193464517593,4.570787859847769e-05,5.600439908448607e-05,99.9999008178711,5
234,234,0.00457763671875,0.00518798828125,0.0051511265337467,2.0954757928848267e-05,2.691522240638733e-05,0.0051511218771338,0.0619192346930503,4.067995178047568e-05,5.2251136366976425e-05,99.99990844726562,5
235,235,0.003753662109375,0.00506591796875,0.0051511134952306,1.4089979231357574e-05,2.566352486610413e-05,0.005151109304279,0.0619191117584705,2.735326961555984e-05,4.982131213182584e-05,99.99991607666016,5
236,236,0.003204345703125,0.00457763671875,0.0051511004567146,1.026783138513565e-05,2.0954757928848267e-05,0.0051510971970856,0.0619190037250518,1.9933275325456638e-05,4.068015914526768e-05,99.99993133544922,5
237,237,0.002960205078125,0.00433349609375,0.0051510869525372,8.762814104557037e-06,1.877918839454651e-05,0.0051510841585695,0.0619188845157623,1.7011581803672016e-05,3.645674587460235e-05,99.99994659423828,5
238,238,0.002655029296875,0.00433349609375,0.0051510743796825,7.049180567264557e-06,1.877918839454651e-05,0.0051510715857148,0.0619187653064727,1.368487392028328e-05,3.6456836824072525e-05,99.99994659423828,5
239,239,0.0023193359375,0.00445556640625,0.0051510604098439,5.379319190979004e-06,1.985207200050354e-05,0.0051510580815374,0.0619186423718929,1.0443129212944768e-05,3.8539776141988114e-05,99.9999542236328,5
240,240,0.00201416015625,0.00457763671875,0.0051510483026504,4.056841135025024e-06,2.0954757928848267e-05,0.0051510455086827,0.0619185268878936,7.87575845606625e-06,4.068057023687288e-05,99.99994659423828,5
241,241,0.001983642578125,0.0045166015625,0.0051510347984731,3.934837877750397e-06,2.039968967437744e-05,0.0051510324701666,0.0619184002280235,7.638926945219282e-06,3.9603088225703686e-05,99.9999542236328,5
242,242,0.00152587890625,0.00494384765625,0.0051510208286345,2.3283064365386963e-06,2.4441629648208615e-05,0.005151018500328,0.0619182735681533,4.520087259152206e-06,4.745006663142704e-05,99.9999542236328,5
243,243,0.001251220703125,0.0050048828125,0.0051510077901184,1.5655532479286194e-06,2.504885196685791e-05,0.005151005461812,0.0619181543588638,3.0393146062124288e-06,4.862903369939886e-05,99.9999542236328,5
244,244,0.0015869140625,0.0050048828125,0.0051509952172636,2.518296241760254e-06,2.504885196685791e-05,0.0051509924232959,0.0619180351495742,4.888950570602901e-06,4.862915375269949e-05,99.99994659423828,5
245,245,0.001495361328125,0.00518798828125,0.0051509807817637,2.236105501651764e-06,2.691522240638733e-05,0.005150977987796,0.0619179122149944,4.341125531936996e-06,5.22526133863721e-05,99.99994659423828,5
246,246,0.001739501953125,0.00506591796875,0.0051509686745703,3.0258670449256897e-06,2.566352486610413e-05,0.0051509654149413,0.0619177892804145,5.874365342606325e-06,4.982271639164537e-05,99.99993133544922,5
247,247,0.001953125,0.00518798828125,0.0051509556360542,3.814697265625e-06,2.691522240638733e-05,0.0051509523764252,0.061917670071125,7.405805263260845e-06,5.22528680448886e-05,99.99993133544922,5
248,248,0.002349853515625,0.00518798828125,0.0051509416662156,5.521811544895172e-06,2.691522240638733e-05,0.0051509384065866,0.0619175434112548,1.0720003956521396e-05,5.225300992606208e-05,99.99993133544922,5
249,249,0.00262451171875,0.00506591796875,0.0051509286276996,6.888061761856079e-06,2.566352486610413e-05,0.0051509253680706,0.0619174242019653,1.3372465218708385e-05,4.982310201739893e-05,99.99993133544922,5
250,250,0.002532958984375,0.00506591796875,0.0051509151235222,6.415881216526032e-06,2.566352486610413e-05,0.0051509118638932,0.0619172975420951,1.2455808246158996e-05,4.982323298463598e-05,99.99993133544922,5
251,251,0.0028076171875,0.0050048828125,0.0051509006880223,7.88271427154541e-06,2.504885196685791e-05,0.0051508974283933,0.0619171746075153,1.530356348666828e-05,4.863004505750723e-05,99.99993133544922,5
252,252,0.00299072265625,0.00518798828125,0.005150887183845,8.944422006607056e-06,2.691522240638733e-05,0.0051508834585547,0.0619170404970645,1.7364816812914796e-05,5.225356289884076e-05,99.99993133544922,5
253,253,0.003143310546875,0.00506591796875,0.0051508741453289,9.880401194095612e-06,2.566352486610413e-05,0.0051508704200387,0.061916921287775,1.918198904604651e-05,4.982363316230476e-05,99.99993133544922,5
254,254,0.003326416015625,0.005126953125,0.005150859709829,1.10650435090065e-05,2.6285648345947266e-05,0.0051508559845387,0.061916783452034,2.1481935618794523e-05,5.103157309349626e-05,99.99993133544922,5
255,255,0.003570556640625,0.00537109375,0.0051508457399904,1.2748874723911284e-05,2.8848648071289062e-05,0.0051508415490388,0.0619166605174541,2.475103065080475e-05,5.600759322987869e-05,99.99991607666016,5
256,256,0.003997802734375,0.005126953125,0.005150833632797,1.5982426702976227e-05,2.6285648345947266e-05,0.0051508294418454,0.0619165413081646,3.1028816010802984e-05,5.1031831389991567e-05,99.99991607666016,5
257,257,0.004302978515625,0.00494384765625,0.0051508196629583,1.851562410593033e-05,2.4441629648208615e-05,0.0051508154720067,0.0619164146482944,3.5946944990428165e-05,4.745191836263984e-05,99.99991607666016,5
258,258,0.004241943359375,0.0050048828125,0.0051508052274584,1.799408346414566e-05,2.504885196685791e-05,0.0051508010365068,0.0619162917137146,3.4934502764372155e-05,4.863094363827258e-05,99.99991607666016,5
259,259,0.0045166015625,0.00457763671875,0.0051507921889424,2.039968967437744e-05,2.0954757928848267e-05,0.0051507884636521,0.0619161650538444,3.960495450883173e-05,4.0682592953089625e-05,99.99993133544922,5
260,260,0.004852294921875,0.00482177734375,0.0051507786847651,2.3544766008853912e-05,2.324953675270081e-05,0.0051507740281522,0.0619160309433937,4.571108001982793e-05,4.513790190685541e-05,99.99990844726562,5
261,261,0.0047607421875,0.0048828125,0.0051507637836039,2.2664666175842285e-05,2.384185791015625e-05,0.005150759126991,0.0619159042835235,4.4002532376907766e-05,4.628800525097176e-05,99.99990844726562,5
262,262,0.004852294921875,0.00506591796875,0.0051507507450878,2.3544766008853912e-05,2.566352486610413e-05,0.0051507456228137,0.0619157738983631,4.5711327402386814e-05,4.9824826419353485e-05,99.9999008178711,5
263,263,0.004608154296875,0.0054931640625,0.0051507363095879,2.123508602380753e-05,3.0174851417541504e-05,0.0051507311873137,0.0619156472384929,4.122728205402382e-05,5.858356598764658e-05,99.9999008178711,5
264,264,0.004669189453125,0.005615234375,0.0051507232710719,2.1801330149173737e-05,3.153085708618164e-05,0.0051507176831364,0.0619155168533325,4.232673381920904e-05,6.121636397438124e-05,99.99989318847656,5
265,265,0.004638671875,0.00592041015625,0.0051507093012332,2.1517276763916016e-05,3.505125641822815e-05,0.0051507032476365,0.061915386468172,4.177536538918503e-05,6.805131852161139e-05,99.9998779296875,5
266,266,0.004547119140625,0.00579833984375,0.005150694400072,2.067629247903824e-05,3.3620744943618774e-05,0.0051506892777979,0.0619152598083019,4.014272417407483e-05,6.527419463964179e-05,99.9999008178711,5
267,267,0.00439453125,0.00604248046875,0.0051506794989109,1.931190490722656e-05,3.651157021522522e-05,0.0051506739109754,0.0619151256978511,3.749390089069493e-05,7.088689744705334e-05,99.99989318847656,5
268,268,0.004425048828125,0.0059814453125,0.0051506664603948,1.958105713129044e-05,3.577768802642822e-05,0.0051506608724594,0.061914999037981,3.801654747803696e-05,6.9462250394281e-05,99.99989318847656,5
269,269,0.004547119140625,0.00537109375,0.0051506520248949,2.067629247903824e-05,2.8848648071289062e-05,0.005150647368282,0.0619148723781108,4.014305886812508e-05,5.600970325758681e-05,99.99990844726562,5
270,270,0.0045166015625,0.00518798828125,0.0051506380550563,2.039968967437744e-05,2.691522240638733e-05,0.0051506333984434,0.0619147419929504,3.960613685194403e-05,5.225609129411168e-05,99.99990844726562,5
271,271,0.004364013671875,0.00518798828125,0.0051506236195564,1.904461532831192e-05,2.691522240638733e-05,0.0051506189629435,0.0619146227836608,3.697535794344731e-05,5.2256240451242775e-05,99.99990844726562,5
272,272,0.004486083984375,0.004638671875,0.0051506096497178,2.0124949514865875e-05,2.1517276763916016e-05,0.0051506054587662,0.0619144849479198,3.9072943764040247e-05,4.177617665845901e-05,99.99991607666016,5
273,273,0.00421142578125,0.0047607421875,0.0051505952142179,1.7736107110977173e-05,2.2664666175842285e-05,0.0051505910232663,0.0619143582880497,3.443506284384057e-05,4.4003973016515374e-05,99.99991607666016,5
274,274,0.004486083984375,0.00482177734375,0.0051505812443792,2.0124949514865875e-05,2.324953675270081e-05,0.0051505770534276,0.0619142279028892,3.9073158404789865e-05,4.513963358476758e-05,99.99991607666016,5
275,275,0.00421142578125,0.00494384765625,0.005150566343218,1.7736107110977173e-05,2.4441629648208615e-05,0.0051505621522665,0.0619140937924385,3.4435255656717345e-05,4.74542575830128e-05,99.99991607666016,5
276,276,0.003814697265625,0.0052490234375,0.0051505519077181,1.4551915228366852e-05,2.755224704742432e-05,0.0051505477167665,0.0619139596819877,2.8253118216525763e-05,5.349377897800878e-05,99.99991607666016,5
277,277,0.003814697265625,0.00506591796875,0.0051505379378795,1.4551915228366852e-05,2.566352486610413e-05,0.0051505337469279,0.0619138330221176,2.8253194614080712e-05,4.982688187737949e-05,99.99991607666016,5
278,278,0.00396728515625,0.005126953125,0.0051505235023796,1.5739351511001587e-05,2.6285648345947266e-05,0.005150519311428,0.0619136989116668,3.055874185520224e-05,5.103490184410475e-05,99.99991607666016,5
279,279,0.003814697265625,0.00537109375,0.0051505090668797,1.4551915228366852e-05,2.8848648071289062e-05,0.0051505048759281,0.0619135685265064,2.825335286615882e-05,5.601125303655863e-05,99.99991607666016,5
280,280,0.004058837890625,0.005126953125,0.0051504950970411,1.64741650223732e-05,2.6285648345947266e-05,0.0051504904404282,0.0619134381413459,3.1985593523131683e-05,5.1035185606451705e-05,99.99990844726562,5
281,281,0.003875732421875,0.00531005859375,0.0051504797302186,1.5021301805973051e-05,2.8196722269058228e-05,0.005150475539267,0.0619133040308952,2.9164861189201478e-05,5.474581121234223e-05,99.99991607666016,5
282,282,0.00390625,0.00518798828125,0.0051504652947187,1.52587890625e-05,2.691522240638733e-05,0.0051504611037671,0.0619131661951541,2.962604048661888e-05,5.22578447998967e-05,99.99991607666016,5
283,283,0.0037841796875,0.00543212890625,0.0051504503935575,1.4320015907287598e-05,2.950802445411682e-05,0.0051504462026059,0.0619130283594131,2.780342401820235e-05,5.72921235288959e-05,99.99991607666016,5
284,284,0.00347900390625,0.0054931640625,0.0051504354923963,1.210346817970276e-05,3.0174851417541504e-05,0.0051504313014447,0.0619128942489624,2.349989154026844e-05,5.858698932570405e-05,99.99991607666016,5
285,285,0.00360107421875,0.00531005859375,0.0051504210568964,1.2967735528945925e-05,2.8196722269058228e-05,0.0051504168659448,0.0619127601385116,2.517800749046728e-05,5.474643694469705e-05,99.99991607666016,5
286,286,0.003692626953125,0.00531005859375,0.0051504066213965,1.363549381494522e-05,2.8196722269058228e-05,0.0051504024304449,0.0619126260280609,2.6474597689229995e-05,5.474658973980695e-05,99.99991607666016,5
287,287,0.003692626953125,0.005126953125,0.0051503921858966,1.363549381494522e-05,2.6285648345947266e-05,0.005150387994945,0.0619124881923198,2.647467226779554e-05,5.103620424051769e-05,99.99991607666016,5
288,288,0.003875732421875,0.00518798828125,0.0051503772847354,1.5021301805973051e-05,2.691522240638733e-05,0.0051503730937838,0.0619123503565788,2.91654396278318e-05,5.225873610470444e-05,99.99991607666016,5
289,289,0.004150390625,0.00506591796875,0.0051503623835742,1.722574234008789e-05,2.566352486610413e-05,0.0051503577269613,0.061912216246128,3.344568904140033e-05,4.982858445146121e-05,99.99990844726562,5
290,290,0.003936767578125,0.005126953125,0.0051503470167517,1.5498138964176178e-05,2.6285648345947266e-05,0.0051503428258001,0.0619120821356773,3.009144529642072e-05,5.103665171191096e-05,99.99991607666016,5
291,291,0.003997802734375,0.0052490234375,0.0051503325812518,1.5982426702976227e-05,2.755224704742432e-05,0.0051503283903002,0.0619119405746459,3.103183553321287e-05,5.349605271476321e-05,99.99991607666016,5
292,292,0.004180908203125,0.005126953125,0.0051503176800906,1.7479993402957916e-05,2.6285648345947266e-05,0.0051503130234777,0.0619118064641952,3.393963925191201e-05,5.103694275021553e-05,99.99990844726562,5
293,293,0.00421142578125,0.00482177734375,0.0051503023132681,1.7736107110977173e-05,2.324953675270081e-05,0.0051502981223165,0.0619116723537445,3.443702371441759e-05,4.5142078306525946e-05,99.99991607666016,5
294,294,0.004058837890625,0.0050048828125,0.0051502869464457,1.64741650223732e-05,2.504885196685791e-05,0.0051502827554941,0.0619115307927131,3.19868850056082e-05,4.863583671976812e-05,99.99991607666016,5
295,295,0.004180908203125,0.0052490234375,0.0051502720452845,1.7479993402957916e-05,2.755224704742432e-05,0.0051502673886716,0.0619113892316818,3.3939941204153e-05,5.349668208509684e-05,99.99990844726562,5
296,296,0.00408935546875,0.00518798828125,0.0051502571441233,1.6722828149795532e-05,2.691522240638733e-05,0.0051502524875104,0.0619112476706504,3.2469888537889346e-05,5.225995846558362e-05,99.99990844726562,5
297,297,0.004241943359375,0.005126953125,0.0051502417773008,1.799408346414566e-05,2.6285648345947266e-05,0.0051502371206879,0.0619111061096191,3.493832628009841e-05,5.103769217384979e-05,99.99990844726562,5
298,298,0.00433349609375,0.00506591796875,0.0051502268761396,1.877918839454651e-05,2.566352486610413e-05,0.0051502222195267,0.0619109719991683,3.646283221314661e-05,4.982989048585296e-05,99.99990844726562,5
299,299,0.00439453125,0.0047607421875,0.0051502115093171,1.931190490722656e-05,2.2664666175842285e-05,0.0051502073183655,0.061910830438137,3.749730240087956e-05,4.400725083542056e-05,99.99991607666016,5
300,300,0.003936767578125,0.00506591796875,0.0051501956768333,1.5498138964176178e-05,2.566352486610413e-05,0.0051501914858818,0.061910692602396,3.009232932527084e-05,4.9830192438093945e-05,99.99991607666016,5
301,301,0.004180908203125,0.00506591796875,0.0051501812413334,1.7479993402957916e-05,2.566352486610413e-05,0.0051501765847206,0.0619105547666549,3.394054147065617e-05,4.983033431926742e-05,99.99990844726562,5
302,302,0.004150390625,0.00518798828125,0.0051501654088497,1.722574234008789e-05,2.691522240638733e-05,0.0051501607522368,0.0619104132056236,3.3446969609940425e-05,5.2260882512200624e-05,99.99990844726562,5
303,303,0.004058837890625,0.00506591796875,0.0051501500420272,1.64741650223732e-05,2.566352486610413e-05,0.0051501453854143,0.0619102679193019,3.198773629264906e-05,4.983063627150841e-05,99.99990844726562,5
304,304,0.00384521484375,0.0054931640625,0.0051501337438821,1.4785677194595335e-05,3.0174851417541504e-05,0.0051501295529305,0.0619101226329803,2.870930620701984e-05,5.859041993971914e-05,99.99991607666016,5
305,305,0.003692626953125,0.00555419921875,0.0051501188427209,1.363549381494522e-05,3.084912896156311e-05,0.0051501141861081,0.061909981071949,2.647607652761508e-05,5.989983765175566e-05,99.99990844726562,5
306,306,0.003631591796875,0.0057373046875,0.0051501030102372,1.3188458979129791e-05,3.291666507720947e-05,0.0051500983536243,0.0619098395109176,2.560814573371317e-05,6.39145728200674e-05,99.99990844726562,5
307,307,0.003753662109375,0.0054931640625,0.0051500867120921,1.4089979231357574e-05,3.0174851417541504e-05,0.0051500825211405,0.061909694224596,2.735872294579167e-05,5.859095472260378e-05,99.99991607666016,5
308,308,0.003509521484375,0.00555419921875,0.0051500718109309,1.2316741049289703e-05,3.084912896156311e-05,0.005150067154318,0.0619095489382743,2.391566886217333e-05,5.990038334857673e-05,99.99990844726562,5
309,309,0.003570556640625,0.00555419921875,0.0051500564441084,1.2748874723911284e-05,3.084912896156311e-05,0.0051500517874956,0.0619094148278236,2.4754823243711144e-05,5.990056160953827e-05,99.99990844726562,5
310,310,0.003387451171875,0.00543212890625,0.0051500401459634,1.147482544183731e-05,2.950802445411682e-05,0.0051500364206731,0.0619092658162117,2.2281041310634464e-05,5.729668191634119e-05,99.99993133544922,5
311,311,0.00372314453125,0.0050048828125,0.0051500247791409,1.3861805200576782e-05,2.504885196685791e-05,0.0051500210538506,0.06190912052989,2.691599547688384e-05,4.863831418333575e-05,99.99993133544922,5
312,312,0.003570556640625,0.0042724609375,0.0051500084809958,1.2748874723911284e-05,1.825392246246338e-05,0.0051500052213668,0.0619089752435684,2.47550560743548e-05,3.544444916769862e-05,99.99993133544922,5
313,313,0.0037841796875,0.00421142578125,0.0051499926485121,1.4320015907287598e-05,1.7736107110977173e-05,0.0051499893888831,0.0619088374078273,2.7805894205812365e-05,3.443909008638002e-05,99.99993133544922,5
314,314,0.003662109375,0.0045166015625,0.005149976350367,1.341104507446289e-05,2.039968967437744e-05,0.005149973090738,0.0619086883962154,2.6040981538244523e-05,3.961123002227396e-05,99.99993133544922,5
315,315,0.0037841796875,0.004638671875,0.0051499609835445,1.4320015907287598e-05,2.1517276763916016e-05,0.0051499572582542,0.0619085431098938,2.78060670098057e-05,4.178143717581406e-05,99.99993133544922,5
316,316,0.00396728515625,0.0048828125,0.0051499456167221,1.5739351511001587e-05,2.384185791015625e-05,0.0051499418914318,0.0619084015488624,3.056216883123852e-05,4.62953576061409e-05,99.99993133544922,5
317,317,0.003875732421875,0.005126953125,0.005149929318577,1.5021301805973051e-05,2.6285648345947266e-05,0.0051499251276254,0.0619082450866699,2.9167978937039152e-05,5.1040791731793433e-05,99.99991607666016,5
318,318,0.00396728515625,0.0052490234375,0.0051499139517545,1.5739351511001587e-05,2.755224704742432e-05,0.0051499097608029,0.0619081035256385,3.0562354368157685e-05,5.350040009943768e-05,99.99991607666016,5
319,319,0.003997802734375,0.0052490234375,0.0051498976536095,1.5982426702976227e-05,2.755224704742432e-05,0.0051498934626579,0.0619079545140266,3.1034454877953976e-05,5.350057108444162e-05,99.99991607666016,5
320,320,0.004364013671875,0.0047607421875,0.0051498818211257,1.904461532831192e-05,2.2664666175842285e-05,0.0051498776301741,0.0619078129529953,3.698068394442089e-05,4.401007026899606e-05,99.99991607666016,5
321,321,0.00408935546875,0.00506591796875,0.0051498659886419,1.6722828149795532e-05,2.566352486610413e-05,0.0051498613320291,0.0619076639413833,3.2472355087520555e-05,4.983338658348657e-05,99.99990844726562,5
322,322,0.00408935546875,0.00543212890625,0.0051498496904969,1.6722828149795532e-05,2.950802445411682e-05,0.005149845033884,0.0619075149297714,3.247245695092715e-05,5.729880285798572e-05,99.99990844726562,5
323,323,0.004425048828125,0.00555419921875,0.0051498338580131,1.958105713129044e-05,3.084912896156311e-05,0.0051498287357389,0.0619073659181594,3.802269566222094e-05,5.990315185044892e-05,99.9999008178711,5
324,324,0.004241943359375,0.00567626953125,0.005149817559868,1.799408346414566e-05,3.2220035791397095e-05,0.0051498124375939,0.0619072094559669,3.494120392133482e-05,6.256539199966937e-05,99.9999008178711,5
325,325,0.004180908203125,0.005615234375,0.0051498017273843,1.7479993402957916e-05,3.153085708618164e-05,0.0051497966051101,0.0619070678949356,3.3943040762096643e-05,6.12273215665482e-05,99.9999008178711,5
326,326,0.004241943359375,0.00592041015625,0.0051497854292392,1.799408346414566e-05,3.505125641822815e-05,0.0051497798413038,0.061906911432743,3.4941422200063244e-05,6.806352757848799e-05,99.99989318847656,5
327,327,0.004364013671875,0.00579833984375,0.0051497691310942,1.904461532831192e-05,3.3620744943618774e-05,0.00514976400882,0.061906773597002,3.698149157571606e-05,6.528592348331586e-05,99.9999008178711,5
328,328,0.0042724609375,0.005615234375,0.0051497532986104,1.825392246246338e-05,3.153085708618164e-05,0.0051497481763362,0.0619066208600997,3.544620631146245e-05,6.122789636719972e-05,99.9999008178711,5
329,329,0.00433349609375,0.005126953125,0.0051497365348041,1.877918839454651e-05,2.6285648345947266e-05,0.0051497318781912,0.0619064792990684,3.6466306482907385e-05,5.104270167066716e-05,99.99990844726562,5
330,330,0.004547119140625,0.0050048828125,0.005149720236659,2.067629247903824e-05,2.504885196685791e-05,0.0051497160457074,0.0619063302874565,4.015032027382404e-05,4.864119182457216e-05,99.99991607666016,5
331,331,0.00439453125,0.0048828125,0.0051497030071914,1.931190490722656e-05,2.384185791015625e-05,0.0051496988162398,0.0619061812758445,3.750100586330518e-05,4.6297536755446345e-05,99.99991607666016,5
332,332,0.00433349609375,0.0047607421875,0.0051496871747076,1.877918839454651e-05,2.2664666175842285e-05,0.005149682983756,0.0619060322642326,3.646665572887287e-05,4.40117328253109e-05,99.99991607666016,5
333,333,0.004364013671875,0.00494384765625,0.0051496704109013,1.904461532831192e-05,2.4441629648208615e-05,0.0051496662199497,0.0619058795273304,3.6982200981583446e-05,4.746250851894729e-05,99.99991607666016,5
334,334,0.00433349609375,0.00439453125,0.0051496545784175,1.877918839454651e-05,1.931190490722656e-05,0.0051496508531272,0.0619057342410087,3.646688492153771e-05,3.750135874724947e-05,99.99993133544922,5
335,335,0.00390625,0.00506591796875,0.0051496378146111,1.52587890625e-05,2.566352486610413e-05,0.0051496336236596,0.0619055777788162,2.963080078188796e-05,4.983559119864367e-05,99.99991607666016,5
336,336,0.00408935546875,0.0047607421875,0.0051496215164661,1.6722828149795532e-05,2.2664666175842285e-05,0.0051496173255145,0.0619054287672042,3.247389759053476e-05,4.401229307404719e-05,99.99991607666016,5
337,337,0.003936767578125,0.0048828125,0.0051496042869985,1.5498138964176178e-05,2.384185791015625e-05,0.0051496005617082,0.061905276030302,3.0095785405137576e-05,4.629842806025408e-05,99.99993133544922,5
338,338,0.003997802734375,0.00469970703125,0.0051495879888534,1.5982426702976227e-05,2.208724617958069e-05,0.0051495842635631,0.0619051270186901,3.1036321161082014e-05,4.289128628442995e-05,99.99993133544922,5
339,339,0.004058837890625,0.0048828125,0.0051495716907083,1.64741650223732e-05,2.384185791015625e-05,0.0051495674997568,0.0619049742817878,3.199132697773166e-05,4.629871909855865e-05,99.99991607666016,5
340,340,0.00396728515625,0.0047607421875,0.0051495544612407,1.5739351511001587e-05,2.2664666175842285e-05,0.0051495507359504,0.0619048215448856,3.056448986171745e-05,4.4012867874698713e-05,99.99993133544922,5
341,341,0.00396728515625,0.00494384765625,0.0051495376974344,1.5739351511001587e-05,2.4441629648208615e-05,0.0051495339721441,0.0619046613574028,3.056458808714524e-05,4.746373451780528e-05,99.99993133544922,5
342,342,0.00390625,0.0052490234375,0.0051495218649506,1.52587890625e-05,2.755224704742432e-05,0.005149517673999,0.0619045160710811,2.9631468350999057e-05,5.3504474635701627e-05,99.99991607666016,5
343,343,0.003875732421875,0.00531005859375,0.005149504635483,1.5021301805973051e-05,2.8196722269058228e-05,0.0051495004445314,0.0619043558835983,2.917038364103064e-05,5.475617945194245e-05,99.99991607666016,5
344,344,0.004058837890625,0.00543212890625,0.0051494878716766,1.64741650223732e-05,2.950802445411682e-05,0.0051494832150638,0.0619042068719863,3.1991847208701074e-05,5.730282646254636e-05,99.99990844726562,5
345,345,0.003387451171875,0.00579833984375,0.0051494701765477,1.147482544183731e-05,3.3620744943618774e-05,0.0051494659855961,0.0619040429592132,2.2283507860265672e-05,6.528971425723284e-05,99.99991607666016,5
346,346,0.00341796875,0.0057373046875,0.0051494543440639,1.1682510375976562e-05,3.291666507720947e-05,0.0051494496874511,0.061903890222311,2.268689058837481e-05,6.39226273051463e-05,99.99990844726562,5
347,347,0.003692626953125,0.0052490234375,0.0051494375802576,1.363549381494522e-05,2.755224704742432e-05,0.005149433389306,0.0619037449359893,2.6479579901206307e-05,5.3505351388594136e-05,99.99991607666016,5
348,348,0.003631591796875,0.00543212890625,0.0051494198851287,1.3188458979129791e-05,2.950802445411682e-05,0.0051494156941771,0.0619035847485065,2.5611541786929592e-05,5.730359043809585e-05,99.99991607666016,5
349,349,0.00347900390625,0.00567626953125,0.0051494026556611,1.210346817970276e-05,3.2220035791397095e-05,0.0051493979990482,0.0619034320116043,2.3504606360802427e-05,6.2570434238296e-05,99.99990844726562,5
350,350,0.003692626953125,0.00567626953125,0.0051493868231773,1.363549381494522e-05,3.2220035791397095e-05,0.0051493821665644,0.0619032755494117,2.647983819770161e-05,6.257062341319397e-05,99.99990844726562,5
351,351,0.003875732421875,0.00531005859375,0.0051493700593709,1.5021301805973051e-05,2.8196722269058228e-05,0.0051493658684194,0.0619031265377998,2.917114397860132e-05,5.475761281559244e-05,99.99991607666016,5
352,352,0.0037841796875,0.005126953125,0.0051493528299033,1.4320015907287598e-05,2.6285648345947266e-05,0.0051493486389517,0.0619029700756073,2.7809350285679105e-05,5.104650335852057e-05,99.99991607666016,5
353,353,0.003875732421875,0.00506591796875,0.0051493356004357,1.5021301805973051e-05,2.566352486610413e-05,0.0051493314094841,0.0619028098881244,2.9171340429456905e-05,4.983851977158338e-05,99.99991607666016,5
354,354,0.0037841796875,0.0048828125,0.0051493179053068,1.4320015907287598e-05,2.384185791015625e-05,0.0051493141800165,0.0619026646018028,2.7809537641587667e-05,4.6301000111270696e-05,99.99993133544922,5
355,355,0.00390625,0.0045166015625,0.0051493011415004,1.52587890625e-05,2.039968967437744e-05,0.0051492978818714,0.0619025044143199,2.963273618661333e-05,3.961642141803168e-05,99.99993133544922,5
356,356,0.004180908203125,0.0045166015625,0.0051492839120328,1.7479993402957916e-05,2.039968967437744e-05,0.0051492801867425,0.0619023516774177,3.394645318621769e-05,3.961655602324754e-05,99.99993133544922,5
357,357,0.004486083984375,0.00457763671875,0.0051492676138877,2.0124949514865875e-05,2.0954757928848267e-05,0.0051492638885974,0.0619021952152252,3.9083126466721296e-05,4.069463830091991e-05,99.99993133544922,5
358,358,0.004180908203125,0.00457763671875,0.0051492508500814,1.7479993402957916e-05,2.0954757928848267e-05,0.0051492466591298,0.061902031302452,3.394667146494612e-05,4.069476926815696e-05,99.99991607666016,5
359,359,0.0042724609375,0.00469970703125,0.0051492331549525,1.825392246246338e-05,2.208724617958069e-05,0.0051492289640009,0.0619018822908401,3.5449786082608625e-05,4.289424396120012e-05,99.99991607666016,5
360,360,0.004302978515625,0.0045166015625,0.0051492159254848,1.851562410593033e-05,2.039968967437744e-05,0.0051492122001945,0.061901718378067,3.5958139051217586e-05,3.961707625421696e-05,99.99993133544922,5
361,361,0.004364013671875,0.004638671875,0.0051491982303559,1.904461532831192e-05,2.1517276763916016e-05,0.0051491940394043,0.0619015619158744,3.698559521581046e-05,4.1787625377764925e-05,99.99991607666016,5
362,362,0.004302978515625,0.0048828125,0.0051491810008883,1.851562410593033e-05,2.384185791015625e-05,0.0051491768099367,0.0619013980031013,3.595838643377647e-05,4.63022333860863e-05,99.99991607666016,5
363,363,0.003997802734375,0.005126953125,0.0051491637714207,1.5982426702976227e-05,2.6285648345947266e-05,0.0051491595804691,0.0619012489914894,3.10388786601834e-05,5.104838055558503e-05,99.99991607666016,5
364,364,0.004150390625,0.0052490234375,0.005149146541953,1.722574234008789e-05,2.755224704742432e-05,0.0051491418853402,0.0619010813534259,3.3453587093390524e-05,5.350837454898283e-05,99.99990844726562,5
365,365,0.00421142578125,0.00531005859375,0.0051491293124854,1.7736107110977173e-05,2.8196722269058228e-05,0.0051491246558725,0.0619009211659431,3.444486719672568e-05,5.4760170314693823e-05,99.99990844726562,5
366,366,0.0037841796875,0.00579833984375,0.0051491111516952,1.4320015907287598e-05,3.3620744943618774e-05,0.0051491064950823,0.06190075725317,2.7810654501081444e-05,6.529426900669932e-05,99.99990844726562,5
367,367,0.00390625,0.005615234375,0.0051490939222276,1.52587890625e-05,3.153085708618164e-05,0.0051490892656147,0.0619006007909774,2.963392944366205e-05,6.123573984950781e-05,99.99990844726562,5
368,368,0.003753662109375,0.00579833984375,0.0051490762270987,1.4089979231357574e-05,3.3620744943618774e-05,0.0051490715704858,0.0619004368782043,2.7364092602510937e-05,6.529471284011379e-05,99.99990844726562,5
369,369,0.003936767578125,0.005615234375,0.005149058997631,1.5498138964176178e-05,3.153085708618164e-05,0.0051490543410182,0.0619002804160118,3.0098970455583185e-05,6.123615457909182e-05,99.99990844726562,5
370,370,0.00408935546875,0.0050048828125,0.0051490413025021,1.6722828149795532e-05,2.504885196685791e-05,0.0051490371115505,0.0619001239538192,3.247755375923589e-05,4.864760558120906e-05,99.99991607666016,5
371,371,0.004058837890625,0.00469970703125,0.0051490236073732,1.64741650223732e-05,2.208724617958069e-05,0.0051490194164216,0.0618999674916267,3.19947321258951e-05,4.289598655304872e-05,99.99991607666016,5
372,372,0.00396728515625,0.004638671875,0.0051490059122443,1.5739351511001587e-05,2.1517276763916016e-05,0.005149002186954,0.0618998073041439,3.0567745852749795e-05,4.178918607067317e-05,99.99993133544922,5
373,373,0.004150390625,0.00482177734375,0.0051489896140992,1.722574234008789e-05,2.324953675270081e-05,0.0051489854231476,0.061899647116661,3.345460572745651e-05,4.515358523349278e-05,99.99991607666016,5
374,374,0.003936767578125,0.0050048828125,0.0051489709876477,1.5498138964176178e-05,2.504885196685791e-05,0.0051489672623574,0.0618994869291782,3.009948522958439e-05,4.8648267693351954e-05,99.99993133544922,5
375,375,0.003875732421875,0.005126953125,0.0051489532925188,1.5021301805973051e-05,2.6285648345947266e-05,0.0051489491015672,0.0618993230164051,2.9173506845836528e-05,5.105046511744149e-05,99.99991607666016,5
376,376,0.003814697265625,0.005126953125,0.0051489351317286,1.4551915228366852e-05,2.6285648345947266e-05,0.005148930940777,0.0618991591036319,2.826199124683626e-05,5.1050647016381845e-05,99.99991607666016,5
377,377,0.003875732421875,0.00518798828125,0.005148917902261,1.5021301805973051e-05,2.691522240638733e-05,0.0051489137113094,0.0618989951908588,2.9173705115681518e-05,5.227354995440692e-05,99.99991607666016,5
378,378,0.00396728515625,0.00469970703125,0.0051489002071321,1.5739351511001587e-05,2.208724617958069e-05,0.0051488964818418,0.061898835003376,3.056837522308342e-05,4.289701610105112e-05,99.99993133544922,5
379,379,0.003997802734375,0.0047607421875,0.0051488820463418,1.5982426702976227e-05,2.2664666175842285e-05,0.0051488783210515,0.0618986785411834,3.104057759628631e-05,4.401861588121392e-05,99.99993133544922,5
380,380,0.004119873046875,0.00469970703125,0.0051488648168742,1.6973353922367096e-05,2.208724617958069e-05,0.0051488606259226,0.06189851090312,3.2965235732262954e-05,4.2897310777334496e-05,99.99991607666016,5
381,381,0.00390625,0.0047607421875,0.005148846656084,1.52587890625e-05,2.2664666175842285e-05,0.0051488429307937,0.0618983507156372,2.963535371236503e-05,4.401891783345491e-05,99.99993133544922,5
382,382,0.003753662109375,0.0048828125,0.0051488280296325,1.4089979231357574e-05,2.384185791015625e-05,0.0051488243043422,0.0618981830775737,2.7365411369828507e-05,4.630540570360608e-05,99.99993133544922,5
383,383,0.003875732421875,0.0052490234375,0.0051488098688423,1.5021301805973051e-05,2.755224704742432e-05,0.0051488056778907,0.0618980154395103,2.9174319934099916e-05,5.351187792257406e-05,99.99991607666016,5
384,384,0.00396728515625,0.00543212890625,0.0051487917080521,1.5739351511001587e-05,2.950802445411682e-05,0.0051487875171005,0.0618978440761566,3.056901914533228e-05,5.731057535740547e-05,99.99991607666016,5
385,385,0.003875732421875,0.00537109375,0.0051487735472619,1.5021301805973051e-05,2.8848648071289062e-05,0.0051487693563103,0.061897687613964,2.917452366091311e-05,5.603013778454624e-05,99.99991607666016,5
386,386,0.00390625,0.00506591796875,0.005148755852133,1.52587890625e-05,2.566352486610413e-05,0.0051487516611814,0.0618975237011909,2.963587576232385e-05,4.984412953490392e-05,99.99991607666016,5
387,387,0.004058837890625,0.0048828125,0.0051487381570041,1.64741650223732e-05,2.384185791015625e-05,0.0051487339660525,0.0618973597884178,3.199650745955296e-05,4.630621333490126e-05,99.99991607666016,5
388,388,0.00421142578125,0.00494384765625,0.0051487204618752,1.7736107110977173e-05,2.4441629648208615e-05,0.0051487162709236,0.0618971958756446,3.444759931880981e-05,4.747126513393596e-05,99.99991607666016,5
389,389,0.00433349609375,0.0048828125,0.0051487027667462,1.877918839454651e-05,2.384185791015625e-05,0.0051486985757946,0.0618970356881618,3.647362973424606e-05,4.630653347703628e-05,99.99991607666016,5
390,390,0.0042724609375,0.005126953125,0.0051486841402947,1.825392246246338e-05,2.6285648345947266e-05,0.0051486794836819,0.0618968680500984,3.5453565942589194e-05,5.10531390318647e-05,99.99990844726562,5
391,391,0.00396728515625,0.00543212890625,0.005148665048182,1.5739351511001587e-05,2.950802445411682e-05,0.0051486608572304,0.0618966966867446,3.0569772206945345e-05,5.731198325520381e-05,99.99991607666016,5
392,392,0.00384521484375,0.0052490234375,0.005148647353053,1.4785677194595335e-05,2.755224704742432e-05,0.0051486431621015,0.0618965327739715,2.87175971607212e-05,5.351356594474055e-05,99.99991607666016,5
393,393,0.004119873046875,0.0052490234375,0.0051486296579241,1.6973353922367096e-05,2.755224704742432e-05,0.0051486250013113,0.0618963614106178,3.296674185548909e-05,5.35137478436809e-05,99.99990844726562,5
394,394,0.00396728515625,0.005126953125,0.0051486105658113,1.5739351511001587e-05,2.6285648345947266e-05,0.0051486063748598,0.0618961974978446,3.0570095987059176e-05,5.105386662762612e-05,99.99991607666016,5
395,395,0.003936767578125,0.00543212890625,0.0051485914736986,1.5498138964176178e-05,2.950802445411682e-05,0.005148587282747,0.0618960261344909,3.010170621564612e-05,5.731280907639302e-05,99.99991607666016,5
396,396,0.00408935546875,0.005126953125,0.0051485747098922,1.6722828149795532e-05,2.6285648345947266e-05,0.0051485700532794,0.0618958622217178,3.248050052206963e-05,5.1054223149549216e-05,99.99990844726562,5
397,397,0.0040283203125,0.00518798828125,0.0051485556177794,1.6227364540100098e-05,2.691522240638733e-05,0.0051485514268279,0.0618956908583641,3.151828423142433e-05,5.227722795098089e-05,99.99991607666016,5
398,398,0.0040283203125,0.00506591796875,0.0051485374569892,1.6227364540100098e-05,2.566352486610413e-05,0.0051485332660377,0.0618955343961715,3.1518393370788544e-05,4.9846243200590834e-05,99.99991607666016,5
399,399,0.00396728515625,0.00494384765625,0.0051485183648765,1.5739351511001587e-05,2.4441629648208615e-05,0.0051485146395862,0.0618953593075275,3.057064168388024e-05,4.7473131417064e-05,99.99993133544922,5
400,400,0.004058837890625,0.0048828125,0.0051485002040863,1.64741650223732e-05,2.384185791015625e-05,0.0051484960131347,0.0618951916694641,3.1997988116927445e-05,4.630835610441864e-05,99.99991607666016,5
401,401,0.003997802734375,0.00482177734375,0.0051484811119735,1.5982426702976227e-05,2.324953675270081e-05,0.0051484773866832,0.0618950277566909,3.104299321421422e-05,4.515804903348908e-05,99.99993133544922,5
402,402,0.003997802734375,0.00469970703125,0.005148462485522,1.5982426702976227e-05,2.208724617958069e-05,0.0051484587602317,0.0618948601186275,3.104310599155724e-05,4.290066499379464e-05,99.99993133544922,5
403,403,0.004241943359375,0.004638671875,0.0051484447903931,1.799408346414566e-05,2.1517276763916016e-05,0.0051484405994415,0.0618946924805641,3.495052078505978e-05,4.1793740820139647e-05,99.99991607666016,5
404,404,0.004241943359375,0.00482177734375,0.0051484256982803,1.799408346414566e-05,2.324953675270081e-05,0.0051484215073287,0.0618945211172103,3.4950651752296835e-05,4.515853652264923e-05,99.99991607666016,5
405,405,0.00396728515625,0.00494384765625,0.0051484061405062,1.5739351511001587e-05,2.4441629648208615e-05,0.0051484024152159,0.0618943497538566,3.057130743400194e-05,4.747416460304521e-05,99.99993133544922,5
406,406,0.003875732421875,0.00531005859375,0.0051483884453773,1.5021301805973051e-05,2.8196722269058228e-05,0.0051483842544257,0.0618941821157932,2.9176706448197365e-05,5.476805381476879e-05,99.99991607666016,5
407,407,0.004058837890625,0.00506591796875,0.0051483693532645,1.64741650223732e-05,2.566352486610413e-05,0.0051483646966516,0.0618940070271492,3.1998799386201426e-05,4.98478693771176e-05,99.99990844726562,5
408,408,0.00421142578125,0.00518798828125,0.0051483502611517,1.7736107110977173e-05,2.691522240638733e-05,0.0051483456045389,0.0618938356637954,3.4450080420356244e-05,5.227931251283735e-05,99.99990844726562,5
409,409,0.004180908203125,0.0054931640625,0.005148331169039,1.7479993402957916e-05,3.0174851417541504e-05,0.0051483265124261,0.0618936643004417,3.395273597561754e-05,5.861093814019114e-05,99.99990844726562,5
410,410,0.004364013671875,0.0052490234375,0.00514831347391,1.904461532831192e-05,2.755224704742432e-05,0.0051483088172972,0.061893492937088,3.699195076478645e-05,5.351703293854371e-05,99.99990844726562,5
411,411,0.00439453125,0.005126953125,0.0051482943817973,1.931190490722656e-05,2.6285648345947266e-05,0.0051482897251844,0.0618933290243148,3.751126860151999e-05,5.105700256535784e-05,99.99990844726562,5
412,412,0.004119873046875,0.0052490234375,0.0051482752896845,1.6973353922367096e-05,2.755224704742432e-05,0.0051482706330716,0.0618931502103805,3.296900831628591e-05,5.351742947823368e-05,99.99990844726562,5
413,413,0.00408935546875,0.00506591796875,0.005148256663233,1.6722828149795532e-05,2.566352486610413e-05,0.0051482520066201,0.0618929788470268,3.248250504839234e-05,4.984896077075973e-05,99.99990844726562,5
414,414,0.00384521484375,0.00531005859375,0.0051482371054589,1.4785677194595335e-05,2.8196722269058228e-05,0.0051482329145073,0.061892807483673,2.871988363040145e-05,5.4769661801401526e-05,99.99991607666016,5
415,415,0.003997802734375,0.0048828125,0.0051482175476849,1.5982426702976227e-05,2.384185791015625e-05,0.0051482138223946,0.0618926361203193,3.104458301095292e-05,4.631089541362599e-05,99.99993133544922,5
416,416,0.00408935546875,0.00506591796875,0.0051481993868947,1.6722828149795532e-05,2.566352486610413e-05,0.0051481947302818,0.061892457306385,3.248286884627305e-05,4.9849517381517217e-05,99.99990844726562,5
417,417,0.00408935546875,0.0050048828125,0.0051481798291206,1.6722828149795532e-05,2.504885196685791e-05,0.005148175638169,0.0618922896683216,3.2482988899573684e-05,4.865574373980053e-05,99.99991607666016,5
418,418,0.00421142578125,0.00421142578125,0.0051481607370078,1.7736107110977173e-05,1.7736107110977173e-05,0.0051481570117175,0.0618921183049678,3.445134643698111e-05,3.445134643698111e-05,99.99993133544922,5
419,419,0.004119873046875,0.00457763671875,0.0051481407135725,1.6973353922367096e-05,2.0954757928848267e-05,0.0051481369882822,0.0618919394910335,3.296987051726319e-05,4.070354407303967e-05,99.99993133544922,5
420,420,0.004486083984375,0.0042724609375,0.0051481216214597,2.0124949514865875e-05,1.825392246246338e-05,0.0051481178961694,0.0618917681276798,3.909182851202786e-05,3.5457440390018746e-05,99.99993133544922,5
421,421,0.00445556640625,0.00469970703125,0.0051481020636856,1.985207200050354e-05,2.208724617958069e-05,0.005148097872734,0.0618915893137455,3.856192051898688e-05,4.2903666326310486e-05,99.99991607666016,5
422,422,0.004425048828125,0.0050048828125,0.0051480820402503,1.958105713129044e-05,2.504885196685791e-05,0.0051480778492987,0.0618914067745208,3.803563231485896e-05,4.8656671424396336e-05,99.99991607666016,5
423,423,0.004364013671875,0.00531005859375,0.0051480629481375,1.904461532831192e-05,2.8196722269058228e-05,0.0051480582915246,0.0618912316858768,3.699374792631716e-05,5.477151717059314e-05,99.99990844726562,5
424,424,0.00408935546875,0.005126953125,0.0051480438560247,1.6722828149795532e-05,2.6285648345947266e-05,0.0051480391994118,0.0618910565972328,3.248384746257216e-05,5.105948730488308e-05,99.99990844726562,5
425,425,0.004241943359375,0.00555419921875,0.0051480242982506,1.799408346414566e-05,3.084912896156311e-05,0.0051480191759765,0.0618908777832984,3.495337659842335e-05,5.992420847178437e-05,99.9999008178711,5
426,426,0.0040283203125,0.00579833984375,0.0051480047404766,1.6227364540100098e-05,3.3620744943618774e-05,0.0051480000838637,0.0618906989693641,3.1521656637778506e-05,6.530830432893708e-05,99.99990844726562,5
427,427,0.004150390625,0.005859375,0.0051479851827025,1.722574234008789e-05,3.4332275390625e-05,0.0051479800604283,0.0618905276060104,3.346113589941524e-05,6.669069989584386e-05,99.9999008178711,5
428,428,0.003936767578125,0.00555419921875,0.0051479656249284,1.5498138964176178e-05,3.084912896156311e-05,0.0051479609683156,0.0618903487920761,3.010536602232605e-05,5.9924888773821294e-05,99.99990844726562,5
429,429,0.004150390625,0.00531005859375,0.0051479456014931,1.722574234008789e-05,2.8196722269058228e-05,0.0051479409448802,0.061890173703432,3.3461390557931736e-05,5.477276135934517e-05,99.99990844726562,5
430,430,0.004119873046875,0.00482177734375,0.005147926043719,1.6973353922367096e-05,2.324953675270081e-05,0.0051479218527674,0.061889998614788,3.297124567325227e-05,4.516291664913297e-05,99.99991607666016,5
431,431,0.004058837890625,0.0047607421875,0.0051479064859449,1.64741650223732e-05,2.2664666175842285e-05,0.0051479022949934,0.061889823526144,3.200167702743784e-05,4.402695776661858e-05,99.99991607666016,5
432,432,0.003936767578125,0.00457763671875,0.005147885531187,1.5498138964176178e-05,2.0954757928848267e-05,0.005147882271558,0.0618896447122097,3.010583168361336e-05,4.07055631512776e-05,99.99993133544922,5
433,433,0.003875732421875,0.00494384765625,0.0051478659734129,1.5021301805973051e-05,2.4441629648208615e-05,0.0051478622481226,0.0618894584476947,2.9179667762946337e-05,4.7479148634010926e-05,99.99993133544922,5
434,434,0.00421142578125,0.0047607421875,0.0051478468813002,1.7736107110977173e-05,2.2664666175842285e-05,0.0051478426903486,0.0618892833590507,3.4453445550752804e-05,4.402746708365157e-05,99.99991607666016,5
435,435,0.003936767578125,0.0047607421875,0.0051478263922035,1.5498138964176178e-05,2.2664666175842285e-05,0.0051478226669132,0.0618891045451164,3.010617911058944e-05,4.402764170663431e-05,99.99993133544922,5
436,436,0.004058837890625,0.00494384765625,0.0051478073000907,1.64741650223732e-05,2.4441629648208615e-05,0.0051478031091392,0.0618889257311821,3.2002291845856234e-05,4.7479687054874375e-05,99.99991607666016,5
437,437,0.003936767578125,0.005126953125,0.0051477872766554,1.5498138964176178e-05,2.6285648345947266e-05,0.0051477830857038,0.0618887431919574,3.0106408303254284e-05,5.106202661409043e-05,99.99991607666016,5
438,438,0.0040283203125,0.0050048828125,0.00514776725322,1.6227364540100098e-05,2.504885196685791e-05,0.0051477635279297,0.0618885681033134,3.152311182930134e-05,4.865964365308173e-05,99.99993133544922,5
439,439,0.00408935546875,0.0050048828125,0.0051477481611073,1.6722828149795532e-05,2.504885196685791e-05,0.0051477439701557,0.0618883892893791,3.2485713745700195e-05,4.865982555202209e-05,99.99991607666016,5
440,440,0.003662109375,0.00537109375,0.0051477272063493,1.341104507446289e-05,2.8848648071289062e-05,0.0051477230153977,0.0618882030248642,2.6052359316963702e-05,5.604152465821244e-05,99.99991607666016,5
441,441,0.003692626953125,0.00543212890625,0.0051477067172527,1.363549381494522e-05,2.950802445411682e-05,0.0051477025263011,0.0618880167603492,2.648848203534726e-05,5.732265344704501e-05,99.99991607666016,5
442,442,0.003753662109375,0.0050048828125,0.005147686228156,1.4089979231357574e-05,2.504885196685791e-05,0.0051476825028657,0.0618878379464149,2.7371479518478736e-05,4.8660411266610026e-05,99.99993133544922,5
443,443,0.00360107421875,0.00482177734375,0.0051476662047207,1.2967735528945925e-05,2.324953675270081e-05,0.0051476624794304,0.0618876591324806,2.5191482563968748e-05,4.516519766184501e-05,99.99993133544922,5
444,444,0.003814697265625,0.00494384765625,0.0051476461812853,1.4551915228366852e-05,2.4441629648208615e-05,0.005147642455995,0.0618874728679657,2.8269067115616053e-05,4.748117498820648e-05,99.99993133544922,5
445,445,0.004119873046875,0.00494384765625,0.0051476252265274,1.6973353922367096e-05,2.4441629648208615e-05,0.0051476210355758,0.0618872866034507,3.297317380202003e-05,4.748136780108325e-05,99.99991607666016,5
446,446,0.003875732421875,0.00518798828125,0.0051476047374308,1.5021301805973051e-05,2.691522240638733e-05,0.0051476005464792,0.0618871003389358,2.9181148420320824e-05,5.228688314673491e-05,99.99991607666016,5
447,447,0.00408935546875,0.00469970703125,0.0051475847139954,1.6722828149795532e-05,2.208724617958069e-05,0.0051475805230438,0.0618869215250015,3.24867432937026e-05,4.290797733119689e-05,99.99991607666016,5
448,448,0.004058837890625,0.00482177734375,0.0051475646905601,1.64741650223732e-05,2.324953675270081e-05,0.0051475604996085,0.0618867352604866,3.200380160706118e-05,4.516608532867394e-05,99.99991607666016,5
449,449,0.004302978515625,0.0045166015625,0.0051475432701408,1.851562410593033e-05,2.039968967437744e-05,0.0051475395448505,0.0618865527212619,3.5969824239145964e-05,3.962995106121525e-05,99.99993133544922,5
450,450,0.004425048828125,0.004638671875,0.0051475232467055,1.958105713129044e-05,2.1517276763916016e-05,0.0051475190557539,0.0618863701820373,3.803976505878381e-05,4.180122414254584e-05,99.99991607666016,5
451,451,0.004364013671875,0.00469970703125,0.0051475032232701,1.904461532831192e-05,2.208724617958069e-05,0.0051474990323185,0.0618861876428127,3.69977715308778e-05,4.2908657633233815e-05,99.99991607666016,5
452,452,0.004119873046875,0.0050048828125,0.0051474827341735,1.6973353922367096e-05,2.504885196685791e-05,0.0051474785432219,0.0618859976530075,3.297408693470061e-05,4.866233211942017e-05,99.99991607666016,5
453,453,0.004058837890625,0.0052490234375,0.0051474617794156,1.64741650223732e-05,2.755224704742432e-05,0.0051474571228027,0.0618857964873313,3.2004441891331226e-05,5.352588777896017e-05,99.99990844726562,5
454,454,0.004119873046875,0.0052490234375,0.0051474417559802,1.6973353922367096e-05,2.755224704742432e-05,0.0051474370993673,0.0618856251239776,3.297434886917472e-05,5.352609878173098e-05,99.99990844726562,5
455,455,0.004150390625,0.00531005859375,0.0051474212668836,1.722574234008789e-05,2.8196722269058228e-05,0.0051474166102707,0.0618854388594627,3.346479934407398e-05,5.4778342018835247e-05,99.99990844726562,5
456,456,0.00396728515625,0.0057373046875,0.0051473998464643,1.5739351511001587e-05,3.291666507720947e-05,0.0051473951898515,0.0618852525949478,3.057728463318199e-05,6.394814408849925e-05,99.99990844726562,5
457,457,0.00396728515625,0.005615234375,0.005147379823029,1.5739351511001587e-05,3.153085708618164e-05,0.0051473751664161,0.0618850588798522,3.0577401048503816e-05,6.125612708274275e-05,99.99990844726562,5
458,458,0.003692626953125,0.0057373046875,0.0051473584026098,1.363549381494522e-05,3.291666507720947e-05,0.0051473537459969,0.0618848800659179,2.649027555889916e-05,6.394865340553224e-05,99.99990844726562,5
459,459,0.00372314453125,0.0050048828125,0.0051473369821906,1.3861805200576782e-05,2.504885196685791e-05,0.0051473332569003,0.0618846863508224,2.693005262699444e-05,4.866371455136687e-05,99.99993133544922,5
460,460,0.003997802734375,0.00482177734375,0.0051473169587552,1.5982426702976227e-05,2.324953675270081e-05,0.0051473132334649,0.0618845075368881,3.105001451331191e-05,4.5168260840000585e-05,99.99993133544922,5
461,461,0.00372314453125,0.0050048828125,0.0051472960039973,1.3861805200576782e-05,2.504885196685791e-05,0.005147292278707,0.0618843249976635,2.6930265448754653e-05,4.866410017712042e-05,99.99993133544922,5
462,462,0.00390625,0.0048828125,0.0051472750492393,1.52587890625e-05,2.384185791015625e-05,0.005147271323949,0.0618841350078582,2.9644399546668865e-05,4.631937554222532e-05,99.99993133544922,5
463,463,0.00384521484375,0.00494384765625,0.0051472545601427,1.4785677194595335e-05,2.4441629648208615e-05,0.0051472508348524,0.0618839487433433,2.8725367883453146e-05,4.748478750116192e-05,99.99993133544922,5
464,464,0.003570556640625,0.005126953125,0.0051472331397235,1.2748874723911284e-05,2.6285648345947266e-05,0.0051472289487719,0.0618837550282478,2.4768401999608614e-05,5.106752360006794e-05,99.99991607666016,5
465,465,0.00390625,0.00482177734375,0.0051472126506268,1.52587890625e-05,2.324953675270081e-05,0.0051472089253365,0.0618835687637329,2.964476152556017e-05,4.516917761065997e-05,99.99993133544922,5
466,466,0.003875732421875,0.0045166015625,0.0051471912302076,1.5021301805973051e-05,2.039968967437744e-05,0.0051471879705786,0.0618833824992179,2.9183493097661994e-05,3.9632661355426535e-05,99.99993133544922,5
467,467,0.003936767578125,0.00482177734375,0.0051471702754497,1.5498138964176178e-05,2.324953675270081e-05,0.0051471665501594,0.0618831887841224,3.0110015359241515e-05,4.5169548684498295e-05,99.99993133544922,5
468,468,0.004180908203125,0.00494384765625,0.0051471502520143,1.7479993402957916e-05,2.4441629648208615e-05,0.0051471460610628,0.0618829987943172,3.3960524888243526e-05,4.74857515655458e-05,99.99991607666016,5
469,469,0.004150390625,0.0047607421875,0.0051471288315951,1.722574234008789e-05,2.2664666175842285e-05,0.0051471246406435,0.0618828162550926,3.346669836901128e-05,4.403360799187794e-05,99.99991607666016,5
470,470,0.003631591796875,0.00531005859375,0.0051471078768372,1.3188458979129791e-05,2.8196722269058228e-05,0.0051471036858856,0.0618826225399971,2.562304689490702e-05,5.478167804540135e-05,99.99991607666016,5
471,471,0.003631591796875,0.00537109375,0.0051470859907567,1.3188458979129791e-05,2.8848648071289062e-05,0.0051470817998051,0.0618824250996112,2.562315421528183e-05,5.604850230156444e-05,99.99991607666016,5
472,472,0.0035400390625,0.0054931640625,0.0051470650359988,1.253187656402588e-05,3.0174851417541504e-05,0.0051470608450472,0.061882235109806,2.4347616999875758e-05,5.862535908818245e-05,99.99991607666016,5
473,473,0.0035400390625,0.0052490234375,0.0051470440812408,1.253187656402588e-05,2.755224704742432e-05,0.0051470398902893,0.0618820451200008,2.4347715225303546e-05,5.353023152565584e-05,99.99991607666016,5
474,474,0.003997802734375,0.0050048828125,0.0051470221951603,1.5982426702976227e-05,2.504885196685791e-05,0.00514701846987,0.0618818625807762,3.105179348494857e-05,4.866668678005226e-05,99.99993133544922,5
475,475,0.00384521484375,0.00518798828125,0.0051470017060637,1.4785677194595335e-05,2.691522240638733e-05,0.0051469975151121,0.0618816688656806,2.872677578125149e-05,5.229301314102486e-05,99.99991607666016,5
476,476,0.003692626953125,0.00506591796875,0.0051469802856445,1.363549381494522e-05,2.566352486610413e-05,0.0051469760946929,0.0618814826011657,2.649222187756095e-05,4.986132626072504e-05,99.99991607666016,5
477,477,0.003753662109375,0.0047607421875,0.0051469593308866,1.4089979231357574e-05,2.2664666175842285e-05,0.0051469556055963,0.0618812888860702,2.7375346689950675e-05,4.403505954542197e-05,99.99993133544922,5
478,478,0.0037841796875,0.00457763671875,0.005146937444806,1.4320015907287598e-05,2.0954757928848267e-05,0.0051469337195158,0.0618810951709747,2.7822401534649543e-05,4.071306102559902e-05,99.99993133544922,5
479,479,0.0037841796875,0.004638671875,0.0051469160243868,1.4320015907287598e-05,2.1517276763916016e-05,0.0051469122990965,0.0618809014558792,2.7822514311992563e-05,4.180615360382944e-05,99.99993133544922,5
480,480,0.003814697265625,0.00457763671875,0.0051468955352902,1.4551915228366852e-05,2.0954757928848267e-05,0.0051468918099999,0.0618807151913642,2.8273188945604488e-05,4.071339208167046e-05,99.99993133544922,5
481,481,0.003662109375,0.0047607421875,0.0051468731835484,1.341104507446289e-05,2.2664666175842285e-05,0.0051468694582581,0.0618805214762687,2.6056681235786527e-05,4.4035794417141005e-05,99.99993133544922,5
482,482,0.004058837890625,0.0048828125,0.0051468522287905,1.64741650223732e-05,2.384185791015625e-05,0.0051468480378389,0.0618803240358829,3.2008232665248215e-05,4.632318450603634e-05,99.99991607666016,5
483,483,0.00408935546875,0.00506591796875,0.0051468308083713,1.6722828149795532e-05,2.566352486610413e-05,0.0051468261517584,0.0618801265954971,3.2491505407961085e-05,4.986276690033265e-05,99.99990844726562,5
484,484,0.004119873046875,0.00506591796875,0.0051468089222908,1.6973353922367096e-05,2.566352486610413e-05,0.0051468042656779,0.061879925429821,3.297840157756582e-05,4.986298517906107e-05,99.99990844726562,5
485,485,0.003936767578125,0.00518798828125,0.005146786570549,1.5498138964176178e-05,2.691522240638733e-05,0.0051467823795974,0.0618797317147254,3.011226181115489e-05,5.229519592830911e-05,99.99991607666016,5
486,486,0.004058837890625,0.00494384765625,0.005146765615791,1.64741650223732e-05,2.4441629648208615e-05,0.0051467614248394,0.0618795454502105,3.2008771086111665e-05,4.748929859488271e-05,99.99991607666016,5
487,487,0.0042724609375,0.00482177734375,0.0051467437297105,1.825392246246338e-05,2.324953675270081e-05,0.0051467395387589,0.0618793480098247,3.5466935514705256e-05,4.517329216469079e-05,99.99991607666016,5
488,488,0.0042724609375,0.00482177734375,0.00514672184363,1.825392246246338e-05,2.324953675270081e-05,0.0051467176526784,0.0618791505694389,3.5467084671836346e-05,4.517348497756757e-05,99.99991607666016,5
489,489,0.004241943359375,0.0048828125,0.0051467004232108,1.799408346414566e-05,2.384185791015625e-05,0.0051466962322592,0.0618789531290531,3.496236604405567e-05,4.6324548748089e-05,99.99991607666016,5
490,490,0.004180908203125,0.00469970703125,0.0051466785371303,1.7479993402957916e-05,2.208724617958069e-05,0.0051466743461787,0.0618787594139575,3.39636389981024e-05,4.291553341317922e-05,99.99991607666016,5
491,491,0.003875732421875,0.00518798828125,0.0051466561853885,1.5021301805973051e-05,2.691522240638733e-05,0.0051466519944369,0.0618785619735717,2.9186525352997705e-05,5.2296520152594894e-05,99.99991607666016,5
492,492,0.00384521484375,0.0052490234375,0.0051466352306306,1.4785677194595335e-05,2.755224704742432e-05,0.005146631039679,0.0618783682584762,2.8728823963319883e-05,5.3534484322881326e-05,99.99991607666016,5
493,493,0.00360107421875,0.005615234375,0.0051466128788888,1.2967735528945925e-05,3.153085708618164e-05,0.0051466082222759,0.0618781670928001,2.51966375799384e-05,6.126525840954855e-05,99.99990844726562,5
494,494,0.00347900390625,0.0057373046875,0.0051465914584696,1.210346817970276e-05,3.291666507720947e-05,0.0051465868018567,0.0618779696524143,2.3517444788012654e-05,6.395818491000682e-05,99.99990844726562,5
495,495,0.00372314453125,0.00555419921875,0.0051465705037117,1.3861805200576782e-05,3.084912896156311e-05,0.0051465658470988,0.0618777796626091,2.6934063498629257e-05,5.9941135987173766e-05,99.99990844726562,5
496,496,0.003875732421875,0.00567626953125,0.0051465476863086,1.5021301805973051e-05,3.2220035791397095e-05,0.0051465430296957,0.0618775822222232,2.918714380939491e-05,6.260514055611566e-05,99.99990844726562,5
497,497,0.00347900390625,0.005126953125,0.0051465258002281,1.210346817970276e-05,2.6285648345947266e-05,0.0051465216092765,0.061877392232418,2.351774492126424e-05,5.107454489916563e-05,99.99991607666016,5
498,498,0.003631591796875,0.0048828125,0.0051465034484863,1.3188458979129791e-05,2.384185791015625e-05,0.005146499723196,0.0618771947920322,2.5626055503380485e-05,4.632632044376805e-05,99.99993133544922,5
499,499,0.003662109375,0.00469970703125,0.0051464815624058,1.341104507446289e-05,2.208724617958069e-05,0.0051464778371155,0.0618769899010658,2.60586657532258e-05,4.291717777960002e-05,99.99993133544922,5
0,0,140.0777130126953,781.160400390625,62.98622131347656,19621.765625,610211.5625,0.0028903374914079,0.0332025066018104,3.1152474880218506,96.88016510009766,0.0045888409949839,6
1,1,126.6549072265625,766.2796020507812,60.32549285888672,16041.4658203125,587184.4375,0.002905813511461,0.0334298536181449,2.659152030944824,97.33602905273438,0.0048168911598622,6
2,2,112.59457397460938,750.3612060546875,57.57486724853516,12677.5380859375,563041.9375,0.0029226359911262,0.0336964465677738,2.201921939849853,97.79299926757812,0.0050762360915541,6
3,3,97.92660522460938,733.3339233398438,54.73976516723633,9589.6201171875,537778.625,0.0029408223927021,0.0339850634336471,1.7518560886383057,98.2427749633789,0.0053723696619272,6
4,4,82.65640258789062,715.1268920898438,51.82681274414063,6832.0810546875,511406.46875,0.0029604630544781,0.0342957079410553,1.3182522058486938,98.67604064941406,0.0057122227735817,6
5,5,66.80427551269531,695.6666870117188,48.84447479248047,4462.81103515625,483952.125,0.0029816189780831,0.0346265882253646,0.9136777520179749,99.08021545410156,0.00610431144014,6
6,6,50.41581726074219,674.8759155273438,45.80292892456055,2541.754638671875,455457.5,0.0030043153092265,0.0349716171622276,0.5549327731132507,99.43850708007812,0.0065592210739851,6
7,7,33.56964111328125,652.673828125,42.71403121948242,1126.9207763671875,425983.125,0.0030285562388598,0.0353294759988784,0.2638291716575622,99.72908782958984,0.0070903077721595,6
8,8,16.403411865234375,628.9793090820312,39.59145736694336,269.0719299316406,395614.96875,0.0030543182510882,0.0356994718313217,0.0679621174931526,99.92432403564452,0.0077145895920693,6
9,9,0.84912109375,603.70849609375,36.44954681396485,0.7210066318511963,364463.9375,0.0030815387144684,0.036079928278923,0.0001978094805963,99.99134826660156,0.0084542585536837,6
10,10,17.823394775390625,576.7752075195312,33.30183792114258,317.67340087890625,332669.625,0.0031101028434932,0.0364668071269989,0.095392145216465,99.89527130126952,0.0093391323462128,6
11,11,34.0113525390625,548.091552734375,30.15925025939941,1156.7720947265625,300404.34375,0.0031398357823491,0.0368563309311866,0.3835546672344208,99.60603332519533,0.0104108545929193,6
12,12,48.81158447265625,517.57861328125,27.03018951416016,2382.57080078125,267887.625,0.0031705277506262,0.0372448749840259,0.8814480304718018,99.10681915283205,0.0117295803502202,6
13,13,61.66357421875,485.1663818359375,23.922082901000977,3802.396484375,235386.421875,0.0032020173966884,0.0376290418207645,1.5894922018051147,98.39712524414062,0.0133851952850818,6
14,14,72.18511962890625,450.7947387695313,20.84589195251465,5210.69140625,203215.890625,0.003234241856262,0.0380077995359897,2.499624967575073,97.48485565185548,0.0155150070786476,6
15,15,80.2186279296875,414.416748046875,17.820894241333008,6435.0283203125,171741.234375,0.0032672397792339,0.0383856445550918,3.6109459400177,96.37071990966795,0.0183337591588497,6
16,16,85.78036499023438,376.0080871582031,14.87733554840088,7358.27099609375,141382.078125,0.0033011089544743,0.0387633666396141,4.94596004486084,95.03185272216795,0.0221888441592454,6
17,17,88.97613525390625,335.5789794921875,12.056336402893066,7916.75244140625,112613.25,0.0033359532244503,0.0391381122171878,6.566465854644775,93.4058609008789,0.0276697091758251,6
18,18,89.9395751953125,293.18341064453125,9.407936096191406,8089.126953125,85956.515625,0.0033718473277986,0.0395103804767131,8.59819507598877,91.365966796875,0.035840455442667,6
19,19,88.79629516601562,248.945068359375,6.989251613616943,7884.7822265625,61973.6484375,0.00340879522264,0.0398801229894161,11.281296730041504,88.66992950439453,0.0487719625234603,6
20,20,85.64962768554688,203.0819091796875,4.861258506774902,7335.85888671875,41242.26171875,0.0034467037767171,0.040246557444334,15.090452194213867,84.83865356445312,0.0709014683961868,6
21,21,80.57876586914062,155.94158935546875,3.084557056427002,6492.9375,24317.779296875,0.0034853438846766,0.0406188294291496,21.049819946289062,78.83718872070312,0.112993337213993,6
22,22,73.64627075195312,108.05419921875,1.713472604751587,5423.7734375,11675.7099609375,0.0035243069287389,0.0409877896308898,31.65369415283203,68.140625,0.2056821286678314,6
23,23,64.90957641601562,60.19317626953125,0.7872101068496704,4213.2529296875,3623.218505859375,0.0035629463382065,0.0413437373936176,53.52132797241211,46.026065826416016,0.4526042342185974,6
24,24,54.4449462890625,13.39239501953125,0.3179612457752228,2964.252197265625,179.3562469482422,0.003600378986448,0.0416789725422859,93.22683715820312,5.6408209800720215,1.132332682609558,6
25,25,42.385040283203125,31.024658203125,0.279537558555603,1796.49169921875,962.5294189453124,0.0036354600451886,0.0419840216636657,64.26655578613281,34.432918548583984,1.30052649974823,6
26,26,28.96542358398437,71.48944091796875,0.5986404418945312,838.9957885742188,5110.740234375,0.0036668295506387,0.0422481372952461,14.015020370483398,85.37245178222656,0.6125261783599854,6
27,27,14.5711669921875,106.3594970703125,1.156159281730652,212.31890869140625,11312.3427734375,0.0036930814385414,0.0424611270427703,1.8364155292510984,97.84415435791016,0.3194266855716705,6
28,28,0.245880126953125,134.16497802734375,1.8037431240081787,0.0604570358991622,18000.2421875,0.0037129851989448,0.0426155850291252,0.0003351753985043,99.7938232421875,0.2058489024639129,6
29,29,14.799392700195312,153.8878173828125,2.3937737941741943,219.0220184326172,23681.4609375,0.0037257310468703,0.0427219420671463,0.9149653911590576,98.92938995361328,0.155642569065094,6
30,30,28.35125732421875,165.15069580078125,2.811585664749145,803.7937622070312,27274.751953125,0.0037310731131583,0.0427701324224472,2.8588626384735107,97.00843048095705,0.1327035129070282,6
31,31,40.22886657714844,168.23150634765625,2.9957494735717773,1618.3616943359375,28301.83984375,0.0037293336354196,0.0427535846829414,5.402193069458008,94.47332000732422,0.12448750436306,6
32,32,49.9334716796875,163.94476318359375,2.940845012664795,2493.3515625,26877.884765625,0.0037212860770523,0.0426781065762043,8.478350639343262,91.39511108398438,0.1265379786491394,6
33,33,57.197845458984375,153.45867919921875,2.685823917388916,3271.593505859375,23549.56640625,0.0037080014590173,0.0425523407757282,12.180967330932615,87.68097686767578,0.1380582451820373,6
34,34,61.97636413574219,138.1131591796875,2.2953219413757324,3841.06982421875,19075.244140625,0.0036906979512423,0.0423866584897041,16.734338760375977,83.10487365722656,0.1607921719551086,6
35,35,64.38948059082031,119.2808837890625,1.8410640954971316,4146.00537109375,14227.9296875,0.00367062096484,0.0421919673681259,22.51961326599121,77.28101348876953,0.1993749737739563,6
36,36,64.65692138671875,98.26788330078124,1.3873584270477295,4180.517578125,9656.5771484375,0.0036489604972302,0.0419790148735046,30.132930755615234,69.60405731201172,0.2630149722099304,6
37,37,63.04212951660156,76.249267578125,0.9824528098106384,3974.31005859375,5813.95068359375,0.0036267915274947,0.0417579039931297,40.45293426513672,59.17790985107422,0.3691568374633789,6
38,38,59.816802978515625,54.2364501953125,0.6555692553520203,3578.0498046875,2941.592529296875,0.003605040255934,0.0415378212928772,54.57928085327149,44.87080764770508,0.5499098896980286,6
39,39,55.24143981933594,33.05712890625,0.4180234968662262,3051.61669921875,1092.7738037109375,0.0035844666417688,0.0413267612457275,73.0010757446289,26.14144325256348,0.8574796915054321,6
40,40,49.557159423828125,13.3560791015625,0.2669953405857086,2455.912109375,178.3848419189453,0.0035656606778502,0.0411311611533165,91.98332977294922,6.681196212768555,1.3354767560958862,6
41,41,42.98687744140625,4.39288330078125,0.1902659386396408,1847.87158203125,19.29742431640625,0.0035490451846271,0.040956150740385,97.1204605102539,1.0142343044281006,1.865307569503784,6
42,42,35.738677978515625,19.87335205078125,0.1707552075386047,1277.2530517578125,394.95013427734375,0.0035348935052752,0.0408076420426368,74.80023956298828,23.129610061645508,2.070152759552002,6
43,43,28.00912475585937,32.89935302734375,0.1902111917734146,784.5110473632812,1082.367431640625,0.0035233465023338,0.040698729455471,41.24421310424805,56.90345001220703,1.852333903312683,6
44,44,19.990280151367188,43.39630126953125,0.2317994534969329,399.6112976074219,1883.239013671875,0.0035144304856657,0.0406176187098026,17.239526748657227,81.24432373046875,1.5161513090133667,6
45,45,11.871383666992188,51.3751220703125,0.2815413475036621,140.92974853515625,2639.403076171875,0.0035080816596746,0.0405623540282249,5.005650043487549,93.74832153320312,1.2460272312164309,6
46,46,3.843170166015625,56.919677734375,0.3289661109447479,14.769956588745115,3239.849609375,0.0035041598603129,0.0405312702059745,0.4489811062812805,98.4858169555664,1.0652039051055908,6
47,47,3.904205322265625,60.16278076171875,0.3669827878475189,15.24281883239746,3619.560302734375,0.0035024685785174,0.0405221842229366,0.4153551161289215,98.6302490234375,0.9543958902359008,6
48,48,11.180633544921877,61.27923583984375,0.3915179073810577,125.0065689086914,3755.144775390625,0.0035027670674026,0.0405323319137096,3.1928696632385254,95.91246032714844,0.8946632742881775,6
49,49,17.802337646484375,60.475341796875,0.4009237885475158,316.9232177734375,3657.266845703125,0.0035047850105911,0.0405585877597332,7.904824733734131,91.22100067138672,0.8741773366928101,6
50,50,23.59698486328125,57.97955322265625,0.3953528702259063,556.8176879882812,3361.628662109375,0.0035082316026091,0.0405977182090282,14.084068298339844,85.028564453125,0.8873672485351562,6
51,51,28.4130859375,54.0386962890625,0.3762612044811249,807.303466796875,2920.1806640625,0.0035128067247569,0.040646493434906,21.455930709838867,77.61046600341797,0.9336085319519044,6
52,52,32.126678466796875,48.911376953125,0.3459628224372864,1032.1234130859375,2392.32275390625,0.0035182125866413,0.0407017469406127,29.83336067199707,69.14970397949219,1.016933798789978,6
53,53,34.64959716796875,42.864501953125,0.3073201775550842,1200.5946044921875,1837.365478515625,0.0035241583827883,0.0407604053616523,39.06657409667969,59.78668212890625,1.1467382907867432,6
54,54,35.935821533203125,36.16558837890625,0.2634636759757995,1291.38330078125,1307.9498291015625,0.0035303721670061,0.0408196970820426,49.01560974121094,49.64440536499024,1.33998441696167,6
55,55,35.983856201171875,29.081298828125,0.217592567205429,1294.837890625,845.721923828125,0.0035366038791835,0.0408771857619285,59.50745391845703,38.86722183227539,1.625332951545715,6
56,56,34.83795166015625,21.86773681640625,0.1727306991815567,1213.682861328125,478.1979064941406,0.0035426297690719,0.040930800139904,70.26445007324219,27.684593200683597,2.050955295562744,6
57,57,32.585357666015625,14.76611328125,0.131532609462738,1061.8055419921875,218.03810119628903,0.0035482593812048,0.0409788787364959,80.72564697265625,16.576732635498047,2.697627067565918,6
58,58,29.35321044921875,7.9970703125,0.0961097329854965,861.6109619140625,63.95313262939453,0.0035533332265913,0.0410201139748096,89.64866638183594,6.654178142547607,3.6971628665924072,6
59,59,25.300811767578125,1.75311279296875,0.0678781792521476,640.131103515625,3.073404550552368,0.0035577281378209,0.0410535931587219,94.30587005615234,0.452782392501831,5.241343021392822,6
60,60,20.6136474609375,3.80645751953125,0.047502513974905,424.9224548339844,14.489118576049805,0.0035613575018942,0.0410787910223007,89.45262145996094,3.050179243087769,7.497198104858398,6
61,61,15.494293212890623,8.55902099609375,0.0348971635103225,240.0731201171875,73.25684356689453,0.0035641682334244,0.0410955771803855,68.79444885253906,20.99220466613769,10.213346481323242,6
62,62,10.152984619140623,12.42132568359375,0.0293033868074417,103.08309936523438,154.28933715820312,0.0035661428701132,0.0411041416227817,35.177879333496094,52.65238952636719,12.169729232788086,6
63,63,4.79949951171875,15.3514404296875,0.0294374860823154,23.03519630432129,235.66671752929688,0.0035672965459525,0.0411050282418727,7.825122833251953,80.05667114257812,12.118210792541504,6
64,64,0.366363525390625,17.34832763671875,0.0336775444447994,0.1342222392559051,300.9644775390625,0.0035676744300872,0.0410989746451377,0.0398551151156425,89.36651611328125,10.593629837036133,6
65,65,5.162384033203125,18.44677734375,0.040260724723339,26.650209426879883,340.2835998535156,0.003567345906049,0.0410869121551513,6.619406700134277,84.51998901367188,8.860610008239746,6
66,66,9.432327270507812,18.7132568359375,0.0474818795919418,88.96879577636719,350.1859741210937,0.0035664038732647,0.0410699322819709,18.73741912841797,73.75149536132812,7.511083602905273,6
67,67,13.050308227539062,18.24102783203125,0.0538695231080055,170.310546875,332.735107421875,0.0035649552009999,0.0410492345690727,31.61538314819336,61.7668571472168,6.6177592277526855,6
68,68,15.924758911132812,17.1429443359375,0.058310966938734,253.5979461669922,293.88055419921875,0.0035631174687296,0.041026048362255,43.49060821533203,50.39884567260742,6.110544204711914,6
69,69,17.99969482421875,15.54339599609375,0.06011962890625,323.989013671875,241.5971527099609,0.0035610117483884,0.0410015955567359,53.890724182128906,40.18606948852539,5.9232096672058105,6
70,70,19.25439453125,13.57208251953125,0.0590520724654197,370.7317199707031,184.2014312744141,0.003558759111911,0.0409770384430885,62.78047561645508,31.193050384521484,6.0264763832092285,6
71,71,19.70101928710937,11.35772705078125,0.0552692860364913,388.1301574707031,128.9979705810547,0.0035564738791435,0.0409534461796283,70.22528839111328,23.339900970458984,6.434811115264893,6
72,72,19.381988525390625,9.02069091796875,0.0492576919496059,375.6614685058594,81.37286376953125,0.0035542580299079,0.0409317202866077,76.26453399658203,16.51982879638672,7.215640544891357,6
73,73,18.36412048339844,6.67242431640625,0.0417284183204174,337.2409362792969,44.52124786376953,0.0035522007383406,0.0409126281738281,80.81804656982422,10.66928768157959,8.512665748596191,6
74,74,16.736221313476562,4.40576171875,0.0335015542805194,280.1011047363281,19.41073608398437,0.0035503718536347,0.0408967025578022,83.60839080810547,5.793980598449707,10.597633361816406,6
75,75,14.6025390625,2.29931640625,0.02540092356503,213.2341461181641,5.286855697631836,0.0035488235298544,0.0408842973411083,83.94739532470703,2.081363677978516,13.971238136291504,6
76,76,12.079055786132812,0.4119873046875,0.0181549191474914,145.90359497070312,0.1697335392236709,0.0035475855693221,0.040875531733036,80.36587524414062,0.0934917628765106,19.54063034057617,6
77,77,9.288833618164062,1.21441650390625,0.012322393245995,86.28243255615234,1.4748075008392334,0.0035466700792312,0.0408703386783599,70.02083587646484,1.1968514919281006,28.78231430053711,6
78,78,6.3567657470703125,2.55633544921875,0.0082404026761651,40.408470153808594,6.53485107421875,0.0035460703074932,0.0408684536814689,49.03701019287109,7.930256366729736,43.03273010253906,6
79,79,3.40625,3.60516357421875,0.0060057388618588,11.6025390625,12.997204780578612,0.0035457643680274,0.0408694818615913,19.31908798217773,21.641307830810547,59.03960418701172,6
80,80,0.554718017578125,4.367431640625,0.0054839318618178,0.3077120780944824,19.07445907592773,0.0035457147751003,0.0408728830516338,0.5611158013343811,34.782447814941406,64.65643310546875,6
81,81,2.091766357421875,4.85992431640625,0.0063453121110796,4.375486373901367,23.61886405944824,0.0035458775237202,0.0408780537545681,6.895620346069336,37.22254180908203,55.8818473815918,6
82,82,4.440185546875,5.1090087890625,0.008127924054861,19.71524810791016,26.101970672607425,0.0035462020896375,0.0408843532204628,24.25618934631348,32.11394500732422,43.62986373901367,6
83,83,6.416015625,5.1461181640625,0.0103114144876599,41.16525650024414,26.482532501220703,0.003546635620296,0.0408911406993866,39.92202758789063,25.682735443115234,34.39523696899414,6
84,84,7.963592529296875,5.0067138671875,0.0123957274481654,63.41880416870117,25.067184448242188,0.0035471289884299,0.0408978536725044,51.16182708740234,20.222436904907227,28.61573982238769,6
85,85,9.050018310546877,4.72698974609375,0.0139723615720868,81.90283203125,22.344432830810547,0.0035476360935717,0.0409040004014968,58.61774063110352,15.991880416870115,25.390382766723636,6
86,86,9.663604736328123,4.342041015625,0.0147719774395227,93.38525390625,18.853321075439453,0.0035481196828186,0.0409091934561729,63.21784210205078,12.762895584106444,24.01926040649414,6
87,87,9.814697265625,3.88458251953125,0.0146903777495026,96.32828521728516,15.089981079101562,0.0035485513508319,0.0409131795167923,65.57237243652344,10.272017478942873,24.155616760253903,6
88,88,9.5330810546875,3.38299560546875,0.0137813407927751,90.87963104248048,11.444659233093262,0.0035489115398377,0.0409158207476139,65.9439697265625,8.304459571838379,25.751569747924805,6
89,89,8.866119384765625,2.861572265625,0.0122288577258586,78.60807037353516,8.18859577178955,0.0035491914022713,0.0409170910716056,64.28079223632812,6.69612455368042,29.023080825805664,6
90,90,7.874755859375,2.34014892578125,0.0102981962263584,62.01177978515625,5.476296901702881,0.0035493883769959,0.0409170798957347,60.21615219116211,5.317724227905273,34.46611785888672,6
91,91,6.629730224609375,1.8321533203125,0.0082805193960666,43.95332336425781,3.356785774230957,0.0035495092160999,0.0409159585833549,53.08039093017578,4.053834915161133,42.86577987670898,6
92,92,5.208099365234375,1.3487548828125,0.0064439079724252,27.124298095703125,1.8191397190093996,0.0035495646297931,0.0409139394760131,42.09292984008789,2.823038101196289,55.08403778076172,6
93,93,3.68841552734375,0.8968505859375,0.0049904440529644,13.604409217834473,0.8043409585952759,0.003549569286406,0.0409112945199012,27.26091766357422,1.611762285232544,71.12732696533203,6
94,94,2.147247314453125,0.48016357421875,0.0040336628444492,4.610671043395996,0.2305570542812347,0.0035495399497449,0.0409083180129528,11.430481910705566,0.5715823769569397,87.99793243408203,6
95,95,0.655303955078125,0.099609375,0.0035934273619204,0.4294232726097107,0.0099220275878906,0.0035494929179549,0.0409052595496177,1.1950242519378662,0.0276115983724594,98.7773666381836,6
96,96,0.724334716796875,0.2421875,0.0036077743861824,0.5246607661247253,0.05865478515625,0.0035494428593665,0.040902379900217,1.454250454902649,0.1625788509845733,98.38317108154295,6
97,97,1.939666748046875,0.546630859375,0.0039555127732455,3.762307167053223,0.298805296421051,0.0035494016483426,0.0408998616039752,9.511553764343262,0.7554147839546204,89.7330322265625,6
98,98,2.95062255859375,0.81365966796875,0.0044862017966806,8.70617389678955,0.6620420813560486,0.003549380460754,0.0408978685736656,19.406557083129883,1.4757295846939087,79.11771392822266,6
99,99,3.729949951171875,1.0430908203125,0.0050494400784373,13.912527084350586,1.088038444519043,0.0035493839532136,0.040896501392126,27.552610397338867,2.154770374298096,70.2926254272461,6
100,100,4.2635498046875,1.23419189453125,0.0055195237509906,18.1778564453125,1.5232295989990234,0.0035494151525199,0.0408957973122596,32.933738708496094,2.759711980819702,64.30654907226562,6
101,101,4.54998779296875,1.38641357421875,0.0058119250461459,20.70238876342773,1.9221426248550413,0.0035494719631969,0.0408957451581954,35.62053298950195,3.307239055633545,61.07222366333008,6
102,102,4.599334716796875,1.49847412109375,0.0058894823305308,21.15387916564941,2.245424747467041,0.003549552289769,0.0408963002264499,35.91806411743164,3.812601089477539,60.269344329833984,6
103,103,4.431732177734375,1.5684814453125,0.0057596862316131,19.640249252319336,2.460134029388428,0.0035496475175023,0.0408973544836044,34.09951400756836,4.271298408508301,61.629180908203125,6
104,104,4.075897216796875,1.5953369140625,0.0054655540734529,16.612937927246094,2.545099973678589,0.0035497504286468,0.040898784995079,30.395708084106445,4.656618595123291,64.94767761230469,6
105,105,3.566375732421875,1.577392578125,0.0050705722533166,12.719036102294922,2.488167285919189,0.0035498519428074,0.0409004539251327,25.08402442932129,4.907073497772217,70.00890350341797,6
106,106,2.94244384765625,1.5157470703125,0.004645487293601,8.657976150512695,2.2974891662597656,0.0035499408841133,0.0409021936357021,18.63739013671875,4.945636749267578,76.41697692871094,6
107,107,2.244964599609375,1.41119384765625,0.0042531425133347,5.039865970611572,1.991468071937561,0.0035500095691531,0.0409038588404655,11.849746704101562,4.682344913482666,83.4679183959961,6
108,108,1.514404296875,1.26568603515625,0.0039395880885422,2.2934203147888184,1.6019611358642578,0.0035500498488545,0.0409053191542625,5.82147216796875,4.066316604614258,90.11221313476562,6
109,109,0.7894287109375,1.08294677734375,0.0037296514492481,0.6231976747512817,1.1727737188339231,0.0035500545054674,0.040906436741352,1.6709271669387815,3.1444594860076904,95.1846160888672,6
110,110,0.104217529296875,0.86883544921875,0.0036265952512621,0.0108612934127449,0.7548750638961792,0.0035500216763466,0.0409071296453475,0.0299490056931972,2.08149790763855,97.8885498046875,6
111,111,0.51171875,0.63055419921875,0.0036158941220492,0.2618560791015625,0.3975985944271087,0.0035499488003551,0.0409073457121849,0.7241806983947754,1.0995858907699585,98.17623138427734,6
112,112,1.035369873046875,0.37567138671875,0.0036711506545543,1.071990728378296,0.1411289870738983,0.0035498389042913,0.0409070588648319,2.9200401306152344,0.3844271302223205,96.6955337524414,6
113,113,1.450897216796875,0.1146240234375,0.0037615194451063,2.105102777481079,0.0131386667490005,0.0035496952477842,0.0409062840044498,5.596415996551514,0.0349291451275348,94.36865234375,6
114,114,1.74951171875,0.14251708984375,0.0038576361257582,3.060791254043579,0.0203111208975315,0.0035495257470756,0.040905088186264,7.934370040893555,0.0526517294347286,92.01296997070312,6
115,115,1.928497314453125,0.38690185546875,0.0039362176321446,3.719101905822754,0.1496930420398712,0.0035493383184075,0.0409035235643386,9.448415756225586,0.3802966475486755,90.17129516601562,6
116,116,1.992401123046875,0.60736083984375,0.0039829988963902,3.9696621894836426,0.368887186050415,0.0035491441376507,0.0409017130732536,9.96651554107666,0.926154375076294,89.10733795166016,6
117,117,1.95086669921875,0.7950439453125,0.0039927503094077,3.8058807849884033,0.6320948600769043,0.0035489529836922,0.0408997721970081,9.531976699829102,1.583106279373169,88.88491821289062,6
118,118,1.817413330078125,0.9429931640625,0.0039679980836808,3.3029911518096924,0.8892360925674438,0.0035487755667418,0.0408978126943111,8.324073791503906,2.2410192489624023,89.43490600585938,6
119,119,1.60968017578125,1.045166015625,0.0039169657975435,2.5910701751708984,1.092371940612793,0.0035486216656863,0.0408959724009037,6.614992618560791,2.7888216972351074,90.59618377685548,6
120,120,1.34649658203125,1.09881591796875,0.0038505445700138,1.813053011894226,1.207396388053894,0.003548499662429,0.0408943407237529,4.70856237411499,3.135650873184204,92.1557846069336,6
121,121,1.04779052734375,1.1014404296875,0.0037795193493366,1.0978649854660034,1.2131710052490234,0.0035484158433973,0.0408930219709873,2.9047739505767822,3.209855079650879,93.8853759765625,6
122,122,0.732940673828125,1.05462646484375,0.0037133181467652,0.5372020602226257,1.1122369766235352,0.0035483741667121,0.0408920831978321,1.4466900825500488,2.9952642917633057,95.55804443359376,6
123,123,0.419952392578125,0.9617919921875,0.0036585158668458,0.176360011100769,0.9250438213348388,0.003548375563696,0.0408915653824806,0.4820533990859985,2.5284674167633057,96.9894790649414,6
124,124,0.124267578125,0.82989501953125,0.0036188352387398,0.0154424309730529,0.6887257695198059,0.0035484186373651,0.0408914722502231,0.0426723808050155,1.9031697511672971,98.05416107177734,6
125,125,0.140472412109375,0.66552734375,0.0035947656724601,0.0197324976325035,0.4429266452789306,0.003548499662429,0.0408917926251888,0.0548923052847385,1.2321432828903198,98.71295928955078,6
126,126,0.3651123046875,0.478515625,0.0035848403349518,0.1333069950342178,0.2289772033691406,0.0035486118867993,0.040892481803894,0.3718631267547607,0.6387375593185425,98.98939514160156,6
127,127,0.54266357421875,0.27862548828125,0.0035859604831784,0.2944837510585785,0.0776321589946746,0.0035487487912178,0.0408934727311134,0.8212130665779114,0.216489166021347,98.96229553222656,6
128,128,0.670135498046875,0.0760498046875,0.0035943866241723,0.4490815997123718,0.0057835727930068,0.0035489001311361,0.040894690901041,1.249397039413452,0.0160905700176954,98.73451232910156,6
129,129,0.747314453125,0.11761474609375,0.0036062884610146,0.5584788918495178,0.0138332284986972,0.0035490572918206,0.0408960506319999,1.548625111579895,0.0383586287498474,98.41301727294922,6
130,130,0.776580810546875,0.294921875,0.0036182159092277,0.60307776927948,0.0869789123535156,0.0035492102615535,0.0408974401652812,1.666782021522522,0.2403917014598846,98.09282684326172,6
131,131,0.762847900390625,0.4461669921875,0.0036274506710469,0.5819368958473206,0.1990649849176406,0.003549350425601,0.0408987812697887,1.604258418083191,0.5487737655639648,97.8469696044922,6
132,132,0.71240234375,0.5657958984375,0.0036322348751127,0.5075170993804932,0.3201249837875366,0.0035494705662131,0.0408999845385551,1.3972584009170532,0.8813443779945374,97.7213897705078,6
133,133,0.633026123046875,0.6488037109375,0.0036317307967692,0.4007220864295959,0.4209462404251098,0.0035495639313012,0.0409009829163551,1.1033915281295776,1.15907883644104,97.7375259399414,6
134,134,0.53289794921875,0.6932373046875,0.0036260823253542,0.2839802205562591,0.4805779457092285,0.0035496263299137,0.0409017167985439,0.7831598520278931,1.3253365755081177,97.89149475097656,6
135,135,0.419952392578125,0.69805908203125,0.0036160200834274,0.176360011100769,0.4872864782810211,0.0035496554337441,0.0409021526575088,0.4877185523509979,1.3475767374038696,98.16471099853516,6
136,136,0.301971435546875,0.6663818359375,0.0036031771451234,0.0911867469549179,0.444064736366272,0.0035496521741151,0.0409022904932498,0.2530731856822967,1.2324254512786863,98.51451110839844,6
137,137,0.18572998046875,0.6019287109375,0.0035892992746084,0.0344956256449222,0.3623181581497192,0.0035496179480105,0.0409021265804767,0.0961068496108055,1.0094398260116575,98.89445495605467,6
138,138,0.076873779296875,0.5098876953125,0.0035761459730565,0.0059095779433846,0.2599854469299316,0.0035495564807206,0.0409016907215118,0.0165249910205602,0.7269989848136902,99.25647735595705,6
139,139,0.01953125,0.3968505859375,0.0035652592778205,0.0003814697265625,0.157490387558937,0.0035494719631969,0.0409010201692581,0.0010699634440243,0.4417361319065094,99.55718994140624,6
140,140,0.10089111328125,0.27130126953125,0.0035577502567321,0.01017901673913,0.0736043751239776,0.0035493718460202,0.04090017080307,0.0286108255386352,0.2068846076726913,99.7645034790039,6
141,141,0.1650390625,0.139404296875,0.0035539288073778,0.0272378921508789,0.0194335579872131,0.0035492614842951,0.0408992022275924,0.076641634106636,0.0546819008886814,99.8686752319336,6
142,142,0.21173095703125,0.0101318359375,0.0035536424256861,0.044829998165369,0.0001026540994644,0.0035491492599248,0.0408981852233409,0.1261522471904754,0.0002888700983021,99.8735580444336,6
143,143,0.2412109375,0.10955810546875,0.0035560596734285,0.0581827163696289,0.0120029784739017,0.0035490412265062,0.0408971793949604,0.1636156737804412,0.0337535887956619,99.8026351928711,6
144,144,0.254638671875,0.21466064453125,0.0035600352566689,0.0648408532142639,0.0460791923105716,0.0035489432048052,0.0408962443470954,0.1821354180574417,0.1294346451759338,99.6884307861328,6
145,145,0.253692626953125,0.30029296875,0.0035643128212541,0.0643599480390548,0.0901758670806884,0.0035488593857735,0.0408954285085201,0.1805676221847534,0.2529964745044708,99.56644439697266,6
146,146,0.241424560546875,0.36260986328125,0.0035677724517881,0.0582858175039291,0.1314859092235565,0.0035487951245158,0.0408947728574276,0.1633675247430801,0.3685378134250641,99.46808624267578,6
147,147,0.219818115234375,0.39990234375,0.0035695752594619,0.0483200028538703,0.1599218845367431,0.0035487511195242,0.0408942997455596,0.1353662610054016,0.4480137526988983,99.41661834716795,6
148,148,0.192138671875,0.411376953125,0.0035693440586328,0.0369172692298889,0.1692309975624084,0.0035487292334437,0.0408940315246582,0.1034287139773368,0.4741235077381134,99.42244720458984,6
149,149,0.160369873046875,0.399658203125,0.0035672727972269,0.0257184952497482,0.1597266793251037,0.0035487283021211,0.0408939570188522,0.0720956772565841,0.4477557241916656,99.48014831542967,6
150,150,0.126617431640625,0.36602783203125,0.0035637482069432,0.0160319730639457,0.1339763700962066,0.0035487473942339,0.0408940613269805,0.0449862666428089,0.3759422898292541,99.57907104492188,6
151,151,0.09271240234375,0.31591796875,0.0035596217494457,0.0085955895483493,0.0998041629791259,0.0035487816203385,0.0408943220973014,0.024147480726242,0.2803785502910614,99.69546508789062,6
152,152,0.0601806640625,0.2518310546875,0.0035555327776819,0.0036217123270034,0.0634188801050186,0.0035488286521285,0.0408947058022022,0.0101861311122775,0.1783667355775833,99.81144714355467,6
153,153,0.03009033203125,0.17999267578125,0.0035522147081792,0.0009054280817508,0.0323973633348941,0.0035488842986524,0.0408951751887798,0.0025489113759249,0.0912032797932624,99.90624237060548,6
154,154,0.003143310546875,0.1036376953125,0.0035500200465321,9.880401194095612e-06,0.0107407718896865,0.0035489450674504,0.0408956930041313,2.7831958504975773e-05,0.0302555244415998,99.96971893310548,6
155,155,0.0201416015625,0.02886962890625,0.0035491285379976,0.0004056841135025,0.0008334554731845,0.0035490046720951,0.0408962070941925,0.0011430527083575,0.0023483384866267,99.99650573730467,6
156,156,0.039825439453125,0.04107666015625,0.0035493876785039,0.0015860656276345,0.001687292009592,0.003549060318619,0.0408966951072216,0.0044685611501336,0.0047537554055452,99.99077606201172,6
157,157,0.055908203125,0.10052490234375,0.0035504312254488,0.0031257271766662,0.0101052559912204,0.0035491082817316,0.0408971086144447,0.0088037960231304,0.0284620523452758,99.96273803710938,6
158,158,0.068084716796875,0.14910888671875,0.0035518328659236,0.0046355286613106,0.022233460098505,0.0035491460002958,0.040897436439991,0.013051088899374,0.0625971481204032,99.92434692382812,6
159,159,0.0770263671875,0.18426513671875,0.0035531613975763,0.0059330612421035,0.0339536406099796,0.0035491727758198,0.0408976599574089,0.0166979786008596,0.0955589562654495,99.88774871826172,6
160,160,0.08221435546875,0.20458984375,0.003554048249498,0.0067592002451419,0.0418570041656494,0.0035491867456585,0.0408977679908275,0.0190183129161596,0.1177727505564689,99.86321258544922,6
161,161,0.084442138671875,0.20953369140625,0.0035542899277061,0.0071304747834801,0.0439043678343296,0.0035491862799972,0.040897749364376,0.0200616028159856,0.1235249936580658,99.85640716552734,6
162,162,0.084686279296875,0.2030029296875,0.0035540149547159,0.0071717659011483,0.041210189461708,0.0035491767339408,0.0408976376056671,0.0201793350279331,0.1159538999199867,99.8638687133789,6
163,163,0.08197021484375,0.18304443359375,0.0035531774628907,0.0067191161215305,0.0335052646696567,0.0035491550806909,0.0408974178135395,0.0189101621508598,0.0942966267466545,99.88679504394533,6
164,164,0.07635498046875,0.15496826171875,0.0035521113313734,0.0058300830423831,0.0240151621401309,0.003549126908183,0.0408971384167671,0.0164130069315433,0.0676081329584121,99.91598510742188,6
165,165,0.068939208984375,0.11956787109375,0.0035509967710822,0.0047526145353913,0.0142964757978916,0.0035490919835865,0.0408967956900596,0.0133838886395096,0.0402604565024375,99.94636535644533,6
166,166,0.0595703125,0.0806884765625,0.0035500596277415,0.0035486221313476,0.0065106302499771,0.0035490537993609,0.0408964343369007,0.0099959503859281,0.0183394942432642,99.97167205810548,6
167,167,0.048248291015625,0.0404052734375,0.0035494111943989,0.0023278975859284,0.0016325861215591,0.0035490151494741,0.0408960692584514,0.0065585458651185,0.0045995968393981,99.98884582519533,6
168,168,0.03546142578125,0.00164794921875,0.0035491047892719,0.0012575127184391,2.7157366275787358e-06,0.0035489788278937,0.0408957228064537,0.0035431829746812,7.651891792193055e-06,99.99645233154295,6
169,169,0.022186279296875,0.03338623046875,0.0035491061862558,0.0004922309890389,0.0011146403849124,0.0035489455331116,0.0408954098820686,0.001386915333569,0.0031406227499246,99.99547576904295,6
170,170,0.0081787109375,0.062744140625,0.0035493185278028,6.689131259918213e-05,0.0039368271827697,0.0035489180590957,0.0408951565623283,0.0001884624070953,0.0110917836427688,99.98871612548828,6
171,171,0.005645751953125,0.0849609375,0.0035496221389621,3.187451511621475e-05,0.0072183609008789,0.0035488971043378,0.0408949553966522,8.97969221114181e-05,0.0203355737030506,99.97957611083984,6
172,172,0.0185546875,0.09991455078125,0.0035499157384037,0.0003442764282226,0.0099829174578189,0.0035488829016685,0.0408948212862014,0.0009698157664388,0.0281215608119964,99.97090911865234,6
173,173,0.030303955078125,0.1065673828125,0.00355010246858,0.000918329693377,0.0113566070795059,0.0035488749854266,0.0408947542309761,0.0025867694057524,0.0319895185530185,99.96542358398438,6
174,174,0.040283203125,0.10650634765625,0.0035501704551279,0.00162273645401,0.0113436020910739,0.0035488738212734,0.0408947393298149,0.0045708687976002,0.0319522731006145,99.96347045898438,6
175,175,0.04754638671875,0.10174560546875,0.0035501376260071,0.0022606588900089,0.0103521682322025,0.0035488763824105,0.0408947616815567,0.006367805879563,0.0291599053889513,99.9644775390625,6
176,176,0.052215576171875,0.09063720703125,0.0035499779041856,0.0027264663949608,0.0082151032984256,0.0035488838329911,0.0408948212862014,0.0076802354305982,0.0231412798166275,99.96917724609376,6
177,177,0.054229736328125,0.0751953125,0.0035497543867677,0.0029408643022179,0.0056543350219726,0.0035488947760313,0.0408949106931686,0.0082846982404589,0.0159288048744201,99.9757843017578,6
178,178,0.053253173828125,0.056396484375,0.0035495089832693,0.0028359005227684,0.0031805634498596,0.0035489073488861,0.040895015001297,0.0079895574599504,0.008960573002696,99.98304748535156,6
179,179,0.049560546875,0.0369873046875,0.0035493031609803,0.002456247806549,0.0013680607080459,0.0035489206202328,0.040895115584135,0.0069203656166791,0.0038544486742466,99.98922729492188,6
180,180,0.043182373046875,0.0181884765625,0.0035491518210619,0.0018647173419594,0.0003308206796646,0.003548932261765,0.0408952012658119,0.0052539799362421,0.0009321119287051,99.99381256103516,6
181,181,0.03436279296875,0.000244140625,0.0035490605514496,0.0011808015406131,5.960464477539064e-08,0.0035489425063133,0.0408952645957469,0.0033270819112658,1.6794484736237794e-07,99.99667358398438,6
182,182,0.023834228515625,0.0145263671875,0.0035490274894982,0.000568070448935,0.000211015343666,0.0035489494912326,0.0408953018486499,0.0016006368678063,0.0005945722223259,99.997802734375,6
183,183,0.012298583984375,0.02569580078125,0.0035490344744175,0.0001512551680207,0.0006602741777896,0.0035489532165229,0.0408952981233596,0.0004261868016328,0.0018604332581162,99.99771118164062,6
184,184,0.00042724609375,0.033447265625,0.0035490649752318,1.825392246246338e-07,0.0011187195777893,0.0035489532165229,0.0408952608704566,5.143305088495254e-07,0.0031521529890596,99.99685668945312,6
185,185,0.0106201171875,0.037353515625,0.0035491005983203,0.0001127868890762,0.0013952851295471,0.0035489499568939,0.0408951938152313,0.000317790050758,0.0039313766174018,99.99575805664062,6
186,186,0.02056884765625,0.03753662109375,0.0035491271410137,0.000423077493906,0.0014089979231357,0.0035489439032971,0.0408951044082641,0.0011920606484636,0.0039699841290712,99.99483489990234,6
187,187,0.028350830078125,0.03619384765625,0.0035491483286023,0.0008037695661187,0.0013099946081638,0.0035489369183778,0.0408950075507164,0.0022646829020231,0.003691011108458,99.99404907226562,6
188,188,0.034332275390625,0.033447265625,0.0035491583403199,0.0011787051334977,0.0011187195777893,0.0035489287693053,0.040894903242588,0.0033210834953933,0.0031520701013505,99.9935302734375,6
189,189,0.037322998046875,0.02880859375,0.0035491418093442,0.001393006183207,0.0008299350738525,0.0035489196889102,0.0408947989344596,0.0039249099791049,0.0023384103551506,99.99374389648438,6
190,190,0.03912353515625,0.02374267578125,0.0035491192247718,0.0015306510031223,0.0005637146532535,0.0035489099100232,0.0408946797251701,0.0043127629905939,0.0015883226878941,99.99410247802734,6
191,191,0.03826904296875,0.017578125,0.0035490770824253,0.001464519649744,0.0003089904785156,0.0035488996654748,0.0408945716917514,0.0041264803148806,0.000870622054208,99.99500274658205,6
192,192,0.03472900390625,0.0101318359375,0.0035490209702402,0.0012061037123203,0.0001026540994644,0.0035488901194185,0.0408944636583328,0.0033984123729169,0.0002892462362069,99.99630737304688,6
193,193,0.02978515625,0.0040283203125,0.0035489711444824,0.0008871555328369,1.6227364540100098e-05,0.0035488808061927,0.040894366800785,0.0024997540749609,4.572413672576658e-05,99.99745178222656,6
194,194,0.023345947265625,0.00164794921875,0.0035489273723214,0.0005450332537293,2.7157366275787358e-06,0.0035488726571202,0.0408942773938179,0.0015357689699158,7.6522737799678e-06,99.99845886230467,6
195,195,0.016021728515625,0.007568359375,0.0035488966386765,0.0002566957846283,5.728006362915039e-05,0.0035488652065396,0.0408942028880119,0.0007233115611597,0.0001614024513401,99.99911499023438,6
196,196,0.008392333984375,0.011474609375,0.0035488787107169,7.043126970529556e-05,0.0001316666603088,0.0035488584544509,0.0408941358327865,0.000198460635147,0.0003710091987159,99.99942779541016,6
197,197,0.001129150390625,0.01397705078125,0.0035488728899508,1.27498060464859e-06,0.0001953579485416,0.0035488530993461,0.040894079953432,3.5926352666137973e-06,0.0005504788714461,99.99944305419922,6
198,198,0.00567626953125,0.01617431640625,0.0035488782450556,3.2220035791397095e-05,0.0002616085112094,0.0035488489083945,0.0408940315246582,9.07893554540351e-05,0.0007371583487838,99.9991683959961,6
199,199,0.011505126953125,0.01715087890625,0.003548887791112,0.0001323679462075,0.0002941526472568,0.0035488451831042,0.0408939830958843,0.0003729842719621,0.0008288586395792,99.9988021850586,6
200,200,0.01617431640625,0.01806640625,0.0035489001311361,0.0002616085112094,0.00032639503479,0.0035488414578139,0.040893942117691,0.0007371537503786,0.0009197075269185,99.99835205078124,6
201,201,0.01898193359375,0.0181884765625,0.0035489073488861,0.0003603138029575,0.0003308206796646,0.0035488381981849,0.0408938974142074,0.001015280955471,0.0009321761317551,99.99805450439452,6
202,202,0.020050048828125,0.018310546875,0.0035489085130393,0.0004020044580101,0.0003352761268615,0.0035488347057253,0.0408938452601432,0.0011327551910653,0.0009447302436456,99.99791717529295,6
203,203,0.01983642578125,0.0181884765625,0.0035489033907651,0.000393483787775,0.0003308206796646,0.003548830980435,0.0408937931060791,0.0011087475577369,0.0009321771212853,99.99796295166016,6
204,204,0.01873779296875,0.01739501953125,0.0035488924477249,0.0003511048853397,0.0003025867044925,0.003548827022314,0.0408937372267246,0.0009893365204334,0.0008526229066774,99.99816131591795,6
205,205,0.016754150390625,0.01654052734375,0.0035488794092088,0.0002807015553116,0.0002735890448093,0.003548823762685,0.0408936850726604,0.0007909582345746,0.0007709166966378,99.9984359741211,6
206,206,0.013824462890625,0.01519775390625,0.0035488621797412,0.0001911157742142,0.0002309717237949,0.0035488200373947,0.0408936254680156,0.0005385268596,0.0006508331862278,99.99881744384766,6
207,207,0.0096435546875,0.01416015625,0.0035488456487655,9.299814701080322e-05,0.0002005100250244,0.0035488163121044,0.0408935658633708,0.0002620517916511,0.0005650006933137,99.9991683959961,6
208,208,0.00537109375,0.01251220703125,0.003548830980435,2.8848648071289062e-05,0.0001565553247928,0.0035488125868141,0.0408935062587261,8.12905709608458e-05,0.0004411461704876,99.99948120117188,6
209,209,0.0010986328125,0.0107421875,0.0035488212015479,1.2069940567016602e-06,0.0001153945922851,0.0035488093271851,0.0408934503793716,3.401112735446077e-06,0.0003251631569582,99.99966430664062,6
210,210,0.002899169921875,0.0089111328125,0.0035488151479512,8.405186235904694e-06,7.940828800201416e-05,0.0035488063003867,0.0408933945000171,2.368448622291908e-05,0.0002237599837826,99.99974822998048,6
211,211,0.005828857421875,0.007080078125,0.0035488116554915,3.397557884454727e-05,5.012750625610352e-05,0.0035488030407577,0.0408933460712432,9.573790157446638e-05,0.0001412515266565,99.999755859375,6
212,212,0.008056640625,0.0052490234375,0.0035488093271851,6.490945816040039e-05,2.755224704742432e-05,0.0035488000139594,0.0408932939171791,0.0001829048851504,7.763800385873765e-05,99.99974060058594,6
213,213,0.00970458984375,0.0035400390625,0.00354880746454,9.417906403541564e-05,1.253187656402588e-05,0.003548796987161,0.0408932454884052,0.0002653822884894,3.531292168190703e-05,99.99970245361328,6
214,214,0.010406494140625,0.00164794921875,0.0035488056018948,0.0001082951202988,2.7157366275787358e-06,0.0035487944260239,0.0408932007849216,0.0003051593375857,7.652536623936612e-06,99.99968719482422,6
215,215,0.0107421875,0.0003662109375,0.0035488030407577,0.0001153945922851,1.341104507446289e-07,0.0035487913992255,0.040893156081438,0.0003251648158766,3.7790331930409593e-07,99.99967193603516,6
216,216,0.010833740234375,0.0001220703125,0.0035487997811287,0.0001173699274659,1.4901161193847656e-08,0.0035487881395965,0.0408931076526641,0.0003307313309051,4.198929914878136e-08,99.99967193603516,6
217,217,0.0103759765625,0.00079345703125,0.0035487955901771,0.0001076608896255,6.295740604400635e-07,0.0035487848799675,0.0408930629491806,0.0003033730317838,1.7740499060892034e-06,99.99969482421876,6
218,218,0.009368896484375,0.00128173828125,0.0035487909335643,8.777622133493423e-05,1.642853021621704e-06,0.0035487818531692,0.0408930107951164,0.0002473412023391,4.629331670003012e-06,99.99974060058594,6
219,219,0.0078125,0.00152587890625,0.0035487841814756,6.103515625e-05,2.3283064365386963e-06,0.0035487778950482,0.0408929586410522,0.000171988911461,6.560856945725391e-06,99.99982452392578,6
220,220,0.006256103515625,0.00152587890625,0.0035487785935401,3.9138831198215485e-05,2.3283064365386963e-06,0.0035487744025886,0.0408929102122783,0.0001102881724364,6.560866495419759e-06,99.9998779296875,6
221,221,0.00469970703125,0.0010986328125,0.0035487730056047,2.208724617958069e-05,1.2069940567016602e-06,0.0035487706772983,0.0408928543329238,6.223910168046132e-05,3.401158892302192e-06,99.99993133544922,6
222,222,0.00286865234375,0.0006103515625,0.0035487678833305,8.229166269302368e-06,3.725290298461914e-07,0.003548766952008,0.04089280590415,2.318879887752701e-05,1.0497418543309325e-06,99.9999771118164,6
223,223,0.001312255859375,0.0001220703125,0.003548762993887,1.7220154404640198e-06,1.4901161193847656e-08,0.0035487627610564,0.0408927462995052,4.852438451052876e-06,4.1989732579850176e-08,99.99999237060548,6
224,224,0.00018310546875,0.0003662109375,0.0035487585701048,3.3527612686157227e-08,1.341104507446289e-07,0.0035487585701048,0.0408926904201507,9.44770164323927e-08,3.779080657295708e-07,100.0,6
225,225,0.001220703125,0.00091552734375,0.0035487541463226,1.4901161193847656e-06,8.381903171539307e-07,0.0035487539134919,0.0408926308155059,4.19898333348101e-06,2.361928181926487e-06,99.99999237060548,6
226,226,0.001800537109375,0.0023193359375,0.0035487494897097,3.2419338822364807e-06,5.379319190979004e-06,0.0035487487912178,0.0408925637602806,9.135424988926388e-06,1.5158351743593812e-05,99.99998474121094,6
227,227,0.002105712890625,0.00335693359375,0.0035487455315887,4.434026777744293e-06,1.126900315284729e-05,0.0035487439017742,0.0408924967050552,1.2494630936998874e-05,3.175489109707996e-05,99.9999542236328,6
228,228,0.0020751953125,0.0040283203125,0.0035487411078065,4.306435585021973e-06,1.6227364540100098e-05,0.0035487390123307,0.0408924296498298,1.2135107681388035e-05,4.572710167849437e-05,99.99993896484376,6
229,229,0.001861572265625,0.005126953125,0.003548736218363,3.465451300144196e-06,2.6285648345947266e-05,0.0035487334243953,0.0408923588693141,9.76531100604916e-06,7.4070441769436e-05,99.99992370605467,6
230,230,0.001495361328125,0.00634765625,0.0035487324930727,2.236105501651764e-06,4.029273986816406e-05,0.0035487283021211,0.0408922880887985,6.301138455455657e-06,0.000113541202154,99.9998779296875,6
231,231,0.000946044921875,0.00732421875,0.0035487280692905,8.950009942054749e-07,5.364418029785156e-05,0.0035487227141857,0.0408922210335731,2.5220331281161634e-06,0.0001511645241407,99.99984741210938,6
232,232,0.00030517578125,0.0078125,0.0035487238783389,9.313225746154785e-08,6.103515625e-05,0.0035487178247421,0.0408921539783477,2.6243870365760813e-07,0.000171991836396,99.99982452392578,6
233,233,0.000213623046875,0.00823974609375,0.0035487201530486,4.5634806156158454e-08,6.789341568946838e-05,0.0035487134009599,0.0408920906484127,1.28595118553676e-07,0.000191318031284,99.99980926513672,6
234,234,0.000823974609375,0.008544921875,0.003548715962097,6.789341568946838e-07,7.301568984985352e-05,0.003548708744347,0.0408920273184776,1.9131825865770224e-06,0.000205752410693,99.99979400634766,6
235,235,0.001220703125,0.0087890625,0.0035487117711454,1.4901161193847656e-06,7.724761962890625e-05,0.0035487038549035,0.0408919639885425,4.1990338104369584e-06,0.0002176779089495,99.9997787475586,6
236,236,0.001678466796875,0.0089111328125,0.0035487078130245,2.8172507882118225e-06,7.940828800201416e-05,0.0035486996639519,0.0408919043838977,7.938806447782554e-06,0.0002237667504232,99.99977111816406,6
237,237,0.00201416015625,0.00885009765625,0.0035487036220729,4.056841135025024e-06,7.832422852516174e-05,0.0035486952401697,0.0408918410539627,1.1431895472924223e-05,0.0002207122161053,99.99976348876952,6
238,238,0.002197265625,0.008544921875,0.0035486991982907,4.827976226806641e-06,7.301568984985352e-05,0.0035486915148794,0.0408917888998985,1.360491842206102e-05,0.0002057534002233,99.99978637695312,6
239,239,0.00238037109375,0.00836181640625,0.0035486947745084,5.666166543960571e-06,6.991997361183167e-05,0.0035486873239278,0.0408917292952537,1.5966903447406366e-05,0.0001970301091205,99.99979400634766,6
240,240,0.002593994140625,0.00787353515625,0.0035486903507262,6.728805601596832e-06,6.199255585670471e-05,0.0035486833658069,0.0408916771411895,1.8961376554216255e-05,0.0001746913476381,99.9998016357422,6
241,241,0.002593994140625,0.007568359375,0.0035486863926053,6.728805601596832e-06,5.728006362915039e-05,0.0035486798733472,0.0408916212618351,1.8961396563099697e-05,0.0001614120119484,99.99981689453124,6
242,242,0.002471923828125,0.00677490234375,0.0035486817359924,6.1104074120521545e-06,4.589930176734924e-05,0.0035486763808876,0.0408915653824806,1.7218808352481574e-05,0.00012934183178,99.99984741210938,6
243,243,0.002288818359375,0.0062255859375,0.0035486773122102,5.238689482212067e-06,3.875792026519776e-05,0.0035486728884279,0.0408915169537067,1.4762372302357107e-05,0.000109217930003,99.9998779296875,6
244,244,0.002105712890625,0.00518798828125,0.0035486726555973,4.434026777744293e-06,2.691522240638733e-05,0.0035486693959683,0.0408914610743522,1.2494888323999476e-05,7.584588456666097e-05,99.99990844726562,6
245,245,0.001983642578125,0.00494384765625,0.003548668231815,3.934837877750397e-06,2.4441629648208615e-05,0.0035486654378473,0.040891408920288,1.108821015805006e-05,6.887550262035802e-05,99.99992370605467,6
246,246,0.001739501953125,0.0045166015625,0.0035486640408635,3.0258670449256897e-06,2.039968967437744e-05,0.003548661712557,0.0408913530409336,8.526777492079418e-06,5.748554394813255e-05,99.99993133544922,6
247,247,0.001495361328125,0.00390625,0.0035486598499119,2.236105501651764e-06,1.52587890625e-05,0.0035486579872667,0.0408912971615791,6.301267148955958e-06,4.2998733988497406e-05,99.99994659423828,6
248,248,0.00140380859375,0.00384521484375,0.0035486554261296,1.9706785678863525e-06,1.4785677194595335e-05,0.0035486537963151,0.0408912375569343,5.553310529649025e-06,4.1665574826765805e-05,99.9999542236328,6
249,249,0.00128173828125,0.0035400390625,0.0035486514680087,1.642853021621704e-06,1.253187656402588e-05,0.0035486500710248,0.0408911816775798,4.629513568943366e-06,3.531447873683646e-05,99.99996185302734,6
250,250,0.001251220703125,0.00341796875,0.0035486470442265,1.5655532479286194e-06,1.1682510375976562e-05,0.0035486456472426,0.0408911220729351,4.411690497363452e-06,3.2921027013799176e-05,99.99996185302734,6
251,251,0.001251220703125,0.00335693359375,0.0035486428532749,1.5655532479286194e-06,1.126900315284729e-05,0.003548641456291,0.0408910624682903,4.411695499584312e-06,3.175580786773935e-05,99.99996185302734,6
252,252,0.001251220703125,0.00347900390625,0.0035486384294927,1.5655532479286194e-06,1.210346817970276e-05,0.0035486370325088,0.0408909991383552,4.411701411299873e-06,3.4107357350876555e-05,99.99996185302734,6
253,253,0.001312255859375,0.003662109375,0.0035486340057104,1.7220154404640198e-06,1.341104507446289e-05,0.0035486323758959,0.0408909358084201,4.85261489302502e-06,3.779213147936389e-05,99.9999542236328,6
254,254,0.00140380859375,0.00390625,0.0035486293490976,1.9706785678863525e-06,1.52587890625e-05,0.0035486274864524,0.0408908724784851,5.553351002163254e-06,4.299910506233573e-05,99.99994659423828,6
255,255,0.00152587890625,0.004150390625,0.003548625158146,2.3283064365386963e-06,1.722574234008789e-05,0.0035486232955008,0.04089080914855,6.561150712514063e-06,4.8542016884312034e-05,99.99994659423828,6
256,256,0.001617431640625,0.00439453125,0.0035486205015331,2.616085112094879e-06,1.931190490722656e-05,0.0035486184060573,0.0408907458186149,7.3721189437492285e-06,5.442088149720803e-05,99.99993896484376,6
257,257,0.001678466796875,0.0045166015625,0.0035486160777509,2.8172507882118225e-06,2.039968967437744e-05,0.0035486137494444,0.0408906787633895,7.939011993585154e-06,5.748632247559726e-05,99.99993133544922,6
258,258,0.001861572265625,0.00506591796875,0.0035486123524606,3.465451300144196e-06,2.566352486610413e-05,0.0035486095584928,0.0408906154334545,9.765652066562325e-06,7.231989002320915e-05,99.99992370605467,6
259,259,0.001922607421875,0.0052490234375,0.0035486076958477,3.696419298648834e-06,2.755224704742432e-05,0.0035486044362187,0.0408905483782291,1.0416533768875524e-05,7.764241308905184e-05,99.99990844726562,6
260,260,0.001983642578125,0.0054931640625,0.0035486030392348,3.934837877750397e-06,3.0174851417541504e-05,0.0035485995467752,0.0408904813230037,1.1088412975368556e-05,8.50330397952348e-05,99.9999008178711,6
261,261,0.002105712890625,0.005859375,0.0035485988482832,4.434026777744293e-06,3.4332275390625e-05,0.0035485948901623,0.0408904179930686,1.2495148439484184e-05,9.67488158494234e-05,99.99988555908205,6
262,262,0.002044677734375,0.005859375,0.003548594424501,4.180707037448883e-06,3.4332275390625e-05,0.0035485904663801,0.0408903583884239,1.1781303328461943e-05,9.674893954070284e-05,99.99988555908205,6
263,263,0.001983642578125,0.0059814453125,0.0035485897678881,3.934837877750397e-06,3.577768802642822e-05,0.0035485858097672,0.0408902913331985,1.1088454812124835e-05,0.0001008222752716,99.99988555908205,6
264,264,0.0018310546875,0.00592041015625,0.0035485853441059,3.3527612686157227e-06,3.505125641822815e-05,0.0035485816188156,0.0408902317285537,9.448162927583326e-06,9.877529373625292e-05,99.99989318847656,6
265,265,0.00177001953125,0.006103515625,0.0035485804546624,3.1329691410064697e-06,3.725290298461914e-05,0.0035485764965415,0.0408901683986187,8.828795216686558e-06,0.0001049797356245,99.99988555908205,6
266,266,0.001556396484375,0.00604248046875,0.0035485764965415,2.42237001657486e-06,3.651157021522522e-05,0.0035485725384205,0.0408901050686836,6.826314802310662e-06,0.0001028907499858,99.99988555908205,6
267,267,0.001556396484375,0.00616455078125,0.0035485718399286,2.42237001657486e-06,3.800168633460999e-05,0.0035485678818076,0.0408900380134582,6.82632389725768e-06,0.0001070900907507,99.99988555908205,6
268,268,0.001434326171875,0.00592041015625,0.0035485671833157,2.057291567325592e-06,3.505125641822815e-05,0.0035485634580254,0.0408899784088134,5.797527592221741e-06,9.877579577732833e-05,99.99989318847656,6
269,269,0.001312255859375,0.00579833984375,0.0035485627595335,1.7220154404640198e-06,3.3620744943618774e-05,0.0035485592670738,0.0408899188041687,4.85271220895811e-06,9.474467515246944e-05,99.9999008178711,6
270,270,0.0010986328125,0.00555419921875,0.0035485581029206,1.2069940567016602e-06,3.084912896156311e-05,0.0035485548432916,0.0408898554742336,3.401364892852144e-06,8.693426207173616e-05,99.99990844726562,6
271,271,0.00115966796875,0.00543212890625,0.0035485536791384,1.344829797744751e-06,2.950802445411682e-05,0.0035485504195094,0.0408897921442985,3.789796892306185e-06,8.315506420331076e-05,99.99990844726562,6
272,272,0.001129150390625,0.00531005859375,0.0035485490225255,1.27498060464859e-06,2.8196722269058228e-05,0.0035485459957271,0.0408897250890731,3.5929631394537864e-06,7.945985998958349e-05,99.99991607666016,6
273,273,0.00115966796875,0.0052490234375,0.0035485448315739,1.344829797744751e-06,2.755224704742432e-05,0.0035485418047755,0.0408896654844284,3.789806442000554e-06,7.764378824504092e-05,99.99991607666016,6
274,274,0.001251220703125,0.00537109375,0.0035485397092998,1.5655532479286194e-06,2.8848648071289062e-05,0.0035485366825014,0.040889598429203,4.411823738337262e-06,8.129723573802039e-05,99.99991607666016,6
275,275,0.001251220703125,0.00518798828125,0.0035485352855175,1.5655532479286194e-06,2.691522240638733e-05,0.0035485322587192,0.0408895388245582,4.411829650052823e-06,7.584881677757949e-05,99.99991607666016,6
276,276,0.0013427734375,0.005126953125,0.0035485308617353,1.8030405044555664e-06,2.6285648345947266e-05,0.0035485280677676,0.0408894717693328,5.081089966552099e-06,7.407473458442837e-05,99.99992370605467,6
277,277,0.0013427734375,0.00482177734375,0.0035485262051224,1.8030405044555664e-06,2.324953675270081e-05,0.0035485236439853,0.0408894084393978,5.0810967877623625e-06,6.551884871441871e-05,99.99993133544922,6
278,278,0.00140380859375,0.005126953125,0.0035485215485095,1.9706785678863525e-06,2.6285648345947266e-05,0.0035485187545418,0.0408893451094627,5.553520168177784e-06,7.407492375932634e-05,99.99992370605467,6
279,279,0.00152587890625,0.005126953125,0.0035485171247273,2.3283064365386963e-06,2.6285648345947266e-05,0.0035485143307596,0.0408892780542373,6.561350346601103e-06,7.407501834677532e-05,99.99992370605467,6
280,280,0.001556396484375,0.005126953125,0.0035485122352838,2.42237001657486e-06,2.6285648345947266e-05,0.0035485094413161,0.0408892109990119,6.826438493590104e-06,7.407512021018192e-05,99.99992370605467,6
281,281,0.001708984375,0.005126953125,0.0035485075786709,2.9206275939941406e-06,2.6285648345947266e-05,0.0035485047847032,0.0408891439437866,8.230580533563625e-06,7.40752147976309e-05,99.99992370605467,6
282,282,0.00177001953125,0.005126953125,0.0035485026892274,3.1329691410064697e-06,2.6285648345947266e-05,0.0035484998952597,0.0408890806138515,8.828989848552737e-06,7.40753166610375e-05,99.99992370605467,6
283,283,0.0018310546875,0.0050048828125,0.0035484982654452,3.3527612686157227e-06,2.504885196685791e-05,0.0035484954714775,0.0408890135586261,9.448394848732278e-06,7.059000199660659e-05,99.99992370605467,6
284,284,0.001861572265625,0.00506591796875,0.0035484936088323,3.465451300144196e-06,2.566352486610413e-05,0.0035484908148646,0.0408889502286911,9.76597857516026e-06,7.232230564113706e-05,99.99992370605467,6
285,285,0.001922607421875,0.00518798828125,0.0035484891850501,3.696419298648834e-06,2.691522240638733e-05,0.0035484859254211,0.0408888831734657,1.0416882105346303e-05,7.584980630781502e-05,99.99990844726562,6
286,286,0.001922607421875,0.00531005859375,0.0035484842956066,3.696419298648834e-06,2.8196722269058228e-05,0.0035484810359776,0.0408888161182403,1.041689574776683e-05,7.946130790514871e-05,99.99990844726562,6
287,287,0.001800537109375,0.005126953125,0.003548479406163,3.2419338822364807e-06,2.6285648345947266e-05,0.0035484766121953,0.0408887490630149,9.136120752373245e-06,7.407580415019765e-05,99.99992370605467,6
288,288,0.00177001953125,0.005126953125,0.0035484745167195,3.1329691410064697e-06,2.6285648345947266e-05,0.0035484717227518,0.0408886820077896,8.829058970150072e-06,7.407590601360425e-05,99.99992370605467,6
289,289,0.00164794921875,0.00506591796875,0.0035484700929373,2.7157366275787358e-06,2.566352486610413e-05,0.0035484672989696,0.0408886149525642,7.653259672224522e-06,7.23227858543396e-05,99.99992370605467,6
290,290,0.001678466796875,0.0052490234375,0.0035484656691551,2.8172507882118225e-06,2.755224704742432e-05,0.0035484626423567,0.0408885516226291,7.93934850662481e-06,7.764552719891071e-05,99.99991607666016,6
291,291,0.00164794921875,0.0052490234375,0.0035484605468809,2.7157366275787358e-06,2.755224704742432e-05,0.0035484575200825,0.0408884808421134,7.653280590602662e-06,7.764563633827493e-05,99.99991607666016,6
292,292,0.001495361328125,0.00537109375,0.0035484556574374,2.236105501651764e-06,2.8848648071289062e-05,0.003548452630639,0.0408884175121784,6.301630037341965e-06,8.129916386678815e-05,99.99991607666016,6
293,293,0.00152587890625,0.00531005859375,0.0035484510008245,2.3283064365386963e-06,2.8196722269058228e-05,0.0035484479740262,0.040888350456953,6.561472673638491e-06,7.946205005282536e-05,99.99991607666016,6
294,294,0.001434326171875,0.00537109375,0.0035484465770423,2.057291567325592e-06,2.8848648071289062e-05,0.0035484435502439,0.0408882834017276,5.7977244978246745e-06,8.129937486955896e-05,99.99991607666016,6
295,295,0.0013427734375,0.00531005859375,0.0035484414547681,1.8030405044555664e-06,2.8196722269058228e-05,0.0035484384279698,0.0408882163465023,5.081217750557698e-06,7.946226833155379e-05,99.99991607666016,6
296,296,0.001373291015625,0.005126953125,0.0035484365653246,1.885928213596344e-06,2.6285648345947266e-05,0.0035484337713569,0.0408881492912769,5.314814643497812e-06,7.40766990929842e-05,99.99992370605467,6
297,297,0.001373291015625,0.0052490234375,0.0035484319087117,1.885928213596344e-06,2.755224704742432e-05,0.0035484288819134,0.0408880785107612,5.314821464708075e-06,7.764626207062975e-05,99.99991607666016,6
298,298,0.001434326171875,0.00537109375,0.0035484272520989,2.057291567325592e-06,2.8848648071289062e-05,0.0035484242253005,0.0408880114555358,5.7977563301392365e-06,8.129981870297343e-05,99.99991607666016,6
299,299,0.001434326171875,0.00537109375,0.003548422595486,2.057291567325592e-06,2.8848648071289062e-05,0.0035484195686876,0.0408879444003105,5.797763606096851e-06,8.129992056638002e-05,99.99991607666016,6
300,300,0.00140380859375,0.0052490234375,0.0035484172403812,1.9706785678863525e-06,2.755224704742432e-05,0.0035484142135828,0.0408878773450851,5.553682967729401e-06,7.764658221276477e-05,99.99991607666016,6
301,301,0.00140380859375,0.00537109375,0.0035484123509377,1.9706785678863525e-06,2.8848648071289062e-05,0.0035484093241393,0.0408878102898597,5.553690698434366e-06,8.130016067298129e-05,99.99991607666016,6
302,302,0.001434326171875,0.00537109375,0.0035484076943248,2.057291567325592e-06,2.8848648071289062e-05,0.0035484046675264,0.0408877357840538,5.797787707706448e-06,8.130026253638789e-05,99.99991607666016,6
303,303,0.00146484375,0.00537109375,0.0035484030377119,2.1457672119140625e-06,2.8848648071289062e-05,0.0035484000109136,0.0408876687288284,6.047135229891865e-06,8.13003716757521e-05,99.99991607666016,6
304,304,0.001556396484375,0.0052490234375,0.0035483983810991,2.42237001657486e-06,2.755224704742432e-05,0.0035483953543007,0.040887601673603,6.82665722706588e-06,7.764699694234878e-05,99.99991607666016,6
305,305,0.001556396484375,0.005126953125,0.0035483930259943,2.42237001657486e-06,2.6285648345947266e-05,0.0035483902320265,0.0408875346183776,6.826668141002301e-06,7.407760858768597e-05,99.99992370605467,6
306,306,0.0015869140625,0.005126953125,0.0035483883693814,2.518296241760254e-06,2.6285648345947266e-05,0.0035483855754137,0.0408874675631523,7.0970136221149005e-06,7.407770317513496e-05,99.99992370605467,6
307,307,0.001495361328125,0.0050048828125,0.0035483834799379,2.236105501651764e-06,2.504885196685791e-05,0.0035483806859701,0.0408873967826366,6.3017578213475645e-06,7.059228664729744e-05,99.99992370605467,6
308,308,0.0015869140625,0.005126953125,0.0035483785904943,2.518296241760254e-06,2.6285648345947266e-05,0.0035483757965266,0.0408873260021209,7.09703363099834e-06,7.407791417790577e-05,99.99992370605467,6
309,309,0.001617431640625,0.00518798828125,0.0035483734682202,2.616085112094879e-06,2.691522240638733e-05,0.0035483704414218,0.0408872589468956,7.372631898761028e-06,7.585228013340384e-05,99.99991607666016,6
310,310,0.0015869140625,0.00506591796875,0.003548368345946,2.518296241760254e-06,2.566352486610413e-05,0.0035483655519783,0.0408871881663799,7.0970536398817785e-06,7.232485950225964e-05,99.99992370605467,6
311,311,0.001617431640625,0.00506591796875,0.0035483636893332,2.616085112094879e-06,2.566352486610413e-05,0.0035483608953654,0.0408871173858642,7.3726519076444674e-06,7.232495408970863e-05,99.99992370605467,6
312,312,0.001556396484375,0.005126953125,0.003548358567059,2.42237001657486e-06,2.6285648345947266e-05,0.0035483557730913,0.0408870503306388,6.82673407936818e-06,7.407832890748978e-05,99.99992370605467,6
313,313,0.0015869140625,0.0052490234375,0.0035483536776155,2.518296241760254e-06,2.755224704742432e-05,0.0035483506508171,0.0408869758248329,7.097083653206937e-06,7.764797192066908e-05,99.99991607666016,6
314,314,0.001556396484375,0.0054931640625,0.003548348788172,2.42237001657486e-06,3.0174851417541504e-05,0.0035483455285429,0.0408869050443172,6.826753178756917e-06,8.503913704771549e-05,99.99990844726562,6
315,315,0.001495361328125,0.0052490234375,0.0035483436658978,2.236105501651764e-06,2.755224704742432e-05,0.0035483406390994,0.0408868379890918,6.301829216681654e-06,7.76481901993975e-05,99.99991607666016,6
316,316,0.001495361328125,0.00531005859375,0.0035483387764543,2.236105501651764e-06,2.8196722269058228e-05,0.0035483357496559,0.0408867672085762,6.3018378568813205e-06,7.946456753415987e-05,99.99991607666016,6
317,317,0.00140380859375,0.0052490234375,0.0035483338870108,1.9706785678863525e-06,2.755224704742432e-05,0.0035483308602124,0.0408867001533508,5.553813480219105e-06,7.764840847812593e-05,99.99991607666016,6
318,318,0.001495361328125,0.00531005859375,0.003548328531906,2.236105501651764e-06,2.8196722269058228e-05,0.0035483255051076,0.0408866256475448,6.301856046775356e-06,7.946480036480352e-05,99.99991607666016,6
319,319,0.00152587890625,0.00543212890625,0.0035483236424624,2.3283064365386963e-06,2.950802445411682e-05,0.0035483203828334,0.0408865548670291,6.561707778018899e-06,8.316046296386048e-05,99.99990844726562,6
320,320,0.00140380859375,0.00518798828125,0.0035483187530189,1.9706785678863525e-06,2.691522240638733e-05,0.0035483157262206,0.0408864878118038,5.553837127081351e-06,7.585345156257972e-05,99.99991607666016,6
321,321,0.00146484375,0.005126953125,0.0035483133979141,2.1457672119140625e-06,2.6285648345947266e-05,0.0035483106039464,0.0408864170312881,6.047288025001762e-06,7.4079267506022e-05,99.99992370605467,6
322,322,0.00152587890625,0.00518798828125,0.0035483085084706,2.3283064365386963e-06,2.691522240638733e-05,0.0035483054816722,0.0408863425254821,6.561736427102005e-06,7.585366256535053e-05,99.99991607666016,6
323,323,0.001556396484375,0.0052490234375,0.0035483033861964,2.42237001657486e-06,2.755224704742432e-05,0.0035483003593981,0.0408862717449665,6.826840490248287e-06,7.764907786622643e-05,99.99991607666016,6
324,324,0.001678466796875,0.0052490234375,0.0035482984967529,2.8172507882118225e-06,2.755224704742432e-05,0.0035482954699546,0.0408862009644508,7.939722308947239e-06,7.764917972963303e-05,99.99991607666016,6
325,325,0.001556396484375,0.0052490234375,0.0035482936073094,2.42237001657486e-06,2.755224704742432e-05,0.003548290580511,0.0408861301839351,6.8268591348896734e-06,7.764928886899725e-05,99.99991607666016,6
326,326,0.001556396484375,0.00506591796875,0.003548288019374,2.42237001657486e-06,2.566352486610413e-05,0.0035482852254062,0.0408860594034194,6.826869594078744e-06,7.232649659272283e-05,99.99992370605467,6
327,327,0.001556396484375,0.00506591796875,0.0035482831299304,2.42237001657486e-06,2.566352486610413e-05,0.0035482803359627,0.0408859848976135,6.826879598520463e-06,7.232659845612943e-05,99.99992370605467,6
328,328,0.001495361328125,0.0050048828125,0.0035482780076563,2.236105501651764e-06,2.504885196685791e-05,0.0035482752136886,0.0408859178423881,6.3019456320034806e-06,7.059438939904794e-05,99.99992370605467,6
329,329,0.001678466796875,0.0052490234375,0.0035482726525515,2.8172507882118225e-06,2.755224704742432e-05,0.0035482696257531,0.0408858433365821,7.939780516608153e-06,7.764974725432694e-05,99.99991607666016,6
330,330,0.0015869140625,0.0052490234375,0.0035482679959386,2.518296241760254e-06,2.755224704742432e-05,0.0035482649691402,0.0408857688307762,7.09725463821087e-06,7.764984911773354e-05,99.99991607666016,6
331,331,0.00164794921875,0.0052490234375,0.0035482628736644,2.7157366275787358e-06,2.755224704742432e-05,0.0035482598468661,0.0408856980502605,7.653707143617794e-06,7.764995825709775e-05,99.99991607666016,6
332,332,0.0015869140625,0.0052490234375,0.0035482575185596,2.518296241760254e-06,2.755224704742432e-05,0.0035482544917613,0.0408856272697448,7.09727510184166e-06,7.765007467241958e-05,99.99991607666016,6
333,333,0.001495361328125,0.005126953125,0.0035482523962855,2.236105501651764e-06,2.6285648345947266e-05,0.0035482496023178,0.0408855564892292,6.301991106738569e-06,7.408054079860449e-05,99.99992370605467,6
334,334,0.001434326171875,0.005126953125,0.0035482472740113,2.057291567325592e-06,2.6285648345947266e-05,0.0035482444800436,0.0408854782581329,5.798050096927909e-06,7.40806499379687e-05,99.99992370605467,6
335,335,0.001434326171875,0.00518798828125,0.0035482419189065,2.057291567325592e-06,2.691522240638733e-05,0.0035482388921082,0.0408854074776172,5.798058737127576e-06,7.585509592900053e-05,99.99991607666016,6
336,336,0.001373291015625,0.00518798828125,0.0035482367966324,1.885928213596344e-06,2.691522240638733e-05,0.003548233769834,0.0408853366971015,5.315113867254695e-06,7.585519779240713e-05,99.99991607666016,6
337,337,0.001373291015625,0.0052490234375,0.0035482319071888,1.885928213596344e-06,2.755224704742432e-05,0.0035482288803905,0.0408852621912956,5.315121143212309e-06,7.765064219711348e-05,99.99991607666016,6
338,338,0.00140380859375,0.0054931640625,0.0035482263192534,1.9706785678863525e-06,3.0174851417541504e-05,0.0035482230596244,0.0408851876854896,5.553981736738933e-06,8.5042069258634e-05,99.99990844726562,6
339,339,0.00146484375,0.00555419921875,0.0035482214298099,2.1457672119140625e-06,3.084912896156311e-05,0.0035482181701809,0.0408851131796836,6.0474440033431165e-06,8.694251300767064e-05,99.99990844726562,6
340,340,0.001434326171875,0.005615234375,0.0035482165403664,2.057291567325592e-06,3.153085708618164e-05,0.0035482130479067,0.040885042399168,5.798100573883858e-06,8.886395517038181e-05,99.9999008178711,6
341,341,0.00146484375,0.00543212890625,0.0035482111852616,2.1457672119140625e-06,2.950802445411682e-05,0.0035482079256325,0.0408849716186523,6.047461738489801e-06,8.316309686051682e-05,99.99990844726562,6
342,342,0.00146484375,0.00555419921875,0.0035482058301568,2.1457672119140625e-06,3.084912896156311e-05,0.0035482025705277,0.0408848971128463,6.04747128818417e-06,8.694289135746658e-05,99.99990844726562,6
343,343,0.001434326171875,0.00531005859375,0.0035482007078826,2.057291567325592e-06,2.8196722269058228e-05,0.0035481976810842,0.0408848226070404,5.798126039735507e-06,7.94676598161459e-05,99.99991607666016,6
344,344,0.00146484375,0.005126953125,0.0035481951199471,2.1457672119140625e-06,2.6285648345947266e-05,0.0035481923259794,0.0408847518265247,6.047489023330854e-06,7.408174133161083e-05,99.99992370605467,6
345,345,0.001556396484375,0.005126953125,0.003548189997673,2.42237001657486e-06,2.6285648345947266e-05,0.0035481872037053,0.0408846773207187,6.827058768976713e-06,7.408184319501743e-05,99.99992370605467,6
346,346,0.00146484375,0.00506591796875,0.0035481848753988,2.1457672119140625e-06,2.566352486610413e-05,0.0035481820814311,0.040884606540203,6.047506758477539e-06,7.232859934447333e-05,99.99992370605467,6
347,347,0.001495361328125,0.00518798828125,0.003548179520294,2.236105501651764e-06,2.691522240638733e-05,0.0035481764934957,0.0408845283091068,6.302120254986221e-06,7.585642015328631e-05,99.99991607666016,6
348,348,0.00146484375,0.00506591796875,0.0035481741651892,2.1457672119140625e-06,2.566352486610413e-05,0.0035481713712215,0.0408844575285911,6.047524948371574e-06,7.232881762320176e-05,99.99992370605467,6
349,349,0.001434326171875,0.00506591796875,0.0035481690429151,2.057291567325592e-06,2.566352486610413e-05,0.0035481662489473,0.0408843830227851,5.798177880933508e-06,7.232892676256597e-05,99.99992370605467,6
350,350,0.00152587890625,0.00506591796875,0.0035481634549796,2.3283064365386963e-06,2.566352486610413e-05,0.0035481606610119,0.0408843085169792,6.562004273291677e-06,7.232903590193018e-05,99.99992370605467,6
351,351,0.0015869140625,0.00518798828125,0.0035481583327054,2.518296241760254e-06,2.691522240638733e-05,0.0035481553059071,0.0408842302858829,7.0974742811813485e-06,7.5856878538616e-05,99.99991607666016,6
352,352,0.0015869140625,0.00531005859375,0.0035481529776006,2.518296241760254e-06,2.8196722269058228e-05,0.0035481499508023,0.0408841520547866,7.097484740370419e-06,7.946872938191518e-05,99.99991607666016,6
353,353,0.001617431640625,0.00555419921875,0.0035481476224958,2.616085112094879e-06,3.084912896156311e-05,0.0035481443628668,0.0408840775489807,7.373100743279792e-06,8.694431744515896e-05,99.99990844726562,6
354,354,0.001556396484375,0.0052490234375,0.003548142267391,2.42237001657486e-06,2.755224704742432e-05,0.0035481392405927,0.0408840030431747,6.827150173194241e-06,7.76525994297117e-05,99.99991607666016,6
355,355,0.001495361328125,0.0052490234375,0.0035481371451169,2.236105501651764e-06,2.755224704742432e-05,0.0035481341183185,0.0408839285373687,6.302195743046468e-06,7.765271584503353e-05,99.99991607666016,6
356,356,0.00146484375,0.0052490234375,0.0035481315571814,2.1457672119140625e-06,2.755224704742432e-05,0.0035481285303831,0.0408838540315628,6.047597707947716e-06,7.765283226035535e-05,99.99991607666016,6
357,357,0.00140380859375,0.00531005859375,0.0035481262020766,1.9706785678863525e-06,2.8196722269058228e-05,0.0035481231752783,0.0408837795257568,5.554138624574989e-06,7.946932601043954e-05,99.99991607666016,6
358,358,0.00140380859375,0.005126953125,0.0035481206141412,1.9706785678863525e-06,2.6285648345947266e-05,0.0035481178201735,0.0408837050199508,5.554147264774656e-06,7.408329111058265e-05,99.99992370605467,6
359,359,0.001495361328125,0.00531005859375,0.0035481152590364,2.236105501651764e-06,2.8196722269058228e-05,0.003548112232238,0.0408836267888546,6.302234851318644e-06,7.946957339299843e-05,99.99991607666016,6
360,360,0.001495361328125,0.00531005859375,0.0035481101367622,2.236105501651764e-06,2.8196722269058228e-05,0.0035481071099638,0.0408835485577583,6.302243491518311e-06,7.946968253236264e-05,99.99991607666016,6
361,361,0.001434326171875,0.00518798828125,0.0035481047816574,2.057291567325592e-06,2.691522240638733e-05,0.003548101754859,0.040883470326662,5.798282927571563e-06,7.585802086396143e-05,99.99991607666016,6
362,362,0.001556396484375,0.00537109375,0.0035480994265526,2.42237001657486e-06,2.8848648071289062e-05,0.0035480963997542,0.040883395820856,6.827232937212102e-06,8.130732749123126e-05,99.99991607666016,6
363,363,0.001434326171875,0.00537109375,0.0035480936057865,2.057291567325592e-06,2.8848648071289062e-05,0.0035480905789881,0.0408833213150501,5.798301117465599e-06,8.130745845846832e-05,99.99991607666016,6
364,364,0.00140380859375,0.00506591796875,0.0035480882506817,1.9706785678863525e-06,2.566352486610413e-05,0.003548085456714,0.0408832468092441,5.554198196477955e-06,7.233057112898678e-05,99.99992370605467,6
365,365,0.0013427734375,0.005126953125,0.0035480826627463,1.8030405044555664e-06,2.6285648345947266e-05,0.0035480798687785,0.0408831685781478,5.081732069811551e-06,7.408409146592021e-05,99.99992370605467,6
366,366,0.001373291015625,0.00537109375,0.0035480775404721,1.885928213596344e-06,2.8848648071289062e-05,0.0035480745136737,0.0408830940723419,5.31535260961391e-06,8.130782225634903e-05,99.99991607666016,6
367,367,0.001434326171875,0.00518798828125,0.0035480721853673,2.057291567325592e-06,2.691522240638733e-05,0.0035480691585689,0.0408830158412456,5.798336587758968e-06,7.585871935589239e-05,99.99991607666016,6
368,368,0.001434326171875,0.0052490234375,0.0035480665974318,2.057291567325592e-06,2.755224704742432e-05,0.0035480635706335,0.0408829376101493,5.7983452279586345e-06,7.765425834804773e-05,99.99991607666016,6
369,369,0.00146484375,0.0052490234375,0.003548061242327,2.1457672119140625e-06,2.755224704742432e-05,0.0035480582155287,0.0408828593790531,6.04771776124835e-06,7.765437476336956e-05,99.99991607666016,6
370,370,0.001495361328125,0.005126953125,0.003548055421561,2.236105501651764e-06,2.6285648345947266e-05,0.0035480526275932,0.0408827811479568,6.302340807451401e-06,7.408465899061412e-05,99.99992370605467,6
371,371,0.00146484375,0.005126953125,0.0035480498336255,2.1457672119140625e-06,2.6285648345947266e-05,0.0035480470396578,0.0408827066421508,6.047736860637087e-06,7.408477540593594e-05,99.99992370605467,6
372,372,0.00152587890625,0.00518798828125,0.0035480444785207,2.3283064365386963e-06,2.691522240638733e-05,0.0035480414517223,0.0408826284110546,6.562224371009506e-06,7.585930870845914e-05,99.99991607666016,6
373,373,0.00152587890625,0.00518798828125,0.0035480391234159,2.3283064365386963e-06,2.691522240638733e-05,0.0035480360966175,0.0408825501799583,6.562234375451226e-06,7.585942512378097e-05,99.99991607666016,6
374,374,0.00152587890625,0.0052490234375,0.0035480335354804,2.3283064365386963e-06,2.755224704742432e-05,0.0035480305086821,0.0408824682235717,6.562244379892945e-06,7.765497866785154e-05,99.99991607666016,6
375,375,0.001495361328125,0.005126953125,0.0035480277147144,2.236105501651764e-06,2.6285648345947266e-05,0.0035480249207466,0.0408823899924755,6.302390374912648e-06,7.408524106722325e-05,99.99992370605467,6
376,376,0.00152587890625,0.00518798828125,0.0035480225924402,2.3283064365386963e-06,2.691522240638733e-05,0.0035480195656418,0.0408823154866695,6.562264843523735e-06,7.585978164570406e-05,99.99991607666016,6
377,377,0.0015869140625,0.0052490234375,0.0035480165388435,2.518296241760254e-06,2.755224704742432e-05,0.0035480135120451,0.0408822335302829,7.097757588780951e-06,7.765534974168986e-05,99.99991607666016,6
378,378,0.001495361328125,0.005126953125,0.0035480107180774,2.236105501651764e-06,2.6285648345947266e-05,0.0035480079241096,0.0408821552991867,6.302420388237806e-06,7.408559031318873e-05,99.99992370605467,6
379,379,0.00146484375,0.005126953125,0.0035480051301419,2.1457672119140625e-06,2.6285648345947266e-05,0.0035480023361742,0.0408820770680904,6.047812803444685e-06,7.408570672851056e-05,99.99992370605467,6
380,380,0.001434326171875,0.00518798828125,0.0035479997750371,2.057291567325592e-06,2.691522240638733e-05,0.0035479967482388,0.0408819988369941,5.798454822070198e-06,7.58602618589066e-05,99.99991607666016,6
381,381,0.001495361328125,0.005126953125,0.0035479941871017,2.236105501651764e-06,2.6285648345947266e-05,0.0035479913931339,0.0408819243311882,6.302449492068263e-06,7.408593955915421e-05,99.99992370605467,6
382,382,0.00152587890625,0.0052490234375,0.0035479885991662,2.3283064365386963e-06,2.755224704742432e-05,0.0035479855723679,0.0408818423748016,6.5623275986581575e-06,7.765596092212945e-05,99.99991607666016,6
383,383,0.00152587890625,0.0052490234375,0.0035479830112308,2.3283064365386963e-06,2.755224704742432e-05,0.0035479799844324,0.0408817641437053,6.562338057847228e-06,7.76560846134089e-05,99.99991607666016,6
384,384,0.00146484375,0.00518798828125,0.0035479774232953,2.1457672119140625e-06,2.691522240638733e-05,0.003547974396497,0.0408816821873188,6.0478605519165285e-06,7.586074207210913e-05,99.99991607666016,6
385,385,0.001434326171875,0.00518798828125,0.0035479716025292,2.057291567325592e-06,2.691522240638733e-05,0.0035479685757309,0.0408816039562225,5.798500751552638e-06,7.586086576338857e-05,99.99991607666016,6
386,386,0.00146484375,0.00518798828125,0.0035479662474244,2.1457672119140625e-06,2.691522240638733e-05,0.0035479632206261,0.0408815219998359,6.047879196557915e-06,7.58609821787104e-05,99.99991607666016,6
387,387,0.00146484375,0.005126953125,0.0035479601938277,2.1457672119140625e-06,2.6285648345947266e-05,0.00354795739986,0.0408814437687397,6.047889655746985e-06,7.408664532704279e-05,99.99992370605467,6
388,388,0.001434326171875,0.00518798828125,0.0035479546058923,2.057291567325592e-06,2.691522240638733e-05,0.0035479515790939,0.0408813618123531,5.798528491141042e-06,7.586122956126928e-05,99.99991607666016,6
389,389,0.001495361328125,0.005126953125,0.0035479487851262,2.236105501651764e-06,2.6285648345947266e-05,0.0035479459911584,0.0408812835812568,6.3025304370967206e-06,7.408687815768644e-05,99.99992370605467,6
390,390,0.001434326171875,0.00506591796875,0.0035479431971907,2.057291567325592e-06,2.566352486610413e-05,0.003547940403223,0.0408812053501606,5.798547135782428e-06,7.233353244373575e-05,99.99992370605467,6
391,391,0.001556396484375,0.00518798828125,0.0035479373764246,2.42237001657486e-06,2.691522240638733e-05,0.0035479343496263,0.0408811196684837,6.82754489389481e-06,7.58616006351076e-05,99.99991607666016,6
392,392,0.0015869140625,0.0052490234375,0.0035479317884892,2.518296241760254e-06,2.755224704742432e-05,0.0035479287616908,0.0408810414373874,7.0979267547954805e-06,7.765720511088148e-05,99.99991607666016,6
393,393,0.00152587890625,0.00506591796875,0.0035479259677231,2.3283064365386963e-06,2.566352486610413e-05,0.0035479231737554,0.0408809632062912,6.5624435592326336e-06,7.233388168970123e-05,99.99992370605467,6
394,394,0.00146484375,0.00494384765625,0.003547920146957,2.1457672119140625e-06,2.4441629648208615e-05,0.0035479175858199,0.0408808812499046,6.047957867849618e-06,6.889001815579832e-05,99.99993133544922,6
395,395,0.001556396484375,0.005126953125,0.0035479140933603,2.42237001657486e-06,2.6285648345947266e-05,0.0035479112993925,0.040880799293518,6.827589459135197e-06,7.408760575344786e-05,99.99992370605467,6
396,396,0.001556396484375,0.00518798828125,0.0035479085054248,2.42237001657486e-06,2.691522240638733e-05,0.0035479054786264,0.0408807173371315,6.827600373071618e-06,7.586221909150481e-05,99.99991607666016,6
397,397,0.001556396484375,0.005126953125,0.0035479026846587,2.42237001657486e-06,2.6285648345947266e-05,0.003547899890691,0.0408806353807449,6.827611741755391e-06,7.408784586004913e-05,99.99992370605467,6
398,398,0.00146484375,0.00518798828125,0.0035478968638926,2.1457672119140625e-06,2.691522240638733e-05,0.0035478938370943,0.0408805534243583,6.047997885616496e-06,7.58624664740637e-05,99.99991607666016,6
399,399,0.00146484375,0.005126953125,0.0035478908102959,2.1457672119140625e-06,2.6285648345947266e-05,0.0035478880163282,0.0408804714679718,6.048007435310865e-06,7.408809324260801e-05,99.99992370605467,6
400,400,0.00152587890625,0.005126953125,0.0035478849895298,2.3283064365386963e-06,2.6285648345947266e-05,0.0035478821955621,0.0408803895115852,6.562519502040232e-06,7.408821693388745e-05,99.99992370605467,6
401,401,0.00146484375,0.00518798828125,0.003547879634425,2.1457672119140625e-06,2.691522240638733e-05,0.0035478766076266,0.0408803112804889,6.048026989446953e-06,7.586283754790202e-05,99.99991607666016,6
402,402,0.001495361328125,0.0050048828125,0.0035478735808283,2.236105501651764e-06,2.504885196685791e-05,0.0035478707868605,0.0408802293241024,6.302664132817881e-06,7.060243660816923e-05,99.99992370605467,6
403,403,0.00152587890625,0.00518798828125,0.0035478677600622,2.3283064365386963e-06,2.691522240638733e-05,0.0035478647332638,0.0408801436424255,6.562551334354794e-06,7.586309220641851e-05,99.99991607666016,6
404,404,0.001556396484375,0.0052490234375,0.0035478617064654,2.42237001657486e-06,2.755224704742432e-05,0.0035478586796671,0.0408800579607486,6.827690413047094e-06,7.765874033793807e-05,99.99991607666016,6
405,405,0.0015869140625,0.00531005859375,0.0035478558856993,2.518296241760254e-06,2.8196722269058228e-05,0.003547852858901,0.0408799760043621,7.098079095158028e-06,7.947537960717455e-05,99.99991607666016,6
406,406,0.0015869140625,0.005126953125,0.003547849599272,2.518296241760254e-06,2.6285648345947266e-05,0.0035478468053042,0.0408798977732658,7.098091828083852e-06,7.40889590815641e-05,99.99992370605467,6
407,407,0.001556396484375,0.00531005859375,0.0035478442441672,2.42237001657486e-06,2.8196722269058228e-05,0.0035478412173688,0.0408798120915889,6.827723609603709e-06,7.947564154164866e-05,99.99991607666016,6
408,408,0.00152587890625,0.005126953125,0.0035478379577398,2.3283064365386963e-06,2.6285648345947266e-05,0.0035478351637721,0.0408797301352024,6.562606813531602e-06,7.408919918816537e-05,99.99992370605467,6
409,409,0.00152587890625,0.00531005859375,0.0035478321369737,2.3283064365386963e-06,2.8196722269058228e-05,0.0035478291101753,0.0408796481788158,6.562617272720672e-06,7.9475918028038e-05,99.99991607666016,6
410,410,0.001434326171875,0.00531005859375,0.003547826083377,2.057291567325592e-06,2.8196722269058228e-05,0.0035478230565786,0.0408795662224292,5.798738584417151e-06,7.947604899527505e-05,99.99991607666016,6
411,411,0.001434326171875,0.00531005859375,0.0035478207282721,2.057291567325592e-06,2.8196722269058228e-05,0.0035478177014738,0.0408794805407524,5.798747224616818e-06,7.947617268655449e-05,99.99991607666016,6
412,412,0.00140380859375,0.0052490234375,0.0035478144418448,1.9706785678863525e-06,2.755224704742432e-05,0.0035478114150464,0.0408793985843658,5.55462656848249e-06,7.765977352391928e-05,99.99991607666016,6
413,413,0.00140380859375,0.00518798828125,0.003547808388248,1.9706785678863525e-06,2.691522240638733e-05,0.0035478053614497,0.0408793166279792,5.554636118176859e-06,7.586435822304338e-05,99.99991607666016,6
414,414,0.00140380859375,0.005126953125,0.0035478023346513,1.9706785678863525e-06,2.6285648345947266e-05,0.0035477995406836,0.0408792346715927,5.554645667871228e-06,7.408994133584201e-05,99.99992370605467,6
415,415,0.001373291015625,0.00506591796875,0.0035477962810546,1.885928213596344e-06,2.566352486610413e-05,0.0035477934870868,0.0408791527152061,5.315773705660831e-06,7.233652286231518e-05,99.99992370605467,6
416,416,0.00140380859375,0.00506591796875,0.0035477904602885,1.9706785678863525e-06,2.566352486610413e-05,0.0035477876663208,0.0408790633082389,5.554664312512614e-06,7.233664655359462e-05,99.99992370605467,6
417,417,0.00140380859375,0.005126953125,0.0035477844066917,1.9706785678863525e-06,2.6285648345947266e-05,0.003547781612724,0.0408789813518524,5.5546738622069824e-06,7.409031240968034e-05,99.99992370605467,6
418,418,0.001495361328125,0.0050048828125,0.003547778353095,2.236105501651764e-06,2.504885196685791e-05,0.0035477755591273,0.0408788993954658,6.302833298832411e-06,7.060432835714892e-05,99.99992370605467,6
419,419,0.001434326171875,0.00494384765625,0.0035477722994983,2.057291567325592e-06,2.4441629648208615e-05,0.0035477697383612,0.0408788174390792,5.798826350655872e-06,6.88928848830983e-05,99.99993133544922,6
420,420,0.001556396484375,0.00494384765625,0.0035477660130709,2.42237001657486e-06,2.4441629648208615e-05,0.0035477634519338,0.0408787280321121,6.827874585724203e-06,6.889301585033536e-05,99.99993133544922,6
421,421,0.0015869140625,0.00494384765625,0.0035477597266435,2.518296241760254e-06,2.4441629648208615e-05,0.0035477571655064,0.0408786460757255,7.0982714532874525e-06,6.889313226565719e-05,99.99993133544922,6
422,422,0.0015869140625,0.0050048828125,0.0035477541387081,2.518296241760254e-06,2.504885196685791e-05,0.0035477513447403,0.0408785566687583,7.098282821971225e-06,7.060481584630907e-05,99.99992370605467,6
423,423,0.001678466796875,0.0052490234375,0.0035477480851113,2.8172507882118225e-06,2.755224704742432e-05,0.003547745058313,0.0408784747123718,7.940954674268141e-06,7.766122871544212e-05,99.99991607666016,6
424,424,0.001678466796875,0.00531005859375,0.0035477422643452,2.8172507882118225e-06,2.8196722269058228e-05,0.0035477392375469,0.0408783890306949,7.940967407193966e-06,7.947792619233951e-05,99.99991607666016,6
425,425,0.00164794921875,0.00531005859375,0.0035477357450872,2.7157366275787358e-06,2.8196722269058228e-05,0.0035477327182888,0.0408783033490181,7.654844921489712e-06,7.947807898744941e-05,99.99991607666016,6
426,426,0.001617431640625,0.00531005859375,0.0035477301571518,2.616085112094879e-06,2.8196722269058228e-05,0.0035477271303534,0.0408782213926315,7.373968401225284e-06,7.947820267872885e-05,99.99991607666016,6
427,427,0.001617431640625,0.00537109375,0.003547724103555,2.616085112094879e-06,2.8848648071289062e-05,0.0035477210767567,0.0408781319856643,7.373981134151107e-06,8.131592767313123e-05,99.99991607666016,6
428,428,0.0015869140625,0.00537109375,0.0035477180499583,2.518296241760254e-06,2.8848648071289062e-05,0.0035477150231599,0.0408780463039875,7.098354672052665e-06,8.13160659163259e-05,99.99991607666016,6
429,429,0.00152587890625,0.0052490234375,0.0035477117635309,2.3283064365386963e-06,2.755224704742432e-05,0.0035477087367326,0.0408779606223106,6.562840098922607e-06,7.766202907077968e-05,99.99991607666016,6
430,430,0.00152587890625,0.00537109375,0.0035477057099342,2.3283064365386963e-06,2.8848648071289062e-05,0.0035477026831358,0.040877878665924,6.562851012859028e-06,8.131634967867285e-05,99.99991607666016,6
431,431,0.001434326171875,0.0050048828125,0.0035476994235068,2.057291567325592e-06,2.504885196685791e-05,0.0035476966295391,0.0408777967095375,5.798945494461805e-06,7.06059072399512e-05,99.99992370605467,6
432,432,0.001312255859375,0.005126953125,0.0035476936027407,1.7220154404640198e-06,2.6285648345947266e-05,0.003547690808773,0.0408777073025703,4.853900918533327e-06,7.409221143461764e-05,99.99992370605467,6
433,433,0.001312255859375,0.0050048828125,0.0035476873163133,1.7220154404640198e-06,2.504885196685791e-05,0.0035476845223456,0.0408776253461837,4.853910013480345e-06,7.060614007059485e-05,99.99992370605467,6
434,434,0.001220703125,0.0048828125,0.003547681029886,1.4901161193847656e-06,2.384185791015625e-05,0.0035476784687489,0.0408775396645069,4.200253897579387e-06,6.720406236127019e-05,99.99993133544922,6
435,435,0.00128173828125,0.0048828125,0.0035476747434586,1.642853021621704e-06,2.384185791015625e-05,0.0035476721823215,0.0408774502575397,4.63078777102055e-06,6.720417877659202e-05,99.99993133544922,6
436,436,0.001312255859375,0.0050048828125,0.0035476684570312,1.7220154404640198e-06,2.504885196685791e-05,0.0035476656630635,0.0408773645758628,4.853935479331994e-06,7.060651842039078e-05,99.99992370605467,6
437,437,0.001434326171875,0.00494384765625,0.0035476621706038,2.057291567325592e-06,2.4441629648208615e-05,0.0035476596094667,0.0408772751688957,5.799006430606823e-06,6.889503129059449e-05,99.99993133544922,6
438,438,0.0015869140625,0.0050048828125,0.0035476561170071,2.518296241760254e-06,2.504885196685791e-05,0.0035476533230394,0.0408771894872188,7.098478818079457e-06,7.060676580294967e-05,99.99992370605467,6
439,439,0.00164794921875,0.0050048828125,0.0035476498305797,2.7157366275787358e-06,2.504885196685791e-05,0.003547647036612,0.0408771000802516,7.655030458408874e-06,7.060688949422911e-05,99.99992370605467,6
440,440,0.00164794921875,0.0052490234375,0.0035476440098136,2.7157366275787358e-06,2.755224704742432e-05,0.0035476409830152,0.0408770143985748,7.655042281839997e-06,7.766350609017536e-05,99.99991607666016,6
441,441,0.001617431640625,0.00531005859375,0.0035476377233862,2.616085112094879e-06,2.8196722269058228e-05,0.0035476346965879,0.0408769249916076,7.37416121410206e-06,7.948026905069128e-05,99.99991607666016,6
442,442,0.0015869140625,0.00531005859375,0.0035476314369589,2.518296241760254e-06,2.8196722269058228e-05,0.0035476284101605,0.0408768393099308,7.098527930793352e-06,7.948041456984356e-05,99.99991607666016,6
443,443,0.001617431640625,0.00531005859375,0.0035476253833621,2.616085112094879e-06,2.8196722269058228e-05,0.0035476223565638,0.0408767499029636,7.374186679953709e-06,7.948054553708062e-05,99.99991607666016,6
444,444,0.0015869140625,0.00537109375,0.0035476188641041,2.518296241760254e-06,2.8848648071289062e-05,0.0035476158373057,0.0408766642212867,7.098552941897651e-06,8.131834329105914e-05,99.99991607666016,6
445,445,0.001556396484375,0.0052490234375,0.0035476128105074,2.42237001657486e-06,2.755224704742432e-05,0.003547609783709,0.0408765785396099,6.828169262007577e-06,7.76641900301911e-05,99.99991607666016,6
446,446,0.00152587890625,0.00531005859375,0.0035476060584187,2.3283064365386963e-06,2.8196722269058228e-05,0.0035476030316203,0.0408764854073524,6.563035185536137e-06,7.948098209453747e-05,99.99991607666016,6
447,447,0.001495361328125,0.0052490234375,0.003547600004822,2.236105501651764e-06,2.755224704742432e-05,0.0035475969780236,0.0408764034509658,6.303149802988628e-06,7.766446651658043e-05,99.99991607666016,6
448,448,0.001434326171875,0.00531005859375,0.0035475937183946,2.057291567325592e-06,2.8196722269058228e-05,0.0035475906915962,0.0408763140439987,5.7991182984551415e-06,7.948125130496919e-05,99.99991607666016,6
449,449,0.00146484375,0.0052490234375,0.0035475876647979,2.1457672119140625e-06,2.755224704742432e-05,0.0035475846379995,0.0408762246370315,6.048524937796174e-06,7.766473572701216e-05,99.99991607666016,6
450,450,0.001312255859375,0.00506591796875,0.0035475813783705,1.7220154404640198e-06,2.566352486610413e-05,0.0035475785844027,0.0408761426806449,4.8540550778852776e-06,7.234091026475653e-05,99.99992370605467,6
451,451,0.0013427734375,0.00506591796875,0.0035475750919431,1.8030405044555664e-06,2.566352486610413e-05,0.0035475722979754,0.0408760532736778,5.082458756078268e-06,7.234103395603597e-05,99.99992370605467,6
452,452,0.0013427734375,0.00506591796875,0.0035475690383464,1.8030405044555664e-06,2.566352486610413e-05,0.0035475662443786,0.0408759638667106,5.082467851025285e-06,7.234115764731541e-05,99.99992370605467,6
453,453,0.0013427734375,0.0050048828125,0.0035475622862577,1.8030405044555664e-06,2.504885196685791e-05,0.00354755949229,0.0408758744597435,5.082477400719654e-06,7.060863572405651e-05,99.99992370605467,6
454,454,0.001373291015625,0.0048828125,0.0035475559998303,1.885928213596344e-06,2.384185791015625e-05,0.0035475534386932,0.0408757887780666,5.316133865562733e-06,6.72064270474948e-05,99.99993133544922,6
455,455,0.00140380859375,0.0048828125,0.0035475497134029,1.9706785678863525e-06,2.384185791015625e-05,0.0035475471522659,0.0408756993710994,5.555041298066499e-06,6.720655073877424e-05,99.99993133544922,6
456,456,0.001556396484375,0.00506591796875,0.0035475431941449,2.42237001657486e-06,2.566352486610413e-05,0.0035475404001772,0.0408756099641323,6.828303412476089e-06,7.234168879222125e-05,99.99992370605467,6
457,457,0.001617431640625,0.00518798828125,0.0035475369077175,2.616085112094879e-06,2.691522240638733e-05,0.0035475338809192,0.0408755205571651,7.374370397883467e-06,7.58701644372195e-05,99.99991607666016,6
458,458,0.001617431640625,0.0052490234375,0.0035475303884595,2.616085112094879e-06,2.755224704742432e-05,0.0035475273616611,0.0408754311501979,7.374384040303994e-06,7.766599446767941e-05,99.99991607666016,6
459,459,0.00152587890625,0.005126953125,0.0035475241020321,2.3283064365386963e-06,2.6285648345947266e-05,0.0035475213080644,0.0408753454685211,6.563187525898684e-06,7.409575482597575e-05,99.99992370605467,6
460,460,0.001617431640625,0.00537109375,0.0035475178156048,2.616085112094879e-06,2.8848648071289062e-05,0.0035475147888064,0.0408752523362636,7.374410415650345e-06,8.132065704558045e-05,99.99991607666016,6
461,461,0.001678466796875,0.00518798828125,0.003547511762008,2.8172507882118225e-06,2.691522240638733e-05,0.0035475087352097,0.0408751629292964,7.941483090689871e-06,7.587070285808295e-05,99.99991607666016,6
462,462,0.001556396484375,0.0052490234375,0.0035475050099194,2.42237001657486e-06,2.755224704742432e-05,0.003547501983121,0.0408750735223293,6.8283766267995816e-06,7.766654744045809e-05,99.99991607666016,6
463,463,0.00152587890625,0.00518798828125,0.0035474982578307,2.3283064365386963e-06,2.691522240638733e-05,0.0035474952310323,0.0408749803900718,6.563234819623176e-06,7.587099389638752e-05,99.99991607666016,6
464,464,0.001495361328125,0.005126953125,0.0035474919714033,2.236105501651764e-06,2.6285648345947266e-05,0.0035474891774356,0.0408748909831047,6.303341706370702e-06,7.409642421407625e-05,99.99992370605467,6
465,465,0.00146484375,0.005126953125,0.0035474859178066,2.1457672119140625e-06,2.6285648345947266e-05,0.0035474831238389,0.0408748053014278,6.048698196536861e-06,7.409654790535569e-05,99.99992370605467,6
466,466,0.00140380859375,0.0050048828125,0.0035474798642098,1.9706785678863525e-06,2.504885196685791e-05,0.0035474770702421,0.0408747196197509,5.555150437430712e-06,7.06102728145197e-05,99.99992370605467,6
467,467,0.001434326171875,0.00506591796875,0.0035474728792905,2.057291567325592e-06,2.566352486610413e-05,0.0035474700853228,0.0408746227622032,5.799315658805426e-06,7.234311487991363e-05,99.99992370605467,6
468,468,0.001495361328125,0.00506591796875,0.0035474663600325,2.236105501651764e-06,2.566352486610413e-05,0.0035474635660648,0.040874533355236,6.303387181105791e-06,7.234324584715068e-05,99.99992370605467,6
469,469,0.001434326171875,0.00494384765625,0.0035474600736051,2.057291567325592e-06,2.4441629648208615e-05,0.003547457512468,0.0408744439482688,5.799337031930918e-06,6.889895303174853e-05,99.99993133544922,6
470,470,0.001373291015625,0.0048828125,0.0035474533215165,1.885928213596344e-06,2.384185791015625e-05,0.0035474507603794,0.0408743545413017,5.316287570167333e-06,6.720836972817779e-05,99.99993133544922,6
471,471,0.001434326171875,0.0050048828125,0.0035474470350891,2.057291567325592e-06,2.504885196685791e-05,0.0035474442411214,0.0408742614090442,5.799357950309059e-06,7.061092037474737e-05,99.99992370605467,6
472,472,0.00152587890625,0.005126953125,0.0035474407486617,2.3283064365386963e-06,2.6285648345947266e-05,0.003547437954694,0.0408741682767868,6.563341685250634e-06,7.409749377984554e-05,99.99992370605467,6
473,473,0.00152587890625,0.0052490234375,0.0035474337637424,2.3283064365386963e-06,2.755224704742432e-05,0.003547430736944,0.0408740788698196,6.563354418176459e-06,7.766810449538752e-05,99.99991607666016,6
474,474,0.00146484375,0.005126953125,0.0035474272444844,2.1457672119140625e-06,2.6285648345947266e-05,0.0035474244505167,0.0408739894628524,6.048798240954056e-06,7.409777754219249e-05,99.99992370605467,6
475,475,0.001495361328125,0.005126953125,0.0035474211908876,2.236105501651764e-06,2.6285648345947266e-05,0.0035474183969199,0.0408739000558853,6.3034676713868976e-06,7.409790123347193e-05,99.99992370605467,6
476,476,0.00146484375,0.00518798828125,0.0035474146716296,2.1457672119140625e-06,2.691522240638733e-05,0.0035474116448312,0.0408738069236278,6.048819614079548e-06,7.58727837819606e-05,99.99991607666016,6
477,477,0.0015869140625,0.00518798828125,0.003547407919541,2.518296241760254e-06,2.691522240638733e-05,0.0035474048927426,0.0408737137913703,7.098975402186625e-06,7.587292202515528e-05,99.99991607666016,6
478,478,0.00152587890625,0.00518798828125,0.0035474016331136,2.3283064365386963e-06,2.691522240638733e-05,0.0035473986063152,0.0408736243844032,6.563413990079425e-06,7.587306026834995e-05,99.99991607666016,6
479,479,0.00146484375,0.00506591796875,0.0035473946481943,2.1457672119140625e-06,2.566352486610413e-05,0.0035473918542265,0.040873534977436,6.0488537201308645e-06,7.234470831463113e-05,99.99992370605467,6
480,480,0.00146484375,0.0050048828125,0.0035473885945975,2.1457672119140625e-06,2.504885196685791e-05,0.0035473858006298,0.0408734418451786,6.048864634067286e-06,7.061209180392325e-05,99.99992370605467,6
481,481,0.00146484375,0.00506591796875,0.0035473816096782,2.1457672119140625e-06,2.566352486610413e-05,0.0035473788157105,0.0408733487129211,6.048876002751058e-06,7.234497752506286e-05,99.99992370605467,6
482,482,0.001434326171875,0.00506591796875,0.0035473750904202,2.057291567325592e-06,2.566352486610413e-05,0.0035473722964525,0.0408732593059539,5.799475729872938e-06,7.234511576825753e-05,99.99992370605467,6
483,483,0.001434326171875,0.00518798828125,0.0035473688039928,2.057291567325592e-06,2.691522240638733e-05,0.0035473657771945,0.0408731624484062,5.799486189062009e-06,7.587375876028091e-05,99.99991607666016,6
484,484,0.00152587890625,0.00518798828125,0.0035473622847348,2.3283064365386963e-06,2.691522240638733e-05,0.0035473592579364,0.040873073041439,6.563486294908216e-06,7.587390427943319e-05,99.99991607666016,6
485,485,0.001617431640625,0.00518798828125,0.0035473555326461,2.616085112094879e-06,2.691522240638733e-05,0.0035473525058478,0.0408729799091815,7.374747383437352e-06,7.587404252262786e-05,99.99991607666016,6
486,486,0.0015869140625,0.00518798828125,0.0035473487805575,2.518296241760254e-06,2.691522240638733e-05,0.0035473457537591,0.0408728867769241,7.099093636497855e-06,7.587418804178014e-05,99.99991607666016,6
487,487,0.001556396484375,0.005126953125,0.0035473420284688,2.42237001657486e-06,2.6285648345947266e-05,0.0035473392345011,0.0408727973699569,6.828690857219044e-06,7.409956015180796e-05,99.99992370605467,6
488,488,0.00152587890625,0.00518798828125,0.0035473357420414,2.3283064365386963e-06,2.691522240638733e-05,0.0035473327152431,0.0408727042376995,6.563535407622112e-06,7.58744718041271e-05,99.99991607666016,6
489,489,0.00146484375,0.00506591796875,0.0035473292227834,2.1457672119140625e-06,2.566352486610413e-05,0.0035473264288157,0.040872611105442,6.048965587979183e-06,7.234604709083214e-05,99.99992370605467,6
490,490,0.001495361328125,0.00518798828125,0.0035473222378641,2.236105501651764e-06,2.691522240638733e-05,0.0035473192110657,0.0408725179731845,6.303643658611691e-06,7.587475556647405e-05,99.99991607666016,6
491,491,0.001495361328125,0.00518798828125,0.0035473157186061,2.236105501651764e-06,2.691522240638733e-05,0.0035473126918077,0.0408724285662174,6.303655027295463e-06,7.587489380966872e-05,99.99991607666016,6
492,492,0.001373291015625,0.0050048828125,0.0035473089665174,1.885928213596344e-06,2.504885196685791e-05,0.0035473061725497,0.0408723354339599,5.316504029906355e-06,7.061367796268314e-05,99.99992370605467,6
493,493,0.00140380859375,0.0050048828125,0.0035473022144287,1.9706785678863525e-06,2.504885196685791e-05,0.003547299420461,0.0408722385764122,5.555428742809454e-06,7.06138089299202e-05,99.99992370605467,6
494,494,0.0013427734375,0.0050048828125,0.0035472954623401,1.8030405044555664e-06,2.504885196685791e-05,0.0035472926683723,0.040872149169445,5.082859843241749e-06,7.061393989715725e-05,99.99992370605467,6
495,495,0.0013427734375,0.00506591796875,0.0035472891759127,1.8030405044555664e-06,2.566352486610413e-05,0.003547286381945,0.0408720523118972,5.082868483441416e-06,7.234686199808493e-05,99.99992370605467,6
496,496,0.0013427734375,0.0050048828125,0.0035472821909934,1.8030405044555664e-06,2.504885196685791e-05,0.0035472793970257,0.0408719591796398,5.082878942630487e-06,7.061420910758898e-05,99.99992370605467,6
497,497,0.00140380859375,0.005126953125,0.0035472756717354,1.9706785678863525e-06,2.6285648345947266e-05,0.0035472728777676,0.0408718660473823,5.555470579565736e-06,7.410094258375466e-05,99.99992370605467,6
498,498,0.001434326171875,0.00506591796875,0.0035472689196467,2.057291567325592e-06,2.566352486610413e-05,0.003547266125679,0.0408717691898345,5.799648988613626e-06,7.234727672766894e-05,99.99992370605467,6
499,499,0.00152587890625,0.00518798828125,0.0035472624003887,2.3283064365386963e-06,2.691522240638733e-05,0.0035472593735903,0.0408716797828674,6.563671377080027e-06,7.587603613501415e-05,99.99991607666016,6
0,0,166.0965118408203,697.6360473632812,51.43177032470703,27588.05078125,486696.0625,0.0033600772731006,0.0417464226484298,5.364009380340576,94.62945556640624,0.0065330774523317,7
1,1,136.31976318359375,673.379638671875,47.20570373535156,18583.078125,453440.125,0.0033809170126914,0.042073018848896,3.936617136001587,96.05621337890624,0.0071620941162109,7
2,2,106.25651550292967,647.9862060546875,43.12106323242188,11290.447265625,419886.125,0.0034040855243802,0.0424176082015037,2.6183135509490967,97.37378692626952,0.0078942524269223,7
3,3,75.99545288085938,621.400634765625,39.19483184814453,5775.30908203125,386138.75,0.0034298042301088,0.0427818000316619,1.4734874963760376,98.51776123046876,0.0087506547570228,7
4,4,45.704010009765625,593.5863037109375,35.44681167602539,2088.8564453125,352344.6875,0.0034579345956444,0.0431620553135871,0.5892931222915649,99.40094757080078,0.0097552761435508,7
5,5,15.7884521484375,564.498779296875,31.894302368164062,249.2752227783203,318658.875,0.0034883504267781,0.0435554422438144,0.0781566575169563,99.9109115600586,0.0109372213482856,7
6,6,13.029998779296877,534.091796875,28.5459041595459,169.78086853027344,285254.0625,0.0035207998007535,0.0439569354057312,0.0594764351844787,99.92819213867188,0.0123338177800178,7
7,7,39.63958740234375,502.3234252929688,25.3935661315918,1571.296875,252328.828125,0.0035547753795981,0.0443578585982322,0.6187775731086731,99.36722564697266,0.0139987245202064,7
8,8,62.666595458984375,469.1658325195313,22.407957077026367,3927.102294921875,220116.578125,0.0035895991604775,0.0447476767003536,1.752548098564148,98.23143768310548,0.0160193052142858,7
9,9,80.95574951171875,434.6072998046875,19.5473575592041,6553.83349609375,188883.5,0.0036248317919671,0.0451192520558834,3.352797746658325,96.628662109375,0.0185438469052314,7
10,10,93.98431396484376,398.6519165039063,16.779298782348633,8833.0517578125,158923.34375,0.0036604306660592,0.0454717501997947,5.264255523681641,94.71393585205078,0.0218151584267616,7
11,11,101.81564331054688,361.3187561035156,14.095462799072266,10366.4248046875,130551.2421875,0.0036965694744139,0.0458079800009727,7.354440689086914,92.6193389892578,0.0262252427637577,7
12,12,104.81866455078124,322.64794921875,11.512598037719728,10986.9521484375,104101.6953125,0.0037334561347961,0.0461317561566829,9.543416976928713,90.42415618896484,0.0324293114244937,7
13,13,103.451416015625,282.70489501953125,9.06619644165039,10702.1953125,79922.0546875,0.0037712501361966,0.0464465841650962,11.80450439453125,88.15389251708984,0.0415968261659145,7
14,14,98.169189453125,241.59429931640625,6.804309368133545,9637.189453125,58367.8046875,0.0038100352976471,0.0467555448412895,14.16336154937744,85.78064727783203,0.0559944435954093,7
15,15,89.40310668945312,199.481689453125,4.782435894012451,7992.91552734375,39792.9453125,0.0038498034700751,0.0470600947737693,16.713064193725586,83.20643615722656,0.0804987996816635,7
16,16,77.57830810546875,156.6119384765625,3.058459520339966,6018.39404296875,24527.298828125,0.0038904410321265,0.0473604276776313,19.67786026000977,80.19493865966797,0.1272026300430297,7
17,17,63.1446533203125,113.33660888671876,1.6871750354766846,3987.247314453125,12845.1865234375,0.0039317058399319,0.0476557835936546,23.63268280029297,76.13428497314453,0.2330348640680313,7
18,18,46.60324096679688,70.1737060546875,0.7135941982269287,2171.862060546875,4924.34912109375,0.0039731436409056,0.047943964600563,30.435531616210938,69.00769805908203,0.556779146194458,7
19,19,28.5657958984375,27.830078125,0.1630658507347107,816.0046997070312,774.5132446289062,0.0040140650235116,0.0482213050127029,50.04141998291016,47.49696350097656,2.4616219997406006,7
20,20,9.80145263671875,12.77288818359375,0.0299750193953514,96.06847381591795,163.14666748046875,0.0040535042062401,0.0484849289059639,32.04951477050781,54.427547454833984,13.522940635681152,7
21,21,8.734848022460938,50.4986572265625,0.2667313814163208,76.29756927490234,2550.114501953125,0.0040901852771639,0.0487235337495803,2.860464811325073,95.60608673095705,1.533447265625,7
22,22,25.92768859863281,84.06427001953125,0.7780272364616394,672.2450561523438,7066.80126953125,0.0041225966997444,0.0489280559122562,8.640378952026367,90.82974243164062,0.5298781991004944,7
23,23,40.62068176269531,112.19110107421876,1.427837371826172,1650.039794921875,12586.8427734375,0.0041491771116852,0.0490877218544483,11.5562162399292,88.1531982421875,0.2905917167663574,7
24,24,51.83489990234375,133.829345703125,2.0638835430145264,2686.85693359375,17910.29296875,0.0041686240583658,0.0491947829723358,13.01845359802246,86.77957153320312,0.2019796073436737,7
25,25,58.98957824707031,148.35833740234375,2.5531766414642334,3479.770263671875,22010.1953125,0.0041801761835813,0.0492467135190963,13.629179000854492,86.20709991455078,0.1637245118618011,7
26,26,61.990142822265625,155.68231201171875,2.812159776687622,3842.77783203125,24236.982421875,0.0041837361641228,0.0492413565516471,13.664862632751465,86.18636322021484,0.1487730592489242,7
27,27,61.162872314453125,156.19525146484375,2.817965030670166,3740.89697265625,24396.95703125,0.004179804585874,0.0491814501583576,13.275172233581545,86.57649993896484,0.1483270525932312,7
28,28,57.1099853515625,150.66058349609375,2.6001853942871094,3261.550537109375,22698.611328125,0.004169313237071,0.0490741953253746,12.543530464172363,87.2961196899414,0.1603467613458633,7
29,29,50.56648254394531,140.06512451171875,2.2216742038726807,2556.96923828125,19618.23828125,0.0041534337215125,0.0489296317100524,11.509199142456056,88.30384826660156,0.1869506239891052,7
30,30,42.29856872558594,125.4993896484375,1.758059859275818,1789.1689453125,15750.0966796875,0.0041334340348839,0.0487563274800777,10.176950454711914,89.58793640136719,0.2351133823394775,7
31,31,33.03746032714844,108.05963134765624,1.2809462547302246,1091.4737548828125,11676.8837890625,0.0041105626150965,0.0485618337988853,8.52083969116211,91.15826416015624,0.3209004700183868,7
32,32,23.442901611328125,88.7830810546875,0.8472864627838135,549.5696411132812,7882.435546875,0.0040859784930944,0.0483538657426834,6.486231803894043,93.03152465820312,0.4822428822517395,7
33,33,14.078125,68.6102294921875,0.4946164190769195,198.193603515625,4707.36376953125,0.0040607149712741,0.0481395795941352,4.007016181945801,95.17200469970705,0.8209826350212097,7
34,34,5.3983154296875,48.357421875,0.240793839097023,29.141809463500977,2338.440185546875,0.0040356465615332,0.0479255616664886,1.2102389335632324,97.11378479003906,1.6759759187698364,7
35,35,2.256072998046875,28.710205078125,0.0869480594992637,5.089865207672119,824.27587890625,0.0040114922448992,0.0477172210812568,0.5853914618492126,94.80094909667967,4.6136651039123535,7
36,36,8.658416748046875,10.21905517578125,0.0219285413622856,74.96817779541016,104.42909240722656,0.0039888159371912,0.0475187636911869,34.1874885559082,47.62245178222656,18.190065383911133,7
37,37,13.690521240234377,6.69085693359375,0.0271878372877836,187.4303741455078,44.7675666809082,0.0039680446498095,0.0473338887095451,68.93904876708984,16.466026306152344,14.594925880432127,7
38,38,17.3292236328125,21.70721435546875,0.0811000019311904,300.302001953125,471.2031555175781,0.0039494819939136,0.0471655204892158,37.02860641479492,58.10149383544922,4.869891166687012,7
39,39,19.63021850585937,34.6231689453125,0.1623442620038986,385.3454895019531,1198.7637939453125,0.0039333319291472,0.0470159240067005,23.736316680908203,73.8408432006836,2.4228339195251465,7
40,40,20.709442138671875,45.3116455078125,0.2521223425865173,428.8809814453125,2053.145263671875,0.0039197141304612,0.0468868166208267,17.010828018188477,81.43447875976562,1.554687261581421,7
41,41,20.724609375,53.72021484375,0.335445761680603,429.5094299316406,2885.861572265625,0.003908681217581,0.0467792265117168,12.804140090942385,86.03064727783203,1.165220022201538,7
42,42,19.858673095703125,59.85540771484375,0.4016039073467254,394.3668823242188,3582.669921875,0.0039002289995551,0.0466935522854328,9.819796562194824,89.20903778076172,0.9711630344390868,7
43,43,18.304901123046875,63.77008056640625,0.4440635442733764,335.06939697265625,4066.623291015625,0.0038943067193031,0.0466298758983612,7.545527935028076,91.57750701904295,0.8769705891609192,7
44,44,16.255706787109375,65.55780029296875,0.4600981473922729,264.2480163574219,4297.8251953125,0.0038908233400434,0.0465878769755363,5.7432966232299805,93.41104888916016,0.8456507921218872,7
45,45,13.894073486328123,65.3450927734375,0.4501922726631164,193.04527282714844,4269.98095703125,0.0038896515034139,0.0465668737888336,4.288063049316406,94.84793853759766,0.8639978170394897,7
46,46,11.38592529296875,63.28802490234375,0.4173919558525085,129.63929748535156,4005.3740234375,0.0038906298577785,0.046565793454647,3.1059365272521973,95.9619369506836,0.932128608226776,7
47,47,8.876678466796875,59.57012939453125,0.3666331470012665,78.79541778564453,3548.600341796875,0.0038935644552111,0.0465831458568573,2.1491622924804688,96.78885650634766,1.0619783401489258,7
48,48,6.487579345703125,54.39642333984375,0.3040041923522949,42.08868408203125,2958.970947265625,0.0038982310798019,0.0466169789433479,1.3844770193099976,97.3332290649414,1.2822952270507812,7
49,49,4.3128662109375,47.99737548828125,0.2361392527818679,18.600814819335938,2303.748046875,0.0039043757133185,0.0466650202870368,0.7877053022384644,97.55887603759766,1.6534209251403809,7
50,50,2.420166015625,40.62255859375,0.1695166677236557,5.857203483581543,1650.1922607421875,0.0039117177948355,0.04672472178936,0.3455237448215484,97.3469009399414,2.3075711727142334,7
51,51,0.849090576171875,32.5413818359375,0.1098861992359161,0.7209548354148865,1058.9415283203125,0.0039199534803628,0.0467932783067226,0.065609224140644,96.36710357666016,3.5672848224639893,7
52,52,0.387481689453125,24.03619384765625,0.0617176294326782,0.1501420587301254,577.7385864257812,0.0039287572726607,0.0468676909804344,0.0243272557854652,93.60997772216795,6.365696907043457,7
53,53,1.300140380859375,15.398681640625,0.0278187710791826,1.690364956855774,237.1194000244141,0.0039377943612635,0.0469448342919349,0.6076346039772034,85.23719024658203,14.155170440673828,7
54,54,1.92095947265625,6.92034912109375,0.009104860946536,3.690085411071777,47.891231536865234,0.003946729004383,0.0470215901732444,4.0528740882873535,52.59962844848633,43.34749221801758,7
55,55,2.2984619140625,1.115234375,0.0046078986488282,5.2829270362854,1.2437477111816406,0.0039552310481667,0.0470948964357376,11.464937210083008,2.699164628982544,85.83589935302734,7
56,56,2.491363525390625,8.44549560546875,0.0117163257673382,6.206892013549805,71.3263931274414,0.0039629973471164,0.0471619442105293,5.297643661499023,60.87778091430664,33.8245735168457,7
57,57,2.56280517578125,14.84100341796875,0.0266520958393812,6.567970275878906,220.25538635253903,0.0039697596803307,0.0472202636301517,2.4643354415893555,82.64093017578125,14.894737243652344,7
58,58,2.573089599609375,20.11395263671875,0.0450944863259792,6.620790004730225,404.5710754394531,0.0039752991870045,0.0472678318619728,1.4682037830352783,89.71630096435547,8.8154878616333,7
59,59,2.57318115234375,24.13311767578125,0.0628823190927505,6.621261119842529,582.4073486328125,0.0039794612675905,0.0473032370209693,1.052960753440857,92.61861419677734,6.328426361083984,7
60,60,2.60015869140625,26.82598876953125,0.0766216069459915,6.760825157165527,719.6336669921875,0.0039821597747504,0.0473256856203079,0.882365345954895,93.9204559326172,5.197175979614258,7
61,61,2.67425537109375,28.1856689453125,0.0841417387127876,7.151641845703125,794.4319458007812,0.0039833826012909,0.0473350510001182,0.8499516844749451,94.4159164428711,4.734133720397949,7
62,62,2.797882080078125,28.26446533203125,0.0846540033817291,7.828144073486328,798.8800048828125,0.0039831870235502,0.0473318397998809,0.9247223138809204,94.3700180053711,4.705255508422852,7
63,63,2.957794189453125,27.17034912109375,0.0786793306469917,8.748546600341797,738.2278442382812,0.0039816927164793,0.0473171509802341,1.111924409866333,93.8274154663086,5.060658931732178,7
64,64,3.127471923828125,25.0560302734375,0.0677376464009285,9.78108024597168,627.8046264648438,0.0039790729060769,0.0472925417125225,1.443965196609497,92.68179321289062,5.874241352081299,7
65,65,3.272308349609375,22.10906982421875,0.0539274364709854,10.708002090454102,488.81097412109375,0.0039755394682288,0.0472599267959594,1.9856317043304443,90.64234924316406,7.372016429901123,7
66,66,3.355682373046875,18.53643798828125,0.0394573397934436,11.26060390472412,343.5995483398437,0.0039713261649012,0.0472214370965957,2.853868007659912,87.08126831054688,10.064860343933104,7
67,67,3.34234619140625,14.553466796875,0.0262641441076993,11.17127799987793,211.8033905029297,0.0039666770026087,0.0471792817115783,4.253432750701904,80.6435546875,15.103012084960938,7
68,68,3.204559326171875,10.36993408203125,0.0157423019409179,10.269200325012209,107.53553009033205,0.0039618290029466,0.0471356138586998,6.5233154296875,68.30990600585938,25.166770935058597,7
69,69,2.92474365234375,6.1837158203125,0.0086362529546022,8.554125785827637,38.23834228515625,0.0039570061489939,0.0470924489200115,9.90490436553955,44.27654266357422,45.81855392456055,7
70,70,2.498321533203125,2.1707763671875,0.0050477930344641,6.241610527038574,4.712270259857178,0.003952404949814,0.0470515638589859,12.365028381347656,9.335308074951172,78.29966735839844,7
71,71,1.934234619140625,1.52032470703125,0.0045534549281001,3.741263628005981,2.311387300491333,0.0039481897838413,0.0470144301652908,8.216318130493164,5.076117515563965,86.70756530761719,7
72,72,1.254241943359375,4.77069091796875,0.0063777556642889,1.5731228590011597,22.759490966796875,0.003944493830204,0.0469821915030479,2.4665775299072266,35.68573760986328,61.8476791381836,7
73,73,0.492095947265625,7.4937744140625,0.0095812901854515,0.2421584278345108,56.15665435791016,0.0039414092898368,0.0469556301832199,0.2527409195899963,58.61074447631836,41.13651657104492,7
74,74,0.310943603515625,9.63189697265625,0.0132260061800479,0.0966859236359596,92.7734375,0.0039389943704009,0.0469352044165134,0.0731028839945793,70.14471435546875,29.782190322875977,7
75,75,1.107147216796875,11.16009521484375,0.0165146216750144,1.2257750034332275,124.54772186279295,0.0039372737519443,0.046921033412218,0.7422361373901367,75.41663360595703,23.84113883972168,7
76,76,1.848114013671875,12.07672119140625,0.0188625119626522,3.415525436401367,145.84719848632812,0.003936240915209,0.0469129718840122,1.810747981071472,77.3211898803711,20.86806297302246,7
77,77,2.487152099609375,12.4075927734375,0.0199492909014225,6.185925483703613,153.9483642578125,0.0039358618669211,0.0469106137752532,3.10082483291626,77.16983795166016,19.729331970214844,7
78,78,2.98406982421875,12.19659423828125,0.0197022389620542,8.904672622680664,148.7569122314453,0.0039360811933875,0.0469133704900741,4.519624710083008,75.5025405883789,19.97783660888672,7
79,79,3.307891845703125,11.505615234375,0.0182689577341079,10.942148208618164,132.37918090820312,0.0039368248544633,0.046920508146286,5.989475727081299,72.46126556396484,21.549257278442383,7
80,80,3.439605712890625,10.40863037109375,0.0159550551325082,11.830887794494627,108.33958435058594,0.0039380080997943,0.0469312146306037,7.415134429931641,67.90298461914062,24.681884765625,7
81,81,3.372711181640625,8.98974609375,0.0131586054340004,11.3751802444458,80.81553649902344,0.0039395340718328,0.0469445958733558,8.644669532775879,61.41648864746094,29.938840866088867,7
82,82,3.115020751953125,7.33636474609375,0.0102938655763864,9.703353881835938,53.82224655151367,0.0039413059130311,0.0469597913324832,9.426345825195312,52.28574752807617,38.28790664672852,7
83,83,2.68743896484375,5.53948974609375,0.0077340509742498,7.222328186035156,30.68594741821289,0.0039432235062122,0.0469759404659271,9.338350296020508,39.67642211914063,50.9852294921875,7
84,84,2.12249755859375,3.685302734375,0.0057538393884897,4.504995822906494,13.581456184387209,0.0039451941847801,0.0469922721385955,7.829546928405762,23.604162216186523,68.56629180908203,7
85,85,1.461578369140625,1.85650634765625,0.0045054121874272,2.136211395263672,3.446615934371948,0.0039471294730901,0.0470080748200416,4.741434097290039,7.649945259094238,87.60862731933594,7
86,86,0.751251220703125,0.1278076171875,0.0040070204995572,0.5643783807754517,0.0163347870111465,0.0039489492774009,0.0470227561891078,1.4084738492965698,0.0407654196023941,98.5507583618164,7
87,87,0.040985107421875,1.437744140625,0.0041574691422283,0.0016797790303826,2.067108154296875,0.0039505902677774,0.0470358245074749,0.0040403883904218,4.972034454345703,95.02392578125,7
88,88,0.62310791015625,2.7880859375,0.0047681662254035,0.388263463973999,7.773423194885254,0.0039519974961876,0.0470468997955322,0.8142825961112976,16.302751541137695,82.88296508789062,7
89,89,1.19903564453125,3.88653564453125,0.0056074182502925,1.4376864433288574,15.105159759521484,0.0039531337097287,0.0470557399094104,2.563900947570801,26.93781471252441,70.498291015625,7
90,90,1.654541015625,4.70721435546875,0.0064435098320245,2.7375059127807617,22.157867431640625,0.0039539728313684,0.0470621883869171,4.248469829559326,34.387882232666016,61.3636474609375,7
91,91,1.967132568359375,5.24078369140625,0.0070880493149161,3.869610548019409,27.4658145904541,0.0039545074105262,0.0470662117004394,5.459344863891602,38.74946975708008,55.79119491577149,7
92,92,2.1263427734375,5.489501953125,0.0074203368276357,4.521333694458008,30.134632110595703,0.0039547402411699,0.0470678731799125,6.093164920806885,40.61086654663086,53.29596328735352,7
93,93,2.13421630859375,5.46923828125,0.0074014319106936,4.554879188537598,29.912567138671875,0.0039546876214444,0.0470673106610775,6.154050827026367,40.41456604003906,53.4313850402832,7
94,94,2.0030517578125,5.204833984375,0.0070646284148097,4.012216567993164,27.09029769897461,0.0039543770253658,0.0470647476613521,5.679303169250488,38.34638595581055,55.97431182861328,7
95,95,1.7550048828125,4.730224609375,0.0064993505366146,3.080042123794556,22.375024795532227,0.0039538438431918,0.0470604375004768,4.738999843597412,34.42655563354492,60.83444213867188,7
96,96,1.418914794921875,4.0848388671875,0.0058230529539287,2.013319253921509,16.685909271240234,0.0039531299844384,0.0470547042787075,3.457497358322144,28.65491485595703,67.88758850097656,7
97,97,1.02655029296875,3.31304931640625,0.0051552904769778,1.0538054704666138,10.976295471191406,0.0039522806182503,0.047047883272171,2.0441243648529053,21.291322708129883,76.66455841064453,7
98,98,0.61260986328125,2.4609375,0.0045944959856569,0.3752908408641815,6.05621337890625,0.0039513455703854,0.0470403395593166,0.8168269991874695,13.181452751159668,86.00171661376953,7
99,99,0.208099365234375,1.57305908203125,0.0042021521367132,0.0433053448796272,2.474514961242676,0.0039503700099885,0.0470324158668518,0.1030551642179489,5.888684272766113,94.0082550048828,7
100,100,0.158843994140625,0.6934814453125,0.0040000155568122,0.0252314135432243,0.4809165000915527,0.0039494009688496,0.0470244698226451,0.0630782842636108,1.2022866010665894,98.7346420288086,7
101,101,0.466522216796875,0.139404296875,0.0039721862412989,0.2176429778337478,0.0194335579872131,0.0039484789595007,0.0470168218016624,0.5479173064231873,0.048924084752798,99.40316772460938,7
102,102,0.700836181640625,0.89068603515625,0.004076091106981,0.4911713600158691,0.7933216094970703,0.0039476417005062,0.0470097735524177,1.205005764961243,1.9462803602218628,96.84870910644533,7
103,103,0.854400634765625,1.53302001953125,0.004254933912307,0.7300004363059998,2.350150346755981,0.0039469189941883,0.047003585845232,1.7156561613082886,5.523353576660156,92.76099395751952,7
104,104,0.927520751953125,2.0455322265625,0.0044507845304906,0.860294759273529,4.184202194213867,0.0039463345892727,0.0469984635710716,1.9329057931900024,9.401043891906738,88.66604614257812,7
105,105,0.926605224609375,2.41497802734375,0.0046149734407663,0.8585972189903259,5.832118988037109,0.0039459019899368,0.0469945520162582,1.8604596853256223,12.63738250732422,85.50215911865234,7
106,106,0.8624267578125,2.63592529296875,0.0047148186713457,0.7437798976898193,6.948101997375488,0.0039456305094063,0.0469919517636299,1.5775365829467771,14.73673152923584,83.68572998046875,7
107,107,0.7503662109375,2.70941162109375,0.0047359159216284,0.5630494356155396,7.340911388397217,0.0039455196820199,0.0469907000660896,1.1888923645019531,15.50050926208496,83.31059265136719,7
108,108,0.606842041015625,2.64361572265625,0.004681259393692,0.3682572543621063,6.988704204559326,0.0039455629885196,0.0469907596707344,0.786662757396698,14.92911148071289,84.28422546386719,7
109,109,0.448394775390625,2.453125,0.0045676315203309,0.201057881116867,6.017822265625,0.0039457436650991,0.0469920262694358,0.4401797354221344,13.174928665161133,86.38489532470703,7
110,110,0.28973388671875,2.15716552734375,0.0044197742827236,0.0839457213878631,4.653363227844238,0.0039460435509681,0.0469943657517433,0.1899321377277374,10.528508186340332,89.28156280517578,7
111,111,0.143096923828125,1.779052734375,0.0042649880051612,0.0204767286777496,3.1650285720825195,0.0039464375004172,0.0469975695013999,0.0480112172663211,7.420954704284668,92.5310287475586,7
112,112,0.0177001953125,1.3441162109375,0.0041275946423411,0.0003132969141006,1.8066483736038208,0.0039468985050916,0.0470014214515686,0.000759030226618,4.377000331878662,95.62223815917967,7
113,113,0.080780029296875,0.879150390625,0.0040253386832773,0.0065254131332039,0.7729054093360901,0.0039473958313465,0.0470056608319282,0.0162108428776264,1.9201003313064573,98.0636978149414,7
114,114,0.15069580078125,0.410888671875,0.0039670541882514,0.0227092243731021,0.1688295006752014,0.0039479001425206,0.0470100305974483,0.0572445504367351,0.4255790114402771,99.51717376708984,7
115,115,0.193511962890625,0.03741455078125,0.003952270373702,0.03744687885046,0.0013998486101627,0.003948385361582,0.0470142737030983,0.0947477668523788,0.0035418849438428,99.90170288085938,7
116,116,0.21246337890625,0.44219970703125,0.0039728921838104,0.0451406873762607,0.195540577173233,0.0039488240145146,0.0470181629061698,0.1136217266321182,0.4921869933605194,99.3941879272461,7
117,117,0.213043212890625,0.78704833984375,0.0040156813338398,0.0453874096274375,0.6194450855255127,0.0039491979405283,0.0470215044915676,0.113025426864624,1.5425652265548706,98.34440612792967,7
118,118,0.201263427734375,1.05780029296875,0.0040654349140822,0.0405069664120674,1.1189414262771606,0.0039494899101555,0.0470241382718086,0.0996374785900116,2.752328872680664,97.14803314208984,7
119,119,0.1832275390625,1.24639892578125,0.0041083991527557,0.0335723310708999,1.553510308265686,0.0039496906101703,0.0470259711146354,0.0817163288593292,3.781302928924561,96.13697814941406,7
120,120,0.163116455078125,1.34942626953125,0.0041345511563122,0.0266069769859313,1.820951223373413,0.00394979538396,0.0470269434154033,0.0643527507781982,4.404229164123535,95.53141784667967,7
121,121,0.14556884765625,1.3687744140625,0.0041392799466848,0.0211902894079685,1.873543381690979,0.0039498065598309,0.0470270738005638,0.0511931777000427,4.526254177093506,95.42255401611328,7
122,122,0.132080078125,1.311767578125,0.0041235494427382,0.0174451470375061,1.7207341194152832,0.0039497315883636,0.0470264218747615,0.0423061400651931,4.172944068908691,95.78475189208984,7
123,123,0.123046875,1.18707275390625,0.0040920078754425,0.0151405334472656,1.4091417789459229,0.0039495797827839,0.0470250770449638,0.0370002537965774,3.443643808364868,96.51935577392578,7
124,124,0.1170654296875,1.0087890625,0.004052503965795,0.013704314827919,1.017655372619629,0.0039493679068982,0.0470231845974922,0.0338169038295745,2.511176824569702,97.45500946044922,7
125,125,0.112335205078125,0.7906494140625,0.0040128869004547,0.0126191982999444,0.6251264810562134,0.0039491122588515,0.0470208898186683,0.0314466841518878,1.5577974319458008,98.41075897216795,7
126,126,0.1068115234375,0.551025390625,0.0039803343825042,0.0114087015390396,0.3036289811134338,0.0039488305337727,0.0470183715224266,0.028662672266364,0.7628227472305298,99.20851135253906,7
127,127,0.0972900390625,0.30267333984375,0.0039586485363543,0.0094653517007827,0.0916111469268798,0.003948540892452,0.0470157898962497,0.0239105615764856,0.2314202487468719,99.7446746826172,7
128,128,0.082061767578125,0.0626220703125,0.0039493259973824,0.0067341336980462,0.0039215236902236,0.003948260564357,0.0470133051276207,0.0170513484627008,0.0099296029657125,99.9730224609375,7
129,129,0.06048583984375,0.15728759765625,0.003950844053179,0.0036585368216037,0.0247393883764743,0.0039480039849877,0.0470110476016998,0.0092601394280791,0.0626179799437522,99.92811584472656,7
130,130,0.032073974609375,0.3465576171875,0.0039598965086042,0.0010287398472428,0.1201021820306778,0.0039477832615375,0.0470091179013252,0.0025978956837207,0.3032962679862976,99.69409942626952,7
131,131,0.001739501953125,0.49664306640625,0.0039722714573144,3.0258670449256897e-06,0.2466543316841125,0.0039476053789258,0.0470075905323028,7.61747287469916e-06,0.6209402680397034,99.37904357910156,7
132,132,0.038330078125,0.60443115234375,0.0039841579273343,0.0014691948890686,0.3653370141983032,0.0039474768564105,0.0470065101981163,0.0036875922232866,0.9169741272926332,99.07933044433594,7
133,133,0.075103759765625,0.6668701171875,0.0039924345910549,0.0056405747309327,0.4447157382965088,0.0039473990909755,0.0470058843493461,0.0141281578689813,1.113896131515503,98.87197875976562,7
134,134,0.10919189453125,0.68609619140625,0.0039956336840987,0.0119228698313236,0.4707279801368713,0.0039473688229918,0.04700568318367,0.0298397466540336,1.1781059503555298,98.79206085205078,7
135,135,0.136932373046875,0.6639404296875,0.00399334076792,0.0187504738569259,0.4408168792724609,0.003947383724153,0.0470058768987655,0.0469543524086475,1.1038799285888672,98.84915924072266,7
136,136,0.154937744140625,0.607421875,0.0039867334999144,0.0240057036280632,0.3689613342285156,0.0039474368095397,0.0470063909888267,0.0602139681577682,0.9254727363586426,99.01431274414062,7
137,137,0.16217041015625,0.5225830078125,0.0039774603210389,0.0262992419302463,0.2730929851531982,0.0039475210942327,0.0470071509480476,0.0661206915974617,0.6866013407707214,99.24727630615234,7
138,138,0.15753173828125,0.417236328125,0.003967517055571,0.0248162485659122,0.1740861535072326,0.003947626799345,0.0470080897212028,0.0625485628843307,0.4387785792350769,99.49867248535156,7
139,139,0.14068603515625,0.2994384765625,0.0039586899802088,0.0197925604879856,0.0896634012460708,0.0039477446116507,0.0470091104507446,0.0499977506697177,0.2264976501464843,99.7235107421875,7
140,140,0.113555908203125,0.1771240234375,0.0039522931911051,0.0128949442878365,0.031372919678688,0.0039478666149079,0.0470101423561573,0.032626487314701,0.07937902957201,99.88800048828124,7
141,141,0.0780029296875,0.0579833984375,0.0039489292539656,0.006084457039833,0.0033620744943618,0.0039479844272136,0.0470111146569252,0.0154078649356961,0.0085138892754912,99.97607421875,7
142,142,0.03753662109375,0.051513671875,0.0039484971202909,0.0014089979231357,0.0026536583900451,0.0039480905979871,0.0470119826495647,0.0035684411413967,0.0067206788808107,99.98970794677734,7
143,143,0.004119873046875,0.1468505859375,0.0039503392763435,1.6973353922367096e-05,0.021565094590187,0.0039481809362769,0.047012697905302,4.2966825276380405e-05,0.0545904859900474,99.9453582763672,7
144,144,0.04400634765625,0.2227783203125,0.0039534061215817,0.0019365586340427,0.0496301800012588,0.0039482493884861,0.0470132231712341,0.0048984563909471,0.1255377829074859,99.86956024169922,7
145,145,0.077850341796875,0.2783203125,0.0039566489867866,0.0060606757178902,0.0774621963500976,0.0039482964202761,0.0470135696232318,0.0153176980093121,0.1957772523164749,99.78889465332033,7
146,146,0.103118896484375,0.31256103515625,0.0039591523818671,0.0106335068121552,0.0976943969726562,0.0039483192376792,0.0470137223601341,0.0268580354750156,0.2467558234930038,99.72637939453124,7
147,147,0.11895751953125,0.32525634765625,0.0039603132754564,0.0141508914530277,0.105791687965393,0.0039483187720179,0.0470136813819408,0.0357317440211772,0.2671296000480652,99.69712829589844,7
148,148,0.122955322265625,0.31884765625,0.0039599766023457,0.0151180112734436,0.1016638278961181,0.0039482982829213,0.0470134913921356,0.0381770208477973,0.2567283511161804,99.70509338378906,7
149,149,0.11712646484375,0.2935791015625,0.0039582489989697,0.0137186087667942,0.0861886888742446,0.0039482582360506,0.0470131337642669,0.0346582755446434,0.2177444696426391,99.74759674072266,7
150,150,0.102264404296875,0.25390625,0.0039556948468089,0.0104580083861947,0.0644683837890625,0.0039482023566961,0.0470126643776893,0.0264378525316715,0.1629761159420013,99.81058502197266,7
151,151,0.080657958984375,0.20281982421875,0.0039528990164399,0.0065057063475251,0.0411358810961246,0.0039481348358094,0.0470121018588542,0.016458062455058,0.1040650978684425,99.87947082519533,7
152,152,0.054534912109375,0.14453125,0.0039504463784396,0.0029740566387772,0.0208892822265625,0.0039480598643422,0.047011487185955,0.0075284065678715,0.0528782792389392,99.93959045410156,7
153,153,0.026275634765625,0.083984375,0.0039487569592893,0.0006904089823365,0.0070533752441406,0.0039479825645685,0.0470108464360237,0.0017484209965914,0.0178622677922248,99.98039245605467,7
154,154,0.00067138671875,0.0234375,0.0039479602128267,4.507601261138916e-07,0.00054931640625,0.0039479052647948,0.0470102094113826,1.1417545238145976e-06,0.0013913928996771,99.99860382080078,7
155,155,0.024444580078125,0.03277587890625,0.0039479988627135,0.0005975374951958,0.0010742582380771,0.0039478316903114,0.0470095984637737,0.0015135197900235,0.0027210195548832,99.99576568603516,7
156,156,0.043212890625,0.0819091796875,0.0039486228488385,0.0018673539161682,0.0067091137170791,0.0039477651007473,0.0470090433955192,0.0047291270457208,0.0169910211116075,99.97827911376952,7
157,157,0.056182861328125,0.12298583984375,0.0039495360106229,0.0031565139070153,0.0151255168020725,0.003947707824409,0.0470085516571998,0.0079921130090951,0.0382969453930854,99.9537124633789,7
158,158,0.062896728515625,0.15216064453125,0.0039503737352788,0.0039559984579682,0.0231528617441654,0.0039476626552641,0.0470081567764282,0.0100142378360033,0.0586092919111251,99.9313735961914,7
159,159,0.062530517578125,0.17095947265625,0.0039509423077106,0.0039100656285882,0.029227141290903,0.0039476286619901,0.0470078513026237,0.0098965391516685,0.0739751085639,99.91613006591795,7
160,160,0.05804443359375,0.17718505859375,0.0039510848000645,0.0033691562712192,0.0313945449888706,0.0039476081728935,0.0470076501369476,0.0085271671414375,0.0794580355286598,99.91200256347656,7
161,161,0.0487060546875,0.17388916015625,0.0039508589543402,0.0023722797632217,0.0302374400198459,0.0039475983940064,0.0470075458288192,0.006004465278238,0.0765338391065597,99.91747283935548,7
162,162,0.036773681640625,0.15985107421875,0.0039502899162471,0.001352303661406,0.0255523659288883,0.0039475997909903,0.047007530927658,0.0034233024343848,0.0646847859025001,99.93190002441406,7
163,163,0.0235595703125,0.1380615234375,0.0039495714008808,0.0005550533533096,0.0190609842538833,0.0039476100355386,0.0470075905323028,0.0014053508639335,0.0482608899474144,99.9503402709961,7
164,164,0.010284423828125,0.10968017578125,0.0039488403126597,0.0001057693734765,0.0120297409594058,0.003947626799345,0.0470077097415924,0.0002678491873666,0.0304639842361211,99.96926879882812,7
165,165,0.001220703125,0.07733154296875,0.0039482470601797,1.4901161193847656e-06,0.0059801675379276,0.0039476491510868,0.0470078811049461,3.774120614252752e-06,0.0151463858783245,99.98485565185548,7
166,166,0.010406494140625,0.04339599609375,0.0039478717371821,0.0001082951202988,0.0018832124769687,0.0039476728998124,0.0470080710947513,0.0002743126533459,0.0047701965086162,99.99496459960938,7
167,167,0.016693115234375,0.01025390625,0.0039477348327636,0.0002786600962281,0.0001051425933837,0.0039476961828768,0.0470082685351371,0.0007058733608573,0.0002663364866748,99.9990234375,7
168,168,0.020477294921875,0.02056884765625,0.0039478009566664,0.0004193196073174,0.000423077493906,0.0039477166719734,0.0470084398984909,0.0010621598921716,0.0010716788237914,99.99786376953124,7
169,169,0.021697998046875,0.0465087890625,0.0039479956030845,0.0004708031192421,0.0021630674600601,0.0039477320387959,0.0470085740089416,0.0011925117578357,0.0054789003916084,99.99332427978516,7
170,170,0.02069091796875,0.06671142578125,0.0039482302963733,0.0004281140863895,0.0044504143297672,0.0039477422833442,0.0470086634159088,0.0010843189666047,0.0112719219177961,99.98764038085938,7
171,171,0.018157958984375,0.08111572265625,0.003948435653001,0.0003297114744782,0.0065797604620456,0.0039477446116507,0.0470086932182312,0.0008350432617589,0.0166642218828201,99.98249816894533,7
172,172,0.015533447265625,0.08648681640625,0.003948510158807,0.0002412879839539,0.0074799694120883,0.0039477380923926,0.0470086447894573,0.0006110861431807,0.0189437754452228,99.9804458618164,7
173,173,0.013153076171875,0.0863037109375,0.0039484878070652,0.0001730034127831,0.0074483305215835,0.0039477255195379,0.0470085367560386,0.0004381510370876,0.0188637543469667,99.98069763183594,7
174,174,0.010406494140625,0.08197021484375,0.0039483900181949,0.0001082951202988,0.0067191161215305,0.0039477073587477,0.0470083765685558,0.0002742766228038,0.0170173551887273,99.9827117919922,7
175,175,0.008209228515625,0.071533203125,0.0039482009597122,6.739143282175064e-05,0.0051169991493225,0.0039476826786994,0.0470081530511379,0.0001706889452179,0.0129603315144777,99.98687744140624,7
176,176,0.006561279296875,0.05621337890625,0.0039479718543589,4.3050386011600494e-05,0.0031599439680576,0.0039476514793932,0.0470078736543655,0.0001090443111024,0.0080039678141474,99.99188995361328,7
177,177,0.00543212890625,0.03851318359375,0.0039477692916989,2.950802445411682e-05,0.0014832653105258,0.0039476179517805,0.0470075719058513,7.474606536561623e-05,0.0037572237197309,99.99617004394533,7
178,178,0.004364013671875,0.0194091796875,0.0039476226083934,1.904461532831192e-05,0.0003767162561416,0.003947583027184,0.0470072589814662,4.824324787477963e-05,0.0009542864281684,99.9990005493164,7
179,179,0.00347900390625,0.00030517578125,0.00394754903391,1.210346817970276e-05,9.313225746154785e-08,0.0039475476369261,0.0470069386065006,3.066071803914383e-05,2.3592426146024081e-07,99.99996185302734,7
180,180,0.00238037109375,0.017822265625,0.0039475462399423,5.666166543960571e-06,0.000317633152008,0.0039475141093134,0.0470066368579864,1.4353640835906845e-05,0.0008046342991292,99.99918365478516,7
181,181,0.0010986328125,0.0322265625,0.0039475876837968,1.2069940567016602e-06,0.0010385513305664,0.0039474838413298,0.0470063686370849,3.0575486107409237e-06,0.0026308503001928,99.99736785888672,7
182,182,0.000701904296875,0.04278564453125,0.0039476403035223,4.926696419715881e-07,0.0018306113779544,0.0039474572986364,0.0470061302185058,1.2480104487622157e-06,0.0046372292563319,99.995361328125,7
183,183,0.002899169921875,0.04986572265625,0.0039476854726672,8.405186235904694e-06,0.00248659029603,0.0039474358782172,0.0470059365034103,2.1291427401592955e-05,0.006298856344074,99.9936752319336,7
184,184,0.0050048828125,0.05267333984375,0.0039476994425058,2.504885196685791e-05,0.0027744807302951,0.0039474195800721,0.047005794942379,6.345177098410204e-05,0.0070280949585139,99.99291229248048,7
185,185,0.006988525390625,0.053466796875,0.0039476971141994,4.883948713541031e-05,0.0028586983680725,0.0039474065415561,0.0470056794583797,0.0001237164105987,0.0072414325550198,99.99263763427734,7
186,186,0.008514404296875,0.05120849609375,0.0039476654492318,7.249508053064346e-05,0.0026223100721836,0.0039473958313465,0.0470055863261222,0.0001836403680499,0.0066426852717995,99.99317169189452,7
187,187,0.009521484375,0.046875,0.0039476165547966,9.065866470336914e-05,0.002197265625,0.0039473879151046,0.0470055192708969,0.0002296541642863,0.0055660563521087,99.99420928955078,7
188,188,0.010101318359375,0.0401611328125,0.003947552293539,0.0001020366325974,0.0016129165887832,0.0039473809301853,0.0470054596662521,0.0002584807516541,0.0040858648717403,99.99565887451172,7
189,189,0.009613037109375,0.03155517578125,0.0039474857039749,9.241048246622086e-05,0.0009957291185855,0.0039473767392337,0.0470054224133491,0.0002340995997656,0.0025224387645721,99.99723815917967,7
190,190,0.008392333984375,0.02215576171875,0.0039474293589591,7.043126970529556e-05,0.000490877777338,0.0039473734796047,0.0470053851604461,0.0001784231280907,0.001243537873961,99.99858856201172,7
191,191,0.00634765625,0.01251220703125,0.0039473897777497,4.029273986816406e-05,0.0001565553247928,0.0039473697543144,0.0470053479075431,0.0001020743875415,0.0003966046788264,99.99949645996094,7
192,192,0.003692626953125,0.00390625,0.0039473669603466,1.363549381494522e-05,1.52587890625e-05,0.0039473641663789,0.0470053032040596,3.454326360952109e-05,3.865560938720592e-05,99.99993133544922,7
193,193,0.000640869140625,0.00390625,0.0039473595097661,4.10713255405426e-07,1.52587890625e-05,0.0039473581127822,0.0470052361488342,1.0404759223092697e-06,3.865568578476086e-05,99.99996185302734,7
194,194,0.002197265625,0.010009765625,0.0039473609067499,4.827976226806641e-06,0.0001001954078674,0.0039473501965403,0.0470051616430282,1.223089566337876e-05,0.0002538288536015,99.99972534179688,7
195,195,0.004669189453125,0.01373291015625,0.0039473623037338,2.1801330149173737e-05,0.0001885928213596,0.0039473408833146,0.0470050647854805,5.523012441699393e-05,0.0004777692083735,99.99945831298828,7
196,196,0.006591796875,0.01593017578125,0.0039473585784435,4.3451786041259766e-05,0.0002537705004215,0.0039473292417824,0.0470049604773521,0.000110078130092,0.0006428868509829,99.99925231933594,7
197,197,0.00775146484375,0.01666259765625,0.0039473506622016,6.008520722389221e-05,0.000277642160654,0.0039473166689276,0.0470048449933528,0.0001522165403002,0.0007033633301034,99.9991455078125,7
198,198,0.00811767578125,0.016357421875,0.003947336692363,6.58966600894928e-05,0.0002675652503967,0.0039473036304116,0.047004722058773,0.0001669395423959,0.0006778374081477,99.99916076660156,7
199,199,0.00787353515625,0.01519775390625,0.0039473180659115,6.199255585670471e-05,0.0002309717237949,0.0039472887292504,0.0470045879483222,0.0001570497988723,0.0005851358291693,99.99925231933594,7
200,200,0.00738525390625,0.01318359375,0.0039472957141697,5.454197525978088e-05,0.000173807144165,0.0039472728967666,0.0470044389367103,0.0001381755573675,0.0004403195343911,99.99942016601562,7
201,201,0.006378173828125,0.01068115234375,0.003947271965444,4.068110138177872e-05,0.0001140870153903,0.0039472561329603,0.0470042824745178,0.0001030613057082,0.0002890274918172,99.99960327148438,7
202,202,0.004974365234375,0.00775146484375,0.0039472468197345,2.474430948495865e-05,6.008520722389221e-05,0.0039472384378314,0.0470041260123252,6.268751167226583e-05,0.0001522205420769,99.99978637695312,7
203,203,0.00335693359375,0.00347900390625,0.0039472221396863,1.126900315284729e-05,1.210346817970276e-05,0.0039472198113799,0.0470039546489715,2.854919875971973e-05,3.066325734835118e-05,99.99993896484376,7
204,204,0.0018310546875,0.00042724609375,0.0039472007192671,3.3527612686157227e-06,1.825392246246338e-07,0.0039472002536058,0.0470037870109081,8.494022949889768e-06,4.624523342044995e-07,99.99998474121094,7
205,205,0.000244140625,0.00457763671875,0.003947184421122,5.960464477539064e-08,2.0954757928848267e-05,0.0039471820928156,0.0470036193728446,1.5100546590929298e-07,5.30878605786711e-05,99.99993896484376,7
206,206,0.00103759765625,0.00775146484375,0.0039471695199608,1.0766088962554932e-06,6.008520722389221e-05,0.0039471634663641,0.0470034554600715,2.7275466436549323e-06,0.0001522235252195,99.99984741210938,7
207,207,0.002166748046875,0.01025390625,0.0039471574127674,4.694797098636627e-06,0.0001051425933837,0.0039471462368965,0.047003298997879,1.1894120689248666e-05,0.0002663754567038,99.9997100830078,7
208,208,0.00299072265625,0.01318359375,0.0039471476338803,8.944422006607056e-06,0.000173807144165,0.0039471294730901,0.047003149986267,2.2660469767288305e-05,0.000440336036263,99.99954223632812,7
209,209,0.00323486328125,0.014892578125,0.0039471364580094,1.0464340448379517e-05,0.0002217888832092,0.0039471131749451,0.0470030009746551,2.6511219402891584e-05,0.000561898224987,99.9994125366211,7
210,210,0.00341796875,0.01617431640625,0.0039471257477998,1.1682510375976562e-05,0.0002616085112094,0.0039470982737839,0.0470028594136238,2.9597513275803067e-05,0.0006627822876907,99.99930572509766,7
211,211,0.003265380859375,0.0169677734375,0.0039471136406064,1.0662712156772614e-05,0.0002879053354263,0.003947083838284,0.047002725303173,2.701394805626478e-05,0.0007294072420336,99.9992446899414,7
212,212,0.00311279296875,0.01715087890625,0.0039470996707677,9.689480066299438e-06,0.0002941526472568,0.0039470694027841,0.0470025986433029,2.4548357032472268e-05,0.0007452373974956,99.99922943115234,7
213,213,0.0025634765625,0.0166015625,0.0039470843039453,6.571412086486816e-06,0.0002756118774414,0.003947056364268,0.0470024719834327,1.6648775272187777e-05,0.0006982670165598,99.9992904663086,7
214,214,0.001861572265625,0.0157470703125,0.0039470689371228,3.465451300144196e-06,0.0002479702234268,0.0039470437914133,0.0470023527741432,8.779808922554366e-06,0.000628238893114,99.99935913085938,7
215,215,0.00103759765625,0.01446533203125,0.0039470517076551,1.0766088962554932e-06,0.0002092458307743,0.0039470307528972,0.0470022372901439,2.727627816057065e-06,0.0005301319761201,99.9994659423828,7
216,216,0.00030517578125,0.01263427734375,0.0039470344781875,9.313225746154785e-08,0.0001596249639987,0.0039470186457037,0.0470021218061447,2.359550137498445e-07,0.0004044174274895,99.99960327148438,7
217,217,0.000457763671875,0.01068115234375,0.0039470177143812,2.095475792884827e-07,0.0001140870153903,0.0039470065385103,0.0470020174980163,5.309009907250584e-07,0.0002890461182687,99.9997100830078,7
218,218,0.001068115234375,0.00897216796875,0.0039470023475587,1.1408701539039612e-06,8.04997980594635e-05,0.0039469944313168,0.0470019057393074,2.890472387662157e-06,0.0002039517275989,99.99979400634766,7
219,219,0.00140380859375,0.00714111328125,0.0039469879120588,1.9706785678863525e-06,5.099549889564514e-05,0.0039469827897846,0.0470017939805984,4.992866706743371e-06,0.0001292010420002,99.99987030029295,7
220,220,0.00164794921875,0.005859375,0.0039469739422202,2.7157366275787358e-06,3.4332275390625e-05,0.0039469702169299,0.0470016822218894,6.880553428345593e-06,8.69837895152159e-05,99.99990844726562,7
221,221,0.001739501953125,0.0042724609375,0.0039469604380428,3.0258670449256897e-06,1.825392246246338e-05,0.0039469581097364,0.0470015667378902,7.666321835131384e-06,4.624804569175467e-05,99.99993896484376,7
222,222,0.00140380859375,0.002685546875,0.0039469460025429,1.9706785678863525e-06,7.212162017822266e-06,0.0039469450712203,0.0470014512538909,4.9929199121834245e-06,1.827276537369471e-05,99.9999771118164,7
223,223,0.00115966796875,0.001708984375,0.0039469324983656,1.344829797744751e-06,2.9206275939941406e-06,0.0039469320327043,0.0470013320446014,3.407278427403071e-06,7.399740752589423e-06,99.99998474121094,7
224,224,0.0008544921875,0.0010986328125,0.0039469189941883,7.301568984985352e-07,1.2069940567016602e-06,0.0039469189941883,0.0470012128353118,1.849941554610268e-06,3.058066567973583e-06,100.0,7
225,225,0.00054931640625,0.00079345703125,0.0039469050243496,3.0174851417541504e-07,6.295740604400635e-07,0.0039469050243496,0.0470010861754417,7.645193704775011e-07,1.5951081877574325e-06,100.0,7
226,226,0.000335693359375,0.00079345703125,0.0039468915201723,1.126900315284729e-07,6.295740604400635e-07,0.0039468915201723,0.0470009595155715,2.855159095815907e-07,1.5951135310388054e-06,100.0,7
227,227,0.00018310546875,0.00103759765625,0.0039468766190111,3.3527612686157227e-08,1.0766088962554932e-06,0.0039468766190111,0.0470008216798305,8.494719594409618e-08,2.7277490062260767e-06,100.0,7
228,228,6.103515625e-05,0.00140380859375,0.0039468621835112,3.725290298461914e-09,1.9706785678863525e-06,0.0039468621835112,0.0470006875693798,9.438612558199113e-09,4.993025868316181e-06,100.0,7
229,229,0.0001220703125,0.00201416015625,0.00394684728235,1.4901161193847656e-08,4.056841135025024e-06,0.0039468468166887,0.0470005460083484,3.77545923413436e-08,1.0278688023390714e-05,99.99998474121094,7
230,230,0.000274658203125,0.0028076171875,0.0039468323811888,7.543712854385376e-08,7.88271427154541e-06,0.0039468314498662,0.0470004081726074,1.9113335270048995e-07,1.997225263039581e-05,99.9999771118164,7
231,231,0.000762939453125,0.00390625,0.0039468165487051,5.820766091346741e-07,1.52587890625e-05,0.0039468151517212,0.0470002591609954,1.4748002286069095e-06,3.866100087179802e-05,99.99996185302734,7
232,232,0.000732421875,0.00482177734375,0.0039468021132051,5.364418029785156e-07,2.324953675270081e-05,0.0039467997848987,0.0470001138746738,1.3591808283308635e-06,5.89072733419016e-05,99.99993896484376,7
233,233,0.000762939453125,0.0059814453125,0.0039467876777052,5.820766091346741e-07,3.577768802642822e-05,0.0039467839524149,0.0469999685883522,1.474811028856493e-06,9.065014455700292e-05,99.99990844726562,7
234,234,0.0008544921875,0.0069580078125,0.0039467732422053,7.301568984985352e-07,4.841387271881104e-05,0.0039467685855925,0.0469998270273208,1.8500097667129008e-06,0.0001226669701281,99.9998779296875,7
235,235,0.000885009765625,0.0076904296875,0.0039467588067054,7.832422852516174e-07,5.914270877838135e-05,0.0039467527531087,0.0469996817409992,1.9845201677526347e-06,0.0001498513302067,99.99984741210938,7
236,236,0.000732421875,0.00830078125,0.0039467439055442,5.364418029785156e-07,6.890296936035156e-05,0.0039467369206249,0.0469995401799678,1.3592009509011405e-06,0.0001745818008203,99.99982452392578,7
237,237,0.00018310546875,0.00848388671875,0.0039467294700443,3.3527612686157227e-08,7.197633385658264e-05,0.003946722485125,0.0469994060695171,8.495037207012501e-08,0.0001823695638449,99.99982452392578,7
238,238,9.1552734375e-05,0.00848388671875,0.0039467145688831,8.381903171539307e-09,7.197633385658264e-05,0.0039467075839638,0.046999268233776,2.1237672953589023e-08,0.000182370247785,99.99982452392578,7
239,239,0.000213623046875,0.00860595703125,0.0039467001333832,4.5634806156158454e-08,7.406249642372131e-05,0.0039466926828026,0.0469991266727447,1.1562774915319098e-07,0.0001876567548606,99.99980926513672,7
240,240,0.000213623046875,0.00848388671875,0.0039466856978833,4.5634806156158454e-08,7.197633385658264e-05,0.003946678712964,0.0469989962875843,1.1562817547883243e-07,0.0001823715865612,99.99982452392578,7
241,241,0.000244140625,0.00830078125,0.0039466703310608,5.960464477539064e-08,6.890296936035156e-05,0.0039466633461415,0.0469988659024238,1.5102513373221885e-07,0.0001745850604493,99.99982452392578,7
242,242,0.00054931640625,0.00811767578125,0.0039466558955609,3.0174851417541504e-07,6.58966600894928e-05,0.0039466493763029,0.0469987317919731,7.645676305401139e-07,0.0001669683406362,99.99983215332033,7
243,243,0.00054931640625,0.00799560546875,0.003946641460061,3.0174851417541504e-07,6.392970681190491e-05,0.003946634940803,0.0469985976815223,7.645703590242192e-07,0.000161985080922,99.99983215332033,7
244,244,0.0006103515625,0.0074462890625,0.0039466260932385,3.725290298461914e-07,5.544722080230713e-05,0.0039466205053031,0.0469984672963619,9.43917655149562e-07,0.0001404927170369,99.9998550415039,7
245,245,0.0003662109375,0.00689697265625,0.0039466107264161,1.341104507446289e-07,4.756823182106018e-05,0.0039466060698032,0.0469983331859111,3.398116916741856e-07,0.000120529315609,99.9998779296875,7
246,246,0.000244140625,0.00634765625,0.0039465962909162,5.960464477539064e-08,4.029273986816406e-05,0.0039465920999646,0.0469982028007507,1.5102796169230714e-07,0.0001020949057419,99.99989318847656,7
247,247,3.0517578125e-05,0.00579833984375,0.0039465804584324,9.313225746154783e-10,3.3620744943618774e-05,0.0039465771988034,0.0469980686902999,2.359821449360311e-09,8.51895529194735e-05,99.99991607666016,7
248,248,0.000213623046875,0.00555419921875,0.0039465655572712,4.5634806156158454e-08,3.084912896156311e-05,0.0039465622976422,0.0469979308545589,1.1563169266537444e-07,7.81670241849497e-05,99.99991607666016,7
249,249,0.00054931640625,0.00537109375,0.00394655065611,3.0174851417541504e-07,2.8848648071289062e-05,0.0039465478621423,0.0469977967441082,7.645879236406472e-07,7.309838838409632e-05,99.99993133544922,7
250,250,0.000701904296875,0.00506591796875,0.0039465357549488,4.926696419715881e-07,2.566352486610413e-05,0.0039465329609811,0.0469976589083671,1.2483596947276965e-06,6.502797623397782e-05,99.99993133544922,7
251,251,0.00079345703125,0.00506591796875,0.0039465203881263,6.295740604400635e-07,2.566352486610413e-05,0.0039465175941586,0.0469975173473358,1.5952637113514356e-06,6.502823089249432e-05,99.99993133544922,7
252,252,0.000946044921875,0.00494384765625,0.0039465045556426,8.950009942054749e-07,2.4441629648208615e-05,0.0039465022273361,0.0469973795115947,2.26783186008106e-06,6.193234730744734e-05,99.99993896484376,7
253,253,0.0009765625,0.00506591796875,0.0039464896544814,9.5367431640625e-07,2.566352486610413e-05,0.0039464868605136,0.0469972342252731,2.416512870695442e-06,6.502874020952731e-05,99.99993133544922,7
254,254,0.00091552734375,0.00518798828125,0.0039464747533202,8.381903171539307e-07,2.691522240638733e-05,0.0039464719593524,0.046997096389532,2.123896365446853e-06,6.820066482760012e-05,99.99993133544922,7
255,255,0.000946044921875,0.0052490234375,0.0039464589208364,8.950009942054749e-07,2.755224704742432e-05,0.0039464561268687,0.0469969548285007,2.2678582354274117e-06,6.981511251069605e-05,99.99993133544922,7
256,256,0.000701904296875,0.0052490234375,0.0039464435540139,4.926696419715881e-07,2.755224704742432e-05,0.0039464407600462,0.0469968095421791,1.248388912244991e-06,6.981538172112778e-05,99.99993133544922,7
257,257,0.000518798828125,0.00543212890625,0.0039464277215301,2.691522240638733e-07,2.950802445411682e-05,0.0039464249275624,0.0469966679811477,6.820147859798453e-07,7.477147300960496e-05,99.99993133544922,7
258,258,0.000152587890625,0.00537109375,0.0039464123547077,2.3283064365386963e-08,2.8848648071289062e-05,0.0039464095607399,0.0469965301454067,5.8998050889158555e-08,7.310094952117652e-05,99.99993133544922,7
259,259,3.0517578125e-05,0.00567626953125,0.0039463969878852,9.313225746154783e-10,3.2220035791397095e-05,0.0039463937282562,0.046996384859085,2.359931139395144e-09,8.164418250089511e-05,99.99991607666016,7
260,260,3.0517578125e-05,0.00579833984375,0.0039463811554014,9.313225746154783e-10,3.3620744943618774e-05,0.0039463778957724,0.0469962432980537,2.3599406873131556e-09,8.51938602863811e-05,99.99991607666016,7
261,261,0.0,0.006103515625,0.0039463657885789,0.0,3.725290298461914e-05,0.0039463620632886,0.0469960942864418,0.0,9.439799760002644e-05,99.99990844726562,7
262,262,3.0517578125e-05,0.00634765625,0.0039463504217565,9.313225746154783e-10,4.029273986816406e-05,0.0039463462308049,0.0469959452748298,2.359959117015364e-09,0.0001021012649289,99.99989318847656,7
263,263,3.0517578125e-05,0.00653076171875,0.0039463345892727,9.313225746154783e-10,4.265084862709045e-05,0.0039463303983211,0.0469957999885082,2.3599684428887713e-09,0.0001080771180568,99.99989318847656,7
264,264,6.103515625e-05,0.00640869140625,0.0039463187567889,3.725290298461914e-09,4.10713255405426e-05,0.0039463145658373,0.0469956584274768,9.439911963227132e-09,0.0001040750212268,99.99989318847656,7
265,265,0.000213623046875,0.00653076171875,0.0039463029243052,4.5634806156158454e-08,4.265084862709045e-05,0.0039462987333536,0.0469955094158649,1.1563938784320273e-07,0.0001080779838957,99.99989318847656,7
266,266,0.00030517578125,0.0064697265625,0.0039462870918214,9.313225746154785e-08,4.185736179351807e-05,0.0039462829008698,0.0469953641295433,2.359996926770691e-07,0.0001060677022906,99.99989318847656,7
267,267,0.00042724609375,0.006591796875,0.0039462712593376,1.825392246246338e-07,4.3451786041259766e-05,0.003946267068386,0.0469952188432216,4.625612746167463e-07,0.0001101084562833,99.99989318847656,7
268,268,0.00048828125,0.006591796875,0.0039462554268538,2.384185791015625e-07,4.3451786041259766e-05,0.0039462512359023,0.0469950698316097,6.041640290277428e-07,0.0001101089001167,99.99989318847656,7
269,269,0.000396728515625,0.00665283203125,0.0039462400600314,1.573935151100159e-07,4.4260174036026e-05,0.0039462354034185,0.0469949282705783,3.988442358604516e-07,0.0001121578316087,99.9998779296875,7
270,270,0.00048828125,0.00665283203125,0.0039462242275476,2.384185791015625e-07,4.4260174036026e-05,0.0039462195709347,0.0469947829842567,6.04168860718346e-07,0.0001121582827181,99.9998779296875,7
271,271,0.000335693359375,0.006591796875,0.0039462079294025,1.126900315284729e-07,4.3451786041259766e-05,0.003946203738451,0.0469946339726448,2.855653633559996e-07,0.000110110224341,99.99989318847656,7
272,272,0.000274658203125,0.0064697265625,0.0039461920969188,7.543712854385376e-08,4.185736179351807e-05,0.0039461879059672,0.0469944886863231,1.911643749963332e-07,0.0001060702634276,99.99989318847656,7
273,273,0.0001220703125,0.00628662109375,0.0039461753331124,1.4901161193847656e-08,3.9521604776382446e-05,0.0039461716078221,0.0469943434000015,3.776101920038855e-08,0.0001001516720862,99.99990844726562,7
274,274,0.000152587890625,0.00628662109375,0.0039461595006287,2.3283064365386963e-08,3.9521604776382446e-05,0.0039461557753384,0.0469941981136798,5.900183097651279e-08,0.0001001520649879,99.99990844726562,7
275,275,0.000213623046875,0.0062255859375,0.0039461436681449,4.5634806156158454e-08,3.875792026519776e-05,0.0039461399428546,0.0469940528273582,1.1564406321440401e-07,9.821720595937222e-05,99.99990844726562,7
276,276,3.0517578125e-05,0.0059814453125,0.0039461278356611,9.313225746154783e-10,3.577768802642822e-05,0.0039461241103708,0.0469939038157463,2.360092121733714e-09,9.066530765267088e-05,99.99990844726562,7
277,277,0.000152587890625,0.00567626953125,0.0039461115375161,2.3283064365386963e-08,3.2220035791397095e-05,0.0039461082778871,0.0469937622547149,5.900254862467592e-08,8.165008330252022e-05,99.99991607666016,7
278,278,0.0003662109375,0.00592041015625,0.0039460957050323,1.341104507446289e-07,3.505125641822815e-05,0.003946091979742,0.0469936095178127,3.398560579626065e-07,8.882515248842537e-05,99.99990844726562,7
279,279,0.000396728515625,0.00604248046875,0.003946078941226,1.573935151100159e-07,3.651157021522522e-05,0.0039460752159357,0.0469934567809104,3.988604930782458e-07,9.252619929611684e-05,99.99990844726562,7
280,280,0.00042724609375,0.00634765625,0.0039460631087422,1.825392246246338e-07,4.029273986816406e-05,0.0039460589177906,0.0469933040440082,4.625856604434375e-07,0.0001021086936816,99.99989318847656,7
281,281,0.00042724609375,0.0057373046875,0.0039460463449358,1.825392246246338e-07,3.291666507720947e-05,0.0039460430853068,0.0469931587576866,4.625876499630977e-07,8.341682405443862e-05,99.99991607666016,7
282,282,0.000518798828125,0.00592041015625,0.0039460305124521,2.691522240638733e-07,3.505125641822815e-05,0.0039460267871618,0.0469930097460746,6.820834528298292e-07,8.882662223186344e-05,99.99990844726562,7
283,283,0.000274658203125,0.005615234375,0.003946014214307,7.543712854385376e-08,3.153085708618164e-05,0.003946010954678,0.0469928607344627,1.9117298677429065e-07,7.990557787707075e-05,99.99991607666016,7
284,284,0.000396728515625,0.005859375,0.0039459969848394,1.573935151100159e-07,3.4332275390625e-05,0.0039459937252104,0.0469927042722702,3.9886879221739946e-07,8.700532634975389e-05,99.99991607666016,7
285,285,0.000244140625,0.00592041015625,0.0039459811523556,5.960464477539064e-08,3.505125641822815e-05,0.0039459774270653,0.0469925552606582,1.5105150907857026e-07,8.882773545337841e-05,99.99990844726562,7
286,286,0.000274658203125,0.00604248046875,0.0039459643885493,7.543712854385376e-08,3.651157021522522e-05,0.003945960663259,0.0469923987984657,1.911753884087375e-07,9.252888412447646e-05,99.99990844726562,7
287,287,0.0003662109375,0.006103515625,0.0039459476247429,1.341104507446289e-07,3.725290298461914e-05,0.0039459438994526,0.0469922497868537,3.3986879088843125e-07,9.440800204174592e-05,99.99990844726562,7
288,288,0.000335693359375,0.00616455078125,0.0039459313265979,1.126900315284729e-07,3.800168633460999e-05,0.0039459276013076,0.0469920933246612,2.855853722394386e-07,9.63059937930666e-05,99.99990844726562,7
289,289,0.000244140625,0.0062255859375,0.0039459145627915,5.960464477539064e-08,3.875792026519776e-05,0.0039459108375012,0.0469919443130493,1.5105406703241897e-07,9.822291758609936e-05,99.99990844726562,7
290,290,0.000213623046875,0.0062255859375,0.0039458973333239,4.5634806156158454e-08,3.875792026519776e-05,0.0039458936080336,0.0469917878508567,1.1565127522317199e-07,9.822333231568336e-05,99.99990844726562,7
291,291,0.000152587890625,0.00616455078125,0.0039458815008401,2.3283064365386963e-08,3.800168633460999e-05,0.0039458777755498,0.0469916388392448,5.9005987651516996e-08,9.630720887798816e-05,99.99990844726562,7
292,292,0.000274658203125,0.00628662109375,0.0039458642713725,7.543712854385376e-08,3.9521604776382446e-05,0.0039458605460822,0.0469914823770523,1.911802485210501e-07,0.0001001595592242,99.99990844726562,7
293,293,0.000244140625,0.0062255859375,0.0039458475075662,5.960464477539064e-08,3.875792026519776e-05,0.0039458437822759,0.0469913259148597,1.5105663919712242e-07,9.82245765044354e-05,99.99990844726562,7
294,294,0.00018310546875,0.0062255859375,0.0039458307437598,3.3527612686157227e-08,3.875792026519776e-05,0.0039458270184695,0.0469911731779575,8.49697130433924e-08,9.8224998509977e-05,99.99990844726562,7
295,295,0.00030517578125,0.00634765625,0.0039458144456148,9.313225746154785e-08,4.029273986816406e-05,0.0039458102546632,0.046991016715765,2.360279722779524e-07,0.0001021151329041,99.99989318847656,7
296,296,0.000274658203125,0.00640869140625,0.0039457976818084,7.543712854385376e-08,4.10713255405426e-05,0.0039457934908568,0.0469908602535724,1.9118347438507047e-07,0.0001040887727867,99.99989318847656,7
297,297,0.000244140625,0.00616455078125,0.0039457799866795,5.960464477539064e-08,3.800168633460999e-05,0.0039457762613892,0.0469907075166702,1.510592255726806e-07,9.63096899795346e-05,99.99990844726562,7
298,298,0.000244140625,0.00604248046875,0.0039457632228732,5.960464477539064e-08,3.651157021522522e-05,0.0039457594975829,0.0469905510544776,1.5105985085028808e-07,9.253360622096808e-05,99.99990844726562,7
299,299,0.000274658203125,0.0059814453125,0.0039457464590668,7.543712854385376e-08,3.577768802642822e-05,0.0039457427337765,0.0469903945922851,1.911859612846456e-07,9.067406062968077e-05,99.99990844726562,7
300,300,0.000335693359375,0.00628662109375,0.0039457296952605,1.126900315284729e-07,3.9521604776382446e-05,0.0039457259699702,0.0469902381300926,2.855999525763764e-07,0.0001001629789243,99.99990844726562,7
301,301,0.000335693359375,0.00634765625,0.0039457124657928,1.126900315284729e-07,4.029273986816406e-05,0.0039457082748413,0.0469900816679,2.856012315533008e-07,0.0001021177813527,99.99989318847656,7
302,302,0.000457763671875,0.00604248046875,0.0039456952363252,2.095475792884827e-07,3.651157021522522e-05,0.0039456915110349,0.0469899214804172,5.310789674695116e-07,9.253519965568556e-05,99.99990844726562,7
303,303,0.000396728515625,0.00616455078125,0.0039456784725189,1.573935151100159e-07,3.800168633460999e-05,0.0039456747472286,0.0469897650182247,3.989009940141841e-07,9.631217108108105e-05,99.99990844726562,7
304,304,0.000335693359375,0.00616455078125,0.0039456612430512,1.126900315284729e-07,3.800168633460999e-05,0.0039456575177609,0.0469896048307418,2.856049263755267e-07,9.631259308662266e-05,99.99990844726562,7
305,305,0.000518798828125,0.00604248046875,0.0039456440135836,2.691522240638733e-07,3.651157021522522e-05,0.0039456402882933,0.0469894483685493,6.821503006904095e-07,9.253640018869191e-05,99.99990844726562,7
306,306,0.000396728515625,0.0059814453125,0.003945626784116,1.573935151100159e-07,3.577768802642822e-05,0.0039456230588257,0.0469892919063568,3.9890625203042873e-07,9.067681821761651e-05,99.99990844726562,7
307,307,0.000335693359375,0.0059814453125,0.0039456100203096,1.126900315284729e-07,3.577768802642822e-05,0.0039456062950193,0.0469891354441642,2.856086496194621e-07,9.067720384337008e-05,99.99990844726562,7
308,308,9.1552734375e-05,0.0057373046875,0.0039455923251807,8.381903171539307e-09,3.291666507720947e-05,0.0039455890655517,0.0469889789819717,2.1243712566842987e-08,8.342642104253173e-05,99.99991607666016,7
309,309,0.0001220703125,0.005859375,0.0039455750957131,1.4901161193847656e-08,3.4332275390625e-05,0.0039455718360841,0.0469888150691986,3.7766763938407166e-08,8.701462502358481e-05,99.99991607666016,7
310,310,0.000213623046875,0.006103515625,0.0039455578662455,4.5634806156158454e-08,3.725290298461914e-05,0.0039455541409552,0.0469886548817157,1.1566122282147263e-07,9.441732981940731e-05,99.99990844726562,7
311,311,0.0001220703125,0.0059814453125,0.0039455406367778,1.4901161193847656e-08,3.577768802642822e-05,0.0039455369114875,0.0469884984195232,3.7767094340779295e-08,9.06787972780876e-05,99.99990844726562,7
312,312,0.000213623046875,0.00604248046875,0.0039455234073102,4.5634806156158454e-08,3.651157021522522e-05,0.0039455196820199,0.0469883345067501,1.156622317921574e-07,9.253923053620384e-05,99.99990844726562,7
313,313,0.000152587890625,0.00604248046875,0.0039455057121813,2.3283064365386963e-08,3.651157021522522e-05,0.003945501986891,0.0469881743192672,5.901160804455686e-08,9.253964526578784e-05,99.99990844726562,7
314,314,0.000213623046875,0.00616455078125,0.0039454880170524,4.5634806156158454e-08,3.800168633460999e-05,0.0039454842917621,0.0469880104064941,1.1566327628997897e-07,9.63168204179965e-05,99.99990844726562,7
315,315,0.000396728515625,0.00616455078125,0.0039454707875847,1.573935151100159e-07,3.800168633460999e-05,0.0039454670622944,0.0469878502190113,3.989219976574532e-07,9.631724242353812e-05,99.99990844726562,7
316,316,0.00042724609375,0.00634765625,0.0039454535581171,1.825392246246338e-07,4.029273986816406e-05,0.0039454493671655,0.0469876825809478,4.626571694643644e-07,0.0001021244752337,99.99989318847656,7
317,317,0.000335693359375,0.0059814453125,0.0039454353973269,1.126900315284729e-07,3.577768802642822e-05,0.0039454316720366,0.0469875261187553,2.856212688584492e-07,9.06812128960155e-05,99.99990844726562,7
318,318,0.000518798828125,0.00616455078125,0.003945417702198,2.691522240638733e-07,3.800168633460999e-05,0.0039454139769077,0.0469873622059822,6.821894089625857e-07,9.631853754399344e-05,99.99990844726562,7
319,319,0.0006103515625,0.00634765625,0.0039454004727303,3.725290298461914e-07,4.029273986816406e-05,0.0039453962817788,0.046987198293209,9.44210910347465e-07,0.0001021258503897,99.99989318847656,7
320,320,0.000396728515625,0.00616455078125,0.0039453823119401,1.573935151100159e-07,3.800168633460999e-05,0.0039453785866498,0.0469870381057262,3.989309220742143e-07,9.631940338294952e-05,99.99990844726562,7
321,321,0.00042724609375,0.00616455078125,0.0039453646168112,1.825392246246338e-07,3.800168633460999e-05,0.0039453608915209,0.0469868704676628,4.6266760023172537e-07,9.631983266444875e-05,99.99990844726562,7
322,322,0.0003662109375,0.00616455078125,0.0039453469216823,1.341104507446289e-07,3.800168633460999e-05,0.003945343196392,0.0469867065548896,3.39920546821304e-07,9.6320261945948e-05,99.99990844726562,7
323,323,0.000244140625,0.00604248046875,0.0039453296922147,5.960464477539064e-08,3.651157021522522e-05,0.0039453259669244,0.0469865500926971,1.5107646333945013e-07,9.25437780097127e-05,99.99990844726562,7
324,324,0.00018310546875,0.00604248046875,0.0039453119970858,3.3527612686157227e-08,3.651157021522522e-05,0.0039453082717955,0.046986386179924,8.498088988062592e-08,9.25441927392967e-05,99.99990844726562,7
325,325,3.0517578125e-05,0.005859375,0.0039452943019568,9.313225746154783e-10,3.4332275390625e-05,0.0039452910423278,0.0469862222671508,2.360590833916376e-09,8.70208241394721e-05,99.99991607666016,7
326,326,0.000152587890625,0.006103515625,0.0039452761411666,2.3283064365386963e-08,3.725290298461914e-05,0.0039452724158763,0.0469860546290874,5.901504351868426e-08,9.442406735615803e-05,99.99990844726562,7
327,327,0.000152587890625,0.00592041015625,0.0039452584460377,2.3283064365386963e-08,3.505125641822815e-05,0.0039452547207474,0.0469858944416046,5.901530997221017e-08,8.884400449460372e-05,99.99990844726562,7
328,328,0.00018310546875,0.00604248046875,0.0039452402852475,3.3527612686157227e-08,3.651157021522522e-05,0.0039452365599572,0.0469857268035411,8.498243175836252e-08,9.254587348550558e-05,99.99990844726562,7
329,329,0.00030517578125,0.00604248046875,0.0039452221244573,9.313225746154785e-08,3.651157021522522e-05,0.003945218399167,0.0469855591654777,2.3606338572790267e-07,9.25462954910472e-05,99.99990844726562,7
330,330,0.000518798828125,0.00616455078125,0.0039452044293284,2.691522240638733e-07,3.800168633460999e-05,0.0039452007040381,0.0469853952527046,6.822263003414264e-07,9.632373985368758e-05,99.99990844726562,7
331,331,0.00054931640625,0.00616455078125,0.0039451858028769,3.0174851417541504e-07,3.800168633460999e-05,0.0039451820775866,0.0469852238893508,7.648525297554443e-07,9.632419823901728e-05,99.99990844726562,7
332,332,0.00054931640625,0.0062255859375,0.003945168107748,3.0174851417541504e-07,3.875792026519776e-05,0.0039451643824577,0.0469850599765777,7.648559403605759e-07,9.824149310588837e-05,99.99990844726562,7
333,333,0.000640869140625,0.0062255859375,0.0039451494812965,4.10713255405426e-07,3.875792026519776e-05,0.0039451457560062,0.046984888613224,1.0410586810394309e-06,9.824195876717567e-05,99.99990844726562,7
334,334,0.000457763671875,0.00634765625,0.0039451313205063,2.095475792884827e-07,4.029273986816406e-05,0.0039451271295547,0.0469847247004509,5.311548534336907e-07,0.0001021328207571,99.99989318847656,7
335,335,0.000396728515625,0.0062255859375,0.0039451131597161,1.573935151100159e-07,3.875792026519776e-05,0.0039451094344258,0.0469845533370971,3.9895815007184876e-07,9.824286826187743e-05,99.99990844726562,7
336,336,0.00030517578125,0.00616455078125,0.0039450949989259,9.313225746154785e-08,3.800168633460999e-05,0.0039450912736356,0.046984389424324,2.3607100274603e-07,9.63264174060896e-05,99.99990844726562,7
337,337,0.000274658203125,0.0059814453125,0.0039450768381357,7.543712854385376e-08,3.577768802642822e-05,0.0039450731128454,0.0469842217862606,1.912183904551057e-07,9.068945655599236e-05,99.99990844726562,7
338,338,6.103515625e-05,0.00592041015625,0.0039450591430068,3.725290298461914e-09,3.505125641822815e-05,0.0039450554177165,0.0469840541481971,9.442926440783594e-09,8.884849376045167e-05,99.99990844726562,7
339,339,0.00018310546875,0.00604248046875,0.003945040050894,3.3527612686157227e-08,3.651157021522522e-05,0.0039450363256037,0.0469838865101337,8.498674475276857e-08,9.255056647816672e-05,99.99990844726562,7
340,340,0.0003662109375,0.00628662109375,0.0039450209587812,1.341104507446289e-07,3.9521604776382446e-05,0.0039450172334909,0.0469837114214897,3.3994862747022125e-07,0.0001001809796434,99.99990844726562,7
341,341,0.000213623046875,0.0062255859375,0.003945002797991,4.5634806156158454e-08,3.875792026519776e-05,0.0039449990727007,0.0469835400581359,1.1567750135554888e-07,9.824560402194038e-05,99.99990844726562,7
342,342,0.00018310546875,0.006103515625,0.0039449846372008,3.3527612686157227e-08,3.725290298461914e-05,0.0039449809119105,0.0469833761453628,8.498793846456466e-08,9.443104499951004e-05,99.99990844726562,7
343,343,0.00030517578125,0.00616455078125,0.0039449660107493,9.313225746154785e-08,3.800168633460999e-05,0.003944962285459,0.0469832010567188,2.3607873345099506e-07,9.632956061977892e-05,99.99990844726562,7
344,344,0.000274658203125,0.00604248046875,0.0039449473842978,7.543712854385376e-08,3.651157021522522e-05,0.0039449436590075,0.0469830334186553,1.9122468586374453e-07,9.255274198949336e-05,99.99990844726562,7
345,345,0.00042724609375,0.00616455078125,0.0039449287578463,1.825392246246338e-07,3.800168633460999e-05,0.003944925032556,0.0469828583300113,4.627187024652813e-07,9.63304701144807e-05,99.99990844726562,7
346,346,0.000518798828125,0.00616455078125,0.0039449101313948,2.691522240638733e-07,3.800168633460999e-05,0.0039449064061045,0.0469826832413673,6.822771752013068e-07,9.63309284998104e-05,99.99990844726562,7
347,347,0.000396728515625,0.00616455078125,0.0039448915049433,1.573935151100159e-07,3.800168633460999e-05,0.003944887779653,0.0469825118780136,3.989805748005893e-07,9.633137960918248e-05,99.99990844726562,7
348,348,0.00042724609375,0.006103515625,0.0039448724128305,1.825392246246338e-07,3.725290298461914e-05,0.0039448686875402,0.0469823442399501,4.627252678801597e-07,9.443372982786968e-05,99.99990844726562,7
349,349,0.00042724609375,0.0059814453125,0.0039448542520403,1.825392246246338e-07,3.577768802642822e-05,0.00394485052675,0.0469821691513061,4.6272739950836694e-07,9.069457155419514e-05,99.99990844726562,7
350,350,0.0003662109375,0.0062255859375,0.0039448351599276,1.341104507446289e-07,3.875792026519776e-05,0.0039448314346373,0.0469819977879524,3.3996462889263057e-07,9.824978769756854e-05,99.99990844726562,7
351,351,0.000152587890625,0.006103515625,0.0039448165334761,2.3283064365386963e-08,3.725290298461914e-05,0.0039448128081858,0.0469818189740181,5.9021921572366416e-08,9.44350686040707e-05,99.99990844726562,7
352,352,0.0003662109375,0.006103515625,0.0039447974413633,1.341104507446289e-07,3.725290298461914e-05,0.003944793716073,0.0469816476106643,3.399678973892151e-07,9.44355269894004e-05,99.99990844726562,7
353,353,0.000213623046875,0.00592041015625,0.0039447788149118,4.5634806156158454e-08,3.505125641822815e-05,0.0039447750896215,0.0469814762473106,1.1568407387585466e-07,8.885480929166079e-05,99.99990844726562,7
354,354,0.00018310546875,0.0059814453125,0.003944759722799,3.3527612686157227e-08,3.577768802642822e-05,0.0039447559975087,0.0469813048839569,8.499278436602253e-08,9.069674706552178e-05,99.99990844726562,7
355,355,0.000274658203125,0.0059814453125,0.0039447410963475,7.543712854385376e-08,3.577768802642822e-05,0.0039447373710572,0.0469811297953128,1.912346760946093e-07,9.0697176347021e-05,99.99990844726562,7
356,356,0.00030517578125,0.00592041015625,0.0039447220042347,9.313225746154785e-08,3.505125641822815e-05,0.0039447182789444,0.0469809547066688,2.3609332799878763e-07,8.885608986020088e-05,99.99990844726562,7
357,357,0.000274658203125,0.005859375,0.003944702912122,7.543712854385376e-08,3.4332275390625e-05,0.003944699652493,0.0469807833433151,1.91236537716577e-07,8.703386993147433e-05,99.99991607666016,7
358,358,0.000457763671875,0.0059814453125,0.0039446842856705,2.095475792884827e-07,3.577768802642822e-05,0.0039446805603802,0.0469806045293808,5.312150506142643e-07,9.069848601939157e-05,99.99990844726562,7
359,359,0.00054931640625,0.00592041015625,0.0039446651935577,3.0174851417541504e-07,3.505125641822815e-05,0.0039446614682674,0.0469804257154464,7.649534268239222e-07,8.885736315278336e-05,99.99990844726562,7
360,360,0.000396728515625,0.005859375,0.0039446461014449,1.573935151100159e-07,3.4332275390625e-05,0.0039446428418159,0.0469802543520927,3.990054153746314e-07,8.703512139618397e-05,99.99991607666016,7
361,361,0.000457763671875,0.006103515625,0.0039446265436708,2.095475792884827e-07,3.725290298461914e-05,0.0039446228183805,0.0469800755381584,5.312228381626483e-07,9.443962335353716e-05,99.99990844726562,7
362,362,0.000518798828125,0.00616455078125,0.0039446074515581,2.691522240638733e-07,3.800168633460999e-05,0.0039446037262678,0.046979896724224,6.823295279900776e-07,9.63383208727464e-05,99.99990844726562,7
363,363,0.000396728515625,0.0062255859375,0.0039445883594453,1.573935151100159e-07,3.875792026519776e-05,0.003944584634155,0.0469797253608703,3.990112134033552e-07,9.82559286057949e-05,99.99990844726562,7
364,364,0.000396728515625,0.0062255859375,0.0039445692673325,1.573935151100159e-07,3.875792026519776e-05,0.0039445655420422,0.046979546546936,3.990131745013059e-07,9.825640881899744e-05,99.99990844726562,7
365,365,0.000274658203125,0.00616455078125,0.0039445497095584,7.543712854385376e-08,3.800168633460999e-05,0.0039445459842681,0.0469793677330017,1.9124395578273837e-07,9.633972513256596e-05,99.99990844726562,7
366,366,0.000396728515625,0.00616455078125,0.0039445310831069,1.573935151100159e-07,3.800168633460999e-05,0.0039445273578166,0.0469791889190673,3.990170398537885e-07,9.634018351789564e-05,99.99990844726562,7
367,367,0.00042724609375,0.00628662109375,0.0039445115253329,1.825392246246338e-07,3.9521604776382446e-05,0.0039445078000426,0.046979010105133,4.627676446489204e-07,0.0001001939162961,99.99990844726562,7
368,368,0.00018310546875,0.00616455078125,0.0039444919675588,3.3527612686157227e-08,3.800168633460999e-05,0.0039444882422685,0.0469788312911987,8.499856107846426e-08,9.634115122025833e-05,99.99990844726562,7
369,369,0.0001220703125,0.00616455078125,0.0039444724097847,1.4901161193847656e-08,3.800168633460999e-05,0.0039444686844944,0.0469786524772644,3.777732260346056e-08,9.634162415750323e-05,99.99990844726562,7
370,370,0.000152587890625,0.00579833984375,0.003944453317672,2.3283064365386963e-08,3.3620744943618774e-05,0.003944450058043,0.0469784811139106,5.9027353671581295e-08,8.523549331584945e-05,99.99991607666016,7
371,371,0.000244140625,0.0059814453125,0.0039444342255592,5.960464477539064e-08,3.577768802642822e-05,0.0039444305002689,0.0469783022999763,1.511107541318779e-07,9.070423402590676e-05,99.99990844726562,7
372,372,0.00030517578125,0.006103515625,0.0039444146677851,9.313225746154785e-08,3.725290298461914e-05,0.0039444109424948,0.046978123486042,2.3611173105564379e-07,9.444469469599426e-05,99.99990844726562,7
373,373,0.000518798828125,0.00616455078125,0.0039443946443498,2.691522240638733e-07,3.800168633460999e-05,0.0039443909190595,0.0469779372215271,6.823663625254994e-07,9.634352318244056e-05,99.99990844726562,7
374,374,0.000518798828125,0.0062255859375,0.003944375552237,2.691522240638733e-07,3.875792026519776e-05,0.0039443718269467,0.0469777584075927,6.823696594437934e-07,9.826124005485326e-05,99.99990844726562,7
375,375,0.000396728515625,0.006103515625,0.0039443559944629,1.573935151100159e-07,3.725290298461914e-05,0.0039443522691726,0.0469775795936584,3.99034775000473e-07,9.44460989558138e-05,99.99990844726562,7
376,376,0.00042724609375,0.00616455078125,0.0039443359710276,1.825392246246338e-07,3.800168633460999e-05,0.0039443322457373,0.0469774007797241,4.627882503882575e-07,9.634495654609054e-05,99.99990844726562,7
377,377,0.000396728515625,0.006103515625,0.0039443168789148,1.573935151100159e-07,3.725290298461914e-05,0.0039443131536245,0.0469772219657897,3.990387256180839e-07,9.444703755434602e-05,99.99990844726562,7
378,378,0.00048828125,0.0062255859375,0.0039442973211407,2.384185791015625e-07,3.875792026519776e-05,0.0039442935958504,0.0469770357012748,6.044639917490713e-07,9.826318273553623e-05,99.99990844726562,7
379,379,0.00030517578125,0.00616455078125,0.0039442777633666,9.313225746154785e-08,3.800168633460999e-05,0.0039442740380764,0.0469768568873405,2.361199165079597e-07,9.634637535782532e-05,99.99990844726562,7
380,380,0.00030517578125,0.00616455078125,0.0039442582055926,9.313225746154785e-08,3.800168633460999e-05,0.0039442544803023,0.0469766817986965,2.361210960089011e-07,9.634685557102785e-05,99.99990844726562,7
381,381,0.00048828125,0.00616455078125,0.0039442386478185,2.384185791015625e-07,3.800168633460999e-05,0.0039442349225282,0.0469764992594718,6.044730298526702e-07,9.634733578423038e-05,99.99990844726562,7
382,382,0.000213623046875,0.00634765625,0.0039442195557057,4.5634806156158454e-08,4.029273986816406e-05,0.0039442153647542,0.0469763129949569,1.1570047320219601e-07,0.0001021564239636,99.99989318847656,7
383,383,0.0001220703125,0.00628662109375,0.0039441990666091,1.4901161193847656e-08,3.9521604776382446e-05,0.0039441953413188,0.0469761341810226,3.7779940953441844e-08,0.0001002018543658,99.99990844726562,7
384,384,0.000152587890625,0.00592041015625,0.003944179508835,2.3283064365386963e-08,3.505125641822815e-05,0.0039441757835447,0.0469759553670883,5.903145350316664e-08,8.88683061930351e-05,99.99990844726562,7
385,385,0.000213623046875,0.00567626953125,0.0039441590197384,4.5634806156158454e-08,3.2220035791397095e-05,0.0039441557601094,0.0469757728278636,1.1570224955903541e-07,8.169050852302462e-05,99.99991607666016,7
386,386,0.000244140625,0.0057373046875,0.0039441394619643,5.960464477539064e-08,3.291666507720947e-05,0.0039441362023353,0.046975590288639,1.511220517613765e-07,8.345715468749404e-05,99.99991607666016,7
387,387,0.00030517578125,0.00567626953125,0.0039441189728677,9.313225746154785e-08,3.2220035791397095e-05,0.0039441157132387,0.0469754002988338,2.3612942356976419e-07,8.169133798219264e-05,99.99991607666016,7
388,388,0.000457763671875,0.00555419921875,0.0039440998807549,2.095475792884827e-07,3.084912896156311e-05,0.0039440966211259,0.0469752177596092,5.312937787493865e-07,7.821588951628655e-05,99.99991607666016,7
389,389,0.0006103515625,0.00592041015625,0.0039440793916583,3.725290298461914e-07,3.505125641822815e-05,0.003944075666368,0.046975027769804,9.445271871300064e-07,8.887056173989549e-05,99.99990844726562,7
390,390,0.000640869140625,0.00579833984375,0.0039440589025616,4.10713255405426e-07,3.3620744943618774e-05,0.0039440556429326,0.0469748452305793,1.0413465361125418e-06,8.524402073817328e-05,99.99991607666016,7
391,391,0.000518798828125,0.00592041015625,0.0039440393447875,2.691522240638733e-07,3.505125641822815e-05,0.0039440356194972,0.0469746589660644,6.82427810261288e-07,8.887146395863965e-05,99.99990844726562,7
392,392,0.000579833984375,0.00604248046875,0.0039440188556909,3.3620744943618774e-07,3.651157021522522e-05,0.0039440151304006,0.0469744727015495,8.524488634975569e-07,9.257453348254784e-05,99.99990844726562,7
393,393,0.000457763671875,0.00616455078125,0.0039439988322556,2.095475792884827e-07,3.800168633460999e-05,0.0039439951069653,0.0469742864370346,5.313074211699131e-07,9.635318565415218e-05,99.99990844726562,7
394,394,0.000152587890625,0.00604248046875,0.0039439788088202,2.3283064365386963e-08,3.651157021522522e-05,0.0039439750835299,0.0469741001725196,5.9034455546225224e-08,9.257547208108008e-05,99.99990844726562,7
395,395,9.1552734375e-05,0.0062255859375,0.0039439578540623,8.381903171539307e-09,3.875792026519776e-05,0.003943954128772,0.0469739139080047,2.125251619133905e-08,9.827164467424154e-05,99.99990844726562,7
396,396,9.1552734375e-05,0.00604248046875,0.0039439378306269,8.381903171539307e-09,3.651157021522522e-05,0.0039439341053366,0.0469737276434898,2.1252624549106255e-08,9.257643250748516e-05,99.99990844726562,7
397,397,0.00018310546875,0.00616455078125,0.0039439173415303,3.3527612686157227e-08,3.800168633460999e-05,0.00394391361624,0.0469735376536846,8.501094583834856e-08,9.635517926653848e-05,99.99990844726562,7
398,398,0.000152587890625,0.0062255859375,0.0039438968524336,2.3283064365386963e-08,3.875792026519776e-05,0.0039438931271433,0.0469733476638793,5.9035681232444404e-08,9.827316534938292e-05,99.99990844726562,7
399,399,9.1552734375e-05,0.00616455078125,0.003943876363337,8.381903171539307e-09,3.800168633460999e-05,0.0039438726380467,0.0469731576740741,2.1252956727835223e-08,9.63561760727316e-05,99.99990844726562,7
400,400,0.000396728515625,0.00616455078125,0.0039438558742403,1.573935151100159e-07,3.800168633460999e-05,0.0039438521489501,0.0469729714095592,3.990853372215497e-07,9.6356678113807e-05,99.99990844726562,7
401,401,0.000396728515625,0.00579833984375,0.0039438349194824,1.573935151100159e-07,3.3620744943618774e-05,0.0039438316598534,0.0469727851450443,3.99087468849757e-07,8.524885924998671e-05,99.99991607666016,7
402,402,0.000457763671875,0.0059814453125,0.0039438144303858,2.095475792884827e-07,3.577768802642822e-05,0.0039438107050955,0.0469725951552391,5.313322049005365e-07,9.071848762687296e-05,99.99990844726562,7
403,403,0.000518798828125,0.00604248046875,0.0039437934756278,2.691522240638733e-07,3.651157021522522e-05,0.0039437897503376,0.0469724014401435,6.824703291385958e-07,9.257981582777576e-05,99.99990844726562,7
404,404,0.000640869140625,0.00604248046875,0.0039437734521925,4.10713255405426e-07,3.651157021522522e-05,0.0039437697269022,0.0469722151756286,1.041422024172789e-06,9.258028876502068e-05,99.99990844726562,7
405,405,0.000457763671875,0.00604248046875,0.0039437524974346,2.095475792884827e-07,3.651157021522522e-05,0.0039437487721443,0.0469720251858234,5.31340560883109e-07,9.258078353013845e-05,99.99990844726562,7
406,406,0.000396728515625,0.00592041015625,0.0039437324739992,1.573935151100159e-07,3.505125641822815e-05,0.0039437287487089,0.0469718351960182,3.990978143519897e-07,8.887838339433074e-05,99.99990844726562,7
407,407,0.000396728515625,0.00579833984375,0.0039437115192413,1.573935151100159e-07,3.3620744943618774e-05,0.0039437082596123,0.0469716489315032,3.99099945980197e-07,8.525152952643111e-05,99.99991607666016,7
408,408,0.00018310546875,0.0059814453125,0.0039436910301446,3.3527612686157227e-08,3.577768802642822e-05,0.0039436873048543,0.046971458941698,8.501581305608853e-08,9.072132525034247e-05,99.99990844726562,7
409,409,0.00030517578125,0.00616455078125,0.003943670541048,9.313225746154785e-08,3.800168633460999e-05,0.0039436668157577,0.0469712615013122,2.361562678743212e-07,9.636121103540064e-05,99.99990844726562,7
410,410,0.00048828125,0.006103515625,0.0039436491206288,2.384185791015625e-07,3.725290298461914e-05,0.0039436453953385,0.0469710752367973,6.0456335404524e-07,9.44630228332244e-05,99.99990844726562,7
411,411,0.000213623046875,0.00616455078125,0.0039436286315321,4.5634806156158454e-08,3.800168633460999e-05,0.0039436249062418,0.0469708815217018,1.1571781044494857e-07,9.636223694542424e-05,99.99990844726562,7
412,412,0.000213623046875,0.006103515625,0.0039436081424355,4.5634806156158454e-08,3.725290298461914e-05,0.0039436044171452,0.0469706915318965,1.1571841440627396e-07,9.44640050875023e-05,99.99990844726562,7
413,413,0.000213623046875,0.00634765625,0.0039435876533389,4.5634806156158454e-08,4.029273986816406e-05,0.0039435834623873,0.046970497816801,1.1571901126217202e-07,0.0001021727948682,99.99989318847656,7
414,414,0.00030517578125,0.006103515625,0.0039435662329196,9.313225746154785e-08,3.725290298461914e-05,0.0039435625076293,0.0469703078269958,2.361625348612506e-07,9.446501644561069e-05,99.99990844726562,7
415,415,0.000335693359375,0.0059814453125,0.0039435452781617,1.126900315284729e-07,3.577768802642822e-05,0.0039435415528714,0.0469701141119003,2.8575817623277544e-07,9.072467946680264e-05,99.99990844726562,7
416,416,0.00030517578125,0.00616455078125,0.0039435243234038,9.313225746154785e-08,3.800168633460999e-05,0.0039435205981135,0.0469699203968048,2.361650501825352e-07,9.63647835305892e-05,99.99990844726562,7
417,417,0.000457763671875,0.00616455078125,0.0039435038343071,2.095475792884827e-07,3.800168633460999e-05,0.0039435001090168,0.0469697266817092,5.31374041656818e-07,9.636528557166456e-05,99.99990844726562,7
418,418,0.000518798828125,0.00592041015625,0.0039434824138879,2.691522240638733e-07,3.505125641822815e-05,0.0039434786885976,0.0469695404171943,6.825242166996759e-07,8.888401498552412e-05,99.99990844726562,7
419,419,0.00042724609375,0.00604248046875,0.00394346145913,1.825392246246338e-07,3.651157021522522e-05,0.0039434577338397,0.0469693392515182,4.628908811810106e-07,9.258761565433816e-05,99.99990844726562,7
420,420,0.000457763671875,0.0057373046875,0.0039434400387108,2.095475792884827e-07,3.291666507720947e-05,0.0039434367790818,0.046969149261713,5.313826818564849e-07,8.347195398528129e-05,99.99991607666016,7
421,421,0.000579833984375,0.00579833984375,0.0039434190839529,3.3620744943618774e-07,3.3620744943618774e-05,0.0039434158243238,0.0469689518213272,8.525785233359784e-07,8.525785233359784e-05,99.99991607666016,7
422,422,0.0003662109375,0.00579833984375,0.0039433981291949,1.341104507446289e-07,3.3620744943618774e-05,0.0039433948695659,0.0469687618315219,3.400885475457472e-07,8.525830344296992e-05,99.99991607666016,7
423,423,0.000335693359375,0.00579833984375,0.0039433767087757,1.126900315284729e-07,3.3620744943618774e-05,0.0039433734491467,0.0469685643911361,2.857703975678305e-07,8.525876910425723e-05,99.99991607666016,7
424,424,0.000335693359375,0.005859375,0.0039433557540178,1.126900315284729e-07,3.4332275390625e-05,0.0039433524943888,0.0469683706760406,2.857719039184303e-07,8.706359949428588e-05,99.99991607666016,7
425,425,0.000213623046875,0.00579833984375,0.0039433347992599,4.5634806156158454e-08,3.3620744943618774e-05,0.0039433315396308,0.0469681769609451,1.1572642932833332e-07,8.525967132300138e-05,99.99991607666016,7
426,426,0.000244140625,0.006103515625,0.0039433138445019,5.960464477539064e-08,3.725290298461914e-05,0.0039433101192116,0.0469679795205593,1.5115368512397256e-07,9.447105549043044e-05,99.99990844726562,7
427,427,9.1552734375e-05,0.006103515625,0.0039432924240827,8.381903171539307e-09,3.725290298461914e-05,0.0039432886987924,0.0469677820801734,2.1256102655797804e-08,9.447157208342104e-05,99.99990844726562,7
428,428,0.000396728515625,0.00604248046875,0.0039432710036635,1.573935151100159e-07,3.651157021522522e-05,0.0039432672783732,0.0469675883650779,3.991445396422933e-07,9.259208309231326e-05,99.99990844726562,7
429,429,0.00042724609375,0.005859375,0.0039432495832443,1.825392246246338e-07,3.4332275390625e-05,0.0039432463236153,0.0469673909246921,4.629157501767623e-07,8.706594235263765e-05,99.99991607666016,7
430,430,0.0003662109375,0.00604248046875,0.0039432286284863,1.341104507446289e-07,3.651157021522522e-05,0.003943224903196,0.0469671934843063,3.401031563043944e-07,9.25930798985064e-05,99.99990844726562,7
431,431,0.0006103515625,0.006103515625,0.0039432067424058,3.725290298461914e-07,3.725290298461914e-05,0.0039432030171155,0.0469669923186302,9.447362003811576e-07,9.447362390346824e-05,99.99990844726562,7
432,432,0.000457763671875,0.00592041015625,0.0039431857876479,2.095475792884827e-07,3.505125641822815e-05,0.0039431820623576,0.0469667986035347,5.314169584380579e-07,8.889070159057155e-05,99.99990844726562,7
433,433,0.0003662109375,0.00604248046875,0.0039431643672287,1.341104507446289e-07,3.651157021522522e-05,0.0039431606419384,0.0469666048884391,3.401086985377333e-07,9.259459329769017e-05,99.99990844726562,7
434,434,0.00054931640625,0.0059814453125,0.0039431429468095,3.0174851417541504e-07,3.577768802642822e-05,0.0039431392215192,0.046966403722763,7.652487283849041e-07,9.073393448488788e-05,99.99990844726562,7
435,435,0.00042724609375,0.00604248046875,0.0039431215263903,1.825392246246338e-07,3.651157021522522e-05,0.0039431178011,0.0469662062823772,4.629307568393415e-07,9.259559737984092e-05,99.99990844726562,7
436,436,0.000335693359375,0.006103515625,0.003943100105971,1.126900315284729e-07,3.725290298461914e-05,0.0039430963806807,0.0469660051167011,2.8579043487297895e-07,9.447617776459084e-05,99.99990844726562,7
437,437,0.000335693359375,0.00604248046875,0.0039430782198905,1.126900315284729e-07,3.651157021522522e-05,0.0039430744946002,0.0469658076763153,2.8579202648870705e-07,9.25966160139069e-05,99.99990844726562,7
438,438,0.000274658203125,0.00604248046875,0.0039430567994713,7.543712854385376e-08,3.651157021522522e-05,0.003943053074181,0.0469656102359294,1.913163600875123e-07,9.259711805498227e-05,99.99990844726562,7
439,439,0.0003662109375,0.00604248046875,0.0039430353790521,1.341104507446289e-07,3.651157021522522e-05,0.0039430316537618,0.0469654127955436,3.401198114261206e-07,9.259762009605764e-05,99.99990844726562,7
440,440,0.000396728515625,0.006103515625,0.0039430139586329,1.573935151100159e-07,3.725290298461914e-05,0.0039430102333426,0.0469652116298675,3.991705739281315e-07,9.447824413655326e-05,99.99990844726562,7
441,441,0.0003662109375,0.00592041015625,0.0039429920725524,1.341104507446289e-07,3.505125641822815e-05,0.0039429883472621,0.0469650104641914,3.401235630917654e-07,8.889506716514006e-05,99.99990844726562,7
442,442,0.0003662109375,0.005859375,0.0039429697208106,1.341104507446289e-07,3.4332275390625e-05,0.0039429664611816,0.0469648130238056,3.4012549576800666e-07,8.70721269166097e-05,99.99991607666016,7
443,443,0.00030517578125,0.00579833984375,0.0039429483003914,9.313225746154785e-08,3.3620744943618774e-05,0.0039429450407624,0.0469646155834198,2.361995257160743e-07,8.526803139830008e-05,99.99991607666016,7
444,444,0.00054931640625,0.00579833984375,0.0039429264143109,3.0174851417541504e-07,3.3620744943618774e-05,0.0039429231546819,0.0469644144177436,7.652907925148611e-07,8.5268504335545e-05,99.99991607666016,7
445,445,0.00048828125,0.00616455078125,0.0039429049938917,2.384185791015625e-07,3.800168633460999e-05,0.0039429012686014,0.0469642132520675,6.046774387868936e-07,9.63799175224267e-05,99.99990844726562,7
446,446,0.000396728515625,0.00616455078125,0.0039428826421499,1.573935151100159e-07,3.800168633460999e-05,0.0039428789168596,0.0469640046358108,3.991838468664355e-07,9.638046321924776e-05,99.99990844726562,7
447,447,0.000457763671875,0.00616455078125,0.0039428612217307,2.095475792884827e-07,3.800168633460999e-05,0.0039428574964404,0.0469638034701347,5.314606710271619e-07,9.638098708819598e-05,99.99990844726562,7
448,448,0.0003662109375,0.0059814453125,0.0039428398013114,1.341104507446289e-07,3.577768802642822e-05,0.0039428360760211,0.0469636097550392,3.401366939215223e-07,9.074091212823988e-05,99.99990844726562,7
449,449,0.0003662109375,0.00592041015625,0.0039428174495697,1.341104507446289e-07,3.505125641822815e-05,0.0039428137242794,0.0469634048640728,3.401386265977635e-07,8.889901073416695e-05,99.99990844726562,7
450,450,0.00030517578125,0.0059814453125,0.0039427950978279,9.313225746154785e-08,3.577768802642822e-05,0.0039427913725376,0.0469632036983966,2.36208720139075e-07,9.074193803826348e-05,99.99990844726562,7
451,451,0.000274658203125,0.005859375,0.0039427732117474,7.543712854385376e-08,3.4332275390625e-05,0.0039427699521183,0.0469629988074302,1.913301304057313e-07,8.707646338734776e-05,99.99991607666016,7
452,452,0.000457763671875,0.00592041015625,0.0039427513256669,2.095475792884827e-07,3.505125641822815e-05,0.0039427476003766,0.0469627976417541,5.314755071594846e-07,8.890049502952024e-05,99.99990844726562,7
453,453,0.000396728515625,0.005859375,0.0039427285082638,1.573935151100159e-07,3.4332275390625e-05,0.0039427252486348,0.046962596476078,3.991994788066222e-07,8.707745291758329e-05,99.99991607666016,7
454,454,0.000457763671875,0.0059814453125,0.0039427070878446,2.095475792884827e-07,3.577768802642822e-05,0.0039427033625543,0.0469623878598213,5.314814188750461e-07,9.07439607544802e-05,99.99990844726562,7
455,455,0.00048828125,0.00604248046875,0.0039426847361028,2.384185791015625e-07,3.651157021522522e-05,0.0039426810108125,0.0469621792435646,6.047112037776969e-07,9.260585648007692e-05,99.99990844726562,7
456,456,0.00048828125,0.00604248046875,0.0039426628500223,2.384185791015625e-07,3.651157021522522e-05,0.003942659124732,0.0469619780778884,6.047146143828286e-07,9.260637307306752e-05,99.99990844726562,7
457,457,0.00030517578125,0.00592041015625,0.0039426404982805,9.313225746154785e-08,3.505125641822815e-05,0.0039426367729902,0.046961773186922,2.362179714054946e-07,8.890299068298191e-05,99.99990844726562,7
458,458,0.000335693359375,0.00604248046875,0.0039426181465387,1.126900315284729e-07,3.651157021522522e-05,0.0039426144212484,0.0469615682959556,2.858253935755784e-07,9.260742081096396e-05,99.99990844726562,7
459,459,0.000396728515625,0.00604248046875,0.0039425962604582,1.573935151100159e-07,3.651157021522522e-05,0.0039425925351679,0.0469613596796989,3.992128370100545e-07,9.260793740395457e-05,99.99990844726562,7
460,460,0.0003662109375,0.00604248046875,0.0039425739087164,1.341104507446289e-07,3.651157021522522e-05,0.0039425701834261,0.0469611585140228,3.4015963024103257e-07,9.260845399694516e-05,99.99990844726562,7
461,461,0.00030517578125,0.00616455078125,0.0039425510913133,9.313225746154785e-08,3.800168633460999e-05,0.003942547366023,0.0469609461724758,2.3622332889772227e-07,9.638856863602996e-05,99.99990844726562,7
462,462,0.000244140625,0.006103515625,0.0039425287395715,5.960464477539064e-08,3.725290298461914e-05,0.0039425250142812,0.0469607450067997,1.5118378371425933e-07,9.448987111682072e-05,99.99990844726562,7
463,463,0.00030517578125,0.00579833984375,0.0039425063878297,9.313225746154785e-08,3.3620744943618774e-05,0.0039425031282007,0.0469605401158332,2.3622601474926341e-07,8.52775847306475e-05,99.99991607666016,7
464,464,0.000396728515625,0.006103515625,0.0039424845017492,1.573935151100159e-07,3.725290298461914e-05,0.0039424807764589,0.0469603314995765,3.9922417727211723e-07,9.449092613067478e-05,99.99990844726562,7
465,465,0.0006103515625,0.00604248046875,0.0039424616843461,3.725290298461914e-07,3.651157021522522e-05,0.0039424579590559,0.0469601266086101,9.449147455597996e-07,9.261109516955912e-05,99.99990844726562,7
466,466,0.000274658203125,0.00579833984375,0.0039424393326044,7.543712854385376e-08,3.3620744943618774e-05,0.0039424360729753,0.0469599217176437,1.9134634499096137e-07,8.527903992217034e-05,99.99991607666016,7
467,467,0.0003662109375,0.00592041015625,0.0039424169808626,1.341104507446289e-07,3.505125641822815e-05,0.0039424132555723,0.046959713101387,3.401731873964309e-07,8.890803292160854e-05,99.99990844726562,7
468,468,0.000396728515625,0.0057373046875,0.0039423941634595,1.573935151100159e-07,3.291666507720947e-05,0.0039423909038305,0.0469595044851303,3.992333006408444e-07,8.349409472430125e-05,99.99991607666016,7
469,469,0.000274658203125,0.005859375,0.0039423718117177,7.543712854385376e-08,3.4332275390625e-05,0.0039423685520887,0.0469592958688735,1.9134959927669118e-07,8.708532550372183e-05,99.99991607666016,7
470,470,0.00048828125,0.0062255859375,0.0039423489943146,2.384185791015625e-07,3.875792026519776e-05,0.0039423452690243,0.0469590798020362,6.047627039151848e-07,9.831174975261092e-05,99.99990844726562,7
471,471,0.000579833984375,0.006103515625,0.0039423266425728,3.3620744943618774e-07,3.725290298461914e-05,0.0039423229172825,0.0469588749110698,8.528148214281828e-07,9.449471690459176e-05,99.99990844726562,7
472,472,0.00042724609375,0.00604248046875,0.0039423033595085,1.825392246246338e-07,3.651157021522522e-05,0.0039422996342182,0.0469586625695228,4.630268506389257e-07,9.261481318389996e-05,99.99990844726562,7
473,473,0.0003662109375,0.00604248046875,0.0039422810077667,1.341104507446289e-07,3.651157021522522e-05,0.0039422772824764,0.0469584539532661,3.401848971407162e-07,9.26153370528482e-05,99.99990844726562,7
474,474,0.000213623046875,0.005859375,0.0039422581903636,4.5634806156158454e-08,3.4332275390625e-05,0.0039422549307346,0.0469582490622997,1.1575803426921993e-07,8.708784298505634e-05,99.99991607666016,7
475,475,0.000244140625,0.00579833984375,0.0039422349072992,5.960464477539064e-08,3.3620744943618774e-05,0.0039422316476702,0.0469580367207527,1.511950529220485e-07,8.528346370439976e-05,99.99991607666016,7
476,476,0.00030517578125,0.00604248046875,0.0039422130212187,9.313225746154785e-08,3.651157021522522e-05,0.0039422092959284,0.0469578243792057,2.362435793656914e-07,9.261693776352332e-05,99.99990844726562,7
477,477,0.000274658203125,0.00604248046875,0.0039421897381544,7.543712854385376e-08,3.651157021522522e-05,0.0039421860128641,0.0469576120376586,1.91358438428324e-07,9.261748346034436e-05,99.99990844726562,7
478,478,0.00030517578125,0.006103515625,0.0039421673864126,9.313225746154785e-08,3.725290298461914e-05,0.0039421636611223,0.0469574034214019,2.3624633627150615e-07,9.449853678233922e-05,99.99990844726562,7
479,479,0.000335693359375,0.00616455078125,0.0039421441033482,1.126900315284729e-07,3.800168633460999e-05,0.0039421403780579,0.0469571873545646,2.858597270005703e-07,9.639852214604616e-05,99.99990844726562,7
480,480,0.000579833984375,0.00616455078125,0.0039421212859451,3.3620744943618774e-07,3.800168633460999e-05,0.0039421175606548,0.0469569787383079,8.528592161383131e-07,9.639908239478244e-05,99.99990844726562,7
481,481,0.00048828125,0.00628662109375,0.003942098468542,2.384185791015625e-07,3.9521604776382446e-05,0.0039420947432518,0.0469567701220512,6.048011300663347e-07,0.0001002552380668,99.99990844726562,7
482,482,0.0003662109375,0.006103515625,0.0039420751854777,1.341104507446289e-07,3.725290298461914e-05,0.0039420714601874,0.0469565540552139,3.402026607091102e-07,9.450074139749633e-05,99.99990844726562,7
483,483,0.00042724609375,0.00604248046875,0.0039420519024133,1.825392246246338e-07,3.651157021522522e-05,0.003942048177123,0.0469563379883766,4.63056380795024e-07,9.262072126148269e-05,99.99990844726562,7
484,484,0.00030517578125,0.00592041015625,0.0039420295506715,9.313225746154785e-08,3.505125641822815e-05,0.0039420258253812,0.0469561293721199,2.362545927780957e-07,8.891677134670317e-05,99.99990844726562,7
485,485,0.00018310546875,0.00579833984375,0.0039420058019459,3.3527612686157227e-08,3.3620744943618774e-05,0.0039420025423169,0.0469559207558631,8.505216442245e-08,8.528841863153502e-05,99.99991607666016,7
486,486,0.000244140625,0.005615234375,0.0039419825188815,5.960464477539064e-08,3.153085708618164e-05,0.0039419792592525,0.0469557046890258,1.5120474472496428e-07,7.998730143299326e-05,99.99991607666016,7
487,487,0.00030517578125,0.00604248046875,0.0039419592358171,9.313225746154785e-08,3.651157021522522e-05,0.0039419555105268,0.0469554811716079,2.362587849802367e-07,9.262290404876694e-05,99.99990844726562,7
488,488,0.000396728515625,0.005859375,0.0039419359527528,1.573935151100159e-07,3.4332275390625e-05,0.0039419326931238,0.0469552725553512,3.992797132923442e-07,8.709495887160301e-05,99.99991607666016,7
489,489,0.00042724609375,0.00592041015625,0.0039419131353497,1.825392246246338e-07,3.505125641822815e-05,0.0039419094100594,0.0469550564885139,4.630726948562369e-07,8.891939796740189e-05,99.99990844726562,7
490,490,0.000457763671875,0.0062255859375,0.0039418898522853,2.095475792884827e-07,3.875792026519776e-05,0.003941886126995,0.0469548478722572,5.315916382642172e-07,9.832320210989565e-05,99.99990844726562,7
491,491,0.000457763671875,0.0059814453125,0.003941866569221,2.095475792884827e-07,3.577768802642822e-05,0.0039418628439307,0.0469546280801296,5.315947646522545e-07,9.076331480173394e-05,99.99990844726562,7
492,492,0.00042724609375,0.00592041015625,0.0039418437518179,1.825392246246338e-07,3.505125641822815e-05,0.0039418400265276,0.0469544157385826,4.63080823465134e-07,8.892096957424656e-05,99.99990844726562,7
493,493,0.00048828125,0.006103515625,0.0039418200030922,2.384185791015625e-07,3.725290298461914e-05,0.0039418162778019,0.0469541996717453,6.048439331607369e-07,9.450686047784984e-05,99.99990844726562,7
494,494,0.0003662109375,0.006103515625,0.0039417967200279,1.341104507446289e-07,3.725290298461914e-05,0.0039417929947376,0.0469539836049079,3.402266770535789e-07,9.450742072658612e-05,99.99990844726562,7
495,495,0.000396728515625,0.00579833984375,0.0039417729713022,1.573935151100159e-07,3.3620744943618774e-05,0.0039417697116732,0.0469537712633609,3.9929625472723284e-07,8.529345359420404e-05,99.99991607666016,7
496,496,0.000457763671875,0.005859375,0.0039417501538991,2.095475792884827e-07,3.4332275390625e-05,0.0039417468942701,0.0469535514712333,5.31610510279279e-07,8.709906251169741e-05,99.99991607666016,7
497,497,0.000274658203125,0.00592041015625,0.0039417268708348,7.543712854385376e-08,3.505125641822815e-05,0.0039417231455445,0.046953335404396,1.9138090578962877e-07,8.892360347090289e-05,99.99990844726562,7
498,498,0.000335693359375,0.0059814453125,0.0039417035877704,1.126900315284729e-07,3.577768802642822e-05,0.0039416998624801,0.0469531193375587,2.858917014236795e-07,9.076706191990525e-05,99.99990844726562,7
499,499,0.000396728515625,0.006103515625,0.0039416793733835,1.573935151100159e-07,3.725290298461914e-05,0.0039416756480932,0.0469529032707214,3.9930569073476363e-07,9.451023652218282e-05,99.99990844726562,7
0,0,279.4212341308594,881.5751342773438,85.52781677246094,78076.2265625,777174.6875,0.0027243697550147,0.031226310878992,9.12875270843506,90.8680648803711,0.0031853611581027,8
1,1,272.21075439453125,871.6768798828125,83.39464569091797,74098.6953125,759820.5625,0.0027192619163542,0.0310490280389785,8.885305404663086,91.11143493652344,0.0032607153989374,8
2,2,265.16180419921875,861.943359375,81.32842254638672,70310.78125,742946.375,0.0027154465205967,0.0309030320495367,8.64529037475586,91.35137176513672,0.0033388652373105,8
3,3,258.20587158203125,852.3214111328125,79.3149185180664,66670.2734375,726451.8125,0.0027128055226057,0.0307959951460361,8.405766487121582,91.59081268310548,0.0034202965907752,8
4,4,251.2983856201172,842.7457885742188,77.33984375,63150.87890625,710220.4375,0.0027113684918731,0.0307207778096199,8.165374755859375,91.83111572265624,0.0035057847853749,8
5,5,244.3902740478516,833.138916015625,75.38741302490234,59726.60546875,694120.4375,0.002711180364713,0.0306875370442867,7.922623157501221,92.07378387451172,0.0035963300615549,8
6,6,237.4291229248047,823.421142578125,73.44220733642578,56372.58984375,678022.375,0.0027122620958834,0.0306992828845977,7.67577600479126,92.32054138183594,0.0036930562928318,8
7,7,230.3615264892578,813.5155029296875,71.49010467529297,53066.43359375,661807.5,0.0027146225329488,0.0307636763900518,7.422905445098877,92.57329559326172,0.0037972005084156,8
8,8,223.13360595703125,803.34521484375,69.51792907714844,49788.60546875,645363.5625,0.0027182765770703,0.0308661591261625,7.161980152130127,92.83411407470705,0.0039101806469261,8
9,9,215.6913146972656,792.8311157226562,67.51311492919922,46522.7421875,628581.1875,0.0027232442516833,0.0309973247349262,6.890919208526611,93.10504913330078,0.0040336521342396,8
10,10,207.98065185546875,781.8914794921875,65.46375274658203,43255.953125,611354.3125,0.0027295493055135,0.0311674810945987,6.607618808746338,93.38821411132812,0.0041695581749081,8
11,11,199.94802856445312,770.4420166015625,63.35874557495117,39979.21484375,593580.875,0.0027372189797461,0.0313796065747737,6.309975624084473,93.68570709228516,0.004320191219449,8
12,12,191.5399932861328,758.3964233398438,61.18801498413086,36687.5703125,575165.125,0.0027462849393486,0.0316551476716995,5.995875358581543,93.9996337890625,0.0044882725924253,8
13,13,182.7030334472656,745.6653442382812,58.94247817993164,33380.3984375,556016.8125,0.0027567849028855,0.0320162251591682,5.6632161140441895,94.33210754394533,0.0046770763583481,8
14,14,173.38409423828125,732.156005859375,56.61421585083008,30062.044921875,536052.4375,0.0027687661349773,0.0324112325906753,5.309981346130371,94.68513488769533,0.0048905848525464,8
15,15,163.53033447265625,717.7716064453125,54.19660568237305,26742.169921875,515196.09375,0.002782282885164,0.0328336767852306,4.934288501739502,95.06057739257812,0.0051336847245693,8
16,16,153.09060668945312,702.4094848632812,51.68437957763672,23436.734375,493379.09375,0.0027973977848887,0.0332828909158706,4.534587860107422,95.4600067138672,0.0054124626331031,8
17,17,142.0159454345703,685.9615478515625,49.07399368286133,20168.529296875,470543.25,0.0028141813818365,0.0337587967514991,4.109819889068604,95.88444519042967,0.0057345679961144,8
18,18,130.26051330566406,668.3126831054688,46.36379623413086,16967.80078125,446641.84375,0.0028327070176601,0.0342610590159893,3.659709215164185,96.3341827392578,0.0061097396537661,8
19,19,117.78407287597656,649.3413696289062,43.55458450317383,13873.087890625,421644.21875,0.0028530533891171,0.0347906611859798,3.185218572616577,96.8082275390625,0.0065505234524607,8
20,20,104.5539093017578,628.9179077148438,40.64980316162109,10931.51953125,395537.75,0.002875299192965,0.0353481359779834,2.6891934871673584,97.3037338256836,0.0070733409374952,8
21,21,90.54827880859376,606.9063720703125,37.65633392333984,8198.9912109375,368335.34375,0.0028995210304856,0.0359324105083942,2.17732048034668,97.81497955322266,0.0076999561861157,8
22,22,75.76182556152344,583.1624755859375,34.58475875854492,5739.85400390625,340078.46875,0.0029257875867187,0.0365419425070285,1.6596485376358032,98.33189392089844,0.008459759876132,8
23,23,60.21113586425781,557.5362548828125,31.450159072875977,3625.380859375,310846.6875,0.0029541552066802,0.0371760800480842,1.1527384519577026,98.8378677368164,0.0093931322917342,8
24,24,43.94512939453125,529.872314453125,28.27256774902344,1931.1744384765625,280764.65625,0.0029846597462892,0.0378330275416374,0.6830559372901917,99.30638885498048,0.0105567341670393,8
25,25,27.05796813964844,500.01416015625,25.077646255493164,732.1336669921875,250014.15625,0.0030173044651746,0.0385107770562171,0.291946679353714,99.6960220336914,0.0120318485423922,8
26,26,9.706161499023438,467.8063049316406,21.89674568176269,94.2095718383789,218842.734375,0.0030520476866513,0.0392067991197109,0.0430244617164135,99.94303894042967,0.0139383617788553,8
27,27,7.87115478515625,433.1043395996094,18.767221450805664,61.955078125,187579.375,0.0030887844040989,0.0399172902107238,0.0330123864114284,99.95053100585938,0.0164583995938301,8
28,28,25.33236694335937,395.7824096679688,15.731671333312988,641.7288208007812,156643.71875,0.0031273337081074,0.0406372174620628,0.4079215824604034,99.57219696044922,0.0198792219161987,8
29,29,42.219512939453125,355.7500915527344,12.837228775024414,1782.4873046875,126558.125,0.0031674283090978,0.0413604378700256,1.388529658317566,98.5867919921875,0.0246737711131572,8
30,30,57.971435546875,312.972412109375,10.134450912475586,3360.687255859375,97951.734375,0.003208719426766,0.0420797653496265,3.3161017894744877,96.65223693847656,0.0316615030169487,8
31,31,71.97357177734375,267.4974365234375,7.6767578125,5180.19482421875,71554.875,0.0032507991418242,0.0427879765629768,6.747893810272217,93.2097625732422,0.0423459932208061,8
32,32,83.637451171875,219.49285888671875,5.520526885986328,6995.22314453125,48177.11328125,0.0032932327594608,0.0434777215123176,12.67129611968994,87.26905059814453,0.0596543177962303,8
33,33,92.4676513671875,169.3038330078125,3.724740743637085,8550.2666015625,28663.787109375,0.0033355508930981,0.0441416352987289,22.9553337097168,76.95511627197266,0.0895512253046035,8
34,34,98.08901977539062,117.51458740234376,2.3464906215667725,9621.4560546875,13809.6787109375,0.0033772219903767,0.0447720289230346,41.00359725952149,58.85247421264648,0.14392651617527,8
35,35,100.25244140625,65.02825927734375,1.431340217590332,10050.5517578125,4228.67431640625,0.0034175778273493,0.0453603006899356,70.2177734375,29.543458938598636,0.2387676835060119,8
36,36,98.82846069335938,13.1492919921875,0.9974526166915894,9767.064453125,172.9038848876953,0.0034557285252958,0.0458961427211761,97.92008209228516,1.7334544658660889,0.3464553952217102,8
37,37,93.81857299804688,36.3734130859375,1.0159854888916016,8801.9248046875,1323.025146484375,0.0034905085340142,0.046366699039936,86.63435363769531,13.022086143493652,0.3435588777065277,8
38,38,85.38937377929688,81.4130859375,1.395463943481445,7291.34521484375,6628.09033203125,0.0035205131862312,0.0467579439282417,52.25033187866211,47.49739456176758,0.2522826492786407,8
39,39,73.90921020507812,119.69964599609376,1.9826018810272217,5462.5712890625,14328.0048828125,0.0035442670341581,0.0470549091696739,27.552539825439453,72.26869201660156,0.1787684708833694,8
40,40,59.96548461914063,149.2301025390625,2.590108871459961,3595.859375,22269.623046875,0.0035605314187705,0.0472453236579895,13.883044242858888,85.97948455810547,0.137466475367546,8
41,41,44.32418823242188,168.71917724609375,3.0466480255126958,1964.6336669921875,28466.16015625,0.0035686343908309,0.0473237261176109,6.448508739471436,93.43435668945312,0.1171331405639648,8
42,42,27.840484619140625,177.85858154296875,3.244445323944092,775.0925903320312,31633.67578125,0.0035686420742422,0.047293547540903,2.388983249664306,97.50102996826172,0.1099923625588417,8
43,43,11.3519287109375,177.28326416015625,3.159383535385132,128.8662872314453,31429.35546875,0.0035613025538623,0.047165997326374,0.407884269952774,99.47938537597656,0.1127214431762695,8
44,44,4.404754638671875,168.31890869140625,2.838613510131836,19.40186309814453,28331.255859375,0.0035478402860462,0.046957541257143,0.0683497861027717,99.8066635131836,0.1249849647283554,8
45,45,18.841842651367188,152.6773681640625,2.370069026947021,355.0150451660156,23310.37890625,0.0035297134891152,0.0466871447861194,1.4979100227355957,98.35315704345705,0.1489287316799163,8
46,46,31.537582397460938,132.19049072265625,1.85040295124054,994.6190795898438,17474.326171875,0.0035084232222288,0.0463742353022098,5.375148296356201,94.43524169921876,0.1896031945943832,8
47,47,42.2330322265625,108.62689208984376,1.3618284463882446,1783.6290283203125,11799.8017578125,0.0034853806719183,0.0460371859371662,13.097310066223145,86.6467514038086,0.2559338808059692,8
48,48,50.81095886230469,83.57659912109375,0.9601419568061828,2581.753662109375,6985.0478515625,0.0034618373028934,0.0456926114857196,26.889291763305664,72.75015258789062,0.3605547249317169,8
49,49,57.266693115234375,58.38385009765625,0.6722536087036133,3279.47412109375,3408.674072265625,0.0034388422500342,0.0453549399971962,48.78328704833984,50.70518112182617,0.5115394592285156,8
50,50,61.67604064941406,34.13519287109375,0.5003317594528198,3803.93408203125,1165.21142578125,0.0034172334708273,0.0450362861156463,76.02823638916016,23.28877639770508,0.6829935312271118,8
51,51,64.16497802734375,11.65216064453125,0.4286893606185913,4117.14453125,135.77284240722656,0.0033976414706557,0.0447461791336536,96.04027557373048,3.167161464691162,0.7925649285316467,8
52,52,64.886962890625,8.480224609375,0.4316036999225616,4210.31787109375,71.9142074584961,0.0033805072307586,0.04449163377285,97.55054473876952,1.666209101676941,0.7832432985305786,8
53,53,64.00616455078125,25.8846435546875,0.4800465106964111,4096.7890625,670.0147705078125,0.0033661071211099,0.044277474284172,85.34149932861328,13.95728874206543,0.7012043595314026,8
54,54,61.68803405761719,40.35357666015625,0.5467370748519897,3805.41357421875,1628.4111328125,0.0033545778132975,0.0441065169870853,69.60225677490234,29.78417205810547,0.6135632991790771,8
55,55,58.09423828125,51.81396484375,0.6093087196350098,3374.9404296875,2684.68701171875,0.0033459484111517,0.0439798310399055,55.3896598815918,44.06119537353516,0.5491384267807007,8
56,56,53.38250732421875,60.29486083984375,0.6518564224243164,2849.692138671875,3635.47021484375,0.0033401609398424,0.0438970029354095,43.71656036376953,55.77103042602539,0.5124074220657349,8
57,57,47.70866394042969,65.9017333984375,0.6652525663375854,2276.11669921875,4343.03857421875,0.0033370901364833,0.0438563823699951,34.214324951171875,65.2840576171875,0.5016275644302368,8
58,58,41.22926330566406,68.79833984375,0.6466429233551025,1699.8521728515625,4733.21142578125,0.0033365595154464,0.0438553094863891,26.287338256835938,73.1966781616211,0.5159817934036255,8
59,59,34.10520935058594,69.188232421875,0.5983560681343079,1163.165283203125,4787.01171875,0.0033383499830961,0.0438902862370014,19.439350128173828,80.00272369384766,0.5579202771186829,8
60,60,26.50595092773437,67.3099365234375,0.5266615152359009,702.5654296875,4530.62744140625,0.0033422075212001,0.0439570918679237,13.339980125427246,86.0254135131836,0.6346025466918945,8
61,61,18.612838745117188,63.4285888671875,0.4403101801872253,346.4377746582031,4023.185791015625,0.0033478452824056,0.0440509170293808,7.868038654327393,91.3716278076172,0.7603379487991333,8
62,62,10.61907958984375,57.8345947265625,0.3491154313087463,112.76485443115234,3344.84033203125,0.0033549494110047,0.044166475534439,3.230016231536865,95.80899810791016,0.960985779762268,8
63,63,2.731048583984375,50.83868408203125,0.2625662386417389,7.458626270294189,2584.57177734375,0.0033631783444434,0.0442981123924255,0.2840664386749267,98.4350357055664,1.2808876037597656,8
64,64,4.835540771484375,42.771484375,0.1886504143476486,23.38245391845703,1829.39990234375,0.0033721711952239,0.0444398820400238,1.2394593954086304,96.97301483154295,1.7875239849090576,8
65,65,11.862640380859377,33.97967529296875,0.1329156011343002,140.7222442626953,1154.6182861328125,0.0033815510105341,0.0445857271552085,10.5873384475708,86.8685302734375,2.5441339015960693,8
66,66,18.13803100585937,24.81854248046875,0.0978857576847076,328.9881591796875,615.9600219726562,0.0033909380435943,0.0447296686470508,33.609397888183594,62.92641830444336,3.464179039001465,8
67,67,23.468414306640625,15.64459228515625,0.082951933145523,550.7664794921875,244.75326538085935,0.0033999611623585,0.0448660105466842,66.39585876464844,29.50543212890625,4.09871244430542,8
68,68,27.69189453125,6.8018798828125,0.0847189277410507,766.8410034179688,46.26557159423828,0.0034082746133208,0.044989600777626,90.5158920288086,5.461067199707031,4.023037910461426,8
69,69,30.6900634765625,1.38702392578125,0.0977959483861923,941.8800048828124,1.9238353967666624,0.0034155726898461,0.0450960099697113,96.31073760986328,0.1967193335294723,3.492550134658813,8
70,70,32.399261474609375,8.64306640625,0.1158630847930908,1049.712158203125,74.70259857177734,0.0034216092899441,0.0451818071305751,90.599365234375,6.447488784790039,2.95314884185791,8
71,71,32.815704345703125,14.73822021484375,0.1328347623348236,1076.8704833984375,217.2151336669922,0.0034262081608176,0.0452446676790714,81.06842803955078,16.352279663085938,2.579300880432129,8
72,72,31.9952392578125,19.5101318359375,0.1438633203506469,1023.6953125,380.6452331542969,0.0034292712807655,0.0452834852039814,71.1574935913086,26.45880889892578,2.3837008476257324,8
73,73,30.049774169921875,22.87078857421875,0.1460369825363159,902.9889526367188,523.072998046875,0.0034307832829654,0.0452983453869819,61.83289337158203,35.81784439086914,2.3492565155029297,8
74,74,27.13665771484375,24.80615234375,0.1386051476001739,736.398193359375,615.34521484375,0.0034308049362152,0.0452904738485813,53.129207611083984,44.39554977416992,2.475236415863037,8
75,75,23.446563720703125,25.37103271484375,0.12277252972126,549.7413330078125,643.6893310546875,0.0034294645301997,0.0452620349824428,44.7772216796875,52.42942428588867,2.7933483123779297,8
76,76,19.189605712890625,24.68609619140625,0.101191371679306,368.240966796875,609.4033203125,0.003426946233958,0.0452159941196441,36.39054870605469,60.22285079956055,3.38659930229187,8
77,77,14.581939697265623,22.9200439453125,0.0772196054458618,212.63296508789065,525.3284301757812,0.0034234728664159,0.0451558455824852,27.536136627197266,68.03044891357422,4.433424472808838,8
78,78,9.8331298828125,20.27874755859375,0.0542110949754715,96.69044494628906,411.22760009765625,0.0034192882012575,0.0450853779911994,17.835912704467773,75.85671997070312,6.307359218597412,8
79,79,5.13702392578125,16.9866943359375,0.0349083244800567,26.389015197753903,288.5477905273437,0.0034146453253924,0.0450084805488586,7.559518337249756,82.65872955322266,9.781750679016112,8
80,80,0.664154052734375,13.27362060546875,0.0210727993398904,0.4411005973815918,176.1890106201172,0.0034097884781658,0.0449289306998252,0.2093222737312317,83.60968017578125,16.18099594116211,8
81,81,3.442413330078125,9.36572265625,0.0133616421371698,11.85020923614502,87.71675872802734,0.0034049458336085,0.0448502376675605,8.868826866149902,65.64818572998047,25.482988357543945,8
82,82,7.069305419921875,5.46771240234375,0.0113874152302742,49.97507858276367,29.8958797454834,0.0034003187902271,0.0447755083441734,43.88623046875,26.253437042236328,29.860321044921875,8
83,83,10.13336181640625,1.7611083984375,0.0139747289940714,102.68502044677734,3.1015028953552246,0.003396077081561,0.0447073653340339,73.47908020019531,2.219365358352661,24.301559448242188,8
84,84,12.580520629882812,1.60357666015625,0.0194764509797096,158.26950073242188,2.571458101272583,0.0033923564478754,0.0446478873491287,81.26197814941406,1.3202909231185913,17.417734146118164,8
85,85,14.382232666015623,4.508056640625,0.0261063743382692,206.8486175537109,20.32257461547852,0.0033892565406858,0.0445986352860927,79.23299407958984,7.784525394439697,12.9824857711792,8
86,86,15.534957885742188,6.86907958984375,0.0322387591004371,241.3349151611328,47.18425369262695,0.0033868432510644,0.0445605739951133,74.8586196899414,14.63587760925293,10.505500793457031,8
87,87,16.056167602539062,8.6356201171875,0.0366225913166999,257.8005065917969,74.57393646240234,0.003385147312656,0.0445341654121875,70.39384460449219,20.362823486328125,9.243330955505373,8
88,88,15.981109619140623,9.78985595703125,0.0385078825056552,255.39585876464844,95.84127807617188,0.0033841689582914,0.0445193648338317,66.32300567626953,24.888744354248047,8.788249969482422,8
89,89,15.361282348632812,10.34112548828125,0.0376746654510498,235.968994140625,106.93887329101562,0.0033838811796158,0.0445156842470169,62.63333511352539,28.384822845458984,8.981847763061523,8
90,90,14.260635375976562,10.32464599609375,0.0343806371092796,203.36572265625,106.59831237792967,0.0033842322882264,0.0445222482085228,59.15123748779297,31.00533103942871,9.843425750732422,8
91,91,12.753890991210938,9.7974853515625,0.0292503908276557,162.66172790527344,95.99072265625,0.0033851480111479,0.0445378348231315,55.61010360717773,32.81690216064453,11.57300090789795,8
92,92,10.923538208007812,8.833984375,0.0231228359043598,119.3236846923828,78.03927612304688,0.0033865398727357,0.0445609726011753,51.6042594909668,33.749874114990234,14.645867347717283,8
93,93,8.857681274414062,7.5225830078125,0.0168930813670158,78.4585189819336,56.58925628662109,0.0033883049618452,0.0445899665355682,46.44417190551758,33.49848175048828,20.057353973388672,8
94,94,6.64727783203125,5.95806884765625,0.0113588199019432,44.186302185058594,35.49858474731445,0.0033903319854289,0.0446230322122573,38.90043258666992,31.251998901367188,29.847570419311523,8
95,95,4.383087158203125,4.24298095703125,0.0071139400824904,19.21145248413086,18.002887725830078,0.0033925066236406,0.0446583293378353,27.00536346435547,25.306493759155277,47.68815231323242,8
96,96,2.15283203125,2.4755859375,0.0044710370711982,4.634685516357422,6.128525733947754,0.0033947161864489,0.0446940399706363,10.366019248962402,13.707168579101562,75.92681884765625,8
97,97,0.037994384765625,0.75006103515625,0.0034532567951828,0.0014435732737183,0.562591552734375,0.003396853338927,0.0447284765541553,0.0041803242638707,1.6291621923446655,98.36666107177734,8
98,98,1.8887939453125,0.8475341796875,0.0038274079561233,3.567542552947998,0.7183141708374023,0.0033988221548497,0.0447601191699504,9.321041107177734,1.876764178276062,88.80219268798828,8
99,99,3.56622314453125,2.2451171875,0.0051763905212283,12.717947959899902,5.04055118560791,0.0034005404449999,0.0447876676917076,24.56914329528809,9.737578392028809,65.69327545166016,8
100,100,4.947967529296875,3.386962890625,0.0069973347708582,24.48238182067871,11.471517562866213,0.0034019446466118,0.0448101460933685,34.98815155029297,16.394123077392578,48.61772155761719,8
101,101,6.0023193359375,4.2342529296875,0.0087986644357442,36.027835845947266,17.928897857666016,0.003402991220355,0.0448268540203571,40.94693756103516,20.376840591430664,38.67622375488281,8
102,102,6.713775634765625,4.7677001953125,0.0101842321455478,45.07478332519531,22.73096466064453,0.0034036571159958,0.0448374636471271,44.25938415527344,22.31976318359375,33.42085266113281,8
103,103,7.083160400390625,4.9847412109375,0.010905822739005,50.17116165161133,24.847644805908203,0.0034039411693811,0.0448419526219368,46.0040168762207,22.783832550048828,31.21214485168457,8
104,104,7.125885009765625,4.90301513671875,0.0108856409788131,50.77823638916016,24.0395565032959,0.0034038617741316,0.0448406226933002,46.64698791503906,22.08373069763184,31.2692813873291,8
105,105,6.870819091796875,4.5521240234375,0.0101964529603719,47.20815658569336,20.721832275390625,0.0034034540876746,0.044834017753601,46.298606872558594,20.322587966918945,33.37880325317383,8
106,106,6.357513427734375,3.97454833984375,0.0090242689475417,40.41797637939453,15.79703426361084,0.0034027677029371,0.0448229387402534,44.7880859375,17.505056381225586,37.70685195922852,8
107,107,5.632568359375,3.22418212890625,0.0076139792799949,31.72582626342773,10.395350456237791,0.0034018622245639,0.044808305799961,41.66786193847656,13.65298080444336,44.679161071777344,8
108,108,4.7486572265625,2.35577392578125,0.0062107448466122,22.549745559692383,5.549670696258545,0.0034008030779659,0.0447911508381366,36.30763626098633,8.935595512390137,54.75676727294922,8
109,109,3.759033203125,1.427734375,0.0050165322609245,14.130331039428713,2.0384254455566406,0.0033996566198766,0.0447725467383861,28.16752815246582,4.06341552734375,67.76905822753906,8
110,110,2.717193603515625,0.49688720703125,0.0041614933870732,7.383141040802002,0.246896892786026,0.0033984894398599,0.0447535365819931,17.741565704345703,0.5932891964912415,81.6651382446289,8
111,111,1.67230224609375,0.38604736328125,0.0036919231060892,2.796594858169556,0.1490325629711151,0.0033973604440689,0.044735062867403,7.574900150299072,0.4036718904972076,92.02143096923828,8
112,112,0.669830322265625,1.17510986328125,0.0035792794078588,0.4486726522445678,1.3808832168579102,0.0033963238820433,0.0447179935872554,1.2535278797149658,3.857992172241211,94.88848114013672,8
113,113,0.25262451171875,1.83624267578125,0.0037389821372926,0.0638191401958465,3.371787071228028,0.0033954216632992,0.044703010469675,0.1706858575344085,9.01792812347412,90.81138610839844,8
114,114,1.06402587890625,2.3433837890625,0.0040570460259914,1.1321511268615725,5.491447448730469,0.0033946863841265,0.0446906499564647,2.7905797958374023,13.535581588745115,83.67384338378906,8
115,115,1.74188232421875,2.68011474609375,0.0044158557429909,3.034153938293457,7.183014869689941,0.0033941387664526,0.0446812584996223,6.871043682098389,16.266416549682617,76.86254119873047,8
116,116,2.271942138671875,2.843505859375,0.004718511365354,5.161721229553223,8.085525512695312,0.0033937869593501,0.04467498883605,10.93929958343506,17.13575553894043,71.9249496459961,8
117,117,2.646881103515625,2.8369140625,0.0048990375362336,7.005979537963867,8.048081398010254,0.0033936314284801,0.0446718595921993,14.300725936889648,16.427881240844727,69.27139282226562,8
118,118,2.8677978515625,2.6744384765625,0.0049313488416373,8.224264144897461,7.152621269226074,0.0033936602994799,0.0446716845035553,16.677513122558594,14.504390716552734,68.8180923461914,8
119,119,2.941619873046875,2.3759765625,0.0048236935399472,8.653127670288086,5.645264625549316,0.0033938544802367,0.0446741953492164,17.938800811767578,11.70319938659668,70.35800170898438,8
120,120,2.88067626953125,1.96942138671875,0.0046118791215121,8.298295974731445,3.878620624542236,0.0033941874280571,0.0446789786219596,17.99330711364746,8.410065650939941,73.59662628173828,8
121,121,2.702728271484375,1.48492431640625,0.0043456023558974,7.304739952087402,2.205000162124634,0.0033946286421269,0.0446855649352073,16.809497833251953,5.074095249176025,78.11640930175781,8
122,122,2.428009033203125,0.95416259765625,0.0040757106617093,5.895227909088135,0.9104262590408324,0.0033951450604945,0.044693436473608,14.464293479919434,2.2337851524353027,83.30191040039062,8
123,123,2.079345703125,0.4097900390625,0.0038448618724942,4.323678493499756,0.1679278761148452,0.0033957012929022,0.0447020307183265,11.245341300964355,0.4367591738700866,88.31790161132812,8
124,124,1.680572509765625,0.116455078125,0.0036800524685531,2.824323892593384,0.0135617852210998,0.0033962638117372,0.0447108373045921,7.674683570861816,0.0368521474301815,92.28846740722656,8
125,125,1.2545166015625,0.59771728515625,0.0035899102222174,1.5738118886947632,0.3572659492492676,0.003396802349016,0.0447193533182144,4.383986949920654,0.9951946139335632,94.62081909179688,8
126,126,0.823883056640625,1.0103759765625,0.0035672534722834,0.6787832975387573,1.0208595991134644,0.0033972891978919,0.0447271466255188,1.9028176069259644,2.8617522716522217,95.23542785644533,8
127,127,0.40869140625,1.33660888671875,0.0035930580925196,0.1670286655426025,1.7865233421325684,0.0033977029379457,0.0447338670492172,0.4648649096488952,4.9721527099609375,94.56298065185548,8
128,128,0.026031494140625,1.5648193359375,0.0036429602187126,0.0006776386871933,2.448659658432007,0.0033980265725404,0.0447392463684082,0.001860131858848,6.721620082855225,93.27651977539062,8
129,129,0.31024169921875,1.68902587890625,0.0036931571085006,0.096249908208847,2.8528084754943848,0.0033982512541115,0.0447431206703186,0.2606168687343597,7.724578857421875,92.01480102539062,8
130,130,0.5899658203125,1.7109375,0.0037259098608046,0.3480596542358398,2.92730712890625,0.0033983732573688,0.0447454117238521,0.9341601133346558,7.85662317276001,91.20922088623048,8
131,131,0.806915283203125,1.6356201171875,0.0037310319021344,0.6511122584342957,2.67525315284729,0.0033983951434493,0.0447461456060409,1.7451266050338743,7.170277118682861,91.0845947265625,8
132,132,0.958709716796875,1.4754638671875,0.0037079362664371,0.9191243052482604,2.1769936084747314,0.0033983243629336,0.0447454340755939,2.4788026809692383,5.871172904968262,91.6500244140625,8
133,133,1.046356201171875,1.24566650390625,0.0036628283560276,1.0948612689971924,1.551685094833374,0.0033981737215071,0.0447434484958648,2.989114284515381,4.236303329467773,92.77458190917967,8
134,134,1.07391357421875,0.96435546875,0.0036062863655388,1.1532903909683228,0.9299814701080322,0.0033979592844843,0.0447404235601425,3.197999954223633,2.5787787437438965,94.22322845458984,8
135,135,1.047637939453125,0.6512451171875,0.0035498649813234,1.0975452661514282,0.4241201877593994,0.0033976985141634,0.0447366312146186,3.09179425239563,1.194750189781189,95.71346282958984,8
136,136,0.975982666015625,0.32525634765625,0.0035032432060688,0.9525421857833862,0.105791687965393,0.0033974098041653,0.0447323471307754,2.719029664993286,0.3019821345806122,96.97898864746094,8
137,137,0.868438720703125,0.0069580078125,0.0034725363366305,0.7541857957839966,4.841387271881104e-05,0.0033971129450947,0.0447278618812561,2.171858310699463,0.0001394193386659,97.8280029296875,8
138,138,0.73486328125,0.28759765625,0.0034590980503708,0.5400240421295166,0.0827124118804931,0.0033968242350965,0.0447234436869621,1.561169981956482,0.2391155511140823,98.19970703125,8
139,139,0.585693359375,0.54412841796875,0.0034604715183377,0.3430367112159729,0.2960757315158844,0.0033965602051466,0.0447193384170532,0.9913004636764526,0.8555935621261597,98.1530990600586,8
140,140,0.43023681640625,0.7498779296875,0.0034710746258497,0.1851037144660949,0.56231689453125,0.0033963327296078,0.0447157472372055,0.5332749485969543,1.6200079917907717,97.8467254638672,8
141,141,0.27734375,0.898193359375,0.0034845189657062,0.0769195556640625,0.8067513108253479,0.0033961518201977,0.0447128228843212,0.2207465469837188,2.315244197845459,97.46400451660156,8
142,142,0.13360595703125,0.985595703125,0.0034949474502354,0.0178505517542362,0.9713988900184632,0.0033960223663598,0.0447106473147869,0.051075305789709,2.77943754196167,97.1694793701172,8
143,143,0.00518798828125,1.0113525390625,0.0034982343204319,2.691522240638733e-05,1.0228339433670044,0.0033959480933845,0.0447092838585376,7.693944644415751e-05,2.9238576889038086,97.07605743408205,8
144,144,0.103607177734375,0.97991943359375,0.0034930233377963,0.0107344472780823,0.9602420926094056,0.0033959257416427,0.0447087213397026,0.0307311043143272,2.749028444290161,97.22024536132812,8
145,145,0.190704345703125,0.896484375,0.0034799587447196,0.0363681465387344,0.8036842346191406,0.0033959534484893,0.0447089038789272,0.1045074090361595,2.309464931488037,97.58602142333984,8
146,146,0.254974365234375,0.77032470703125,0.0034618645440787,0.0650119259953498,0.5934001803398132,0.003396023530513,0.0447097457945346,0.1877945214509964,1.7141057252883911,98.09810638427734,8
147,147,0.296173095703125,0.6119384765625,0.0034423472825437,0.0877185016870498,0.3744686841964721,0.0033961285371333,0.0447111278772354,0.2548217475414276,1.0878294706344604,98.6573486328125,8
148,148,0.316436767578125,0.43231201171875,0.0034249601885676,0.1001322269439697,0.1868936717510223,0.0033962577581405,0.044712908565998,0.2923602759838104,0.5456812381744385,99.1619644165039,8
149,149,0.317840576171875,0.24383544921875,0.0034124494995921,0.1010226309299469,0.0594557262957096,0.0033964016474783,0.0447149388492107,0.2960413694381714,0.1742317974567413,99.52972412109376,8
150,150,0.304046630859375,0.05792236328125,0.0034061302430927,0.0924443528056144,0.003355000168085,0.0033965501934289,0.0447170585393905,0.271405816078186,0.0098498882725834,99.71874237060548,8
151,151,0.27789306640625,0.1156005859375,0.0034057521261274,0.0772245526313781,0.0133634954690933,0.0033966931514441,0.0447191372513771,0.2267474085092544,0.039238017052412,99.7340087890625,8
152,152,0.24310302734375,0.267822265625,0.0034099060576409,0.059099081903696,0.071728765964508,0.0033968233037739,0.0447210446000099,0.1733158528804779,0.2103540748357772,99.6163330078125,8
153,153,0.203094482421875,0.39129638671875,0.0034163689706474,0.0412473678588867,0.1531128585338592,0.0033969329670071,0.0447226800024509,0.1207345128059387,0.4481742084026336,99.43109130859376,8
154,154,0.160980224609375,0.4822998046875,0.0034228705335408,0.0259146317839622,0.2326131016016006,0.0033970177173614,0.044723954051733,0.075710229575634,0.679584801197052,99.24470520019533,8
155,155,0.119873046875,0.53656005859375,0.003427300369367,0.0143695473670959,0.2878966927528381,0.0033970735967159,0.0447248294949531,0.0419267229735851,0.8400101065635681,99.11805725097656,8
156,156,0.081390380859375,0.55609130859375,0.0034286875743418,0.0066243940964341,0.309237539768219,0.0033971013035625,0.0447252877056598,0.0193204954266548,0.9019123315811156,99.07876586914062,8
157,157,0.04754638671875,0.5418701171875,0.0034266887232661,0.0022606588900089,0.2936232089996338,0.0033971003722399,0.044725339859724,0.0065972106531262,0.8568715453147888,99.13652801513672,8
158,158,0.0189208984375,0.497314453125,0.0034218418877571,0.0003580003976821,0.2473216652870178,0.0033970738295465,0.0447250083088874,0.0010462213540449,0.7227734923362732,99.27617645263672,8
159,159,0.0037841796875,0.42864990234375,0.0034154010936617,1.4320015907287598e-05,0.1837407350540161,0.0033970256336033,0.0447243563830852,4.192777123535052e-05,0.5379769802093506,99.46198272705078,8
160,160,0.020721435546875,0.3411865234375,0.0034086443483829,0.0004293778911232,0.1164082437753677,0.0033969606738537,0.0447234511375427,0.0012596733868122,0.3415088951587677,99.65723419189452,8
161,161,0.032196044921875,0.2415771484375,0.0034028240479528,0.0010365853086113,0.0583595186471939,0.0033968845382332,0.0447223782539367,0.0030462502036243,0.1715031862258911,99.82545471191406,8
162,162,0.0391845703125,0.136962890625,0.0033988312352448,0.0015354305505752,0.0187588334083557,0.0033968018833547,0.044721208512783,0.004517525434494,0.0551920086145401,99.94029235839844,8
163,163,0.04266357421875,0.03326416015625,0.0033970123622566,0.0018201805651187,0.0011065043509006,0.0033967196941375,0.044720035046339,0.0053581804968416,0.0032572869677096,99.99138641357422,8
164,164,0.043304443359375,0.0614013671875,0.0033972065430134,0.0018752748146653,0.0037701278924942,0.0033966421615332,0.0447189211845397,0.005520049482584,0.0110977292060852,99.98339080810548,8
165,165,0.042327880859375,0.1448974609375,0.0033988517243415,0.0017916494980454,0.0209952741861343,0.003396573010832,0.0447179228067398,0.0052713374607264,0.0617716684937477,99.93295288085938,8
166,166,0.04052734375,0.212158203125,0.0034011818934231,0.0016424655914306,0.0450111031532287,0.0033965166658163,0.0447171069681644,0.0048291026614606,0.1323395818471908,99.8628387451172,8
167,167,0.0386962890625,0.26055908203125,0.0034034140408039,0.0014974027872085,0.0678910315036773,0.0033964752219617,0.0447164960205554,0.004399708006531,0.199479192495346,99.7961196899414,8
168,168,0.0369873046875,0.2891845703125,0.0034049486275762,0.0013680607080459,0.0836277157068252,0.003396448912099,0.0447161048650741,0.0040178596973419,0.245606392621994,99.7503662109375,8
169,169,0.0361328125,0.29754638671875,0.0034054236020892,0.0013055801391601,0.0885338485240936,0.0033964395988732,0.0447159558534622,0.003833825699985,0.2599789500236511,99.7361831665039,8
170,170,0.03582763671875,0.2891845703125,0.003404933726415,0.0012836195528507,0.0836277157068252,0.0033964426256716,0.0447159931063652,0.0037698810920119,0.2456074655055999,99.75062561035156,8
171,171,0.0362548828125,0.26348876953125,0.0034035337157547,0.0013144165277481,0.0694263279438018,0.0033964596223086,0.0447162240743637,0.0038619171828031,0.2039830684661865,99.79215240478516,8
172,172,0.0367431640625,0.2255859375,0.0034017111174762,0.0013500601053237,0.0508890151977539,0.0033964870963245,0.0447165966033935,0.0039687673561275,0.1495982855558395,99.84642791748048,8
173,173,0.036865234375,0.1778564453125,0.003399820998311,0.0013590455055236,0.0316329151391983,0.0033965217880904,0.0447170808911323,0.0039974027313292,0.0930428877472877,99.9029541015625,8
174,174,0.036956787109375,0.1246337890625,0.0033982503227889,0.0013658041134476,0.0155335813760757,0.0033965602051466,0.044717613607645,0.0040191393345594,0.0457105264067649,99.95026397705078,8
175,175,0.036041259765625,0.0694580078125,0.0033972128294408,0.0012989724054932,0.0048244148492813,0.003396600484848,0.0447181686758995,0.0038236412219703,0.0142010962590575,99.9819793701172,8
176,176,0.0338134765625,0.0155029296875,0.0033967769704759,0.0011433511972427,0.0002403408288955,0.0033966386690735,0.0447186902165412,0.003365988144651,0.0007075555622577,99.99592590332033,8
177,177,0.030426025390625,0.03271484375,0.0033968719653785,0.0009257430210709,0.0010702610015869,0.0033966721966862,0.0447191521525383,0.0027252805884927,0.0031507250387221,99.9941177368164,8
178,178,0.02532958984375,0.07427978515625,0.0033973155077546,0.0006415881216526,0.0055174864828586,0.0033966994378715,0.0447195209562778,0.0018885149620473,0.0162407252937555,99.98186492919922,8
179,179,0.018768310546875,0.107177734375,0.0033979038707911,0.0003522494807839,0.011487066745758,0.0033967199269682,0.0447197780013084,0.0010366670321673,0.0338063351809978,99.96515655517578,8
180,180,0.01104736328125,0.12945556640625,0.0033984193578362,0.0001220442354679,0.016758743673563,0.0033967313356697,0.0447199121117591,0.0003591205750126,0.0493133440613746,99.95033264160156,8
181,181,0.00201416015625,0.14031982421875,0.0033987031783908,4.056841135025024e-06,0.0196896530687809,0.0033967336639761,0.0447199158370494,1.193643856822746e-05,0.0579328387975692,99.94205474853516,8
182,182,0.00714111328125,0.141357421875,0.0033987306524068,5.099549889564514e-05,0.0199819207191467,0.0033967273775488,0.0447197929024696,0.0001500427752034,0.0587923005223274,99.94105529785156,8
183,183,0.016021728515625,0.13543701171875,0.0033985758200287,0.0002566957846283,0.0183431841433048,0.0033967159688472,0.0447195954620838,0.0007553039467893,0.0539731457829475,99.94527435302734,8
184,184,0.02508544921875,0.11834716796875,0.0033981599844992,0.0006292797625064,0.0140060521662235,0.0033966964110732,0.044719286262989,0.0018518249271437,0.0412165746092796,99.9569320678711,8
185,185,0.032958984375,0.096923828125,0.0033977213315665,0.0010862946510314,0.0093942284584045,0.0033966731280088,0.0447189286351203,0.0031971270218491,0.0276486128568649,99.96914672851562,8
186,186,0.039154052734375,0.07122802734375,0.003397308057174,0.0015330398455262,0.0050734318792819,0.003396647516638,0.0447185337543487,0.0045125135220587,0.0149336829781532,99.98056030273438,8
187,187,0.043731689453125,0.04388427734375,0.003397004911676,0.0019124606624245,0.0019258297979831,0.0033966212067753,0.0447181351482868,0.0056298435665667,0.0056691989302635,99.98870849609376,8
188,188,0.04638671875,0.01641845703125,0.0033968377392739,0.0021517276763916,0.000269565731287,0.0033965955954045,0.044717751443386,0.0063345027156174,0.000793578394223,99.9928741455078,8
189,189,0.046905517578125,0.00982666015625,0.0033968011848628,0.0022001275792717,9.656324982643127e-05,0.0033965716138482,0.044717401266098,0.0064770565368235,0.0002842770190909,99.99324035644533,8
190,190,0.044647216796875,0.03240966796875,0.0033968561328947,0.0019933739677071,0.0010503865778446,0.0033965518232434,0.0447171106934547,0.005868291016668,0.0030922314617782,99.99104309082033,8
191,191,0.040496826171875,0.05035400390625,0.0033969534561038,0.001639992929995,0.0025355257093906,0.0033965359907597,0.0447168797254562,0.004827834200114,0.0074641169048845,99.98770904541016,8
192,192,0.034423828125,0.0633544921875,0.0033970449585467,0.0011849999427795,0.0040137916803359,0.0033965250477194,0.0447167232632637,0.0034883257467299,0.0118155386298894,99.98469543457033,8
193,193,0.026641845703125,0.07037353515625,0.00339708593674,0.0007097879424691,0.0049524344503879,0.0033965196926146,0.044716652482748,0.0020894024055451,0.01457847841084,99.98332977294922,8
194,194,0.01837158203125,0.07232666015625,0.0033970756921917,0.0003375150263309,0.0052311457693576,0.0033965187612921,0.0447166413068771,0.0009935457492247,0.0153989680111408,99.98360443115234,8
195,195,0.009368896484375,0.0703125,0.0033970240037888,8.777622133493423e-05,0.00494384765625,0.0033965208567678,0.0447166748344898,0.0002583915484137,0.0145534677430987,99.98519134521484,8
196,196,0.000213623046875,0.0648193359375,0.0033969460055232,4.5634806156158454e-08,0.0042015463113784,0.0033965257462114,0.0447167493402957,1.343406950127246e-07,0.012368599884212,99.98762512207033,8
197,197,0.00860595703125,0.055419921875,0.0033968477509915,7.406249642372131e-05,0.0030713677406311,0.003396533196792,0.044716864824295,0.0002180330047849,0.0090418169274926,99.99073791503906,8
198,198,0.01654052734375,0.04364013671875,0.0033967602066695,0.0002735890448093,0.0019044615328311,0.0033965422771871,0.0447169989347457,0.0008054411155171,0.0056066997349262,99.99358367919922,8
199,199,0.023162841796875,0.03033447265625,0.0033966975752264,0.000536517240107,0.0009201802313327,0.0033965520560741,0.0447171442210674,0.0015795259969308,0.0027090436778962,99.99571228027344,8
200,200,0.02789306640625,0.0159912109375,0.0033966652117669,0.0007780231535434,0.0002557188272476,0.0033965618349611,0.0447172746062278,0.0022905499208718,0.0007528525893576,99.99695587158205,8
201,201,0.03082275390625,0.00384521484375,0.0033966661430895,0.0009500421583652,1.4785677194595335e-05,0.003396569751203,0.0447173789143562,0.0027969840448349,4.3529969843802974e-05,99.99716186523438,8
202,202,0.03179931640625,0.00799560546875,0.0033966826740652,0.0010111965239048,6.392970681190491e-05,0.0033965753391385,0.0447174571454525,0.0029770121909677,0.000188212186913,99.99684143066406,8
203,203,0.030975341796875,0.0155029296875,0.003396698506549,0.0009594717994332,0.0002403408288955,0.0033965785987675,0.0447174757719039,0.0028247185982763,0.0007075718604028,99.99647521972656,8
204,204,0.02801513671875,0.02142333984375,0.0033967026975005,0.0007848478853702,0.0004589594900608,0.0033965783659368,0.0447174608707428,0.0023106168955564,0.0013511911965906,99.996337890625,8
205,205,0.023773193359375,0.02392578125,0.0033966896589845,0.0005651647225022,0.0005724430084228,0.0033965758047997,0.0447173975408077,0.0016638691304251,0.0016852967673912,99.99665069580078,8
206,206,0.01849365234375,0.02471923828125,0.0033966659102588,0.0003420151770114,0.0006110407412052,0.0033965706825256,0.0447173044085502,0.0010069143027067,0.0017989426851272,99.99720001220705,8
207,207,0.012542724609375,0.0244140625,0.0033966407645493,0.0001573199406266,0.0005960464477539,0.0033965653274208,0.0447172001004219,0.0004631633055396,0.0017548116156831,99.9977798461914,8
208,208,0.006256103515625,0.02252197265625,0.0033966128248721,3.9138831198215485e-05,0.0005072392523288,0.0033965581096708,0.0447170659899711,0.0001152289987658,0.001493367832154,99.9983901977539,8
209,209,0.0,0.01971435546875,0.0033965893089771,0.0,0.0003886558115482,0.0033965504262596,0.0447169244289398,0.0,0.0011442530667409,99.99885559082033,8
210,210,0.006103515625,0.01519775390625,0.0033965683542191,3.725290298461914e-05,0.0002309717237949,0.0033965415786951,0.0447167754173278,0.0001096780615625,0.0006800149567425,99.99921417236328,8
211,211,0.011505126953125,0.00982666015625,0.0033965548500418,0.0001323679462075,9.656324982643127e-05,0.0033965320326387,0.0447166115045547,0.0003897123388014,0.0002842976246029,99.99932861328124,8
212,212,0.016021728515625,0.00567626953125,0.0033965515904128,0.0002566957846283,3.2220035791397095e-05,0.003396522719413,0.0447164550423622,0.0007557541248388,9.486101771472022e-05,99.9991455078125,8
213,213,0.0194091796875,0.00054931640625,0.0033965518232434,0.0003767162561416,3.0174851417541504e-07,0.0033965141046792,0.0447163060307502,0.0011091138003394,8.883966415851319e-07,99.99889373779295,8
214,214,0.021087646484375,0.00439453125,0.0033965532202273,0.0004446888342499,1.931190490722656e-05,0.0033965068869292,0.0447161868214607,0.0013092355802655,5.68573632335756e-05,99.9986343383789,8
215,215,0.021697998046875,0.0081787109375,0.0033965541515499,0.0004708031192421,6.689131259918213e-05,0.0033965003676712,0.0447160862386226,0.0013861197512596,0.0001969387376448,99.9984130859375,8
216,216,0.021728515625,0.01068115234375,0.0033965543843805,0.0004721283912658,0.0001140870153903,0.0033964957110583,0.0447160005569458,0.001390021527186,0.0003358904505148,99.9982681274414,8
217,217,0.020843505859375,0.0123291015625,0.0033965501934289,0.0004344517365097,0.0001520067453384,0.0033964915201067,0.0447159297764301,0.0012790970504283,0.0004475327441468,99.9982681274414,8
218,218,0.01910400390625,0.0135498046875,0.0033965434413403,0.00036496296525,0.0001835972070693,0.0033964884933084,0.0447158738970756,0.0010745128383859,0.0005405413103289,99.99838256835938,8
219,219,0.016571044921875,0.01409912109375,0.003396533196792,0.0002745995298027,0.0001987852156162,0.0033964859321713,0.044715829193592,0.0008084700093604,0.0005852591712027,99.99861145019533,8
220,220,0.01348876953125,0.01397705078125,0.0033965217880904,0.0001819469034671,0.0001953579485416,0.0033964840695261,0.0447157993912696,0.0005356859765015,0.0005751706194132,99.99889373779295,8
221,221,0.010009765625,0.013671875,0.0033965117763727,0.0001001954078674,0.0001869201660156,0.0033964831382036,0.0447157733142375,0.0002949950285255,0.0005503298598341,99.99916076660156,8
222,222,0.0064697265625,0.0128173828125,0.0033965031616389,4.185736179351807e-05,0.0001642853021621,0.0033964824397116,0.0447157546877861,0.0001232366339536,0.000483689509565,99.9993896484375,8
223,223,0.00286865234375,0.01171875,0.0033964964095503,8.229166269302368e-06,0.0001373291015625,0.0033964817412197,0.0447157360613346,2.422839679638855e-05,0.0004043257504235,99.99957275390624,8
224,224,0.000335693359375,0.010498046875,0.0033964917529374,1.126900315284729e-07,0.0001102089881896,0.0033964808098971,0.0447157211601734,3.317836103633454e-07,0.0003244788968004,99.99967956542967,8
225,225,0.003021240234375,0.00927734375,0.0033964896574616,9.127892553806303e-06,8.606910705566406e-05,0.0033964801114052,0.0447156950831413,2.6874487957684323e-05,0.0002534060622565,99.99971771240234,8
226,226,0.005279541015625,0.00787353515625,0.0033964882604777,2.7873553335666656e-05,6.199255585670471e-05,0.0033964791800826,0.0447156690061092,8.20658024167642e-05,0.0001825195504352,99.9997329711914,8
227,227,0.006927490234375,0.00634765625,0.0033964863978326,4.799012094736099e-05,4.029273986816406e-05,0.0033964775502681,0.0447156429290771,0.0001412934216205,0.0001186306471936,99.99974060058594,8
228,228,0.0078125,0.005126953125,0.0033964847680181,6.103515625e-05,2.6285648345947266e-05,0.0033964761532843,0.0447156094014644,0.0001797009463189,7.739073771517724e-05,99.99974060058594,8
229,229,0.008148193359375,0.00433349609375,0.0033964831382036,6.639305502176285e-05,1.877918839454651e-05,0.0033964745234698,0.0447155721485614,0.0001954758772626,5.529009285965003e-05,99.99974060058594,8
230,230,0.008087158203125,0.00341796875,0.0033964798785746,6.540212780237198e-05,1.1682510375976562e-05,0.0033964721951633,0.0447155237197876,0.0001925585529534,3.43959363817703e-05,99.99977111816406,8
231,231,0.007843017578125,0.0028076171875,0.0033964766189455,6.151292473077774e-05,7.88271427154541e-06,0.0033964698668569,0.0447154752910137,0.0001811080437619,2.320850217074621e-05,99.9998016357422,8
232,232,0.0072021484375,0.0020751953125,0.003396472427994,5.187094211578369e-05,4.306435585021973e-06,0.0033964668400585,0.0447154194116592,0.0001527200365671,1.2679141946136951e-05,99.99983215332033,8
233,233,0.006103515625,0.0018310546875,0.0033964677713811,3.725290298461914e-05,3.3527612686157227e-06,0.0033964638132601,0.0447153523564338,0.0001096813066396,9.871317161014304e-06,99.9998779296875,8
234,234,0.0047607421875,0.00177001953125,0.0033964628819376,2.2664666175842285e-05,3.1329691410064697e-06,0.0033964603208005,0.044715292751789,6.673020106973127e-05,9.224210771208163e-06,99.99992370605467,8
235,235,0.0030517578125,0.00152587890625,0.0033964579924941,9.313225746154783e-06,2.3283064365386963e-06,0.0033964568283408,0.0447152182459831,2.7420406695455316e-05,6.855101673863828e-06,99.99996185302734,8
236,236,0.001495361328125,0.00115966796875,0.0033964542672038,2.236105501651764e-06,1.344829797744751e-06,0.0033964538015425,0.0447151474654674,6.583646609215066e-06,3.959511104767444e-06,99.99998474121094,8
237,237,0.000152587890625,0.00164794921875,0.0033964498434215,2.3283064365386963e-08,2.7157366275787358e-06,0.0033964496105909,0.0447150692343711,6.855117362647435e-08,7.995809028216172e-06,99.99999237060548,8
238,238,0.0018310546875,0.00201416015625,0.0033964461181312,3.3527612686157227e-06,4.056841135025024e-06,0.0033964454196393,0.0447149947285652,9.871380825643428e-06,1.194436936202692e-05,99.99998474121094,8
239,239,0.003173828125,0.0020751953125,0.0033964435569941,1.0073184967041016e-05,4.306435585021973e-06,0.0033964421600103,0.0447149276733398,2.9658036510227248e-05,1.2679250176006462e-05,99.99996185302734,8
240,240,0.004364013671875,0.002197265625,0.0033964407630264,1.904461532831192e-05,4.827976226806641e-06,0.00339643843472,0.0447148531675338,5.607226921711117e-05,1.4214811017154716e-05,99.99993133544922,8
241,241,0.0052490234375,0.00244140625,0.00339643843472,2.755224704742432e-05,5.960464477539063e-06,0.0033964349422603,0.0447147861123085,8.112099749268964e-05,1.7549160475027747e-05,99.9999008178711,8
242,242,0.005950927734375,0.003173828125,0.0033964356407523,3.541354089975357e-05,1.0073184967041016e-05,0.00339643121697,0.0447147190570831,0.0001042667790898,2.9658105631824583e-05,99.99987030029295,8
243,243,0.00653076171875,0.00341796875,0.0033964335452765,4.265084862709045e-05,1.1682510375976562e-05,0.0033964281901717,0.0447146520018577,0.0001255753886653,3.439640568103641e-05,99.99984741210938,8
244,244,0.00689697265625,0.00372314453125,0.0033964309841394,4.756823182106018e-05,1.3861805200576782e-05,0.0033964249305427,0.0447145923972129,0.0001400535838911,4.081285442225635e-05,99.99982452392578,8
245,245,0.0069580078125,0.0037841796875,0.0033964284230023,4.841387271881104e-05,1.4320015907287598e-05,0.0033964221365749,0.0447145365178585,0.0001425434747943,4.216198067297228e-05,99.99981689453124,8
246,246,0.006866455078125,0.00396728515625,0.0033964253962039,4.71482053399086e-05,1.5739351511001587e-05,0.0033964191097766,0.0447144769132137,0.000138817136758,4.6340930566657335e-05,99.99981689453124,8
247,247,0.006561279296875,0.004150390625,0.0033964219037443,4.3050386011600494e-05,1.722574234008789e-05,0.0033964160829782,0.0447144173085689,0.0001267521729459,5.071731720818207e-05,99.99982452392578,8
248,248,0.006195068359375,0.0042724609375,0.0033964188769459,3.837887197732925e-05,1.825392246246338e-05,0.0033964132890105,0.0447143614292144,0.0001129980446421,5.3744610340800136e-05,99.99983215332033,8
249,249,0.005615234375,0.00433349609375,0.0033964156173169,3.153085708618164e-05,1.877918839454651e-05,0.0033964104950428,0.0447143092751503,9.283568215323612e-05,5.529119516722858e-05,99.99984741210938,8
250,250,0.005096435546875,0.00457763671875,0.0033964123576879,2.597365528345108e-05,2.0954757928848267e-05,0.003396407701075,0.0447142571210861,7.647379243280739e-05,6.169674452394247e-05,99.99986267089844,8
251,251,0.00433349609375,0.00457763671875,0.0033964093308895,1.877918839454651e-05,2.0954757928848267e-05,0.0033964053727686,0.0447142049670219,5.529129703063518e-05,6.169679545564577e-05,99.9998779296875,8
252,252,0.003662109375,0.0045166015625,0.0033964060712605,1.341104507446289e-05,2.039968967437744e-05,0.0033964025788009,0.044714156538248,3.948598532588221e-05,6.0062575357733294e-05,99.9999008178711,8
253,253,0.002838134765625,0.00439453125,0.0033964025788009,8.055008947849274e-06,1.931190490722656e-05,0.0033964000176638,0.0447141043841838,2.3716296709608287e-05,5.6859880714910105e-05,99.99992370605467,8
254,254,0.0020751953125,0.00439453125,0.0033964000176638,4.306435585021973e-06,1.931190490722656e-05,0.0033963976893574,0.0447140522301197,1.2679412066063378e-05,5.68599280086346e-05,99.99993133544922,8
255,255,0.0015869140625,0.00439453125,0.0033963967580348,2.518296241760254e-06,1.931190490722656e-05,0.003396394662559,0.0447140000760555,7.4146114457107615e-06,5.6859982578316703e-05,99.99993896484376,8
256,256,0.0010986328125,0.0042724609375,0.0033963941968977,1.2069940567016602e-06,1.825392246246338e-05,0.0033963921014219,0.044713944196701,3.553751412255224e-06,5.37450032425113e-05,99.99993896484376,8
257,257,0.00079345703125,0.004150390625,0.0033963909372687,6.295740604400635e-07,1.722574234008789e-05,0.0033963893074542,0.0447138957679271,1.8536559309723089e-06,5.0717782869469374e-05,99.9999542236328,8
258,258,0.00042724609375,0.0040283203125,0.0033963883761316,1.825392246246338e-07,1.6227364540100098e-05,0.0033963867463171,0.0447138398885726,5.374510010369704e-07,4.777829235536046e-05,99.9999542236328,8
259,259,0.00030517578125,0.004150390625,0.0033963853493332,9.313225746154785e-08,1.722574234008789e-05,0.0033963837195187,0.0447137802839279,2.7420992410043254e-07,5.071786290500313e-05,99.9999542236328,8
260,260,0.000213623046875,0.0040283203125,0.0033963823225349,4.5634806156158454e-08,1.6227364540100098e-05,0.0033963806927204,0.0447137206792831,1.3436299184377276e-07,4.777837602887303e-05,99.9999542236328,8
261,261,0.0001220703125,0.004150390625,0.0033963795285671,1.4901161193847656e-08,1.722574234008789e-05,0.0033963778987526,0.0447136685252189,4.387366203673082e-08,5.071795385447331e-05,99.9999542236328,8
262,262,0.000152587890625,0.0040283203125,0.0033963767345994,2.3283064365386963e-08,1.6227364540100098e-05,0.0033963751047849,0.0447136089205741,6.855265155536473e-08,4.777845606440678e-05,99.9999542236328,8
263,263,0.000244140625,0.003662109375,0.0033963734749704,5.960464477539064e-08,1.341104507446289e-05,0.0033963720779865,0.0447135530412197,1.7549496078572704e-07,3.948636731365696e-05,99.99996185302734,8
264,264,0.00042724609375,0.0037841796875,0.003396370448172,1.825392246246338e-07,1.4320015907287598e-05,0.0033963690511882,0.0447134934365749,5.374538432079135e-07,4.216270099277608e-05,99.99996185302734,8
265,265,0.0006103515625,0.00396728515625,0.0033963676542043,3.725290298461914e-07,1.5739351511001587e-05,0.0033963660243898,0.0447134301066398,1.0968453807436165e-06,4.634171637007967e-05,99.9999542236328,8
266,266,0.0009765625,0.00396728515625,0.0033963641617447,9.5367431640625e-07,1.5739351511001587e-05,0.0033963625319302,0.044713370501995,2.8079271032765973e-06,4.634176366380416e-05,99.9999542236328,8
267,267,0.001251220703125,0.004150390625,0.0033963613677769,1.5655532479286194e-06,1.722574234008789e-05,0.0033963595051318,0.0447133034467697,4.609501502272906e-06,5.071822306490503e-05,99.99994659423828,8
268,268,0.001495361328125,0.0042724609375,0.0033963581081479,2.236105501651764e-06,1.825392246246338e-05,0.0033963560126721,0.0447132401168346,6.583833055628929e-06,5.374557076720521e-05,99.99993896484376,8
269,269,0.00177001953125,0.00433349609375,0.0033963550813496,3.1329691410064697e-06,1.877918839454651e-05,0.0033963529858738,0.0447131767868995,9.224503628502134e-06,5.5292177421506494e-05,99.99993896484376,8
270,270,0.00201416015625,0.0042724609375,0.0033963525202125,4.056841135025024e-06,1.825392246246338e-05,0.003396350191906,0.0447131134569644,1.1944699508603662e-05,5.3745661716675386e-05,99.99993133544922,8
271,271,0.00225830078125,0.004150390625,0.0033963487949222,5.09992241859436e-06,1.722574234008789e-05,0.0033963466994464,0.0447130538523197,1.5015896678960416e-05,5.0718408601824194e-05,99.99993896484376,8
272,272,0.00244140625,0.0042724609375,0.0033963460009545,5.960464477539063e-06,1.825392246246338e-05,0.0033963434398174,0.0447129905223846,1.754963886924088e-05,5.3745763580081984e-05,99.99992370605467,8
273,273,0.002655029296875,0.0042724609375,0.0033963429741561,7.049180567264557e-06,1.825392246246338e-05,0.003396340413019,0.0447129346430301,2.075520569633227e-05,5.374581814976409e-05,99.99992370605467,8
274,274,0.002838134765625,0.004150390625,0.0033963397145271,8.055008947849274e-06,1.722574234008789e-05,0.0033963373862206,0.044712871313095,2.371673508605454e-05,5.0718546845018864e-05,99.99993133544922,8
275,275,0.003021240234375,0.0042724609375,0.0033963366877287,9.127892553806303e-06,1.825392246246338e-05,0.003396333893761,0.04471280798316,2.6875699404627085e-05,5.374591273721308e-05,99.99991607666016,8
276,276,0.002960205078125,0.0040283203125,0.0033963334280997,8.762814104557037e-06,1.6227364540100098e-05,0.0033963308669626,0.0447127483785152,2.580080399638973e-05,4.777906360686757e-05,99.99992370605467,8
277,277,0.003021240234375,0.004150390625,0.003396330634132,9.127892553806303e-06,1.722574234008789e-05,0.0033963280729949,0.0447126887738704,2.6875746698351577e-05,5.0718681450234726e-05,99.99992370605467,8
278,278,0.003021240234375,0.004150390625,0.0033963276073336,9.127892553806303e-06,1.722574234008789e-05,0.0033963250461965,0.0447126291692256,2.6875770345213823e-05,5.071872874395922e-05,99.99992370605467,8
279,279,0.00299072265625,0.00408935546875,0.0033963243477046,8.944422006607056e-06,1.6722828149795532e-05,0.0033963217865675,0.0447125621140003,2.6335592338000424e-05,4.923802043776959e-05,99.99992370605467,8
280,280,0.0029296875,0.00408935546875,0.0033963215537369,8.58306884765625e-06,1.6722828149795532e-05,0.0033963189925998,0.0447125025093555,2.527165997889824e-05,4.923806045553647e-05,99.99992370605467,8
281,281,0.00286865234375,0.00408935546875,0.0033963185269385,8.229166269302368e-06,1.6722828149795532e-05,0.0033963159658014,0.044712446630001,2.4229666450992227e-05,4.923810047330335e-05,99.99992370605467,8
282,282,0.002685546875,0.0040283203125,0.0033963150344789,7.212162017822266e-06,1.6227364540100098e-05,0.0033963127061724,0.0447123870253562,2.1235255189822052e-05,4.777932554134168e-05,99.99993133544922,8
283,283,0.002593994140625,0.0040283203125,0.0033963120076805,6.728805601596832e-06,1.6227364540100098e-05,0.003396309679374,0.0447123274207115,1.981209425139241e-05,4.777936555910856e-05,99.99993133544922,8
284,284,0.002471923828125,0.0040283203125,0.0033963089808821,6.1104074120521545e-06,1.6227364540100098e-05,0.0033963066525757,0.0447122678160667,1.7991316781262867e-05,4.777941285283305e-05,99.99993133544922,8
285,285,0.0023193359375,0.0040283203125,0.0033963054884225,5.379319190979004e-06,1.6227364540100098e-05,0.0033963033929467,0.0447122082114219,1.5838737454032525e-05,4.777945650857873e-05,99.99993896484376,8
286,286,0.002227783203125,0.0040283203125,0.0033963026944547,4.963018000125885e-06,1.6227364540100098e-05,0.0033963005989789,0.0447121411561965,1.4613002349506132e-05,4.777949652634561e-05,99.99993896484376,8
287,287,0.0020751953125,0.0040283203125,0.0033962994348257,4.306435585021973e-06,1.6227364540100098e-05,0.0033962973393499,0.0447120815515518,1.2679786777880508e-05,4.77795438200701e-05,99.99993896484376,8
288,288,0.0020751953125,0.00390625,0.003396296640858,4.306435585021973e-06,1.52587890625e-05,0.0033962945453822,0.044712021946907,1.2679798601311632e-05,4.4927724957233295e-05,99.99993896484376,8
289,289,0.001983642578125,0.00384521484375,0.0033962931483983,3.934837877750397e-06,1.4785677194595335e-05,0.0033962912857532,0.0447119623422622,1.1585683751036411e-05,4.353475014795549e-05,99.99994659423828,8
290,290,0.001953125,0.0037841796875,0.0033962898887693,3.814697265625e-06,1.4320015907287598e-05,0.0033962880261242,0.0447118990123271,1.1231953976675868e-05,4.216370143694803e-05,99.99994659423828,8
291,291,0.001861572265625,0.0037841796875,0.0033962863963097,3.465451300144196e-06,1.4320015907287598e-05,0.0033962847664952,0.0447118356823921,1.0203648344031537e-05,4.216374509269372e-05,99.9999542236328,8
292,292,0.001800537109375,0.00384521484375,0.0033962831366807,3.2419338822364807e-06,1.4785677194595335e-05,0.0033962815068662,0.0447117760777473,9.545534339849835e-06,4.353487747721374e-05,99.9999542236328,8
293,293,0.001708984375,0.0037841796875,0.0033962803427129,2.9206275939941406e-06,1.4320015907287598e-05,0.0033962787128984,0.0447117090225219,8.599488865002058e-06,4.216381785226986e-05,99.9999542236328,8
294,294,0.00177001953125,0.00396728515625,0.0033962773159146,3.1329691410064697e-06,1.5739351511001587e-05,0.0033962754532694,0.0447116494178772,9.224715540767647e-06,4.634294964489527e-05,99.99994659423828,8
295,295,0.001708984375,0.0040283203125,0.0033962740562856,2.9206275939941406e-06,1.6227364540100098e-05,0.0033962721936404,0.0447115860879421,8.59950523590669e-06,4.77799003419932e-05,99.99994659423828,8
296,296,0.001708984375,0.0040283203125,0.0033962707966566,2.9206275939941406e-06,1.6227364540100098e-05,0.0033962689340114,0.044711522758007,8.599513421359006e-06,4.777994763571769e-05,99.99994659423828,8
297,297,0.00177001953125,0.00396728515625,0.0033962675370275,3.1329691410064697e-06,1.5739351511001587e-05,0.0033962656743824,0.0447114594280719,9.224741916114e-06,4.634308425011113e-05,99.99994659423828,8
298,298,0.0018310546875,0.0040283203125,0.0033962640445679,3.3527612686157227e-06,1.6227364540100098e-05,0.0033962621819227,0.0447113998234272,9.871909242065158e-06,4.7780042223166674e-05,99.99994659423828,8
299,299,0.001922607421875,0.0040283203125,0.0033962612506002,3.696419298648834e-06,1.6227364540100098e-05,0.0033962591551244,0.0447113290429115,1.0883789400395472e-05,4.778008224093355e-05,99.99993896484376,8
300,300,0.001983642578125,0.00390625,0.0033962577581405,3.934837877750397e-06,1.52587890625e-05,0.0033962556626647,0.0447112694382667,1.1585804713831749e-05,4.4928237912245095e-05,99.99993896484376,8
301,301,0.0020751953125,0.00408935546875,0.0033962542656809,4.306435585021973e-06,1.6722828149795532e-05,0.0033962521702051,0.044711198657751,1.2679955943895038e-05,4.923903179587796e-05,99.99993896484376,8
302,302,0.002105712890625,0.00396728515625,0.0033962512388825,4.434026777744293e-06,1.5739351511001587e-05,0.0033962491434067,0.0447111390531063,1.30556500153034e-05,4.6343306166818365e-05,99.99993896484376,8
303,303,0.002166748046875,0.0040283203125,0.0033962482120841,4.694797098636627e-06,1.6227364540100098e-05,0.0033962461166083,0.0447110719978809,1.3823480003338773e-05,4.778026413987391e-05,99.99993896484376,8
304,304,0.002166748046875,0.0040283203125,0.0033962449524551,4.694797098636627e-06,1.6227364540100098e-05,0.0033962428569793,0.0447110123932361,1.3823492736264598e-05,4.77803114335984e-05,99.99993896484376,8
305,305,0.002288818359375,0.00408935546875,0.0033962412271648,5.238689482212067e-06,1.6722828149795532e-05,0.003396239131689,0.0447109453380107,1.5424962839460932e-05,4.923922460875474e-05,99.99993896484376,8
306,306,0.002288818359375,0.00390625,0.0033962382003664,5.238689482212067e-06,1.52587890625e-05,0.0033962361048907,0.0447108782827854,1.5424975572386757e-05,4.4928499846719205e-05,99.99993896484376,8
307,307,0.0023193359375,0.0040283203125,0.0033962349407374,5.379319190979004e-06,1.6227364540100098e-05,0.0033962328452616,0.0447108149528503,1.5839066691114567e-05,4.778045331477188e-05,99.99993896484376,8
308,308,0.0023193359375,0.00421142578125,0.0033962316811084,5.379319190979004e-06,1.7736107110977173e-05,0.003396229352802,0.0447107478976249,1.5839081243029796e-05,5.2222902013454586e-05,99.99993133544922,8
309,309,0.0023193359375,0.00408935546875,0.0033962284214794,5.379319190979004e-06,1.6722828149795532e-05,0.0033962263260036,0.0447106845676898,1.5839097613934427e-05,4.923940650769509e-05,99.99993896484376,8
310,310,0.002349853515625,0.00421142578125,0.0033962251618504,5.521811544895172e-06,1.7736107110977173e-05,0.003396222833544,0.0447106212377548,1.625867298571393e-05,5.222300387686119e-05,99.99993133544922,8
311,311,0.00238037109375,0.00408935546875,0.0033962214365601,5.666166543960571e-06,1.6722828149795532e-05,0.0033962193410843,0.0447105541825294,1.6683736248523928e-05,4.923950837110169e-05,99.99993896484376,8
312,312,0.002288818359375,0.0040283203125,0.0033962184097617,5.238689482212067e-06,1.6227364540100098e-05,0.0033962163142859,0.0447104945778846,1.5425066521856934e-05,4.778068614541553e-05,99.99993896484376,8
313,313,0.002288818359375,0.0040283203125,0.0033962149173021,5.238689482212067e-06,1.6227364540100098e-05,0.0033962128218263,0.0447104275226593,1.5425082892761566e-05,4.7780729801161215e-05,99.99993896484376,8
314,314,0.002197265625,0.004150390625,0.0033962116576731,4.827976226806641e-06,1.722574234008789e-05,0.0033962095621973,0.0447103604674339,1.4215770534065086e-05,5.0720460421871394e-05,99.99993896484376,8
315,315,0.00213623046875,0.00390625,0.0033962081652134,4.563480615615845e-06,1.52587890625e-05,0.0033962060697376,0.0447102934122085,1.343698659184156e-05,4.492889638640918e-05,99.99993896484376,8
316,316,0.002166748046875,0.004150390625,0.003396205138415,4.694797098636627e-06,1.722574234008789e-05,0.0033962030429393,0.0447102263569831,1.3823654626321512e-05,5.072055864729919e-05,99.99993896484376,8
317,317,0.002166748046875,0.00390625,0.0033962016459554,4.694797098636627e-06,1.52587890625e-05,0.0033961995504796,0.0447101593017578,1.382366826874204e-05,4.492898369790055e-05,99.99993896484376,8
318,318,0.00213623046875,0.00390625,0.0033961983863264,4.563480615615845e-06,1.52587890625e-05,0.0033961962908506,0.0447100922465324,1.3437025700113736e-05,4.492902735364624e-05,99.99993896484376,8
319,319,0.0020751953125,0.00390625,0.0033961946610361,4.306435585021973e-06,1.52587890625e-05,0.0033961925655603,0.0447100326418876,1.268017786060227e-05,4.4929074647370726e-05,99.99993896484376,8
320,320,0.00201416015625,0.00390625,0.0033961914014071,4.056841135025024e-06,1.52587890625e-05,0.0033961893059313,0.0447099655866622,1.1945266123802868e-05,4.492911830311641e-05,99.99993896484376,8
321,321,0.001953125,0.00390625,0.0033961881417781,3.814697265625e-06,1.52587890625e-05,0.0033961860463023,0.0447098985314369,1.1232290489715524e-05,4.4929161958862096e-05,99.99993896484376,8
322,322,0.00201416015625,0.004150390625,0.0033961844164878,4.056841135025024e-06,1.722574234008789e-05,0.003396182321012,0.0447098277509212,1.1945290680159816e-05,5.072086423751898e-05,99.99993896484376,8
323,323,0.00201416015625,0.004150390625,0.0033961811568588,4.056841135025024e-06,1.722574234008789e-05,0.003396179061383,0.0447097644209861,1.1945301594096236e-05,5.072091516922228e-05,99.99993896484376,8
324,324,0.00201416015625,0.0040283203125,0.0033961778972297,4.056841135025024e-06,1.6227364540100098e-05,0.0033961758017539,0.0447096973657608,1.194531341752736e-05,4.778125367010944e-05,99.99993896484376,8
325,325,0.0020751953125,0.00396728515625,0.0033961746376007,4.306435585021973e-06,1.5739351511001587e-05,0.0033961725421249,0.0447096303105354,1.2680253348662518e-05,4.6344350266736e-05,99.99993896484376,8
326,326,0.002044677734375,0.0040283203125,0.0033961711451411,4.180707037448883e-06,1.6227364540100098e-05,0.0033961690496653,0.04470956325531,1.2310058991715778e-05,4.778135189553723e-05,99.99993896484376,8
327,327,0.0020751953125,0.004150390625,0.0033961674198508,4.306435585021973e-06,1.722574234008789e-05,0.003396165324375,0.0447094924747943,1.2680280633503573e-05,5.072112253401429e-05,99.99993896484376,8
328,328,0.002044677734375,0.00390625,0.0033961641602218,4.180707037448883e-06,1.52587890625e-05,0.003396162064746,0.0447094291448593,1.2310084457567427e-05,4.492947846301831e-05,99.99993896484376,8
329,329,0.002105712890625,0.0040283203125,0.0033961606677621,4.434026777744293e-06,1.6227364540100098e-05,0.0033961585722863,0.0447093583643436,1.3055998351774178e-05,4.778149741468951e-05,99.99993896484376,8
330,330,0.00213623046875,0.00390625,0.0033961571753025,4.563480615615845e-06,1.52587890625e-05,0.0033961550798267,0.0447092913091182,1.3437188499665352e-05,4.49295730504673e-05,99.99993896484376,8
331,331,0.002166748046875,0.00384521484375,0.0033961534500122,4.694797098636627e-06,1.4785677194595335e-05,0.003396151587367,0.0447092242538929,1.3823864719597624e-05,4.353654003352858e-05,99.99994659423828,8
332,332,0.002227783203125,0.00390625,0.0033961504232138,4.963018000125885e-06,1.52587890625e-05,0.003396148327738,0.0447091534733772,1.4613657185691409e-05,4.492966036195867e-05,99.99993896484376,8
333,333,0.00225830078125,0.004150390625,0.0033961466979235,5.09992241859436e-06,1.722574234008789e-05,0.0033961446024477,0.0447090864181518,1.5016788893262856e-05,5.072142812423408e-05,99.99993896484376,8
334,334,0.00225830078125,0.0040283203125,0.0033961429726332,5.09992241859436e-06,1.6227364540100098e-05,0.0033961408771574,0.0447090119123458,1.501680617366219e-05,4.77817484352272e-05,99.99993896484376,8
335,335,0.002288818359375,0.0040283203125,0.0033961392473429,5.238689482212067e-06,1.6227364540100098e-05,0.0033961371518671,0.0447089485824108,1.5425426681758836e-05,4.77817993669305e-05,99.99993896484376,8
336,336,0.002227783203125,0.004150390625,0.0033961359877139,4.963018000125885e-06,1.722574234008789e-05,0.0033961338922381,0.0447088778018951,1.4613719940825833e-05,5.07215918332804e-05,99.99993896484376,8
337,337,0.0023193359375,0.004150390625,0.0033961324952542,5.379319190979004e-06,1.722574234008789e-05,0.0033961303997784,0.0447088070213794,1.58395450853277e-05,5.07216427649837e-05,99.99993896484376,8
338,338,0.002288818359375,0.004150390625,0.0033961290027946,5.238689482212067e-06,1.722574234008789e-05,0.0033961269073188,0.0447087399661541,1.5425472156493925e-05,5.0721693696687e-05,99.99993896484376,8
339,339,0.00213623046875,0.00408935546875,0.0033961252775043,4.563480615615845e-06,1.6722828149795532e-05,0.0033961231820285,0.0447086729109287,1.34373149194289e-05,4.924090171698481e-05,99.99993896484376,8
340,340,0.002105712890625,0.004150390625,0.0033961220178753,4.434026777744293e-06,1.722574234008789e-05,0.0033961199223995,0.044708602130413,1.305614750890527e-05,5.07217991980724e-05,99.99993896484376,8
341,341,0.001983642578125,0.00408935546875,0.003396118292585,3.934837877750397e-06,1.6722828149795532e-05,0.0033961161971092,0.0447085313498973,1.1586279470066074e-05,4.924100358039141e-05,99.99993896484376,8
342,342,0.001953125,0.00408935546875,0.0033961145672947,3.814697265625e-06,1.6722828149795532e-05,0.0033961124718189,0.044708464294672,1.12325342342956e-05,4.924106178805232e-05,99.99993896484376,8
343,343,0.002044677734375,0.004150390625,0.003396111074835,4.180707037448883e-06,1.722574234008789e-05,0.0033961089793592,0.0447083935141563,1.2310278179938903e-05,5.072196290711872e-05,99.99993896484376,8
344,344,0.002105712890625,0.0040283203125,0.003396107815206,4.434026777744293e-06,1.6227364540100098e-05,0.0033961057197302,0.0447083227336406,1.3056201169092674e-05,4.7782243200344965e-05,99.99993896484376,8
345,345,0.002044677734375,0.0040283203125,0.0033961040899157,4.180707037448883e-06,1.6227364540100098e-05,0.0033961019944399,0.044708251953125,1.2310301826801153e-05,4.778229413204826e-05,99.99993896484376,8
346,346,0.002166748046875,0.0040283203125,0.0033961008302867,4.694797098636627e-06,1.6227364540100098e-05,0.0033960987348109,0.0447081811726093,1.382407936034724e-05,4.778233778779395e-05,99.99993896484376,8
347,347,0.00201416015625,0.0040283203125,0.0033960968721657,4.056841135025024e-06,1.6227364540100098e-05,0.00339609477669,0.0447081141173839,1.1945598998863716e-05,4.778239599545486e-05,99.99993896484376,8
348,348,0.00213623046875,0.0040283203125,0.0033960931468755,4.563480615615845e-06,1.6227364540100098e-05,0.0033960910513997,0.0447080396115779,1.3437441339192446e-05,4.778244692715816e-05,99.99993896484376,8
349,349,0.002105712890625,0.00396728515625,0.0033960894215852,4.434026777744293e-06,1.5739351511001587e-05,0.0033960873261094,0.0447079725563526,1.3056272109679412e-05,4.634551441995427e-05,99.99993896484376,8
350,350,0.0020751953125,0.00396728515625,0.0033960861619561,4.306435585021973e-06,1.5739351511001587e-05,0.0033960840664803,0.0447079017758369,1.2680584404733963e-05,4.634555807569996e-05,99.99993896484376,8
351,351,0.002166748046875,0.00408935546875,0.0033960824366658,4.694797098636627e-06,1.6722828149795532e-05,0.00339608034119,0.0447078272700309,1.3824154848407488e-05,4.924152744933963e-05,99.99993896484376,8
352,352,0.002197265625,0.00408935546875,0.0033960787113755,4.827976226806641e-06,1.6722828149795532e-05,0.0033960766158998,0.0447077602148056,1.421632623532787e-05,4.924157838104293e-05,99.99993896484376,8
353,353,0.00213623046875,0.004150390625,0.0033960752189159,4.563480615615845e-06,1.722574234008789e-05,0.0033960731234401,0.0447076894342899,1.3437513189273886e-05,5.0722497690003365e-05,99.99993896484376,8
354,354,0.002105712890625,0.00408935546875,0.0033960717264562,4.434026777744293e-06,1.6722828149795532e-05,0.0033960696309804,0.0447076186537742,1.3056340321782043e-05,4.9241680244449526e-05,99.99993896484376,8
355,355,0.002166748046875,0.00396728515625,0.0033960680011659,4.694797098636627e-06,1.5739351511001587e-05,0.0033960659056901,0.0447075441479682,1.3824213056068402e-05,4.634580545825884e-05,99.99993896484376,8
356,356,0.0020751953125,0.00390625,0.0033960642758756,4.306435585021973e-06,1.52587890625e-05,0.0033960621803998,0.0447074770927429,1.268066534976242e-05,4.493079904932529e-05,99.99993896484376,8
357,357,0.00213623046875,0.00408935546875,0.0033960605505853,4.563480615615845e-06,1.6722828149795532e-05,0.0033960584551095,0.0447074025869369,1.34375713969348e-05,4.924184031551704e-05,99.99993896484376,8
358,358,0.002166748046875,0.00408935546875,0.003396056825295,4.694797098636627e-06,1.6722828149795532e-05,0.0033960547298192,0.0447073280811309,1.382425853080349e-05,4.924189488519914e-05,99.99993896484376,8
359,359,0.002105712890625,0.00396728515625,0.0033960533328354,4.434026777744293e-06,1.5739351511001587e-05,0.0033960512373596,0.0447072610259056,1.3056410352874082e-05,4.634600554709323e-05,99.99993896484376,8
360,360,0.002105712890625,0.0037841796875,0.0033960493747144,4.434026777744293e-06,1.4320015907287598e-05,0.0033960475120693,0.0447071865200996,1.3056425814284012e-05,4.216668821754865e-05,99.99994659423828,8
361,361,0.002227783203125,0.00396728515625,0.0033960456494241,4.963018000125885e-06,1.5739351511001587e-05,0.0033960435539484,0.0447071194648742,1.4614107385568786e-05,4.634611104847863e-05,99.99993896484376,8
362,362,0.002166748046875,0.00390625,0.0033960421569645,4.694797098636627e-06,1.52587890625e-05,0.0033960400614887,0.0447070449590683,1.3824317647959106e-05,4.493109372560866e-05,99.99993896484376,8
363,363,0.002197265625,0.0040283203125,0.0033960381988435,4.827976226806641e-06,1.6227364540100098e-05,0.0033960361033678,0.0447069741785526,1.42164963108371e-05,4.778322181664407e-05,99.99993896484376,8
364,364,0.002197265625,0.00396728515625,0.0033960344735533,4.827976226806641e-06,1.5739351511001587e-05,0.0033960323780775,0.0447068996727466,1.4216511772247031e-05,4.634626384358853e-05,99.99993896484376,8
365,365,0.002197265625,0.00408935546875,0.003396030748263,4.827976226806641e-06,1.6722828149795532e-05,0.0033960286527872,0.0447068251669406,1.4216528143151663e-05,4.924226959701628e-05,99.99993896484376,8
366,366,0.00213623046875,0.004150390625,0.0033960270229727,4.563480615615845e-06,1.722574234008789e-05,0.0033960249274969,0.0447067506611347,1.3437703273666555e-05,5.072321800980717e-05,99.99993896484376,8
367,367,0.00213623046875,0.00408935546875,0.003396023530513,4.563480615615845e-06,1.6722828149795532e-05,0.0033960214350372,0.044706679880619,1.3437717825581784e-05,4.924237873638049e-05,99.99993896484376,8
368,368,0.002166748046875,0.004150390625,0.0033960195723921,4.694797098636627e-06,1.722574234008789e-05,0.0033960174769163,0.044706605374813,1.3824410416418688e-05,5.072332714917138e-05,99.99993896484376,8
369,369,0.002105712890625,0.004150390625,0.0033960158471018,4.434026777744293e-06,1.722574234008789e-05,0.003396013751626,0.0447065308690071,1.3056554962531663e-05,5.0723385356832296e-05,99.99993896484376,8
370,370,0.00201416015625,0.00408935546875,0.0033960121218115,4.056841135025024e-06,1.6722828149795532e-05,0.0033960100263357,0.0447064600884914,1.1945896403631195e-05,4.9242546083405614e-05,99.99993896484376,8
371,371,0.002044677734375,0.0040283203125,0.0033960083965212,4.180707037448883e-06,1.6227364540100098e-05,0.0033960063010454,0.0447063855826854,1.2310649253777228e-05,4.778364018420689e-05,99.99993896484376,8
372,372,0.001983642578125,0.0040283203125,0.0033960044384002,3.934837877750397e-06,1.6227364540100098e-05,0.0033960023429244,0.0447063110768795,1.1586668733798431e-05,4.778369111591019e-05,99.99993896484376,8
373,373,0.0020751953125,0.00408935546875,0.0033960007131099,4.306435585021973e-06,1.6722828149795532e-05,0.0033959986176341,0.0447062402963638,1.2680902727879584e-05,4.924270979245193e-05,99.99993896484376,8
374,374,0.002044677734375,0.0040283203125,0.0033959972206503,4.180707037448883e-06,1.6227364540100098e-05,0.0033959951251745,0.0447061657905578,1.2310690181038808e-05,4.778379297931679e-05,99.99993896484376,8
375,375,0.00213623046875,0.00408935546875,0.0033959930296987,4.563480615615845e-06,1.6722828149795532e-05,0.0033959909342229,0.0447060875594615,1.343783787888242e-05,4.924282256979495e-05,99.99993896484376,8
376,376,0.002105712890625,0.00408935546875,0.0033959893044084,4.434026777744293e-06,1.6722828149795532e-05,0.0033959872089326,0.0447060130536556,1.3056657735432964e-05,4.924287350149825e-05,99.99993896484376,8
377,377,0.0020751953125,0.00396728515625,0.0033959855791181,4.306435585021973e-06,1.5739351511001587e-05,0.0033959834836423,0.0447059422731399,1.2680959116551094e-05,4.634693323168904e-05,99.99993896484376,8
378,378,0.002105712890625,0.00396728515625,0.0033959820866584,4.434026777744293e-06,1.5739351511001587e-05,0.0033959799911826,0.0447058714926242,1.3056685020274015e-05,4.634697688743472e-05,99.99993896484376,8
379,379,0.002166748046875,0.00390625,0.0033959781285375,4.694797098636627e-06,1.52587890625e-05,0.0033959760330617,0.0447057969868183,1.3824579582433216e-05,4.493194137467072e-05,99.99993896484376,8
380,380,0.00213623046875,0.00396728515625,0.0033959741704165,4.563480615615845e-06,1.5739351511001587e-05,0.0033959720749408,0.0447057224810123,1.3437912457447965e-05,4.634708602679893e-05,99.99993896484376,8
381,381,0.002166748046875,0.0040283203125,0.0033959704451262,4.694797098636627e-06,1.6227364540100098e-05,0.0033959683496505,0.044705644249916,1.3824610505253077e-05,4.778417496709153e-05,99.99993896484376,8
382,382,0.002227783203125,0.004150390625,0.0033959664870053,4.963018000125885e-06,1.722574234008789e-05,0.0033959643915295,0.0447055697441101,1.4614448446081951e-05,5.0724123866530135e-05,99.99993896484376,8
383,383,0.002227783203125,0.004150390625,0.0033959622960537,4.963018000125885e-06,1.722574234008789e-05,0.0033959602005779,0.0447054952383041,1.4614467545470688e-05,5.0724185712169856e-05,99.99993896484376,8
384,384,0.0023193359375,0.004150390625,0.0033959588035941,5.379319190979004e-06,1.722574234008789e-05,0.0033959567081183,0.0447054132819175,1.5840354535612278e-05,5.072423664387316e-05,99.99993896484376,8
385,385,0.002288818359375,0.004150390625,0.0033959548454731,5.238689482212067e-06,1.722574234008789e-05,0.0033959527499973,0.0447053462266922,1.5426263416884467e-05,5.072429848951288e-05,99.99993896484376,8
386,386,0.0023193359375,0.00433349609375,0.0033959511201828,5.379319190979004e-06,1.877918839454651e-05,0.0033959487918764,0.0447052679955959,1.584039091540035e-05,5.529875488718972e-05,99.99993133544922,8
387,387,0.002197265625,0.00421142578125,0.0033959471620619,4.827976226806641e-06,1.7736107110977173e-05,0.0033959448337554,0.0447051934897899,1.4216877389117144e-05,5.222727850195952e-05,99.99993133544922,8
388,388,0.002227783203125,0.00408935546875,0.0033959434367716,4.963018000125885e-06,1.6722828149795532e-05,0.0033959413412958,0.0447051152586936,1.4614548490499146e-05,4.924353925161995e-05,99.99993896484376,8
389,389,0.002166748046875,0.0040283203125,0.0033959397114813,4.694797098636627e-06,1.6227364540100098e-05,0.0033959376160055,0.0447050482034683,1.382473601552192e-05,4.778460788656957e-05,99.99993896484376,8
390,390,0.002166748046875,0.00396728515625,0.0033959355205297,4.694797098636627e-06,1.5739351511001587e-05,0.0033959334250539,0.0447049662470817,1.3824753295921257e-05,4.634761353372596e-05,99.99993896484376,8
391,391,0.00213623046875,0.00396728515625,0.00339593202807,4.563480615615845e-06,1.5739351511001587e-05,0.0033959299325942,0.0447048917412757,1.3438079804473093e-05,4.634766082745045e-05,99.99993896484376,8
392,392,0.002105712890625,0.00396728515625,0.0033959278371185,4.434026777744293e-06,1.5739351511001587e-05,0.0033959257416427,0.0447048172354698,1.3056893294560725e-05,4.634771903511137e-05,99.99993896484376,8
393,393,0.00213623046875,0.00390625,0.0033959241118282,4.563480615615845e-06,1.52587890625e-05,0.0033959220163524,0.0447047427296638,1.3438110727292951e-05,4.493265805649571e-05,99.99993896484376,8
394,394,0.00213623046875,0.00396728515625,0.0033959199208766,4.563480615615845e-06,1.5739351511001587e-05,0.0033959178254008,0.0447046607732772,1.3438127098197585e-05,4.634782817447558e-05,99.99993896484376,8
395,395,0.002044677734375,0.0040283203125,0.003395915729925,4.180707037448883e-06,1.6227364540100098e-05,0.0033959136344492,0.0447045862674713,1.2310985766816884e-05,4.778494258061983e-05,99.99993896484376,8
396,396,0.00201416015625,0.00396728515625,0.003395911771804,4.056841135025024e-06,1.5739351511001587e-05,0.0033959096763283,0.044704508036375,1.1946250197070183e-05,4.634793731383979e-05,99.99993896484376,8
397,397,0.00201416015625,0.00396728515625,0.0033959082793444,4.056841135025024e-06,1.5739351511001587e-05,0.0033959061838686,0.044704433530569,1.1946261111006606e-05,4.634798824554309e-05,99.99993896484376,8
398,398,0.001953125,0.00384521484375,0.0033959040883928,3.814697265625e-06,1.4785677194595335e-05,0.0033959022257477,0.0447043552994728,1.1233229997742455e-05,4.3539737816900015e-05,99.99994659423828,8
399,399,0.002044677734375,0.00390625,0.0033958998974412,4.180707037448883e-06,1.52587890625e-05,0.0033958978019654,0.0447042770683765,1.2311042155488394e-05,4.493297456065193e-05,99.99993896484376,8
400,400,0.00201416015625,0.00384521484375,0.0033958959393203,4.056841135025024e-06,1.4785677194595335e-05,0.0033958940766751,0.0447041988372802,1.1946305676246992e-05,4.353984331828542e-05,99.99994659423828,8
401,401,0.002105712890625,0.0040283203125,0.0033958919811993,4.434026777744293e-06,1.6227364540100098e-05,0.0033958898857235,0.0447041168808937,1.3057031537755392e-05,4.778527727467008e-05,99.99993896484376,8
402,402,0.0020751953125,0.00421142578125,0.003395888255909,4.306435585021973e-06,1.7736107110977173e-05,0.0033958859276026,0.0447040423750877,1.2681322914431805e-05,5.222818072070368e-05,99.99993133544922,8
403,403,0.002227783203125,0.00433349609375,0.0033958842977881,4.963018000125885e-06,1.877918839454651e-05,0.0033958819694817,0.0447039604187011,1.461480223952094e-05,5.529984264285304e-05,99.99993133544922,8
404,404,0.00225830078125,0.00433349609375,0.0033958801068365,5.09992241859436e-06,1.877918839454651e-05,0.0033958777785301,0.0447038859128952,1.5017968507891055e-05,5.529990812647157e-05,99.99993133544922,8
405,405,0.002227783203125,0.00421142578125,0.0033958763815462,4.963018000125885e-06,1.7736107110977173e-05,0.0033958740532398,0.0447038076817989,1.4614836800319608e-05,5.222836261964403e-05,99.99993133544922,8
406,406,0.002227783203125,0.0042724609375,0.003395871957764,4.963018000125885e-06,1.825392246246338e-05,0.0033958696294575,0.0447037294507026,1.4614854990213644e-05,5.3753268730361015e-05,99.99993133544922,8
407,407,0.002227783203125,0.00408935546875,0.003395867999643,4.963018000125885e-06,1.6722828149795532e-05,0.0033958659041672,0.0447036474943161,1.4614872270612976e-05,4.924463428324089e-05,99.99993896484376,8
408,408,0.002227783203125,0.0042724609375,0.0033958640415221,4.963018000125885e-06,1.825392246246338e-05,0.0033958617132157,0.0447035692632198,1.4614889551012313e-05,5.3753392421640456e-05,99.99993133544922,8
409,409,0.002197265625,0.00421142578125,0.0033958603162318,4.827976226806641e-06,1.7736107110977173e-05,0.0033958579879254,0.0447034910321235,1.4217241186997852e-05,5.222861364018172e-05,99.99993133544922,8
410,410,0.002197265625,0.0040283203125,0.0033958561252802,4.827976226806641e-06,1.6227364540100098e-05,0.0033958540298044,0.0447034165263175,1.4217258467397189e-05,4.7785782953724265e-05,99.99993896484376,8
411,411,0.002197265625,0.00384521484375,0.0033958519343286,4.827976226806641e-06,1.4785677194595335e-05,0.0033958500716835,0.0447033420205116,1.421727483830182e-05,4.354040356702171e-05,99.99994659423828,8
412,412,0.002197265625,0.00390625,0.0033958482090383,4.827976226806641e-06,1.52587890625e-05,0.0033958461135625,0.044703260064125,1.421729120920645e-05,4.493365850066766e-05,99.99993896484376,8
413,413,0.002044677734375,0.00390625,0.0033958440180867,4.180707037448883e-06,1.52587890625e-05,0.0033958419226109,0.0447031818330287,1.2311245882301591e-05,4.493371307034977e-05,99.99993896484376,8
414,414,0.002105712890625,0.0040283203125,0.0033958398271352,4.434026777744293e-06,1.6227364540100098e-05,0.0033958377316594,0.0447031036019325,1.3057231626589784e-05,4.778601214638911e-05,99.99993896484376,8
415,415,0.002105712890625,0.00390625,0.0033958356361836,4.434026777744293e-06,1.52587890625e-05,0.0033958335407078,0.0447030216455459,1.3057247087999713e-05,4.493382584769279e-05,99.99993896484376,8
416,416,0.002166748046875,0.0040283203125,0.003395831445232,4.694797098636627e-06,1.6227364540100098e-05,0.0033958293497562,0.0447029434144496,1.382517621095758e-05,4.778613219968975e-05,99.99993896484376,8
417,417,0.00213623046875,0.00396728515625,0.0033958272542804,4.563480615615845e-06,1.5739351511001587e-05,0.0033958251588046,0.0447028651833534,1.3438493624562398e-05,4.634909055312164e-05,99.99993896484376,8
418,418,0.002197265625,0.004150390625,0.0033958230633288,4.827976226806641e-06,1.722574234008789e-05,0.003395820967853,0.0447027795016765,1.4217395801097156e-05,5.072626663604751e-05,99.99993896484376,8
419,419,0.00213623046875,0.0040283203125,0.0033958193380385,4.563480615615845e-06,1.6227364540100098e-05,0.0033958172425627,0.0447027012705802,1.343852636637166e-05,4.778629954671487e-05,99.99993896484376,8
420,420,0.00213623046875,0.0040283203125,0.0033958151470869,4.563480615615845e-06,1.6227364540100098e-05,0.0033958130516111,0.044702623039484,1.3438541827781592e-05,4.7786357754375786e-05,99.99993896484376,8
421,421,0.0020751953125,0.0040283203125,0.0033958109561353,4.306435585021973e-06,1.6227364540100098e-05,0.0033958088606595,0.0447025448083877,1.2681612133746968e-05,4.77864159620367e-05,99.99993896484376,8
422,422,0.0020751953125,0.00390625,0.0033958067651838,4.306435585021973e-06,1.52587890625e-05,0.003395804669708,0.0447024628520011,1.2681627595156895e-05,4.493420783546753e-05,99.99993896484376,8
423,423,0.002044677734375,0.0040283203125,0.0033958025742322,4.180707037448883e-06,1.6227364540100098e-05,0.0033958004787564,0.0447023846209049,1.2311395039432682e-05,4.7786532377358526e-05,99.99993896484376,8
424,424,0.0020751953125,0.00408935546875,0.0033957983832806,4.306435585021973e-06,1.6722828149795532e-05,0.0033957962878048,0.0447023063898086,1.2681658517976755e-05,4.924564200337045e-05,99.99993896484376,8
425,425,0.002166748046875,0.00408935546875,0.003395794192329,4.694797098636627e-06,1.6722828149795532e-05,0.0033957920968532,0.044702224433422,1.3825328096572775e-05,4.924570384901017e-05,99.99993896484376,8
426,426,0.00213623046875,0.00421142578125,0.0033957902342081,4.563480615615845e-06,1.7736107110977173e-05,0.0033957879059016,0.0447021424770355,1.3438640962704085e-05,5.222969048190862e-05,99.99993133544922,8
427,427,0.002105712890625,0.00408935546875,0.0033957858104258,4.434026777744293e-06,1.6722828149795532e-05,0.00339578371495,0.0447020605206489,1.3057438991381788e-05,4.92458239023108e-05,99.99993896484376,8
428,428,0.002044677734375,0.0040283203125,0.0033957823179662,4.180707037448883e-06,1.6227364540100098e-05,0.0033957802224904,0.0447019822895526,1.2311468708503526e-05,4.7786819777684286e-05,99.99993896484376,8
429,429,0.0020751953125,0.0040283203125,0.0033957774285227,4.306435585021973e-06,1.6227364540100098e-05,0.0033957753330469,0.0447019003331661,1.268173673452111e-05,4.7786885261302814e-05,99.99993896484376,8
430,430,0.0020751953125,0.004150390625,0.0033957737032324,4.306435585021973e-06,1.722574234008789e-05,0.0033957716077566,0.0447018183767795,1.2681751286436338e-05,5.072700514574535e-05,99.99993896484376,8
431,431,0.002044677734375,0.0040283203125,0.0033957695122808,4.180707037448883e-06,1.6227364540100098e-05,0.003395767416805,0.0447017364203929,1.2311516002228018e-05,4.778700167662464e-05,99.99993896484376,8
432,432,0.0020751953125,0.0040283203125,0.0033957653213292,4.306435585021973e-06,1.6227364540100098e-05,0.0033957632258534,0.0447016507387161,1.2681782209256198e-05,4.778705624630675e-05,99.99993896484376,8
433,433,0.0023193359375,0.00445556640625,0.0033957611303776,5.379319190979004e-06,1.985207200050354e-05,0.0033957585692405,0.0447015687823295,1.5841276763239875e-05,5.84613298997283e-05,99.99992370605467,8
434,434,0.002166748046875,0.00439453125,0.003395756939426,4.694797098636627e-06,1.931190490722656e-05,0.0033957546111196,0.0447014868259429,1.382547907269327e-05,5.687069278792478e-05,99.99993133544922,8
435,435,0.00213623046875,0.0040283203125,0.0033957527484744,4.563480615615845e-06,1.6227364540100098e-05,0.0033957506529986,0.0447014085948467,1.3438789210340474e-05,4.77872381452471e-05,99.99993896484376,8
436,436,0.002105712890625,0.00421142578125,0.0033957483246922,4.434026777744293e-06,1.7736107110977173e-05,0.0033957459963858,0.0447013229131698,1.305758451053407e-05,5.223033804213628e-05,99.99993133544922,8
437,437,0.002227783203125,0.00421142578125,0.0033957441337406,4.963018000125885e-06,1.7736107110977173e-05,0.0033957418054342,0.0447012409567832,1.4615405234508216e-05,5.2230399887776e-05,99.99993133544922,8
438,438,0.0023193359375,0.00421142578125,0.0033957397099584,5.379319190979004e-06,1.7736107110977173e-05,0.0033957373816519,0.0447011590003967,1.584137680765707e-05,5.223046900937334e-05,99.99993133544922,8
439,439,0.0023193359375,0.00421142578125,0.0033957357518374,5.379319190979004e-06,1.7736107110977173e-05,0.003395733423531,0.0447010807693004,1.5841394997551106e-05,5.223053085501306e-05,99.99993133544922,8
440,440,0.002166748046875,0.00408935546875,0.0033957310952246,4.694797098636627e-06,1.6722828149795532e-05,0.0033957289997488,0.0447009988129138,1.3825584574078675e-05,4.924662061966956e-05,99.99993896484376,8
441,441,0.002166748046875,0.004150390625,0.0033957271371036,4.694797098636627e-06,1.722574234008789e-05,0.0033957250416278,0.0447009168565273,1.3825600944983307e-05,5.07276963617187e-05,99.99993896484376,8
442,442,0.0020751953125,0.004150390625,0.003395722946152,4.306435585021973e-06,1.722574234008789e-05,0.0033957208506762,0.0447008349001407,1.2681940461334308e-05,5.072776184533723e-05,99.99993896484376,8
443,443,0.002044677734375,0.00384521484375,0.0033957182895392,4.180707037448883e-06,1.4785677194595335e-05,0.003395716426894,0.0447007492184639,1.231170153914718e-05,4.354211705503985e-05,99.99994659423828,8
444,444,0.002044677734375,0.00408935546875,0.0033957143314182,4.180707037448883e-06,1.6722828149795532e-05,0.0033957122359424,0.044700663536787,1.2311716091062408e-05,4.924686436424963e-05,99.99993896484376,8
445,445,0.002044677734375,0.00396728515625,0.0033957103732973,4.180707037448883e-06,1.5739351511001587e-05,0.0033957082778215,0.0447005853056907,1.2311730642977636e-05,4.635068762581796e-05,99.99993896484376,8
446,446,0.00201416015625,0.00396728515625,0.0033957057166844,4.056841135025024e-06,1.5739351511001587e-05,0.0033957036212086,0.0447005033493042,1.1946975064347498e-05,4.635075310943648e-05,99.99993896484376,8
447,447,0.00201416015625,0.00390625,0.0033957017585635,4.056841135025024e-06,1.52587890625e-05,0.0033956996630877,0.044700413942337,1.1946988706768025e-05,4.493559754337184e-05,99.99993896484376,8
448,448,0.002044677734375,0.00390625,0.00339569686912,4.180707037448883e-06,1.52587890625e-05,0.0033956947736442,0.0447003319859504,1.231177884619683e-05,4.493566302699037e-05,99.99993896484376,8
449,449,0.002044677734375,0.00396728515625,0.003395692910999,4.180707037448883e-06,1.5739351511001587e-05,0.0033956908155232,0.0447002500295639,1.2311792488617355e-05,4.6350924094440416e-05,99.99993896484376,8
450,450,0.0020751953125,0.00396728515625,0.0033956884872168,4.306435585021973e-06,1.5739351511001587e-05,0.003395686391741,0.0447001680731773,1.268206960958196e-05,4.6350985940080136e-05,99.99993896484376,8
451,451,0.00213623046875,0.0040283203125,0.0033956842962652,4.563480615615845e-06,1.6227364540100098e-05,0.0033956822007894,0.0447000786662101,1.3439060239761602e-05,4.7788198571652174e-05,99.99993896484376,8
452,452,0.00213623046875,0.00408935546875,0.0033956796396523,4.563480615615845e-06,1.6722828149795532e-05,0.0033956775441765,0.0446999967098236,1.3439078429655638e-05,4.92473627673462e-05,99.99993896484376,8
453,453,0.002227783203125,0.00408935546875,0.0033956752158701,4.963018000125885e-06,1.6722828149795532e-05,0.0033956731203943,0.0446999073028564,1.4615701729780994e-05,4.924742825096473e-05,99.99993896484376,8
454,454,0.002227783203125,0.00433349609375,0.0033956705592572,4.963018000125885e-06,1.877918839454651e-05,0.0033956682309508,0.0446998253464698,1.4615721738664432e-05,5.530332418857142e-05,99.99993133544922,8
455,455,0.00225830078125,0.00433349609375,0.0033956663683056,5.09992241859436e-06,1.877918839454651e-05,0.0033956640399992,0.0446997433900833,1.5018913472886196e-05,5.530339331016876e-05,99.99993133544922,8
456,456,0.00225830078125,0.0040283203125,0.003395662177354,5.09992241859436e-06,1.6227364540100098e-05,0.0033956600818783,0.0446996577084064,1.5018932572274936e-05,4.7788511437829584e-05,99.99993896484376,8
457,457,0.00225830078125,0.0040283203125,0.0033956582192331,5.09992241859436e-06,1.6227364540100098e-05,0.0033956561237573,0.0446995720267295,1.501895076216897e-05,4.77885696454905e-05,99.99993896484376,8
458,458,0.002227783203125,0.0040283203125,0.0033956535626202,4.963018000125885e-06,1.6227364540100098e-05,0.0033956514671444,0.044699490070343,1.461579631722998e-05,4.778863149113022e-05,99.99993896484376,8
459,459,0.00225830078125,0.00408935546875,0.003395649138838,5.09992241859436e-06,1.6722828149795532e-05,0.0033956470433622,0.0446994006633758,1.5018990779935848e-05,4.924780660076067e-05,99.99993896484376,8
460,460,0.002288818359375,0.00421142578125,0.0033956451807171,5.238689482212067e-06,1.7736107110977173e-05,0.0033956428524106,0.0446993187069892,1.542767131468281e-05,5.2231924200896174e-05,99.99993133544922,8
461,461,0.002227783203125,0.0042724609375,0.0033956407569348,4.963018000125885e-06,1.825392246246338e-05,0.0033956384286284,0.0446992330253124,1.4615849977417383e-05,5.375692853704095e-05,99.99993133544922,8
462,462,0.002227783203125,0.00421142578125,0.0033956363331526,4.963018000125885e-06,1.7736107110977173e-05,0.0033956340048462,0.0446991473436355,1.4615869986300822e-05,5.223205880611204e-05,99.99993133544922,8
463,463,0.002197265625,0.00384521484375,0.0033956314437091,4.827976226806641e-06,1.4785677194595335e-05,0.0033956295810639,0.0446990691125392,1.421819888491882e-05,4.354323391453363e-05,99.99994659423828,8
464,464,0.002166748046875,0.00408935546875,0.0033956274855881,4.694797098636627e-06,1.6722828149795532e-05,0.0033956253901124,0.0446989797055721,1.3826006579620298e-05,4.924811946693808e-05,99.99993896484376,8
465,465,0.002197265625,0.0037841796875,0.0033956225961446,4.827976226806641e-06,1.4320015907287598e-05,0.0033956207334995,0.0446988940238952,1.4218236174201593e-05,4.2171988752670586e-05,99.99994659423828,8
466,466,0.001953125,0.00384521484375,0.003395618405193,3.814697265625e-06,1.4785677194595335e-05,0.0033956165425479,0.0446988083422184,1.1234174962737598e-05,4.354340126155876e-05,99.99994659423828,8
467,467,0.00201416015625,0.004150390625,0.0033956137485802,4.056841135025024e-06,1.722574234008789e-05,0.0033956116531044,0.0446987189352512,1.194729884446133e-05,5.07293916598428e-05,99.99993896484376,8
468,468,0.0020751953125,0.00408935546875,0.0033956097904592,4.306435585021973e-06,1.6722828149795532e-05,0.0033956076949834,0.0446986369788646,1.268236246687593e-05,4.924837776343338e-05,99.99993896484376,8
469,469,0.0020751953125,0.004150390625,0.0033956051338464,4.306435585021973e-06,1.722574234008789e-05,0.0033956030383706,0.0446985512971878,1.2682380656769965e-05,5.072952262707986e-05,99.99993896484376,8
470,470,0.002105712890625,0.00408935546875,0.0033956004772335,4.434026777744293e-06,1.6722828149795532e-05,0.0033955983817577,0.0446984618902206,1.305815294472268e-05,4.924851236864925e-05,99.99993896484376,8
471,471,0.002166748046875,0.004150390625,0.0033955958206206,4.694797098636627e-06,1.722574234008789e-05,0.0033955937251448,0.0446983724832534,1.382613572786795e-05,5.072965723229572e-05,99.99993896484376,8
472,472,0.002197265625,0.0042724609375,0.0033955920953303,4.827976226806641e-06,1.825392246246338e-05,0.0033955897670239,0.0446982868015766,1.421836350345984e-05,5.3757696150569245e-05,99.99993133544922,8
473,473,0.00225830078125,0.004150390625,0.0033955869730561,5.09992241859436e-06,1.722574234008789e-05,0.0033955848775804,0.0446982011198997,1.5019264537841082e-05,5.072978819953278e-05,99.99993896484376,8
474,474,0.002227783203125,0.004150390625,0.0033955827821046,4.963018000125885e-06,1.722574234008789e-05,0.0033955806866288,0.0446981117129325,1.4616100088460373e-05,5.0729853683151305e-05,99.99993896484376,8
475,475,0.002227783203125,0.004150390625,0.0033955781254917,4.963018000125885e-06,1.722574234008789e-05,0.0033955760300159,0.044698029756546,1.461612009734381e-05,5.0729926442727447e-05,99.99993896484376,8
476,476,0.002166748046875,0.00396728515625,0.0033955739345401,4.694797098636627e-06,1.5739351511001587e-05,0.0033955718390643,0.0446979403495788,1.3826224858348724e-05,4.635255027096719e-05,99.99993896484376,8
477,477,0.0020751953125,0.004150390625,0.0033955690450966,4.306435585021973e-06,1.722574234008789e-05,0.0033955669496208,0.0446978583931922,1.2682514352491124e-05,5.07300574099645e-05,99.99993896484376,8
478,478,0.002105712890625,0.00396728515625,0.0033955646213144,4.434026777744293e-06,1.5739351511001587e-05,0.0033955625258386,0.0446977689862251,1.3058290278422646e-05,4.635267760022544e-05,99.99993896484376,8
479,479,0.00213623046875,0.00396728515625,0.0033955601975321,4.563480615615845e-06,1.5739351511001587e-05,0.0033955581020563,0.0446976795792579,1.3439550457405858e-05,4.6352739445865154e-05,99.99993896484376,8
480,480,0.002166748046875,0.00433349609375,0.0033955557737499,4.694797098636627e-06,1.877918839454651e-05,0.0033955534454435,0.0446975901722908,1.3826299436914267e-05,5.530519774765708e-05,99.99993133544922,8
481,481,0.002197265625,0.00433349609375,0.003395551117137,4.827976226806641e-06,1.877918839454651e-05,0.0033955487888306,0.0446975007653236,1.4218535397958476e-05,5.530527050723322e-05,99.99993133544922,8
482,482,0.00213623046875,0.00408935546875,0.0033955464605242,4.563480615615845e-06,1.6722828149795532e-05,0.0033955443650484,0.0446974113583564,1.3439605027087964e-05,4.9249298172071576e-05,99.99993896484376,8
483,483,0.002197265625,0.00390625,0.0033955420367419,4.827976226806641e-06,1.52587890625e-05,0.0033955399412661,0.0446973256766796,1.4218574506230652e-05,4.493771120905876e-05,99.99993896484376,8
484,484,0.002166748046875,0.00396728515625,0.003395537380129,4.694797098636627e-06,1.5739351511001587e-05,0.0033955352846533,0.0446972362697124,1.3826373105985112e-05,4.635304867406376e-05,99.99993896484376,8
485,485,0.002227783203125,0.00396728515625,0.0033955327235162,4.963018000125885e-06,1.5739351511001587e-05,0.0033955306280404,0.0446971468627452,1.4616315638704693e-05,4.635311051970348e-05,99.99993896484376,8
486,486,0.002105712890625,0.00384521484375,0.0033955282997339,4.434026777744293e-06,1.4785677194595335e-05,0.0033955264370888,0.0446970611810684,1.3058429431112016e-05,4.354455813881941e-05,99.99994659423828,8
487,487,0.002197265625,0.00372314453125,0.0033955238759517,4.827976226806641e-06,1.3861805200576782e-05,0.0033955220133066,0.0446969754993915,1.4218649084796198e-05,4.08237574447412e-05,99.99994659423828,8
488,488,0.002227783203125,0.00396728515625,0.0033955189865082,4.963018000125885e-06,1.5739351511001587e-05,0.0033955168910324,0.044696882367134,1.4616373846365605e-05,4.6353299694601446e-05,99.99993896484376,8
489,489,0.002227783203125,0.0042724609375,0.003395514562726,4.963018000125885e-06,1.825392246246338e-05,0.0033955122344195,0.0446967892348766,1.4616393855249044e-05,5.375892578740604e-05,99.99993133544922,8
490,490,0.00225830078125,0.0042724609375,0.0033955101389437,5.09992241859436e-06,1.825392246246338e-05,0.0033955078106373,0.0446967035531997,1.5019605598354246e-05,5.375899854698218e-05,99.99993133544922,8
491,491,0.002288818359375,0.00421142578125,0.0033955054823309,5.238689482212067e-06,1.7736107110977173e-05,0.0033955031540244,0.0446966178715229,1.542830614198465e-05,5.223407060839236e-05,99.99993133544922,8
492,492,0.00225830078125,0.00421142578125,0.0033955005928874,5.09992241859436e-06,1.7736107110977173e-05,0.0033954982645809,0.0446965247392654,1.5019647435110528e-05,5.22341433679685e-05,99.99993133544922,8
493,493,0.0020751953125,0.00421142578125,0.0033954964019358,4.306435585021973e-06,1.7736107110977173e-05,0.0033954940736293,0.0446964390575885,1.2682785381912254e-05,5.223420885158703e-05,99.99993133544922,8
494,494,0.00201416015625,0.0042724609375,0.0033954915124922,4.056841135025024e-06,1.825392246246338e-05,0.0033954891841858,0.0446963459253311,1.1947728125960566e-05,5.375929322326556e-05,99.99993133544922,8
495,495,0.001953125,0.00408935546875,0.0033954868558794,3.814697265625e-06,1.6722828149795532e-05,0.0033954847604036,0.0446962565183639,1.1234609701205043e-05,4.925016037304886e-05,99.99993896484376,8
496,496,0.002044677734375,0.00408935546875,0.0033954821992665,4.180707037448883e-06,1.6722828149795532e-05,0.0033954801037907,0.0446961745619773,1.2312557373661548e-05,4.925022949464619e-05,99.99993896484376,8
497,497,0.00201416015625,0.0040283203125,0.0033954777754843,4.056841135025024e-06,1.6227364540100098e-05,0.0033954756800085,0.0446960851550102,1.194777632917976e-05,4.779110531671904e-05,99.99993896484376,8
498,498,0.00201416015625,0.00384521484375,0.0033954728860408,4.056841135025024e-06,1.4785677194595335e-05,0.0033954710233956,0.044695995748043,1.1947793609579094e-05,4.35452675446868e-05,99.99994659423828,8
499,499,0.00213623046875,0.004150390625,0.0033954677637666,4.563480615615845e-06,1.722574234008789e-05,0.0033954656682908,0.0446958988904953,1.3439916983770672e-05,5.073157444712706e-05,99.99993896484376,8
0,0,627.3619384765625,1363.4202880859375,225.25552368164065,393583.0,1858914.875,0.0057366117835044,0.0645457208156585,17.472734451293945,82.52471923828125,0.0025467129889875,9
1,1,533.4154052734375,1288.33642578125,194.4399261474609,284532.0,1659810.75,0.0056582922115921,0.0639165043830871,14.633414268493652,85.36367797851562,0.0029100466053932,9
2,2,444.8966064453125,1216.183349609375,167.70909118652344,197932.984375,1479102.0,0.0055892118252813,0.0633575320243835,11.802162170410156,88.19450378417969,0.0033326824195683,9
3,3,361.8558654785156,1146.70458984375,144.59263610839844,130939.6640625,1314931.375,0.0055308109149336,0.0629063993692398,9.05576229095459,90.9404067993164,0.0038250985089689,9
4,4,284.2510986328125,1079.650634765625,124.64989471435548,80798.6875,1165645.5,0.005482324399054,0.0625349655747413,6.482049942016602,93.51355743408205,0.0043981783092021,9
5,5,212.18704223632807,1014.7528076171876,107.48009490966795,45023.33984375,1029723.25,0.0054429923184216,0.0622274801135063,4.188992977142334,95.80594635009766,0.0050641866400837,9
6,6,145.76824951171875,951.7635498046876,92.71563720703124,21248.3828125,905853.875,0.0054121054708957,0.061979204416275,2.2917795181274414,97.70238494873048,0.0058373166248202,9
7,7,85.07844543457031,890.4633178710938,80.02171325683594,7238.341796875,792924.9375,0.0053888419643044,0.0617975890636444,0.904547154903412,99.08871459960938,0.0067342249676585,9
8,8,30.219757080078125,830.6625366210938,69.09671783447266,913.2337036132812,690000.25,0.0053722597658634,0.0616766214370727,0.1321674436330795,99.8600616455078,0.0077749858610332,9
9,9,18.66827392578125,772.192138671875,59.66827774047852,348.50445556640625,596280.6875,0.0053612766787409,0.0615941956639289,0.0584069862961769,99.93260955810548,0.008985137566924,9
10,10,61.4052734375,714.9096069335938,51.49198913574219,3770.607666015625,511095.75,0.0053546670824289,0.0615435764193534,0.7322707176208496,99.25733184814452,0.0103990295901894,9
11,11,97.81036376953124,658.6971435546875,44.35022735595703,9566.8671875,433881.9375,0.0053512034937739,0.061515025794506,2.1571178436279297,97.83081817626952,0.0120657859370112,9
12,12,127.75753784179688,603.464599609375,38.05450439453125,16321.98828125,364169.53125,0.0053497976623475,0.0615005157887935,4.289108276367188,95.69683074951172,0.014058250002563,9
13,13,151.23831176757812,549.149169921875,32.44913482666016,22873.02734375,301564.8125,0.0053496370092034,0.0614972412586212,7.048887252807617,92.93462371826172,0.0164862237870693,9
14,14,168.392822265625,495.7190856933594,27.414703369140625,28356.142578125,245737.40625,0.0053502209484577,0.0615132451057434,10.343406677246094,89.6370849609375,0.0195158813148736,9
15,15,179.5029296875,443.1701354980469,22.86745834350586,32221.302734375,196399.765625,0.0053513008169829,0.0615330673754215,14.090460777282717,85.88613891601562,0.0234013795852661,9
16,16,184.9642333984375,391.5285034179688,18.75598526000977,34211.76953125,153294.5625,0.0053527816198766,0.0615565255284309,18.240455627441406,81.73101043701172,0.0285390596836805,9
17,17,185.2529296875,340.848388671875,15.05498218536377,34318.6484375,116177.625,0.0053546535782516,0.061581902205944,22.795541763305664,77.16888427734375,0.035567320883274,9
18,18,180.89791870117188,291.21875,11.75859832763672,32724.056640625,84808.359375,0.0053569395095109,0.0616084225475788,27.82989501953125,72.12454986572266,0.0455576367676258,9
19,19,172.45904541015625,242.76544189453125,8.873077392578125,29742.123046875,58935.05859375,0.0053596594370901,0.0616359077394008,33.51951217651367,66.42008209228516,0.0604036152362823,9
20,20,160.51004028320312,195.65570068359372,6.409825325012207,25763.47265625,38281.15234375,0.0053628054447472,0.061664056032896,40.19371795654297,59.72261428833008,0.0836653932929039,9
21,21,145.62472534179688,150.10321044921875,4.379119873046875,21206.560546875,22530.974609375,0.0053663095459342,0.0616921968758106,48.426536560058594,51.45091247558594,0.1225431114435195,9
22,22,128.37857055664062,106.37213134765624,2.7849786281585693,16481.056640625,11315.0302734375,0.0053700441494584,0.061719425022602,59.17839431762695,40.6287841796875,0.1928217411041259,9
23,23,109.33926391601562,64.77764892578125,1.6204956769943235,11955.07421875,4196.14404296875,0.0053738066926598,0.0617442056536674,73.77418518066406,25.894201278686523,0.331615000963211,9
24,24,89.07022094726562,25.68206787109375,0.8646845817565918,7933.50439453125,659.568603515625,0.0053773210383951,0.0617650672793388,91.7502670288086,7.627852439880371,0.6218823790550232,9
25,25,68.12435913085938,10.51104736328125,0.4805212616920471,4640.92822265625,110.48211669921876,0.0053802435286343,0.0617796182632446,96.58111572265624,2.2992138862609863,1.1196681261062622,9
26,26,47.04318237304688,43.3861083984375,0.4149237275123596,2213.06103515625,1882.3543701171875,0.0053821834735572,0.061785515397787,53.336570739746094,45.36627197265625,1.2971501350402832,9
27,27,26.34921264648437,72.5286865234375,0.600851833820343,694.281005859375,5260.41015625,0.0053827101364731,0.0617806017398834,11.55494499206543,87.54920959472656,0.8958465456962585,9
28,28,6.537994384765625,97.56805419921876,0.9616084694862366,42.74536895751953,9519.525390625,0.0053814086131751,0.0617611855268478,0.4445194602012634,98.995849609375,0.5596257448196411,9
29,29,11.9359130859375,118.2139892578125,1.4170790910720823,142.4660186767578,13974.546875,0.0053779114969074,0.0617240071296691,1.0053497552871704,98.61514282226562,0.3795067965984344,9
30,30,28.6751708984375,134.28839111328125,1.89093554019928,822.2654418945312,18033.37109375,0.0053719379939138,0.0616673156619071,4.348458290100098,95.3674545288086,0.2840888798236847,9
31,31,43.35610961914063,145.74658203125,2.317545175552368,1879.752197265625,21242.06640625,0.0053633232600986,0.0615894645452499,8.1109619140625,91.65760803222656,0.2314226031303405,9
32,32,55.74058532714844,152.69384765625,2.647594451904297,3107.012939453125,23315.41015625,0.0053520407527685,0.0614902041852474,11.7352294921875,88.0626220703125,0.2021473199129104,9
33,33,65.68328857421875,155.36822509765625,2.850696086883545,4314.29443359375,24139.28515625,0.0053381971083581,0.0613702312111854,15.134180068969728,84.6785659790039,0.1872594207525253,9
34,34,73.13182067871094,154.130615234375,2.9157729148864746,5348.26318359375,23756.24609375,0.0053220191039144,0.0612312406301498,18.34252166748047,81.4749526977539,0.1825251579284668,9
35,35,78.12066650390625,149.4285888671875,2.848477840423584,6102.83837890625,22328.90234375,0.0053038327023386,0.061075747013092,21.42491149902344,78.38888549804688,0.1861988455057144,9
36,36,80.7576904296875,141.77154541015625,2.667381525039673,6521.8046875,20099.171875,0.0052840309217572,0.0609068796038627,24.450210571289062,75.35169219970703,0.1980980634689331,9
37,37,81.20991516113281,131.69891357421875,2.39922833442688,6595.05029296875,17344.603515625,0.0052630538120865,0.0607281029224395,27.48821449279785,72.29241943359375,0.2193644344806671,9
38,38,79.68919372558594,119.75177001953124,2.074326753616333,6350.36767578125,14340.486328125,0.0052413512021303,0.0605430528521537,30.614112854003903,69.13320922851562,0.2526772320270538,9
39,39,76.43490600585938,106.45343017578124,1.7226821184158323,5842.294921875,11332.3330078125,0.0052193664014339,0.0603553801774978,33.91394805908203,65.7830810546875,0.3029790818691253,9
40,40,71.70404052734375,92.293212890625,1.3711481094360352,5141.46923828125,8518.037109375,0.0051975171081721,0.0601684972643852,37.4975471496582,62.12338638305664,0.3790631294250488,9
41,41,65.75782775878906,77.713623046875,1.0415260791778564,4324.091796875,6039.4072265625,0.005176180973649,0.0599855668842792,41.516883850097656,57.98613357543945,0.4969804584980011,9
42,42,58.8564453125,63.1048583984375,0.7497860789299011,3464.0810546875,3982.22314453125,0.0051556816324591,0.0598092824220657,46.20092391967773,53.11145782470703,0.6876203417778015,9
43,43,51.2509765625,48.79833984375,0.5059303045272827,2626.66259765625,2381.278076171875,0.005136290565133,0.0596419647336006,51.917476654052734,47.06731033325195,1.0152170658111572,9
44,44,43.17906188964844,35.06903076171875,0.3145450353622436,1864.431396484375,1229.8369140625,0.0051182159222662,0.059485487639904,59.27391052246094,39.09891128540039,1.6271806955337524,9
45,45,34.8634033203125,22.13739013671875,0.1756536960601806,1215.4569091796875,490.0640563964844,0.0051016062498092,0.0593412667512893,69.19619750976562,27.899444580078125,2.9043545722961426,9
46,46,26.508316040039062,10.17315673828125,0.0857049450278282,702.6907958984375,103.4931182861328,0.005086557008326,0.0592101775109767,81.9895248413086,12.075512886047363,5.934963226318359,9
47,47,18.300079345703125,0.702392578125,0.0386117361485958,334.8929138183594,0.4933553338050842,0.0050731105729937,0.0590926147997379,86.73345184326172,0.1277734190225601,13.138778686523438,9
48,48,10.404052734375,10.4071044921875,0.0267164818942546,108.24431610107422,108.30782318115234,0.0050612683407962,0.0589887015521526,40.51593399047852,40.53970336914063,18.944366455078125,9
49,49,2.965576171875,18.89337158203125,0.0416264049708843,8.794642448425293,356.9595031738281,0.0050509916618466,0.0588982254266738,2.112755537033081,85.75313568115234,12.13410472869873,9
50,50,3.890960693359375,26.144775390625,0.0749111026525497,15.139575004577637,683.5492553710938,0.0050422167405486,0.0588207356631755,2.021005630493164,91.24806213378906,6.730933666229248,9
51,51,10.062286376953123,32.16949462890625,0.1186474487185478,101.2496109008789,1034.8763427734375,0.0050348523072898,0.0587555542588233,8.533652305603027,87.2228012084961,4.243540287017822,9
52,52,15.467254638671877,36.99462890625,0.1658126413822174,239.2359619140625,1368.6025390625,0.0050287987105548,0.0587019026279449,14.428089141845703,82.53909301757812,3.032819986343384,9
53,53,20.045623779296875,40.66522216796875,0.2105726599693298,401.8270263671875,1653.6602783203125,0.005023943260312,0.0586588233709335,19.08258438110352,78.53157806396484,2.385847806930542,9
54,54,23.75958251953125,43.2376708984375,0.2484215497970581,564.5177612304688,1869.4962158203125,0.00502017326653,0.0586253441870212,22.72418594360352,75.25498962402344,2.020828485488892,9
55,55,26.592529296875,44.77960205078125,0.2762548923492431,707.16259765625,2005.2127685546875,0.0050173755735158,0.058600477874279,25.59819221496582,72.58560180664062,1.8162124156951904,9
56,56,28.54791259765625,45.36627197265625,0.2923236489295959,814.9833374023438,2058.0986328125,0.0050154416821897,0.0585832819342613,27.87948608398437,70.40479278564453,1.715715408325195,9
57,57,29.64877319335937,45.078125,0.2961229681968689,879.0497436523438,2032.037353515625,0.0050142705440521,0.0585728660225868,29.68529510498047,68.62139892578125,1.6933069229125977,9
58,58,29.936737060546875,44.00042724609375,0.2882383465766907,896.208251953125,1936.03759765625,0.0050137666985392,0.0585683956742286,31.092607498168945,67.16793823242188,1.7394516468048096,9
59,59,29.469482421875,42.22027587890625,0.2701140344142914,868.4503784179688,1782.5516357421875,0.0050138449296355,0.0585691183805465,32.151248931884766,65.99256134033203,1.8561955690383911,9
60,60,28.317901611328125,39.829833984375,0.2438463419675827,801.903564453125,1586.4156494140625,0.0050144251435995,0.058574341237545,32.8856086730957,65.0580062866211,2.056387186050415,9
61,61,26.56552124023437,36.9195556640625,0.2118934839963913,705.7269287109375,1363.0535888671875,0.0050154356285929,0.0585833974182605,33.30573654174805,64.32730102539062,2.3669607639312744,9
62,62,24.30328369140625,33.581787109375,0.1768554151058197,590.6495971679688,1127.7364501953125,0.0050168093293905,0.0585957095026969,33.39731216430664,63.76601028442383,2.836672782897949,9
63,63,21.62994384765625,29.90802001953125,0.1412528902292251,467.8544616699219,894.4896850585938,0.0050184819847345,0.0586107075214386,33.121761322021484,63.32540512084961,3.552834987640381,9
64,64,18.646240234375,25.98809814453125,0.1073267459869384,347.6822814941406,675.3812255859375,0.005020395386964,0.0586278289556503,32.394744873046875,62.92757415771485,4.677674293518066,9
65,65,15.45452880859375,21.91107177734375,0.0769162401556968,238.84246826171875,480.0950622558594,0.0050224903970956,0.0586465448141098,31.05228042602539,62.41790008544922,6.529817581176758,9
66,66,12.15374755859375,17.7625732421875,0.0513469688594341,147.7135772705078,315.5090026855469,0.0050247116014361,0.0586663372814655,28.767728805541992,61.44646835327149,9.785799980163574,9
67,67,8.84027099609375,13.62457275390625,0.0314049422740936,78.150390625,185.6289825439453,0.0050270031206309,0.0586867332458496,24.884742736816406,59.10820388793945,16.00704574584961,9
68,68,5.601898193359375,9.5753173828125,0.0173361077904701,31.38126373291016,91.68670654296876,0.0050293104723095,0.0587072223424911,18.10167694091797,52.8877067565918,29.010608673095703,9
69,69,2.51849365234375,5.6856689453125,0.0088985469192266,6.342810153961182,32.32683181762695,0.0050315828993916,0.058727353811264,7.1279168128967285,36.32821273803711,56.54386901855469,9
70,70,0.33941650390625,2.0201416015625,0.0054533868096768,0.1152035593986511,4.080972194671631,0.0050337691791355,0.0587467029690742,0.2112513929605484,7.483371257781982,92.3053741455078,9
71,71,2.914306640625,1.363525390625,0.006071061361581,8.493183135986328,1.859201431274414,0.0050358232110738,0.0587648525834083,13.989618301391602,3.062399387359619,82.94799041748047,9
72,72,5.16009521484375,4.41693115234375,0.0096512883901596,26.626583099365234,19.509281158447266,0.0050377026200294,0.0587814375758171,27.58863067626953,20.21417236328125,52.19720458984375,9
73,73,7.04376220703125,7.10223388671875,0.0150450011715292,49.61458587646485,50.44172668457031,0.0050393706187605,0.058796152472496,32.97745513916016,33.52722930908203,33.49531555175781,9
74,74,8.544967651367188,9.38787841796875,0.0211556684225797,73.01647186279297,88.13226318359375,0.0050407955422997,0.0588087141513824,34.5139045715332,41.65893173217773,23.82716178894043,9
75,75,9.6558837890625,11.2574462890625,0.02703857421875,93.23609161376952,126.73009490966795,0.0050419559702277,0.0588189475238323,34.48262023925781,46.87010955810547,18.64727020263672,9
76,76,10.381027221679688,12.70245361328125,0.031954638659954,107.7657241821289,161.35232543945312,0.0050428351387381,0.058826707303524,33.72459411621094,50.49418258666992,15.781229972839355,9
77,77,10.735122680664062,13.7232666015625,0.0354005135595798,115.24285888671876,188.3280487060547,0.0050434242002666,0.0588319264352321,32.55400848388672,53.1992416381836,14.24675464630127,9
78,78,10.743637084960938,14.331298828125,0.0371249094605445,115.4257354736328,205.38612365722656,0.005043723154813,0.0588345937430858,31.091182708740234,55.32299423217773,13.585819244384766,9
79,79,10.438934326171877,14.54644775390625,0.0371007844805717,108.97135162353516,211.59913635253903,0.0050437385216355,0.0588347725570201,29.37170791625977,57.033599853515625,13.594694137573242,9
80,80,9.860260009765623,14.39520263671875,0.0354881398379802,97.22472381591795,207.22186279296875,0.0050434824079275,0.0588325783610343,27.396398544311523,58.39186477661133,14.21174144744873,9
81,81,9.051666259765623,13.913818359375,0.0325956754386425,81.93266296386719,193.59434509277344,0.0050429762341082,0.0588281750679016,25.13605117797852,59.39264297485352,15.471304893493652,9
82,82,8.06024169921875,13.1392822265625,0.028803065419197,64.96749877929688,172.64073181152344,0.0050422432832419,0.0588217750191688,22.555757522583008,59.93831253051758,17.50592613220215,9
83,83,6.9337158203125,12.11553955078125,0.024527583271265,48.076416015625,146.7863006591797,0.0050413105636835,0.0588136315345764,19.6009578704834,59.84539794921875,20.553638458251957,9
84,84,5.72076416015625,10.88800048828125,0.0201677791774272,32.727142333984375,118.54855346679688,0.0050402106717228,0.0588039979338645,16.227439880371094,58.78116607666016,24.99140167236328,9
85,85,4.4661865234375,9.50384521484375,0.016065964475274,19.946821212768555,90.32307434082033,0.0050389748066663,0.0587931759655475,12.415575981140137,56.22013854980469,31.36428642272949,9
86,86,3.213287353515625,8.00994873046875,0.0124860880896449,10.325215339660645,64.1592788696289,0.005037638824433,0.0587814599275589,8.269375801086426,51.38460922241211,40.34601593017578,9
87,87,2.000579833984375,6.4510498046875,0.0095980716869235,4.002319812774658,41.61604309082031,0.0050362353213131,0.0587691441178321,4.169920921325684,43.3587532043457,52.47132110595703,9
88,88,0.8607177734375,4.87152099609375,0.0074820527806878,0.7408350706100464,23.73171615600586,0.0050347978249192,0.0587565228343009,0.9901493787765504,31.718189239501957,67.29166412353516,9
89,89,0.178070068359375,3.311279296875,0.0061329868622124,0.0317089483141899,10.964570999145508,0.0050333589315414,0.0587438829243183,0.0517022907733917,17.878028869628906,82.07027435302734,9
90,90,1.09405517578125,1.80645751953125,0.0054779713973402,1.196956753730774,3.263288736343384,0.0050319470465183,0.0587314739823341,2.185036420822144,5.957111358642578,91.85785675048828,9
91,91,1.872039794921875,0.3890380859375,0.0053961793892085,3.504533052444458,0.1513506323099136,0.0050305910408496,0.058719553053379,6.494471549987793,0.280477374792099,93.2250518798828,9
92,92,2.50250244140625,0.9122314453125,0.005738784559071,6.262518405914307,0.8321661949157715,0.005029316060245,0.0587083287537097,10.912620544433594,1.4500739574432373,87.6373062133789,9
93,93,2.982147216796875,2.07562255859375,0.0063482825644314,8.89320182800293,4.30820894241333,0.0050281416624784,0.0586980022490024,14.008830070495604,6.786416530609131,79.20475769042969,9
94,94,3.31207275390625,3.08392333984375,0.0070751281455159,10.969825744628906,9.51058292388916,0.0050270874053239,0.0586887225508689,15.504773139953612,13.442276000976562,71.05294799804688,9
95,95,3.49847412109375,3.92376708984375,0.0077896942384541,12.239320755004885,15.39594841003418,0.0050261672586202,0.0586806312203407,15.71219539642334,19.764509201049805,64.5232925415039,9
96,96,3.55206298828125,4.58929443359375,0.0083932690322399,12.617151260375977,21.061622619628903,0.0050253923982381,0.0586738139390945,15.032463073730469,25.093469619750977,59.87407684326172,9
97,97,3.486083984375,5.0767822265625,0.0088174203410744,12.15278148651123,25.773717880249023,0.0050247707404196,0.058668352663517,13.782694816589355,29.230451583862305,56.986854553222656,9
98,98,3.316436767578125,5.38909912109375,0.0090284179896116,10.99875259399414,29.042388916015625,0.0050243036821484,0.0586642585694789,12.182369232177734,32.16775131225586,55.64987564086914,9
99,99,3.06072998046875,5.53253173828125,0.0090216882526874,9.368067741394045,30.60890769958496,0.0050239912234246,0.0586615204811096,10.383940696716309,33.92813491821289,55.68792724609375,9
100,100,2.73773193359375,5.51580810546875,0.0088157597929239,7.495176315307617,30.42413902282715,0.0050238287076354,0.0586601197719574,8.502019882202148,34.51108169555664,56.98690414428711,9
101,101,2.3658447265625,5.35357666015625,0.0084496103227138,5.597221374511719,28.660783767700195,0.0050238096155226,0.0586599744856357,6.624236106872559,33.919654846191406,59.45610809326172,9
102,102,1.963165283203125,5.06072998046875,0.0079704243689775,3.854017972946167,25.61098861694336,0.0050239232368767,0.0586609989404678,4.835398674011231,32.13252639770508,63.03206634521485,9
103,103,1.546966552734375,4.65631103515625,0.0074315890669822,2.3931055068969727,21.681232452392575,0.005024155601859,0.0586630702018737,3.220180034637451,29.17442321777344,67.60540008544922,9
104,104,1.132598876953125,4.15924072265625,0.006882696878165,1.2827801704406738,17.299283981323242,0.0050244904123246,0.0586660504341125,1.863775372505188,25.13445281982422,73.00177001953125,9
105,105,0.734405517578125,3.5904541015625,0.0063679832965135,0.5393514633178711,12.89136028289795,0.0050249118357896,0.0586697943508625,0.846973717212677,20.24402236938477,78.90899658203125,9
106,106,0.3631591796875,2.970947265625,0.0059212413616478,0.1318845897912979,8.82652759552002,0.00502540031448,0.0586741268634796,0.2227313071489334,14.906549453735352,84.87071990966797,9
107,107,0.028350830078125,2.32220458984375,0.0055652796290814,0.0008037695661187,5.392634391784668,0.0050259358249604,0.0586788728833198,0.0014442573301494,9.689781188964844,90.30877685546876,9
108,108,0.263397216796875,1.66400146484375,0.0053103286772966,0.0693780928850174,2.7689008712768555,0.0050265006721019,0.0586838722229003,0.1306474506855011,5.214179515838623,94.65516662597656,9
109,109,0.5074462890625,1.01568603515625,0.0051559847779572,0.2575017213821411,1.0316181182861328,0.005027072969824,0.0586889460682868,0.499422937631607,2.000816822052002,97.49976348876952,9
110,110,0.7021484375,0.3958740234375,0.0050926101393997,0.4930124282836914,0.1567162424325943,0.005027636885643,0.0586939379572868,0.9680938124656676,0.3077326416969299,98.7241668701172,9
111,111,0.846923828125,0.18133544921875,0.0051031904295086,0.7172799706459045,0.0328825451433658,0.0050281742587685,0.0586986914277076,1.4055520296096802,0.0644352659583091,98.53001403808594,9
112,112,0.943206787109375,0.703125,0.0051670726388692,0.8896390199661255,0.494384765625,0.0050286701880395,0.0587030872702598,1.7217466831207275,0.9567985534667968,97.32144927978516,9
113,113,0.994842529296875,1.157470703125,0.0052620572969317,0.9897116422653198,1.339738368988037,0.0050291121006011,0.0587069988250732,1.8808454275131223,2.5460352897644043,95.57311248779295,9
114,114,1.00616455078125,1.5364990234375,0.005366810131818,1.0123671293258667,2.3608293533325195,0.0050294906832277,0.0587103478610515,1.886348009109497,4.398942947387695,93.71471405029295,9
115,115,0.981964111328125,1.8363037109375,0.0054634232074022,0.964253544807434,3.372011423110962,0.0050297966226935,0.0587130635976791,1.7649255990982056,6.171975612640381,92.06310272216795,9
116,116,0.928466796875,2.0540771484375,0.0055381548590958,0.8620505928993225,4.21923303604126,0.0050300266593694,0.0587151125073432,1.5565664768218994,7.618481636047363,90.82495880126952,9
117,117,0.852294921875,2.18951416015625,0.0055822157301008,0.7264066338539124,4.793972492218018,0.0050301775336265,0.0587164536118507,1.301287293434143,8.58793830871582,90.11076354980467,9
118,118,0.75933837890625,2.2457275390625,0.0055922400206327,0.5765947699546814,5.043292045593262,0.0050302511081099,0.0587171241641044,1.0310622453689575,9.018375396728516,89.95055389404297,9
119,119,0.6549072265625,2.22808837890625,0.0055695781484246,0.4289034605026245,4.964377880096436,0.0050302501767873,0.058717131614685,0.7700824737548828,8.913382530212402,90.31654357910156,9
120,120,0.545166015625,2.14312744140625,0.0055191996507346,0.2972059845924377,4.5929951667785645,0.0050301798619329,0.0587165243923664,0.5384946465492249,8.321849822998047,91.13966369628906,9
121,121,0.434814453125,1.99853515625,0.0054483669809997,0.1890636086463928,3.994142770767212,0.0050300462171435,0.0587153658270835,0.3470096886157989,7.330898761749268,92.32209014892578,9
122,122,0.327423095703125,1.80462646484375,0.0053662476129829,0.1072058826684951,3.25667667388916,0.0050298594869673,0.0587137341499328,0.1997780948877334,6.0688157081604,93.73140716552734,9
123,123,0.226593017578125,1.571533203125,0.0052817333489656,0.0513443946838378,2.4697165489196777,0.0050296271219849,0.0587117075920105,0.0972112566232681,4.675958156585693,95.2268295288086,9
124,124,0.134521484375,1.30950927734375,0.0052026538178324,0.0180960297584533,1.71481454372406,0.0050293626263737,0.0587093904614448,0.0347823053598403,3.296038150787353,96.66918182373048,9
125,125,0.052886962890625,1.030517578125,0.0051355534233152,0.0027970308437943,1.0619664192199707,0.0050290767103433,0.0587068833410739,0.0054464056156575,2.067871332168579,97.92667388916016,9
126,126,0.016357421875,0.74298095703125,0.0050840056501328,0.0002675652503967,0.5520207285881042,0.0050287768244743,0.0587042570114135,0.0005262882332317,1.0857988595962524,98.9136734008789,9
127,127,0.0743408203125,0.45880126953125,0.0050500785000622,0.0055265575647354,0.2104986011981964,0.0050284760072827,0.0587016269564628,0.0109435077756643,0.4168224632740021,99.57223510742188,9
128,128,0.120330810546875,0.1856689453125,0.005033079534769,0.0144795039668679,0.0344729572534561,0.0050281845033168,0.0586990714073181,0.0287686772644519,0.0684927776455879,99.90274047851562,9
129,129,0.1551513671875,0.06781005859375,0.0050307759083807,0.0240719467401504,0.0045982040464878,0.005027909297496,0.0586966574192047,0.0478493720293045,0.0091401487588882,99.9430160522461,9
130,130,0.179962158203125,0.29644775390625,0.0050396840088069,0.032386377453804,0.0878812670707702,0.0050276573747396,0.0586944594979286,0.0642627105116844,0.1743785291910171,99.76136016845705,9
131,131,0.195648193359375,0.493896484375,0.0050556575879454,0.0382782146334648,0.2439337372779846,0.0050274366512894,0.0586925223469734,0.0757136195898056,0.4824965596199035,99.4417953491211,9
132,132,0.2039794921875,0.65692138671875,0.0050745652988553,0.0416076332330703,0.4315457046031952,0.0050272499211132,0.0586908981204032,0.081992506980896,0.8504091501235962,99.06759643554688,9
133,133,0.206329345703125,0.78277587890625,0.0050926310941576,0.042571797966957,0.6127380728721619,0.00502710044384,0.0586895942687988,0.0835948958992958,1.2031856775283811,98.71322631835938,9
134,134,0.20257568359375,0.87091064453125,0.0051069417968392,0.0410369075834751,0.7584853768348694,0.0050269896164536,0.0586886294186115,0.0803551450371742,1.485204577445984,98.43444061279295,9
135,135,0.19525146484375,0.92230224609375,0.0051157940179109,0.0381231345236301,0.8506414294242859,0.0050269174389541,0.0586880147457122,0.0745204612612724,1.662774920463562,98.26270294189452,9
136,136,0.18670654296875,0.9364013671875,0.0051180548034608,0.0348593331873416,0.876847505569458,0.0050268839113414,0.0586877278983593,0.0681105107069015,1.7132437229156494,98.21864318847656,9
137,137,0.1749267578125,0.9200439453125,0.0051145907491445,0.030599370598793,0.8464808464050293,0.0050268829800188,0.0586877465248107,0.0598276033997535,1.6550313234329224,98.28514099121094,9
138,138,0.161224365234375,0.87347412109375,0.0051058079116046,0.0259932950139045,0.7629570364952087,0.0050269127823412,0.0586880221962928,0.0509092696011066,1.494292378425598,98.45479583740234,9
139,139,0.14666748046875,0.802734375,0.0050935605540871,0.0215113498270511,0.6443824768066406,0.0050269709900021,0.0586885511875152,0.0422324389219284,1.265092372894287,98.6926727294922,9
140,140,0.131439208984375,0.71075439453125,0.0050792940892279,0.0172762647271156,0.5051718354225159,0.0050270492210984,0.0586892552673816,0.0340131185948848,0.9945709109306335,98.9714126586914,9
141,141,0.1162109375,0.60321044921875,0.0050648809410631,0.0135049819946289,0.3638628423213959,0.005027144216001,0.0586901158094406,0.0266639664769172,0.7184035181999207,99.25493621826172,9
142,142,0.100250244140625,0.48651123046875,0.0050519243814051,0.0100501114502549,0.2366931736469268,0.0050272503867745,0.0586910657584667,0.019893629476428,0.4685208201408386,99.5115966796875,9
143,143,0.083984375,0.36431884765625,0.0050413394346833,0.0070533752441406,0.1327282190322876,0.0050273612141609,0.0586920604109764,0.0139910746365785,0.2632796764373779,99.72272491455078,9
144,144,0.06719970703125,0.24102783203125,0.0050337337888777,0.0045158006250858,0.0580944158136844,0.0050274725072085,0.0586930587887764,0.0089710755273699,0.115410178899765,99.8756103515625,9
145,145,0.050567626953125,0.1224365234375,0.0050293342210352,0.0025570848956704,0.0149907022714614,0.0050275796093046,0.058694027364254,0.0050843404605984,0.0298065338283777,99.9651107788086,9
146,146,0.03369140625,0.010986328125,0.005027805455029,0.0011351108551025,0.0001206994056701,0.0050276797264814,0.0586949214339256,0.0022576665505766,0.0002400637895334,99.99749755859376,9
147,147,0.01666259765625,0.089599609375,0.00502859801054,0.000277642160654,0.0080280900001525,0.0050277672708034,0.0586957186460495,0.0005521263810805,0.0159648675471544,99.98347473144533,9
148,148,0.000335693359375,0.1771240234375,0.0050309780053794,1.126900315284729e-07,0.031372919678688,0.0050278408452868,0.0586963817477226,2.2399228782887806e-07,0.0623594857752323,99.9376449584961,9
149,149,0.01641845703125,0.24969482421875,0.0050341603346168,0.000269565731287,0.0623475052416324,0.0050278985872864,0.0586969032883644,0.0005354730528779,0.1238488554954528,99.87561798095705,9
150,150,0.032073974609375,0.3056640625,0.0050373855046927,0.0010287398472428,0.0934305191040039,0.0050279395654797,0.0586972907185554,0.0020422097295522,0.18547423183918,99.81248474121094,9
151,151,0.047210693359375,0.3450927734375,0.0050400937907397,0.0022288495674729,0.1190890222787857,0.0050279619172215,0.0586974993348121,0.0044222380965948,0.2362833321094513,99.75929260253906,9
152,152,0.060699462890625,0.36773681640625,0.0050418581813573,0.0036844247952103,0.1352303624153137,0.0050279670394957,0.0586975663900375,0.0073076719418168,0.2682152986526489,99.7244873046875,9
153,153,0.0716552734375,0.37396240234375,0.0050424546934664,0.0051344782114028,0.1398478746414184,0.005027956329286,0.0586974881589412,0.0101824970915913,0.2773408591747284,99.71247100830078,9
154,154,0.079681396484375,0.3680419921875,0.0050421124324202,0.0063491249457001,0.1354549080133438,0.0050279321148991,0.0586972944438457,0.0125921908766031,0.2686471343040466,99.71876525878906,9
155,155,0.0859375,0.34954833984375,0.005040852818638,0.00738525390625,0.1221840381622314,0.0050278957933187,0.0586969964206218,0.0146508030593395,0.2423876374959945,99.74295806884766,9
156,156,0.090606689453125,0.3187255859375,0.0050388276576995,0.008209572173655,0.1015859991312027,0.0050278482958674,0.0586965829133987,0.0162926241755485,0.2016064077615738,99.7821044921875,9
157,157,0.093170166015625,0.2796630859375,0.0050364797934889,0.0086806798353791,0.0782114416360855,0.0050277905538678,0.0586960986256599,0.0172356087714433,0.155289888381958,99.82747650146484,9
158,158,0.092681884765625,0.23394775390625,0.0050340597517788,0.0085899317637085,0.0547315515577793,0.0050277272239327,0.0586955584585666,0.0170636270195245,0.1087224781513214,99.87420654296876,9
159,159,0.089080810546875,0.18389892578125,0.0050318366847932,0.0079353908076882,0.0338188149034976,0.0050276611000299,0.0586949922144413,0.0157703664153814,0.0672096833586692,99.9170150756836,9
160,160,0.08209228515625,0.132568359375,0.0050300247967243,0.006739143282175,0.0175743699073791,0.0050275935791432,0.058694414794445,0.0133978333324193,0.0349389314651489,99.95166778564452,9
161,161,0.072357177734375,0.08172607421875,0.0050287186168134,0.0052355611696839,0.0066791512072086,0.0050275274552404,0.0586938560009002,0.0104113221168518,0.0132820149883627,99.97631072998048,9
162,162,0.060699462890625,0.0328369140625,0.0050279409624636,0.0036844247952103,0.001078262925148,0.0050274645909667,0.0586933195590972,0.0073278998024761,0.0021445415914058,99.9905242919922,9
163,163,0.04754638671875,0.0125732421875,0.0050276485271751,0.0022606588900089,0.0001580864191055,0.005027406848967,0.0586928203701972,0.0044964533299207,0.000314434088068,99.99519348144533,9
164,164,0.033050537109375,0.0535888671875,0.0050277509726583,0.0010923380032181,0.0028717666864395,0.0050273542292416,0.0586923696100711,0.0021726174745708,0.0057118320837616,99.99211120605467,9
165,165,0.018280029296875,0.08770751953125,0.0050281104631721,0.0003341594710946,0.0076926089823246,0.0050273076631128,0.058691993355751,0.0006645825924351,0.0152992038056254,99.9840316772461,9
166,166,0.003326416015625,0.1148681640625,0.0050285896286368,1.10650435090065e-05,0.0131946951150894,0.005027269013226,0.0586916655302047,2.2004267520969734e-05,0.0262393523007631,99.97373962402344,9
167,167,0.01068115234375,0.135498046875,0.0050290846265852,0.0001140870153903,0.0183597207069396,0.0050272373482584,0.0586914047598838,0.0002268544485559,0.0365070812404155,99.96326446533205,9
168,168,0.023651123046875,0.148193359375,0.0050294660031795,0.0005593756213784,0.0219612717628479,0.0050272140651941,0.0586912110447883,0.0011121968273073,0.0436652116477489,99.9552230834961,9
169,169,0.034027099609375,0.15435791015625,0.0050296946428716,0.0011578435078263,0.0238263644278049,0.0050271959044039,0.0586910732090473,0.0023020154330879,0.04737139493227,99.9503173828125,9
170,170,0.041900634765625,0.1544189453125,0.0050297444686293,0.0017556631937623,0.0238452106714248,0.0050271842628717,0.0586909875273704,0.0034905613865703,0.047408390790224,99.9490966796875,9
171,171,0.047637939453125,0.151611328125,0.0050297020934522,0.0022693732753396,0.0229859948158264,0.0050271768122911,0.0586909428238868,0.004511943552643,0.0457005091011524,99.94979858398438,9
172,172,0.0517578125,0.1431884765625,0.0050294930115342,0.0026788711547851,0.0205029398202896,0.0050271749496459,0.0586909353733062,0.0053263246081769,0.0407654196023941,99.95391082763672,9
173,173,0.05364990234375,0.13031005859375,0.0050291619263589,0.0028783120214939,0.0169807113707065,0.0050271758809685,0.0586909726262092,0.0057232440449297,0.0337644964456558,99.96051025390624,9
174,174,0.05389404296875,0.11431884765625,0.0050287777557969,0.0029045678675174,0.0130687989294528,0.0050271800719201,0.058691032230854,0.005775892175734,0.0259880200028419,99.96823120117188,9
175,175,0.0523681640625,0.09552001953125,0.0050283730961382,0.0027424246072769,0.0091240741312503,0.0050271865911781,0.05869110673666,0.0054539004340767,0.0181451812386512,99.97640228271484,9
176,176,0.048797607421875,0.075439453125,0.0050279996357858,0.0023812064900994,0.005691111087799,0.0050271926447749,0.0586911775171756,0.0047358926385641,0.0113188372924923,99.98394775390624,9
177,177,0.04345703125,0.0548095703125,0.0050276876427233,0.0018885135650634,0.0030040889978408,0.0050271982327103,0.0586912482976913,0.0037562265060842,0.0059750904329121,99.99026489257812,9
178,178,0.03662109375,0.03472900390625,0.0050274571403861,0.0013411045074462,0.0012061037123203,0.0050272024236619,0.0586913116276264,0.0026675602421164,0.0023990334011614,99.99493408203124,9
179,179,0.028472900390625,0.01556396484375,0.0050273113884031,0.0008107060566544,0.0002422370016574,0.0050272061489522,0.05869135633111,0.0016126035479828,0.0004818420566152,99.99790954589844,9
180,180,0.01953125,0.00177001953125,0.0050272443331778,0.0003814697265625,3.1329691410064697e-06,0.0050272056832909,0.058691382408142,0.0007588047883473,6.231981387827545e-06,99.99922943115234,9
181,181,0.010345458984375,0.016845703125,0.0050272443331778,0.0001070285215973,0.0002837777137756,0.0050272052176296,0.0586913898587226,0.0002128969936165,0.0005644796765409,99.9992218017578,9
182,182,0.00146484375,0.02886962890625,0.0050272834487259,2.1457672119140625e-06,0.0008334554731845,0.0050272000953555,0.0586913675069808,4.268243628757773e-06,0.0016578644281253,99.99834442138672,9
183,183,0.0069580078125,0.03857421875,0.005027346778661,4.841387271881104e-05,0.0014879703521728,0.0050271931104362,0.0586913377046585,9.630103886593132e-05,0.0029597526881843,99.99694061279295,9
184,184,0.014129638671875,0.0450439453125,0.0050274054519832,0.0001996466889977,0.0020289570093154,0.0050271824002265,0.0586912594735622,0.0003971167316194,0.0040357932448387,99.99556732177734,9
185,185,0.01983642578125,0.048583984375,0.0050274454988539,0.000393483787775,0.0023604035377502,0.0050271702930331,0.0586911663413047,0.0007826713845133,0.0046950355172157,99.9945297241211,9
186,186,0.02423095703125,0.049560546875,0.0050274599343538,0.0005871392786502,0.002456247806549,0.0050271558575332,0.0586910620331764,0.0011678645387291,0.0048856632784008,99.99394989013672,9
187,187,0.02734375,0.049072265625,0.0050274557434022,0.0007476806640625,0.0024080872535705,0.0050271400250494,0.0586909465491771,0.0014871949097141,0.0047898725606501,99.99372100830078,9
188,188,0.029327392578125,0.04779052734375,0.0050274385139346,0.0008600959554314,0.0022839345037937,0.0050271241925656,0.0586908236145973,0.0017108035972341,0.0045429388992488,99.99374389648438,9
189,189,0.03076171875,0.04522705078125,0.0050274054519832,0.0009462833404541,0.0020454861223697,0.0050271064974367,0.0586906895041465,0.0018822498386725,0.004068671260029,99.99404907226562,9
190,190,0.03106689453125,0.0418701171875,0.0050273602828383,0.0009651519358158,0.0017531067132949,0.0050270888023078,0.0586905479431152,0.0019197986694052,0.0034871315583586,99.99459838867188,9
191,191,0.030517578125,0.03656005859375,0.0050272950902581,0.0009313225746154,0.0013366378843784,0.0050270683132112,0.0586903914809227,0.0018525321502238,0.0026587615720927,99.99549102783205,9
192,192,0.029083251953125,0.03094482421875,0.005027228500694,0.0008458355441689,0.0009575821459293,0.0050270478241145,0.0586902201175689,0.0016825086204335,0.0019047913374379,99.99640655517578,9
193,193,0.026458740234375,0.0245361328125,0.0050271567888557,0.0007000649347901,0.0006020218133926,0.0050270268693566,0.0586900562047958,0.0013925663661211,0.0011975393863394,99.9974136352539,9
194,194,0.023223876953125,0.01751708984375,0.0050270892679691,0.0005393484607338,0.000306848436594,0.0050270045176148,0.0586898848414421,0.0010728841880336,0.0006103898049332,99.9983139038086,9
195,195,0.019500732421875,0.01043701171875,0.0050270310603082,0.0003802785649895,0.0001089312136173,0.005026982165873,0.0586897060275077,0.0007564674597233,0.000216690954403,99.99903106689452,9
196,196,0.01513671875,0.00360107421875,0.0050269858911633,0.0002291202545166,1.2967735528945925e-05,0.0050269616767764,0.0586895421147346,0.0004557805368676,2.579624197096564e-05,99.99951934814452,9
197,197,0.01092529296875,0.002685546875,0.0050269537605345,0.000119362026453,7.212162017822266e-06,0.0050269407220184,0.0586893707513809,0.0002374440373387,1.4346983334689868e-05,99.99974060058594,9
198,198,0.006591796875,0.00787353515625,0.0050269309431314,4.3451786041259766e-05,6.199255585670471e-05,0.0050269206985831,0.0586892217397689,8.643799810670316e-05,0.0001233208749908,99.99979400634766,9
199,199,0.002532958984375,0.01251220703125,0.0050269179046154,6.415881216526032e-06,0.0001565553247928,0.0050269016064703,0.058689072728157,1.276305101782782e-05,0.0003114340070169,99.99967956542967,9
200,200,0.000823974609375,0.0164794921875,0.0050269104540348,6.789341568946838e-07,0.0002715736627578,0.0050268834456801,0.0586889274418354,1.3505991773854475e-06,0.0005402397364377,99.9994659423828,9
201,201,0.003692626953125,0.01922607421875,0.0050269039347767,1.363549381494522e-05,0.0003696419298648,0.0050268657505512,0.0586887896060943,2.712503373913933e-05,0.0007353271939791,99.9992446899414,9
202,202,0.006103515625,0.0213623046875,0.0050268992781639,3.725290298461914e-05,0.0004563480615615,0.0050268499180674,0.0586886703968048,7.41071198717691e-05,0.0009078122093342,99.99901580810548,9
203,203,0.0079345703125,0.02313232421875,0.0050268941558897,6.295740604400635e-05,0.0005351044237613,0.0050268340855836,0.0586885549128055,0.0001252411602763,0.0010644831927493,99.99880981445312,9
204,204,0.0089111328125,0.0240478515625,0.0050268853083252,7.940828800201416e-05,0.000578299164772,0.0050268196500837,0.0586884468793869,0.0001579671661602,0.0011504124850034,99.99869537353516,9
205,205,0.009521484375,0.02447509765625,0.0050268741324543,9.065866470336914e-05,0.0005990304052829,0.0050268052145838,0.0586883351206779,0.0001803479972295,0.0011916557559743,99.99862670898438,9
206,206,0.00958251953125,0.02484130859375,0.0050268624909222,9.182468056678772e-05,0.0006170906126499,0.0050267912447452,0.0586882270872592,0.0001826679799705,0.0012275860644876,99.9985809326172,9
207,207,0.009368896484375,0.0245361328125,0.0050268461927771,8.777622133493423e-05,0.0006020218133926,0.0050267772749066,0.0586881302297115,0.0001746149064274,0.0011976133100688,99.99862670898438,9
208,208,0.0089111328125,0.0240478515625,0.0050268294289708,7.940828800201416e-05,0.000578299164772,0.0050267637707293,0.0586880296468734,0.0001579689269419,0.0011504251742735,99.99869537353516,9
209,209,0.00811767578125,0.02325439453125,0.0050268108025193,6.58966600894928e-05,0.000540766865015,0.0050267502665519,0.0586879327893257,0.0001310903753619,0.0010757653508335,99.99879455566406,9
210,210,0.007110595703125,0.02178955078125,0.0050267893821001,5.056057125329971e-05,0.0004747845232486,0.0050267367623746,0.0586878322064876,0.0001005822341539,0.0009445084142498,99.99894714355467,9
211,211,0.005889892578125,0.0208740234375,0.0050267702899873,3.469083458185196e-05,0.0004357248544692,0.0050267232581973,0.0586877390742301,6.901217420818284e-05,0.0008668087539263,99.99906158447266,9
212,212,0.00457763671875,0.01910400390625,0.0050267493352293,2.0954757928848267e-05,0.00036496296525,0.0050267111510038,0.058687649667263,4.16865004808642e-05,0.0007260417332872,99.9992446899414,9
213,213,0.003021240234375,0.01715087890625,0.0050267283804714,9.127892553806303e-06,0.0002941526472568,0.0050266981124877,0.0586875528097152,1.8158714738092385e-05,0.0005851770984008,99.99939727783205,9
214,214,0.00146484375,0.0155029296875,0.0050267088226974,2.1457672119140625e-06,0.0002403408288955,0.0050266846083104,0.0586874634027481,4.268732027412625e-06,0.0004781276511494,99.99951934814452,9
215,215,0.000335693359375,0.01318359375,0.0050266901962459,1.126900315284729e-07,0.000173807144165,0.0050266729667782,0.0586873739957809,2.2418336698137867e-07,0.0003457685525063,99.9996566772461,9
216,216,0.001129150390625,0.01129150390625,0.0050266725011169,1.27498060464859e-06,0.0001274980604648,0.0050266599282622,0.0586872771382331,2.536430429245229e-06,0.0002536430547479,99.99974822998048,9
217,217,0.00244140625,0.0093994140625,0.0050266562029719,5.960464477539063e-06,8.834898471832275e-05,0.0050266468897461,0.0586871914565563,1.1857712706841994e-05,0.0001757609425112,99.99981689453124,9
218,218,0.003509521484375,0.0074462890625,0.0050266408361494,1.2316741049289703e-05,5.544722080230713e-05,0.0050266338512301,0.0586870983242988,2.450292777211871e-05,0.0001103067115764,99.99986267089844,9
219,219,0.00469970703125,0.00604248046875,0.0050266268663108,2.208724617958069e-05,3.651157021522522e-05,0.0050266208127141,0.0586869940161705,4.394049028633162e-05,7.263632141984999e-05,99.9998779296875,9
220,220,0.005279541015625,0.0045166015625,0.0050266124308109,2.7873553335666656e-05,2.039968967437744e-05,0.005026607774198,0.0586869046092033,5.545196108869277e-05,4.058337435708381e-05,99.99990844726562,9
221,221,0.00579833984375,0.00360107421875,0.0050265989266335,3.3620744943618774e-05,1.2967735528945925e-05,0.0050265942700207,0.0586868003010749,6.688567373203114e-05,2.5798230126383714e-05,99.99990844726562,9
222,222,0.00628662109375,0.00299072265625,0.0050265844911336,3.9521604776382446e-05,8.944422006607056e-06,0.0050265798345208,0.0586867108941078,7.862516213208437e-05,1.7794234736356884e-05,99.99990844726562,9
223,223,0.00653076171875,0.00238037109375,0.005026570521295,4.265084862709045e-05,5.666166543960571e-06,0.0050265658646821,0.0586866065859794,8.485079160891473e-05,1.127243012888357e-05,99.99990844726562,9
224,224,0.006683349609375,0.0018310546875,0.0050265570171177,4.4667162001132965e-05,3.3527612686157227e-06,0.0050265518948435,0.0586865022778511,8.886233263183385e-05,6.6700949901132844e-06,99.9999008178711,9
225,225,0.00665283203125,0.00152587890625,0.0050265425816178,4.4260174036026e-05,2.3283064365386963e-06,0.0050265379250049,0.0586863942444324,8.805291872704402e-05,4.63202377432026e-06,99.99990844726562,9
226,226,0.00665283203125,0.0013427734375,0.0050265276804566,4.4260174036026e-05,1.8030405044555664e-06,0.0050265230238437,0.0586862862110137,8.805318066151813e-05,3.587049604902859e-06,99.99990844726562,9
227,227,0.0062255859375,0.00103759765625,0.0050265127792954,3.875792026519776e-05,1.0766088962554932e-06,0.0050265090540051,0.0586861819028854,7.710697536822408e-05,2.141860477422597e-06,99.99993133544922,9
228,228,0.005889892578125,0.00103759765625,0.0050264974124729,3.469083458185196e-05,1.0766088962554932e-06,0.0050264941528439,0.058686077594757,6.901592132635415e-05,2.1418668438855093e-06,99.99993133544922,9
229,229,0.005584716796875,0.0010986328125,0.005026482976973,3.118906170129776e-05,1.2069940567016602e-06,0.005026479717344,0.0586859621107578,6.204946839716285e-05,2.401269512120052e-06,99.99993133544922,9
230,230,0.005279541015625,0.00146484375,0.0050264671444892,2.7873553335666656e-05,2.1457672119140625e-06,0.0050264643505215,0.0586858540773391,5.545356179936789e-05,4.268937118467875e-06,99.99994659423828,9
231,231,0.00482177734375,0.001708984375,0.0050264517776668,2.324953675270081e-05,2.9206275939941406e-06,0.005026448983699,0.0586857423186302,4.6254368498921394e-05,5.810515631310409e-06,99.99994659423828,9
232,232,0.004302978515625,0.0018310546875,0.005026435945183,1.851562410593033e-05,3.3527612686157227e-06,0.0050264336168766,0.0586856305599212,3.68364853784442e-05,6.670255515928147e-06,99.9999542236328,9
233,233,0.00390625,0.0025634765625,0.0050264205783605,1.52587890625e-05,6.571412086486816e-06,0.0050264187157154,0.0586855188012123,3.0357165087480095e-05,1.3073740774416365e-05,99.99996185302734,9
234,234,0.0032958984375,0.00299072265625,0.005026405211538,1.086294651031494e-05,8.944422006607056e-06,0.0050264033488929,0.0586853995919227,2.16117605305044e-05,1.7794867744669318e-05,99.99996185302734,9
235,235,0.0029296875,0.00311279296875,0.0050263898447155,8.58306884765625e-06,9.689480066299438e-06,0.0050263879820704,0.0586852803826332,1.707601040834561e-05,1.9277216779300943e-05,99.99996185302734,9
236,236,0.002685546875,0.00360107421875,0.0050263740122318,7.212162017822266e-06,1.2967735528945925e-05,0.0050263716839253,0.0586851686239242,1.4348637705552392e-05,2.579938336566556e-05,99.9999542236328,9
237,237,0.002288818359375,0.0042724609375,0.0050263586454093,5.238689482212067e-06,1.825392246246338e-05,0.0050263563171029,0.0586850494146347,1.0422434570500627e-05,3.631639265222475e-05,99.9999542236328,9
238,238,0.001953125,0.00469970703125,0.0050263428129255,3.814697265625e-06,2.208724617958069e-05,0.0050263400189578,0.0586849339306354,7.589409506181255e-06,4.394297502585687e-05,99.99994659423828,9
239,239,0.001861572265625,0.005126953125,0.005026327446103,3.465451300144196e-06,2.6285648345947266e-05,0.005026324186474,0.0586848147213459,6.894599209772423e-06,5.229592716204934e-05,99.99993133544922,9
240,240,0.001678466796875,0.0057373046875,0.0050263125449419,2.8172507882118225e-06,3.291666507720947e-05,0.0050263088196516,0.0586846992373466,5.605004844255745e-06,6.548869714606553e-05,99.99993133544922,9
241,241,0.00152587890625,0.0059814453125,0.0050262967124581,2.3283064365386963e-06,3.577768802642822e-05,0.0050262929871678,0.0586845837533474,4.632250238501001e-06,7.118101348169148e-05,99.99993133544922,9
242,242,0.00164794921875,0.00628662109375,0.0050262808799743,2.7157366275787358e-06,3.9521604776382446e-05,0.0050262766890227,0.0586844570934772,5.403073373599909e-06,7.862991333240643e-05,99.99991607666016,9
243,243,0.0015869140625,0.00701904296875,0.0050262659788131,2.518296241760254e-06,4.926696419715881e-05,0.0050262603908777,0.0586843378841877,5.01027216159855e-06,9.801901614991948e-05,99.99988555908205,9
244,244,0.001739501953125,0.00750732421875,0.0050262506119906,3.0258670449256897e-06,5.63599169254303e-05,0.0050262445583939,0.0586842261254787,6.020128239470068e-06,0.0001121311361202,99.9998779296875,9
245,245,0.0018310546875,0.0079345703125,0.0050262357108294,3.3527612686157227e-06,6.295740604400635e-05,0.0050262287259101,0.0586841069161891,6.670521088381065e-06,0.0001252575602848,99.99986267089844,9
246,246,0.001922607421875,0.008056640625,0.0050262194126844,3.696419298648834e-06,6.490945816040039e-05,0.0050262124277651,0.0586839839816093,7.354273748205742e-06,0.0001291417138418,99.99986267089844,9
247,247,0.001983642578125,0.00848388671875,0.0050262040458619,3.934837877750397e-06,7.197633385658264e-05,0.0050261965952813,0.0586838722229003,7.828646630514413e-06,0.0001432021672371,99.99984741210938,9
248,248,0.002044677734375,0.008544921875,0.0050261891447007,4.180707037448883e-06,7.301568984985352e-05,0.0050261812284588,0.0586837492883205,8.317846550198738e-06,0.0001452704746043,99.99984741210938,9
249,249,0.001983642578125,0.00872802734375,0.0050261733122169,3.934837877750397e-06,7.617846131324768e-05,0.0050261653959751,0.0586836263537406,7.828694833733607e-06,0.0001515635231044,99.99984741210938,9
250,250,0.002197265625,0.00872802734375,0.0050261574797332,4.827976226806641e-06,7.617846131324768e-05,0.0050261495634913,0.0586835145950317,9.605701052350923e-06,0.0001515640033176,99.99984741210938,9
251,251,0.00238037109375,0.00872802734375,0.0050261416472494,5.666166543960571e-06,7.617846131324768e-05,0.0050261337310075,0.0586833953857421,1.1273392374278046e-05,0.0001515644835308,99.99984741210938,9
252,252,0.002410888671875,0.0089111328125,0.0050261262804269,5.812384188175201e-06,7.940828800201416e-05,0.0050261178985238,0.0586832836270332,1.1564340638869908e-05,0.0001579910313012,99.99983215332033,9
253,253,0.00244140625,0.00872802734375,0.0050261095166206,5.960464477539063e-06,7.617846131324768e-05,0.0050261016003787,0.0586831644177436,1.1859002370329108e-05,0.0001515654585091,99.99984741210938,9
254,254,0.002471923828125,0.0086669921875,0.0050260941497981,6.1104074120521545e-06,7.511675357818604e-05,0.0050260862335562,0.0586830526590347,1.2157367564213928e-05,0.0001494535245001,99.99984741210938,9
255,255,0.002532958984375,0.008544921875,0.0050260783173143,6.415881216526032e-06,7.301568984985352e-05,0.0050260704010725,0.0586829371750354,1.2765182873408776e-05,0.0001452736760256,99.99984741210938,9
256,256,0.002532958984375,0.00848388671875,0.0050260624848306,6.415881216526032e-06,7.197633385658264e-05,0.00502605503425,0.0586828142404556,1.2765223800670356e-05,0.0001432061981176,99.99984741210938,9
257,257,0.0025634765625,0.00823974609375,0.0050260466523468,6.571412086486816e-06,6.789341568946838e-05,0.0050260392017662,0.0586827024817466,1.3074712114757858e-05,0.0001350831298623,99.99984741210938,9
258,258,0.00244140625,0.0079345703125,0.005026030819863,5.960464477539063e-06,6.295740604400635e-05,0.0050260238349437,0.0586825832724571,1.185918790724827e-05,0.000125262668007,99.99986267089844,9
259,259,0.002471923828125,0.0078125,0.005026014521718,6.1104074120521545e-06,6.103515625e-05,0.00502600800246,0.0586824715137481,1.2157559467596002e-05,0.0001214384756167,99.99987030029295,9
260,260,0.00244140625,0.00750732421875,0.0050259986892342,5.960464477539063e-06,5.63599169254303e-05,0.0050259926356375,0.0586823523044586,1.1859263395308515e-05,0.0001121367531595,99.9998779296875,9
261,261,0.002288818359375,0.00726318359375,0.0050259823910892,5.238689482212067e-06,5.2753835916519165e-05,0.0050259768031537,0.0586822405457496,1.0423214916954748e-05,0.0001049622223945,99.99988555908205,9
262,262,0.002471923828125,0.0072021484375,0.0050259665586054,6.1104074120521545e-06,5.187094211578369e-05,0.0050259609706699,0.0586821213364601,1.2157675882917827e-05,0.0001032059008139,99.99988555908205,9
263,263,0.002471923828125,0.00677490234375,0.005025949794799,6.1104074120521545e-06,4.589930176734924e-05,0.0050259446725249,0.0586820095777511,1.2157715900684709e-05,9.132463310379536e-05,99.9999008178711,9
264,264,0.00250244140625,0.00665283203125,0.0050259339623153,6.2622129917144775e-06,4.4260174036026e-05,0.0050259288400411,0.0586818903684616,1.2459799108910374e-05,8.80635780049488e-05,99.9999008178711,9
265,265,0.002410888671875,0.00640869140625,0.0050259171985089,5.812384188175201e-06,4.10713255405426e-05,0.0050259125418961,0.058681771159172,1.1564821761567146e-05,8.171905938070267e-05,99.99990844726562,9
266,266,0.00238037109375,0.0062255859375,0.0050259009003639,5.666166543960571e-06,3.875792026519776e-05,0.0050258967094123,0.0586816556751728,1.12739326141309e-05,7.7116368629504e-05,99.99991607666016,9
267,267,0.002349853515625,0.00616455078125,0.0050258846022188,5.521811544895172e-06,3.800168633460999e-05,0.0050258804112672,0.0586815364658832,1.0986745110130867e-05,7.561193342553452e-05,99.99991607666016,9
268,268,0.002349853515625,0.00616455078125,0.0050258678384125,5.521811544895172e-06,3.800168633460999e-05,0.0050258636474609,0.0586814135313034,1.0986782399413642e-05,7.561218808405101e-05,99.99991607666016,9
269,269,0.00238037109375,0.0062255859375,0.0050258515402674,5.666166543960571e-06,3.875792026519776e-05,0.0050258473493158,0.0586812868714332,1.1274042662989814e-05,7.711712532909587e-05,99.99991607666016,9
270,270,0.00238037109375,0.00616455078125,0.0050258352421224,5.666166543960571e-06,3.800168633460999e-05,0.0050258310511708,0.0586811751127243,1.1274079042777885e-05,7.561267557321116e-05,99.99991607666016,9
271,271,0.002410888671875,0.0062255859375,0.0050258189439773,5.812384188175201e-06,3.875792026519776e-05,0.0050258147530257,0.0586810559034347,1.1565048225747889e-05,7.711762737017125e-05,99.99991607666016,9
272,272,0.002471923828125,0.006103515625,0.005025802180171,6.1104074120521545e-06,3.725290298461914e-05,0.0050257979892194,0.0586809255182743,1.2158074241597204e-05,7.412329432554543e-05,99.99991607666016,9
273,273,0.00250244140625,0.0062255859375,0.0050257858820259,6.2622129917144775e-06,3.875792026519776e-05,0.0050257816910743,0.0586808025836944,1.246016654476989e-05,7.711812941124663e-05,99.99991607666016,9
274,274,0.002410888671875,0.00628662109375,0.0050257686525583,5.812384188175201e-06,3.9521604776382446e-05,0.0050257644616067,0.0586806759238243,1.1565163731575012e-05,7.863793143769726e-05,99.99991607666016,9
275,275,0.00244140625,0.00628662109375,0.0050257518887519,5.960464477539063e-06,3.9521604776382446e-05,0.0050257476978003,0.0586805529892444,1.1859845471917652e-05,7.863819337217137e-05,99.99991607666016,9
276,276,0.002532958984375,0.00640869140625,0.0050257360562682,6.415881216526032e-06,4.10713255405426e-05,0.0050257313996553,0.0586804300546646,1.276605235034367e-05,8.172201341949403e-05,99.99990844726562,9
277,277,0.00250244140625,0.00653076171875,0.0050257188268005,6.2622129917144775e-06,4.265084862709045e-05,0.0050257141701877,0.0586803071200847,1.2460332982300317e-05,8.486516890116036e-05,99.99990844726562,9
278,278,0.002410888671875,0.00653076171875,0.0050257025286555,5.812384188175201e-06,4.265084862709045e-05,0.0050256978720426,0.0586801841855049,1.156531652668491e-05,8.48654453875497e-05,99.99990844726562,9
279,279,0.0023193359375,0.006591796875,0.0050256857648491,5.379319190979004e-06,4.3451786041259766e-05,0.0050256811082363,0.0586800575256347,1.070365215127822e-05,8.64594112499617e-05,99.99990844726562,9
280,280,0.0023193359375,0.00653076171875,0.0050256685353815,5.379319190979004e-06,4.265084862709045e-05,0.0050256638787686,0.0586799308657646,1.0703688531066293e-05,8.486602018820122e-05,99.99990844726562,9
281,281,0.00250244140625,0.006591796875,0.0050256517715752,6.2622129917144775e-06,4.3451786041259766e-05,0.0050256471149623,0.058679811656475,1.246049941983074e-05,8.646000060252845e-05,99.99990844726562,9
282,282,0.002685546875,0.00689697265625,0.0050256345421075,7.212162017822266e-06,4.756823182106018e-05,0.0050256289541721,0.0586796775460243,1.4350749552249908e-05,9.46511936490424e-05,99.99988555908205,9
283,283,0.002685546875,0.0068359375,0.0050256182439625,7.212162017822266e-06,4.673004150390625e-05,0.005025612656027,0.0586795583367347,1.43507959364797e-05,9.2983667855151e-05,99.99988555908205,9
284,284,0.002593994140625,0.00689697265625,0.0050256005488336,6.728805601596832e-06,4.756823182106018e-05,0.0050255954265594,0.0586794316768646,1.3389056221058128e-05,9.465182665735485e-05,99.9999008178711,9
285,285,0.002593994140625,0.0069580078125,0.0050255837850272,6.728805601596832e-06,4.841387271881104e-05,0.0050255786627531,0.0586793050169944,1.3389101695793215e-05,9.63348284130916e-05,99.9999008178711,9
286,286,0.002410888671875,0.007080078125,0.0050255670212209,5.812384188175201e-06,5.012750625610352e-05,0.0050255614332854,0.0586791783571243,1.1565627573872916e-05,9.97449751594104e-05,99.99988555908205,9
287,287,0.00238037109375,0.00701904296875,0.0050255502574145,5.666166543960571e-06,4.926696419715881e-05,0.0050255446694791,0.0586790516972541,1.1274718417553233e-05,9.80329787125811e-05,99.99988555908205,9
288,288,0.002349853515625,0.00701904296875,0.0050255334936082,5.521811544895172e-06,4.926696419715881e-05,0.0050255279056727,0.058678925037384,1.0987512723659164e-05,9.803329885471612e-05,99.99988555908205,9
289,289,0.002471923828125,0.0069580078125,0.0050255157984793,6.1104074120521545e-06,4.841387271881104e-05,0.0050255106762051,0.0586788058280944,1.2158766367065256e-05,9.633612353354692e-05,99.9999008178711,9
290,290,0.00225830078125,0.0069580078125,0.0050254985690116,5.09992241859436e-06,4.841387271881104e-05,0.0050254934467375,0.058678675442934,1.0148091860173736e-05,9.633645095163956e-05,99.9999008178711,9
291,291,0.00244140625,0.00689697265625,0.0050254808738827,5.960464477539063e-06,4.756823182106018e-05,0.0050254757516086,0.0586785450577735,1.18604857561877e-05,9.465408948017284e-05,99.9999008178711,9
292,292,0.002471923828125,0.0064697265625,0.0050254641100764,6.1104074120521545e-06,4.185736179351807e-05,0.0050254594534635,0.058678425848484,1.2158890967839396e-05,8.329054253408685e-05,99.99990844726562,9
293,293,0.002471923828125,0.00653076171875,0.0050254464149475,6.1104074120521545e-06,4.265084862709045e-05,0.0050254417583346,0.0586782917380332,1.215893371409038e-05,8.486976730637252e-05,99.99990844726562,9
294,294,0.002471923828125,0.0069580078125,0.0050254291854798,6.1104074120521545e-06,4.841387271881104e-05,0.0050254240632057,0.0586781650781631,1.2158976460341364e-05,9.633778245188296e-05,99.9999008178711,9
295,295,0.00244140625,0.00689697265625,0.0050254114903509,5.960464477539063e-06,4.756823182106018e-05,0.0050254063680768,0.058678038418293,1.186064946523402e-05,9.465539187658578e-05,99.9999008178711,9
296,296,0.00244140625,0.00689697265625,0.0050253951922059,5.960464477539063e-06,4.756823182106018e-05,0.0050253900699317,0.0586779117584228,1.1860687664011492e-05,9.465569746680558e-05,99.9999008178711,9
297,297,0.00244140625,0.00689697265625,0.0050253774970769,5.960464477539063e-06,4.756823182106018e-05,0.0050253723748028,0.0586777850985527,1.1860729500767777e-05,9.465603216085584e-05,99.9999008178711,9
298,298,0.00244140625,0.0067138671875,0.0050253602676093,5.960464477539063e-06,4.507601261138916e-05,0.0050253551453351,0.0586776509881019,1.1860770428029356e-05,8.969707414507866e-05,99.9999008178711,9
299,299,0.00244140625,0.00677490234375,0.0050253425724804,5.960464477539063e-06,4.589930176734924e-05,0.0050253374502062,0.0586775280535221,1.1860812264785636e-05,9.133567073149608e-05,99.9999008178711,9
300,300,0.0023193359375,0.006591796875,0.0050253253430128,5.379319190979004e-06,4.3451786041259766e-05,0.0050253206863999,0.0586773976683616,1.0704419764806516e-05,8.64656176418066e-05,99.99990844726562,9
301,301,0.002410888671875,0.00689697265625,0.0050253071822226,5.812384188175201e-06,4.756823182106018e-05,0.0050253020599484,0.0586772635579109,1.1566226021386685e-05,9.46573563851416e-05,99.9999008178711,9
302,302,0.002410888671875,0.0068359375,0.0050252899527549,5.812384188175201e-06,4.673004150390625e-05,0.0050252848304808,0.0586771331727504,1.156626603915356e-05,9.298974327975884e-05,99.9999008178711,9
303,303,0.002288818359375,0.00689697265625,0.005025272257626,5.238689482212067e-06,4.756823182106018e-05,0.0050252671353518,0.0586770065128803,1.042468829837162e-05,9.465801122132687e-05,99.9999008178711,9
304,304,0.00238037109375,0.00689697265625,0.0050252545624971,5.666166543960571e-06,4.756823182106018e-05,0.0050252494402229,0.0586768761277198,1.1275381439190824e-05,9.465835319133475e-05,99.9999008178711,9
305,305,0.0023193359375,0.0067138671875,0.0050252373330295,5.379319190979004e-06,4.507601261138916e-05,0.0050252322107553,0.0586767494678497,1.0704607120715082e-05,8.969926420832053e-05,99.9999008178711,9
306,306,0.002349853515625,0.0067138671875,0.0050252201035618,5.521811544895172e-06,4.507601261138916e-05,0.0050252149812877,0.0586766153573989,1.0988198482664302e-05,8.969957707449794e-05,99.9999008178711,9
307,307,0.00238037109375,0.0068359375,0.0050252019427716,5.666166543960571e-06,4.673004150390625e-05,0.0050251968204975,0.0586764849722385,1.1275499673502054e-05,9.299137309426442e-05,99.9999008178711,9
308,308,0.002288818359375,0.0068359375,0.0050251842476427,5.238689482212067e-06,4.673004150390625e-05,0.0050251791253685,0.058676354587078,1.0424870197311977e-05,9.299170051235706e-05,99.9999008178711,9
309,309,0.002410888671875,0.0067138671875,0.0050251660868525,5.812384188175201e-06,4.507601261138916e-05,0.0050251609645783,0.0586762204766273,1.1566550710995216e-05,8.970053750090301e-05,99.9999008178711,9
310,310,0.0023193359375,0.00701904296875,0.0050251483917236,5.379319190979004e-06,4.926696419715881e-05,0.0050251428037881,0.0586760863661766,1.070479629561305e-05,9.804081491893156e-05,99.99988555908205,9
311,311,0.002349853515625,0.00701904296875,0.0050251306965947,5.521811544895172e-06,4.926696419715881e-05,0.0050251251086592,0.0586759597063064,1.098839311453048e-05,9.804116416489704e-05,99.99988555908205,9
312,312,0.002288818359375,0.00689697265625,0.0050251125358045,5.238689482212067e-06,4.756823182106018e-05,0.0050251074135303,0.0586758255958557,1.0425019354443066e-05,9.466102346777916e-05,99.9999008178711,9
313,313,0.002532958984375,0.00701904296875,0.0050250943750143,6.415881216526032e-06,4.926696419715881e-05,0.0050250887870788,0.0586756840348243,1.276768307434395e-05,9.804186993278564e-05,99.99988555908205,9
314,314,0.00250244140625,0.00689697265625,0.0050250762142241,6.2622129917144775e-06,4.756823182106018e-05,0.0050250710919499,0.0586755573749542,1.246192641701782e-05,9.466170740779488e-05,99.9999008178711,9
315,315,0.00244140625,0.0067138671875,0.0050250589847564,5.960464477539063e-06,4.507601261138916e-05,0.0050250538624823,0.0586754232645034,1.186148165288614e-05,8.970245107775554e-05,99.9999008178711,9
316,316,0.00250244140625,0.00665283203125,0.0050250403583049,6.2622129917144775e-06,4.4260174036026e-05,0.0050250352360308,0.0586752966046333,1.2462015547498597e-05,8.807924314169213e-05,99.9999008178711,9
317,317,0.002532958984375,0.0067138671875,0.0050250221975147,6.415881216526032e-06,4.507601261138916e-05,0.0050250170752406,0.0586751550436019,1.2767865882779006e-05,8.970310591394082e-05,99.9999008178711,9
318,318,0.00244140625,0.006591796875,0.0050250045023858,5.960464477539063e-06,4.3451786041259766e-05,0.0050249998457729,0.0586750283837318,1.1861609891639093e-05,8.647113281767815e-05,99.99990844726562,9
319,319,0.002410888671875,0.00653076171875,0.0050249858759343,5.812384188175201e-06,4.265084862709045e-05,0.0050249812193214,0.0586748942732811,1.1566965440579224e-05,8.487754530506209e-05,99.99990844726562,9
320,320,0.002288818359375,0.0064697265625,0.0050249672494828,5.238689482212067e-06,4.185736179351807e-05,0.0050249625928699,0.0586747601628303,1.0425320397189353e-05,8.329877891810611e-05,99.99990844726562,9
321,321,0.00244140625,0.006591796875,0.0050249486230313,5.960464477539063e-06,4.3451786041259766e-05,0.0050249439664185,0.0586746223270893,1.1861741768370848e-05,8.647209324408323e-05,99.99990844726562,9
322,322,0.002410888671875,0.006591796875,0.0050249309279024,5.812384188175201e-06,4.3451786041259766e-05,0.0050249262712895,0.0586744844913482,1.156709186034277e-05,8.647240611026064e-05,99.99990844726562,9
323,323,0.002410888671875,0.006591796875,0.0050249127671122,5.812384188175201e-06,4.3451786041259766e-05,0.0050249081104993,0.0586743503808975,1.1567133697099052e-05,8.647271897643805e-05,99.99990844726562,9
324,324,0.0025634765625,0.006591796875,0.0050248936749994,6.571412086486816e-06,4.3451786041259766e-05,0.0050248890183866,0.0586742088198661,1.3077712537779009e-05,8.647304639453068e-05,99.99990844726562,9
325,325,0.002471923828125,0.0067138671875,0.0050248750485479,6.1104074120521545e-06,4.507601261138916e-05,0.0050248699262738,0.0586740672588348,1.2160316146037076e-05,8.970573253463954e-05,99.9999008178711,9
326,326,0.002655029296875,0.006591796875,0.0050248568877577,7.049180567264557e-06,4.3451786041259766e-05,0.0050248517654836,0.058673933148384,1.4028619261807762e-05,8.647367940284312e-05,99.9999008178711,9
327,327,0.002532958984375,0.006591796875,0.0050248382613062,6.415881216526032e-06,4.3451786041259766e-05,0.0050248336046934,0.0586737990379333,1.2768333363055716e-05,8.647399226902053e-05,99.99990844726562,9
328,328,0.00244140625,0.0067138671875,0.0050248196348547,5.960464477539063e-06,4.507601261138916e-05,0.0050248145125806,0.058673657476902,1.1862046449095942e-05,8.970672206487507e-05,99.9999008178711,9
329,329,0.00244140625,0.0068359375,0.005024800542742,5.960464477539063e-06,4.673004150390625e-05,0.0050247954204678,0.0586735233664512,1.186209192383103e-05,9.29988018469885e-05,99.9999008178711,9
330,330,0.00250244140625,0.0068359375,0.0050247819162905,6.2622129917144775e-06,4.673004150390625e-05,0.0050247767940163,0.0586733818054199,1.2462656741263343e-05,9.299914381699637e-05,99.9999008178711,9
331,331,0.002288818359375,0.0068359375,0.005024763289839,5.238689482212067e-06,4.673004150390625e-05,0.0050247581675648,0.0586732476949691,1.042574422172038e-05,9.299948578700425e-05,99.9999008178711,9
332,332,0.002227783203125,0.0067138671875,0.0050247446633875,4.963018000125885e-06,4.507601261138916e-05,0.0050247395411133,0.0586731061339378,9.877154298010282e-06,8.970806084107608e-05,99.9999008178711,9
333,333,0.0023193359375,0.00677490234375,0.0050247251056134,5.379319190979004e-06,4.589930176734924e-05,0.0050247199833393,0.0586729645729064,1.070569851435721e-05,9.134689025813714e-05,99.9999008178711,9
334,334,0.00213623046875,0.0067138671875,0.0050247069448232,4.563480615615845e-06,4.507601261138916e-05,0.0050247018225491,0.0586728230118751,9.082082215172704e-06,8.970873022917658e-05,99.9999008178711,9
335,335,0.002227783203125,0.0068359375,0.0050246878527104,4.963018000125885e-06,4.673004150390625e-05,0.0050246827304363,0.0586726814508438,9.8772661658586e-06,9.300089004682376e-05,99.9999008178711,9
336,336,0.00213623046875,0.0067138671875,0.0050246692262589,4.563480615615845e-06,4.507601261138916e-05,0.0050246641039848,0.058672547340393,9.082150427275336e-06,8.97094068932347e-05,99.9999008178711,9
337,337,0.002227783203125,0.0067138671875,0.0050246505998075,4.963018000125885e-06,4.507601261138916e-05,0.0050246454775333,0.0586724132299423,9.877338925434742e-06,8.970973431132734e-05,99.9999008178711,9
338,338,0.00238037109375,0.0068359375,0.0050246310420334,5.666166543960571e-06,4.673004150390625e-05,0.0050246259197592,0.0586722642183303,1.1276781151536852e-05,9.30019377847202e-05,99.9999008178711,9
339,339,0.002288818359375,0.00665283203125,0.0050246124155819,5.238689482212067e-06,4.4260174036026e-05,0.0050246072933077,0.0586721263825893,1.0426057087897789e-05,8.808673737803474e-05,99.9999008178711,9
340,340,0.00238037109375,0.00665283203125,0.0050245928578078,5.666166543960571e-06,4.4260174036026e-05,0.0050245877355337,0.0586719885468483,1.127686664403882e-05,8.808708662400022e-05,99.9999008178711,9
341,341,0.002349853515625,0.0067138671875,0.0050245733000338,5.521811544895172e-06,4.507601261138916e-05,0.0050245681777596,0.0586718395352363,1.098961274692556e-05,8.971111674327403e-05,99.9999008178711,9
342,342,0.002410888671875,0.0067138671875,0.0050245537422597,5.812384188175201e-06,4.507601261138916e-05,0.0050245486199855,0.058671697974205,1.1567960427782964e-05,8.971146598923951e-05,99.9999008178711,9
343,343,0.002227783203125,0.006591796875,0.0050245355814695,4.963018000125885e-06,4.3451786041259766e-05,0.0050245309248566,0.0586715601384639,9.877565389615484e-06,8.64792091306299e-05,99.99990844726562,9
344,344,0.002349853515625,0.0067138671875,0.0050245164893567,5.521811544895172e-06,4.507601261138916e-05,0.0050245113670825,0.0586714148521423,1.0989736438205e-05,8.97121281013824e-05,99.9999008178711,9
345,345,0.00250244140625,0.00665283203125,0.0050244969315826,6.2622129917144775e-06,4.4260174036026e-05,0.0050244918093085,0.0586712695658206,1.246336250915192e-05,8.80887673702091e-05,99.9999008178711,9
346,346,0.00262451171875,0.00665283203125,0.0050244769081473,6.888061761856079e-06,4.4260174036026e-05,0.0050244717858731,0.0586711317300796,1.3709012819163036e-05,8.808911661617458e-05,99.9999008178711,9
347,347,0.002685546875,0.00665283203125,0.0050244582816958,7.212162017822266e-06,4.4260174036026e-05,0.0050244526937603,0.0586709827184677,1.4354108316183556e-05,8.808944403426722e-05,99.99988555908205,9
348,348,0.00262451171875,0.0067138671875,0.005024439189583,6.888061761856079e-06,4.507601261138916e-05,0.0050244340673089,0.0586708448827266,1.3709116501559038e-05,8.97135105333291e-05,99.9999008178711,9
349,349,0.00262451171875,0.00665283203125,0.0050244200974702,6.888061761856079e-06,4.4260174036026e-05,0.0050244149751961,0.058670699596405,1.3709167433262335e-05,8.809011342236772e-05,99.9999008178711,9
350,350,0.0025634765625,0.0068359375,0.0050244000740349,6.571412086486816e-06,4.673004150390625e-05,0.0050243949517607,0.0586705543100833,1.307899674429791e-05,9.300621604779737e-05,99.9999008178711,9
351,351,0.002471923828125,0.0067138671875,0.0050243805162608,6.1104074120521545e-06,4.507601261138916e-05,0.0050243753939867,0.058670412749052,1.2161513041064609e-05,8.971456554718316e-05,99.9999008178711,9
352,352,0.002471923828125,0.00677490234375,0.0050243609584867,6.1104074120521545e-06,4.589930176734924e-05,0.0050243558362126,0.0586702674627304,1.2161561244283805e-05,9.135351137956604e-05,99.9999008178711,9
353,353,0.002532958984375,0.0068359375,0.0050243414007127,6.415881216526032e-06,4.673004150390625e-05,0.0050243362784385,0.0586701221764087,1.276959665119648e-05,9.300730016548188e-05,99.9999008178711,9
354,354,0.00250244140625,0.0067138671875,0.0050243227742612,6.2622129917144775e-06,4.507601261138916e-05,0.005024317651987,0.0586699768900871,1.2463795428629965e-05,8.971559145720676e-05,99.9999008178711,9
355,355,0.00250244140625,0.00665283203125,0.0050243032164871,6.2622129917144775e-06,4.4260174036026e-05,0.005024298094213,0.058669839054346,1.246384363184916e-05,8.809216524241492e-05,99.9999008178711,9
356,356,0.002532958984375,0.00665283203125,0.0050242836587131,6.415881216526032e-06,4.4260174036026e-05,0.0050242785364389,0.0586696900427341,1.2769743079843464e-05,8.809249993646517e-05,99.9999008178711,9
357,357,0.002471923828125,0.00653076171875,0.0050242631696164,6.1104074120521545e-06,4.265084862709045e-05,0.0050242585130035,0.0586695410311222,1.2161797712906264e-05,8.488975436193869e-05,99.99990844726562,9
358,358,0.0023193359375,0.00665283203125,0.0050242445431649,5.379319190979004e-06,4.4260174036026e-05,0.0050242394208908,0.0586694031953811,1.0706722605391406e-05,8.809319115243852e-05,99.9999008178711,9
359,359,0.00244140625,0.00665283203125,0.0050242240540683,5.960464477539063e-06,4.4260174036026e-05,0.0050242189317941,0.0586692467331886,1.1863452527904885e-05,8.809354767436162e-05,99.9999008178711,9
360,360,0.002227783203125,0.00665283203125,0.0050242044962942,4.963018000125885e-06,4.4260174036026e-05,0.0050241993740201,0.0586691126227378,9.878215678327251e-06,8.80938969203271e-05,99.9999008178711,9
361,361,0.002471923828125,0.00677490234375,0.0050241849385201,6.1104074120521545e-06,4.589930176734924e-05,0.005024179816246,0.0586689598858356,1.2161987797298934e-05,9.135671280091628e-05,99.9999008178711,9
362,362,0.0023193359375,0.00677490234375,0.0050241649150848,5.379319190979004e-06,4.589930176734924e-05,0.0050241597928106,0.058668814599514,1.0706891771405935e-05,9.1357076598797e-05,99.9999008178711,9
363,363,0.002288818359375,0.0067138671875,0.0050241453573107,5.238689482212067e-06,4.507601261138916e-05,0.0050241402350366,0.0586686730384826,1.042702660924988e-05,8.971875649876893e-05,99.9999008178711,9
364,364,0.00225830078125,0.0067138671875,0.0050241253338754,5.09992241859436e-06,4.507601261138916e-05,0.0050241202116012,0.0586685203015804,1.0150865819014143e-05,8.971912029664963e-05,99.9999008178711,9
365,365,0.002349853515625,0.00665283203125,0.00502410531044,5.521811544895172e-06,4.4260174036026e-05,0.0050241001881659,0.0586683675646781,1.0990635928465052e-05,8.809562859823927e-05,99.9999008178711,9
366,366,0.0023193359375,0.0067138671875,0.0050240852870047,5.379319190979004e-06,4.507601261138916e-05,0.0050240801647305,0.0586682260036468,1.0707061846915169e-05,8.971983334049582e-05,99.9999008178711,9
367,367,0.002197265625,0.00665283203125,0.0050240652635693,4.827976226806641e-06,4.4260174036026e-05,0.0050240601412951,0.0586680769920349,9.60970010055462e-06,8.809633436612785e-05,99.9999008178711,9
368,368,0.002288818359375,0.00665283203125,0.0050240457057952,5.238689482212067e-06,4.4260174036026e-05,0.0050240405835211,0.0586679279804229,1.042723306454718e-05,8.809667633613572e-05,99.9999008178711,9
369,369,0.002471923828125,0.00677490234375,0.0050240256823599,6.1104074120521545e-06,4.589930176734924e-05,0.0050240205600857,0.058667778968811,1.2162372513557784e-05,9.135960863204672e-05,99.9999008178711,9
370,370,0.00238037109375,0.0067138671875,0.0050240056589245,5.666166543960571e-06,4.507601261138916e-05,0.0050240005366504,0.0586676336824893,1.1278184501861688e-05,8.972125215223059e-05,99.9999008178711,9
371,371,0.002410888671875,0.00677490234375,0.0050239851698279,5.812384188175201e-06,4.589930176734924e-05,0.0050239800475537,0.0586674809455871,1.1569270100153515e-05,9.136034350376576e-05,99.9999008178711,9
372,372,0.002410888671875,0.00653076171875,0.0050239646807312,5.812384188175201e-06,4.265084862709045e-05,0.0050239600241184,0.0586673319339752,1.1569316484383307e-05,8.489479660056531e-05,99.99990844726562,9
373,373,0.002532958984375,0.0064697265625,0.0050239441916346,6.415881216526032e-06,4.185736179351807e-05,0.0050239395350217,0.0586671829223632,1.2770606190315448e-05,8.331573917530477e-05,99.99990844726562,9
374,374,0.0025634765625,0.0064697265625,0.005023923702538,6.571412086486816e-06,4.185736179351807e-05,0.0050239190459251,0.0586670339107513,1.3080237295071129e-05,8.331607386935502e-05,99.99990844726562,9
375,375,0.002685546875,0.00640869140625,0.0050239041447639,7.212162017822266e-06,4.10713255405426e-05,0.0050238990224897,0.0586668811738491,1.4355691746459344e-05,8.175180846592411e-05,99.9999008178711,9
376,376,0.002655029296875,0.0064697265625,0.0050238841213285,7.049180567264557e-06,4.185736179351807e-05,0.0050238789990544,0.0586667358875274,1.4031335012987256e-05,8.331673598149791e-05,99.9999008178711,9
377,377,0.002685546875,0.00640869140625,0.0050238640978932,7.212162017822266e-06,4.10713255405426e-05,0.005023858975619,0.0586665868759155,1.4355807252286468e-05,8.175246330210939e-05,99.9999008178711,9
378,378,0.00274658203125,0.00640869140625,0.0050238431431353,7.543712854385376e-06,4.10713255405426e-05,0.0050238380208611,0.0586664304137229,1.501582119090017e-05,8.175280527211726e-05,99.9999008178711,9
379,379,0.002471923828125,0.00640869140625,0.0050238221883773,6.1104074120521545e-06,4.10713255405426e-05,0.0050238175317645,0.058666281402111,1.2162864550191443e-05,8.175313996616751e-05,99.99990844726562,9
380,380,0.0025634765625,0.00640869140625,0.0050238012336194,6.571412086486816e-06,4.10713255405426e-05,0.0050237965770065,0.0586661174893379,1.3080557437206153e-05,8.175348193617538e-05,99.99990844726562,9
381,381,0.0023193359375,0.0062255859375,0.0050237807445228,5.379319190979004e-06,3.875792026519776e-05,0.0050237765535712,0.0586659759283065,1.0707710316637533e-05,7.714891398791224e-05,99.99991607666016,9
382,382,0.0025634765625,0.0062255859375,0.0050237597897648,6.571412086486816e-06,3.875792026519776e-05,0.0050237555988132,0.058665819466114,1.308066384808626e-05,7.714923413004726e-05,99.99991607666016,9
383,383,0.002410888671875,0.00634765625,0.0050237397663295,5.812384188175201e-06,4.029273986816406e-05,0.0050237351097166,0.0586656630039215,1.1569834896363318e-05,8.020466339075938e-05,99.99990844726562,9
384,384,0.002593994140625,0.00640869140625,0.0050237188115715,6.728805601596832e-06,4.10713255405426e-05,0.0050237141549587,0.0586655139923095,1.3394072084338404e-05,8.1754827988334e-05,99.99990844726562,9
385,385,0.00244140625,0.0062255859375,0.0050236983224749,5.960464477539063e-06,3.875792026519776e-05,0.0050236941315233,0.0586653612554073,1.1864693988172805e-05,7.71501800045371e-05,99.99991607666016,9
386,386,0.00250244140625,0.00616455078125,0.0050236769020557,6.2622129917144775e-06,3.800168633460999e-05,0.0050236727111041,0.058665208518505,1.2465397958294488e-05,7.564516272395849e-05,99.99991607666016,9
387,387,0.002288818359375,0.00640869140625,0.0050236573442816,5.238689482212067e-06,4.10713255405426e-05,0.0050236526876688,0.0586650520563125,1.0428038876852952e-05,8.175582479452714e-05,99.99990844726562,9
388,388,0.0023193359375,0.00640869140625,0.0050236363895237,5.379319190979004e-06,4.10713255405426e-05,0.0050236317329108,0.0586649030447006,1.0708018635341432e-05,8.17561594885774e-05,99.99990844726562,9
389,389,0.0023193359375,0.00640869140625,0.0050236154347658,5.379319190979004e-06,4.10713255405426e-05,0.0050236107781529,0.058664746582508,1.070806320058182e-05,8.175650145858526e-05,99.99990844726562,9
390,390,0.002532958984375,0.0064697265625,0.0050235944800078,6.415881216526032e-06,4.185736179351807e-05,0.005023589823395,0.0586645826697349,1.2771495676133782e-05,8.332153811352327e-05,99.99990844726562,9
391,391,0.00250244140625,0.0064697265625,0.0050235735252499,6.2622129917144775e-06,4.185736179351807e-05,0.005023568868637,0.0586644299328327,1.2465653526305688e-05,8.332188735948876e-05,99.99990844726562,9
392,392,0.0025634765625,0.00640869140625,0.0050235521048307,6.571412086486816e-06,4.10713255405426e-05,0.0050235474482178,0.0586642771959304,1.3081205906928515e-05,8.175753464456648e-05,99.99990844726562,9
393,393,0.002777099609375,0.0067138671875,0.0050235316157341,7.712282240390778e-06,4.507601261138916e-05,0.0050235260277986,0.0586641132831573,1.5352310583693907e-05,8.97297213668935e-05,99.99988555908205,9
394,394,0.002532958984375,0.00653076171875,0.0050235101953148,6.415881216526032e-06,4.265084862709045e-05,0.005023505538702,0.0586639568209648,1.2771708497893997e-05,8.490248001180589e-05,99.99990844726562,9
395,395,0.0025634765625,0.00653076171875,0.0050234887748956,6.571412086486816e-06,4.265084862709045e-05,0.0050234841182827,0.0586638078093528,1.3081370525469538e-05,8.49028438096866e-05,99.99990844726562,9
396,396,0.002532958984375,0.00665283203125,0.005023468285799,6.415881216526032e-06,4.4260174036026e-05,0.0050234631635248,0.05866364762187,1.2771814908774104e-05,8.810680446913466e-05,99.9999008178711,9
397,397,0.002410888671875,0.0064697265625,0.0050234468653798,5.812384188175201e-06,4.185736179351807e-05,0.0050234422087669,0.0586634948849678,1.1570508831937332e-05,8.332399011123925e-05,99.99990844726562,9
398,398,0.0025634765625,0.00653076171875,0.0050234259106218,6.571412086486816e-06,4.265084862709045e-05,0.005023421254009,0.0586633384227752,1.3081533325021155e-05,8.490390609949827e-05,99.99990844726562,9
399,399,0.002532958984375,0.00665283203125,0.0050234054215252,6.415881216526032e-06,4.4260174036026e-05,0.005023400299251,0.0586631819605827,1.2771975889336318e-05,8.810791041469201e-05,99.9999008178711,9
400,400,0.002410888671875,0.00653076171875,0.0050233835354447,5.812384188175201e-06,4.265084862709045e-05,0.0050233788788318,0.0586630254983902,1.1570655260584315e-05,8.490461914334446e-05,99.99990844726562,9
401,401,0.00244140625,0.0064697265625,0.005023363046348,5.960464477539063e-06,4.185736179351807e-05,0.0050233583897352,0.0586628690361976,1.1865486158058047e-05,8.332537254318595e-05,99.99990844726562,9
402,402,0.002532958984375,0.0064697265625,0.0050233416259288,6.415881216526032e-06,4.185736179351807e-05,0.005023336969316,0.0586627125740051,1.2772137779393232e-05,8.332573634106666e-05,99.99990844726562,9
403,403,0.00250244140625,0.00634765625,0.0050233197398483,6.2622129917144775e-06,4.029273986816406e-05,0.0050233150832355,0.0586625561118125,1.2466282896639314e-05,8.021137182367966e-05,99.99990844726562,9
404,404,0.0023193359375,0.0064697265625,0.0050232987850904,5.379319190979004e-06,4.185736179351807e-05,0.0050232941284775,0.0586623921990394,1.0708738045650534e-05,8.332644210895523e-05,99.99990844726562,9
405,405,0.002471923828125,0.00640869140625,0.0050232768990099,6.1104074120521545e-06,4.10713255405426e-05,0.005023272242397,0.0586622357368469,1.216418604599312e-05,8.176201663445681e-05,99.99990844726562,9
406,406,0.00225830078125,0.00640869140625,0.005023255944252,5.09992241859436e-06,4.10713255405426e-05,0.0050232512876391,0.058662075549364,1.0152622962777968e-05,8.176235860446468e-05,99.99990844726562,9
407,407,0.002227783203125,0.0064697265625,0.0050232340581715,4.963018000125885e-06,4.185736179351807e-05,0.0050232294015586,0.0586619153618812,9.880124707706273e-06,8.332751895068213e-05,99.99990844726562,9
408,408,0.0023193359375,0.0064697265625,0.0050232131034135,5.379319190979004e-06,4.185736179351807e-05,0.0050232084468007,0.0586617588996887,1.070892085408559e-05,8.332786819664761e-05,99.99990844726562,9
409,409,0.002471923828125,0.00640869140625,0.0050231916829943,6.1104074120521545e-06,4.10713255405426e-05,0.0050231870263814,0.0586615949869155,1.2164392501290422e-05,8.176340634236112e-05,99.99990844726562,9
410,410,0.00250244140625,0.0064697265625,0.0050231697969138,6.2622129917144775e-06,4.185736179351807e-05,0.0050231651403009,0.058661438524723,1.246665578946704e-05,8.33285812404938e-05,99.99990844726562,9
411,411,0.0023193359375,0.006591796875,0.0050231483764946,5.379319190979004e-06,4.3451786041259766e-05,0.0050231437198817,0.0586612820625305,1.070905909728026e-05,8.650308882351965e-05,99.99990844726562,9
412,412,0.002471923828125,0.00634765625,0.0050231264904141,6.1104074120521545e-06,4.029273986816406e-05,0.0050231218338012,0.0586611181497573,1.2164549843873829e-05,8.021445682970807e-05,99.99990844726562,9
413,413,0.00250244140625,0.0067138671875,0.0050231046043336,6.2622129917144775e-06,4.507601261138916e-05,0.0050230994820594,0.0586609542369842,1.2466817679523956e-05,8.973735384643078e-05,99.9999008178711,9
414,414,0.0023193359375,0.00634765625,0.0050230831839144,5.379319190979004e-06,4.029273986816406e-05,0.0050230785273015,0.0586607977747917,1.0709198249969631e-05,8.021515532163903e-05,99.99990844726562,9
415,415,0.002532958984375,0.00634765625,0.0050230612978339,6.415881216526032e-06,4.029273986816406e-05,0.005023056641221,0.0586606338620185,1.2772850823239423e-05,8.02154972916469e-05,99.99990844726562,9
416,416,0.0025634765625,0.0064697265625,0.0050230389460921,6.571412086486816e-06,4.185736179351807e-05,0.0050230342894792,0.0586604699492454,1.308254104515072e-05,8.333074947586283e-05,99.99990844726562,9
417,417,0.002471923828125,0.0067138671875,0.0050230179913342,6.1104074120521545e-06,4.507601261138916e-05,0.00502301286906,0.0586603060364723,1.216481268784264e-05,8.973889634944499e-05,99.9999008178711,9
418,418,0.002655029296875,0.006591796875,0.0050229965709149,7.049180567264557e-06,4.3451786041259766e-05,0.0050229914486408,0.0586601495742797,1.4033814295544287e-05,8.650570089230314e-05,99.9999008178711,9
419,419,0.002777099609375,0.0068359375,0.0050229742191731,7.712282240390778e-06,4.673004150390625e-05,0.0050229686312377,0.058659978210926,1.535401497676503e-05,9.30326132220216e-05,99.99988555908205,9
420,420,0.002655029296875,0.0068359375,0.0050229527987539,7.049180567264557e-06,4.673004150390625e-05,0.0050229472108185,0.0586598217487335,1.4033937077329028e-05,9.303300612373278e-05,99.99988555908205,9
421,421,0.002349853515625,0.006591796875,0.0050229304470121,5.521811544895172e-06,4.3451786041259766e-05,0.0050229257903993,0.0586596652865409,1.0993207069986966e-05,8.650683594169095e-05,99.99990844726562,9
422,422,0.00238037109375,0.0067138671875,0.0050229094922542,5.666166543960571e-06,4.507601261138916e-05,0.00502290436998,0.0586595013737678,1.1280646504019389e-05,8.974083903012797e-05,99.9999008178711,9
423,423,0.0023193359375,0.0064697265625,0.0050228866748511,5.379319190979004e-06,4.185736179351807e-05,0.0050228820182383,0.0586593374609947,1.0709616617532449e-05,8.333328150911257e-05,99.99990844726562,9
424,424,0.00244140625,0.00634765625,0.0050228647887706,5.960464477539063e-06,4.029273986816406e-05,0.0050228601321578,0.0586591735482215,1.186666304420214e-05,8.021864050533623e-05,99.99990844726562,9
425,425,0.002227783203125,0.00634765625,0.0050228424370288,4.963018000125885e-06,4.029273986816406e-05,0.005022837780416,0.0586590096354484,9.880895049718674e-06,8.021899702725932e-05,99.99990844726562,9
426,426,0.002471923828125,0.0064697265625,0.0050228205509483,6.1104074120521545e-06,4.185736179351807e-05,0.0050228158943355,0.0586588457226753,1.2165290172561072e-05,8.333438017871231e-05,99.99990844726562,9
427,427,0.0023193359375,0.00640869140625,0.0050227986648678,5.379319190979004e-06,4.10713255405426e-05,0.005022794008255,0.0586586818099021,1.0709804882935714e-05,8.176979463314638e-05,99.99990844726562,9
428,428,0.002288818359375,0.0064697265625,0.005022776313126,5.238689482212067e-06,4.185736179351807e-05,0.0050227716565132,0.058658517897129,1.042986878019292e-05,8.333511505043134e-05,99.99990844726562,9
429,429,0.00225830078125,0.00640869140625,0.0050227539613842,5.09992241859436e-06,4.10713255405426e-05,0.0050227493047714,0.0586583539843559,1.0153637049370444e-05,8.17705222289078e-05,99.99990844726562,9
430,430,0.00244140625,0.00665283203125,0.0050227311439812,5.960464477539063e-06,4.4260174036026e-05,0.005022726021707,0.0586581900715827,1.1866978638863657e-05,8.811973384581506e-05,99.9999008178711,9
431,431,0.00250244140625,0.00653076171875,0.0050227087922394,6.2622129917144775e-06,4.265084862709045e-05,0.0050227041356265,0.0586580224335193,1.246779993380187e-05,8.49160278448835e-05,99.99990844726562,9
432,432,0.002410888671875,0.00640869140625,0.0050226869061589,5.812384188175201e-06,4.10713255405426e-05,0.005022682249546,0.0586578585207462,1.1572259609238245e-05,8.177161362254992e-05,99.99990844726562,9
433,433,0.002655029296875,0.0064697265625,0.0050226645544171,7.049180567264557e-06,4.185736179351807e-05,0.0050226594321429,0.0586576946079731,1.4034741980140096e-05,8.333696314366534e-05,99.9999008178711,9
434,434,0.00250244140625,0.00640869140625,0.0050226422026753,6.2622129917144775e-06,4.10713255405426e-05,0.0050226375460624,0.0586575269699096,1.2467965461837592e-05,8.177234121831134e-05,99.99990844726562,9
435,435,0.002288818359375,0.00634765625,0.0050226198509335,5.238689482212067e-06,4.029273986816406e-05,0.0050226151943206,0.0586573630571365,1.0430193469801452e-05,8.022255497053266e-05,99.99990844726562,9
436,436,0.002471923828125,0.00640869140625,0.0050225965678691,6.1104074120521545e-06,4.10713255405426e-05,0.0050225919112563,0.0586571916937828,1.216583314089803e-05,8.17730906419456e-05,99.99990844726562,9
437,437,0.00238037109375,0.00634765625,0.0050225746817886,5.666166543960571e-06,4.029273986816406e-05,0.0050225700251758,0.0586570240557193,1.1281397746643052e-05,8.022326801437885e-05,99.99990844726562,9
438,438,0.00244140625,0.0064697265625,0.0050225523300468,5.960464477539063e-06,4.185736179351807e-05,0.005022547673434,0.0586568564176559,1.186740064440528e-05,8.333883306477219e-05,99.99990844726562,9
439,439,0.00244140625,0.006103515625,0.0050225290469825,5.960464477539063e-06,3.725290298461914e-05,0.0050225248560309,0.0586566925048828,1.1867456123582087e-05,7.4171599408146e-05,99.99991607666016,9
440,440,0.00262451171875,0.006591796875,0.0050225062295794,6.888061761856079e-06,4.3451786041259766e-05,0.0050225015729665,0.058656521141529,1.371439157082932e-05,8.65141482790932e-05,99.99990844726562,9
441,441,0.002593994140625,0.006591796875,0.0050224843434989,6.728805601596832e-06,4.3451786041259766e-05,0.005022479686886,0.0586563572287559,1.3397364455158822e-05,8.651452662888914e-05,99.99990844726562,9
442,442,0.002532958984375,0.006591796875,0.0050224615260958,6.415881216526032e-06,4.3451786041259766e-05,0.0050224568694829,0.0586561858654022,1.2774376045854297e-05,8.651491953060031e-05,99.99990844726562,9
443,443,0.002471923828125,0.0064697265625,0.005022439174354,6.1104074120521545e-06,4.185736179351807e-05,0.0050224345177412,0.058656021952629,1.2166214219178071e-05,8.334070298587903e-05,99.99990844726562,9
444,444,0.00238037109375,0.00634765625,0.0050224163569509,5.666166543960571e-06,4.029273986816406e-05,0.0050224117003381,0.0586558505892753,1.1281754268566146e-05,8.022580004762858e-05,99.99990844726562,9
445,445,0.002410888671875,0.00653076171875,0.0050223935395479,5.812384188175201e-06,4.265084862709045e-05,0.005022388882935,0.0586556866765022,1.1572935363801662e-05,8.492135384585708e-05,99.99990844726562,9
446,446,0.002349853515625,0.0067138671875,0.0050223711878061,5.521811544895172e-06,4.507601261138916e-05,0.0050223660655319,0.0586555153131485,1.0994431249855552e-05,8.975045784609392e-05,99.9999008178711,9
447,447,0.00225830078125,0.00677490234375,0.0050223488360643,5.09992241859436e-06,4.589930176734924e-05,0.0050223437137901,0.0586553514003753,1.0154456504096744e-05,9.13901094463654e-05,99.9999008178711,9
448,448,0.002410888671875,0.00665283203125,0.0050223260186612,5.812384188175201e-06,4.4260174036026e-05,0.0050223208963871,0.0586551800370216,1.1573090887395663e-05,8.812684245640412e-05,99.9999008178711,9
449,449,0.002197265625,0.0067138671875,0.0050223027355968,4.827976226806641e-06,4.507601261138916e-05,0.0050222976133227,0.0586550086736679,9.613073416403496e-06,8.97516802069731e-05,99.9999008178711,9
450,450,0.0023193359375,0.0064697265625,0.0050222794525325,5.379319190979004e-06,4.185736179351807e-05,0.0050222747959196,0.0586548410356044,1.0710911737987772e-05,8.33433514344506e-05,99.99990844726562,9
451,451,0.002349853515625,0.006591796875,0.0050222566351294,5.521811544895172e-06,4.3451786041259766e-05,0.0050222519785165,0.0586546659469604,1.099468136089854e-05,8.651844837004319e-05,99.99990844726562,9
452,452,0.002349853515625,0.0064697265625,0.0050222338177263,5.521811544895172e-06,4.185736179351807e-05,0.0050222291611135,0.0586544945836067,1.0994731383107135e-05,8.334410813404247e-05,99.99990844726562,9
453,453,0.0023193359375,0.0064697265625,0.005022210534662,5.379319190979004e-06,4.185736179351807e-05,0.0050222058780491,0.0586543232202529,1.071105907612946e-05,8.334449375979602e-05,99.99990844726562,9
454,454,0.00238037109375,0.00677490234375,0.0050221877172589,5.666166543960571e-06,4.589930176734924e-05,0.0050221825949847,0.0586541518568992,1.1282267223577946e-05,9.13930416572839e-05,99.9999008178711,9
455,455,0.00238037109375,0.0067138671875,0.0050221644341945,5.666166543960571e-06,4.507601261138916e-05,0.0050221593119204,0.0586539804935455,1.1282319064775947e-05,8.975414675660431e-05,99.9999008178711,9
456,456,0.002593994140625,0.00653076171875,0.0050221406854689,6.728805601596832e-06,4.265084862709045e-05,0.005022136028856,0.0586538016796112,1.339828122581821e-05,8.492563210893422e-05,99.99990844726562,9
457,457,0.002532958984375,0.0064697265625,0.0050221178680658,6.415881216526032e-06,4.185736179351807e-05,0.0050221132114529,0.058653637766838,1.27752500702627e-05,8.334603626281023e-05,99.99990844726562,9
458,458,0.0025634765625,0.0064697265625,0.0050220950506627,6.571412086486816e-06,4.185736179351807e-05,0.0050220903940498,0.0586534664034843,1.3085001228319015e-05,8.334641461260617e-05,99.99990844726562,9
459,459,0.0025634765625,0.00640869140625,0.0050220717675983,6.571412086486816e-06,4.10713255405426e-05,0.0050220671109855,0.0586532950401306,1.3085061254969332e-05,8.178163261618465e-05,99.99990844726562,9
460,460,0.002685546875,0.00640869140625,0.0050220489501953,7.212162017822266e-06,4.10713255405426e-05,0.0050220438279211,0.0586531199514865,1.436099501006538e-05,8.178201096598059e-05,99.9999008178711,9
461,461,0.002593994140625,0.0064697265625,0.0050220256671309,6.728805601596832e-06,4.185736179351807e-05,0.005022021010518,0.0586529485881328,1.3398587725532709e-05,8.334756421390921e-05,99.99990844726562,9
462,462,0.002685546875,0.0064697265625,0.0050220023840665,7.212162017822266e-06,4.185736179351807e-05,0.0050219972617924,0.0586527772247791,1.436112870578654e-05,8.334794983966276e-05,99.9999008178711,9
463,463,0.002593994140625,0.00653076171875,0.0050219786353409,6.728805601596832e-06,4.265084862709045e-05,0.005021973978728,0.0586526021361351,1.3398713235801551e-05,8.492836786899716e-05,99.99990844726562,9
464,464,0.002349853515625,0.00653076171875,0.0050219548866152,5.521811544895172e-06,4.265084862709045e-05,0.0050219502300024,0.058652427047491,1.0995342563546728e-05,8.492877532262355e-05,99.99990844726562,9
465,465,0.00244140625,0.00640869140625,0.0050219316035509,5.960464477539063e-06,4.10713255405426e-05,0.005021926946938,0.058652251958847,1.186886856885394e-05,8.17839172668755e-05,99.99990844726562,9
466,466,0.002288818359375,0.00653076171875,0.0050219087861478,5.238689482212067e-06,4.265084862709045e-05,0.0050219041295349,0.0586520805954933,1.043166957970243e-05,8.492955385008827e-05,99.99990844726562,9
467,467,0.002349853515625,0.00640869140625,0.0050218845717608,5.521811544895172e-06,4.10713255405426e-05,0.005021879915148,0.0586519017815589,1.0995496268151328e-05,8.178468851838261e-05,99.99990844726562,9
468,468,0.002349853515625,0.00628662109375,0.0050218612886965,5.521811544895172e-06,3.9521604776382446e-05,0.0050218570977449,0.0586517341434955,1.0995547199854627e-05,7.869911496527493e-05,99.99991607666016,9
469,469,0.002288818359375,0.006103515625,0.0050218370743095,5.238689482212067e-06,3.725290298461914e-05,0.005021832883358,0.0586515553295612,1.043181873683352e-05,7.418182212859392e-05,99.99991607666016,9
470,470,0.0023193359375,0.0062255859375,0.0050218137912452,5.379319190979004e-06,3.875792026519776e-05,0.0050218096002936,0.0586513802409172,1.0711904906202108e-05,7.717913103988394e-05,99.99991607666016,9
471,471,0.002227783203125,0.006103515625,0.0050217900425195,4.963018000125885e-06,3.725290298461914e-05,0.0050217858515679,0.0586512051522731,9.88296505965991e-06,7.418252062052488e-05,99.99991607666016,9
472,472,0.002197265625,0.00634765625,0.0050217667594552,4.827976226806641e-06,4.029273986816406e-05,0.0050217621028423,0.0586510375142097,9.614099326427096e-06,8.023618283914402e-05,99.99990844726562,9
473,473,0.002227783203125,0.00634765625,0.0050217434763908,4.963018000125885e-06,4.029273986816406e-05,0.0050217388197779,0.0586508587002754,9.883056918624789e-06,8.023654663702473e-05,99.99990844726562,9
474,474,0.002410888671875,0.0062255859375,0.0050217187963426,5.812384188175201e-06,3.875792026519776e-05,0.005021714605391,0.058650679886341,1.1574491509236395e-05,7.718059350736439e-05,99.99991607666016,9
475,475,0.00244140625,0.00604248046875,0.0050216955132782,5.960464477539063e-06,3.651157021522522e-05,0.0050216913223266,0.0586505010724067,1.1869426089106128e-05,7.270765490829945e-05,99.99991607666016,9
476,476,0.00244140625,0.00634765625,0.0050216717645525,5.960464477539063e-06,4.029273986816406e-05,0.0050216671079397,0.0586503259837627,1.1869482477777638e-05,8.023769623832777e-05,99.99990844726562,9
477,477,0.0023193359375,0.0062255859375,0.0050216475501656,5.379319190979004e-06,3.875792026519776e-05,0.005021643359214,0.0586501508951187,1.07122596091358e-05,7.718168490100652e-05,99.99991607666016,9
478,478,0.002532958984375,0.0062255859375,0.0050216233357787,6.415881216526032e-06,3.875792026519776e-05,0.0050216191448271,0.058649968355894,1.2776507901435252e-05,7.718205597484484e-05,99.99991607666016,9
479,479,0.002532958984375,0.00653076171875,0.0050216000527143,6.415881216526032e-06,4.265084862709045e-05,0.0050215953961014,0.05864979326725,1.2776567018590868e-05,8.493477798765525e-05,99.99990844726562,9
480,480,0.00250244140625,0.00640869140625,0.0050215767696499,6.2622129917144775e-06,4.10713255405426e-05,0.0050215721130371,0.0586496144533157,1.2470610272430347e-05,8.178970165317878e-05,99.99990844726562,9
481,481,0.0025634765625,0.00665283203125,0.0050215520896017,6.571412086486816e-06,4.4260174036026e-05,0.0050215469673275,0.0586494356393814,1.3086415492580272e-05,8.814041939331219e-05,99.9999008178711,9
482,482,0.002593994140625,0.00628662109375,0.0050215288065373,6.728805601596832e-06,3.9521604776382446e-05,0.0050215246155858,0.058649256825447,1.3399913768807892e-05,7.870432455092669e-05,99.99991607666016,9
483,483,0.002471923828125,0.00628662109375,0.0050215041264891,6.1104074120521545e-06,3.9521604776382446e-05,0.0050214999355375,0.0586490780115127,1.2168478860985488e-05,7.870471017668024e-05,99.99991607666016,9
484,484,0.00225830078125,0.00653076171875,0.0050214803777635,5.09992241859436e-06,4.265084862709045e-05,0.0050214757211506,0.058648906648159,1.0156211828871164e-05,8.4936800703872e-05,99.99990844726562,9
485,485,0.00225830078125,0.0064697265625,0.0050214566290378,5.09992241859436e-06,4.185736179351807e-05,0.0050214519724249,0.0586487203836441,1.015626094158506e-05,8.335701568285003e-05,99.99990844726562,9
486,486,0.002349853515625,0.00634765625,0.0050214324146509,5.521811544895172e-06,4.029273986816406e-05,0.005021427758038,0.058648545295,1.099648670788156e-05,8.024152339203283e-05,99.99990844726562,9
487,487,0.0023193359375,0.00634765625,0.0050214082002639,5.379319190979004e-06,4.029273986816406e-05,0.0050214035436511,0.0586483590304851,1.0712770745158195e-05,8.024190901778638e-05,99.99990844726562,9
488,488,0.0023193359375,0.0064697265625,0.005021383985877,5.379319190979004e-06,4.185736179351807e-05,0.0050213793292641,0.0586481839418411,1.0712821676861496e-05,8.335821621585637e-05,99.99990844726562,9
489,489,0.002288818359375,0.006591796875,0.00502135977149,5.238689482212067e-06,4.3451786041259766e-05,0.0050213551148772,0.0586480014026165,1.0432810086058453e-05,8.653390250401571e-05,99.99990844726562,9
490,490,0.00238037109375,0.00653076171875,0.0050213355571031,5.666166543960571e-06,4.265084862709045e-05,0.0050213309004902,0.0586478263139724,1.1284181709925178e-05,8.493925270158798e-05,99.99990844726562,9
491,491,0.00244140625,0.00665283203125,0.0050213118083775,5.960464477539063e-06,4.4260174036026e-05,0.0050213066861033,0.0586476400494575,1.1870333764818495e-05,8.814463944872841e-05,99.9999008178711,9
492,492,0.0025634765625,0.00665283203125,0.0050212866626679,6.571412086486816e-06,4.4260174036026e-05,0.0050212815403938,0.0586474575102329,1.308710761804832e-05,8.814508328214288e-05,99.9999008178711,9
493,493,0.0023193359375,0.0068359375,0.0050212633796036,5.379319190979004e-06,4.673004150390625e-05,0.0050212582573294,0.0586472824215889,1.0713079063862097e-05,9.30643145693466e-05,99.9999008178711,9
494,494,0.00250244140625,0.006591796875,0.0050212386995553,6.2622129917144775e-06,4.3451786041259766e-05,0.0050212340429425,0.0586471036076545,1.2471450645534787e-05,8.653599070385098e-05,99.99990844726562,9
495,495,0.00250244140625,0.006591796875,0.0050212144851684,6.2622129917144775e-06,4.3451786041259766e-05,0.0050212098285555,0.0586469247937202,1.2471509762690404e-05,8.653640543343499e-05,99.99990844726562,9
496,496,0.002349853515625,0.00653076171875,0.0050211898051202,5.521811544895172e-06,4.265084862709045e-05,0.0050211851485073,0.0586467385292053,1.0997017852787394e-05,8.494171925121918e-05,99.99990844726562,9
497,497,0.00238037109375,0.0064697265625,0.0050211655907332,5.666166543960571e-06,4.185736179351807e-05,0.0050211609341204,0.0586465597152709,1.1284563697699925e-05,8.336184691870585e-05,99.99990844726562,9
498,498,0.00250244140625,0.00653076171875,0.005021140910685,6.2622129917144775e-06,4.265084862709045e-05,0.0050211362540721,0.058646373450756,1.247169348062016e-05,8.494254143442959e-05,99.99990844726562,9
499,499,0.002716064453125,0.0064697265625,0.0050211176276206,7.377006113529205e-06,4.185736179351807e-05,0.0050211125053465,0.0586461946368217,1.4691959222545847e-05,8.33626399980858e-05,99.9999008178711,9
